epoch,epochs,step,steps_per_epoch,global_step,loss,logits_loss,aux_loss,lr,source,smoothed_loss
1,2,20,264651,20,8.2006,8.2006,0.0,0.0005,pretrain_full_gpu0.log,8.2006
1,2,40,264651,40,7.7979,7.7979,0.0,0.0005,pretrain_full_gpu0.log,7.99925
1,2,60,264651,60,7.3343,7.3343,0.0,0.0005,pretrain_full_gpu0.log,7.7776
1,2,80,264651,80,7.4315,7.4315,0.0,0.0005,pretrain_full_gpu0.log,7.691075
1,2,100,264651,100,7.3503,7.3503,0.0,0.0005,pretrain_full_gpu0.log,7.622919999999999
1,2,120,264651,120,7.2949,7.2949,0.0,0.0005,pretrain_full_gpu0.log,7.568249999999999
1,2,140,264651,140,7.267,7.267,0.0,0.0005,pretrain_full_gpu0.log,7.525214285714285
1,2,160,264651,160,7.126,7.126,0.0,0.0005,pretrain_full_gpu0.log,7.475312499999999
1,2,180,264651,180,7.0256,7.0256,0.0,0.0005,pretrain_full_gpu0.log,7.425344444444444
1,2,200,264651,200,7.0159,7.0159,0.0,0.0005,pretrain_full_gpu0.log,7.384399999999999
1,2,220,264651,220,6.841,6.841,0.0,0.0005,pretrain_full_gpu0.log,7.334999999999999
1,2,240,264651,240,6.7769,6.7769,0.0,0.0005,pretrain_full_gpu0.log,7.2884916666666655
1,2,260,264651,260,6.8122,6.8122,0.0,0.0005,pretrain_full_gpu0.log,7.251853846153845
1,2,280,264651,280,6.7883,6.7883,0.0,0.0005,pretrain_full_gpu0.log,7.218742857142857
1,2,300,264651,300,6.6669,6.6669,0.0,0.0005,pretrain_full_gpu0.log,7.181953333333333
1,2,320,264651,320,6.6119,6.6119,0.0,0.0005,pretrain_full_gpu0.log,7.146325
1,2,340,264651,340,6.6314,6.6314,0.0,0.0005,pretrain_full_gpu0.log,7.116035294117647
1,2,360,264651,360,6.619,6.619,0.0,0.0005,pretrain_full_gpu0.log,7.088422222222222
1,2,380,264651,380,6.6557,6.6557,0.0,0.0005,pretrain_full_gpu0.log,7.065647368421052
1,2,400,264651,400,6.5202,6.5202,0.0,0.0005,pretrain_full_gpu0.log,7.038374999999999
1,2,420,264651,420,6.5764,6.5764,0.0,0.0005,pretrain_full_gpu0.log,7.01637619047619
1,2,440,264651,440,6.4644,6.4644,0.0,0.0005,pretrain_full_gpu0.log,6.991286363636363
1,2,460,264651,460,6.3707,6.3707,0.0,0.0005,pretrain_full_gpu0.log,6.964304347826087
1,2,480,264651,480,6.3188,6.3188,0.0,0.0005,pretrain_full_gpu0.log,6.937408333333334
1,2,500,264651,500,6.2838,6.2838,0.0,0.0005,pretrain_full_gpu0.log,6.911264000000001
1,2,520,264651,520,6.2743,6.2743,0.0,0.0005,pretrain_full_gpu0.log,6.834212000000001
1,2,540,264651,540,6.3002,6.3002,0.0,0.0005,pretrain_full_gpu0.log,6.774304000000001
1,2,560,264651,560,6.1831,6.1831,0.0,0.0005,pretrain_full_gpu0.log,6.728256
1,2,580,264651,580,6.0444,6.0444,0.0,0.0005,pretrain_full_gpu0.log,6.672772
1,2,600,264651,600,5.8722,5.8722,0.0,0.0005,pretrain_full_gpu0.log,6.6136479999999995
1,2,620,264651,620,6.0013,6.0013,0.0,0.0005,pretrain_full_gpu0.log,6.561903999999998
1,2,640,264651,640,5.9696,5.9696,0.0,0.0005,pretrain_full_gpu0.log,6.510007999999998
1,2,660,264651,660,6.0035,6.0035,0.0,0.0005,pretrain_full_gpu0.log,6.465107999999998
1,2,680,264651,680,5.8554,5.8554,0.0,0.0005,pretrain_full_gpu0.log,6.418299999999999
1,2,700,264651,700,5.8817,5.8817,0.0,0.0005,pretrain_full_gpu0.log,6.372931999999999
1,2,720,264651,720,5.8179,5.8179,0.0,0.0005,pretrain_full_gpu0.log,6.332007999999998
1,2,740,264651,740,5.752,5.752,0.0,0.0005,pretrain_full_gpu0.log,6.2910119999999985
1,2,760,264651,760,5.7273,5.7273,0.0,0.0005,pretrain_full_gpu0.log,6.247615999999999
1,2,780,264651,780,5.7149,5.7149,0.0,0.0005,pretrain_full_gpu0.log,6.20468
1,2,800,264651,800,5.7528,5.7528,0.0,0.0005,pretrain_full_gpu0.log,6.168116
1,2,820,264651,820,5.4479,5.4479,0.0,0.0005,pretrain_full_gpu0.log,6.121556000000001
1,2,840,264651,840,5.6733,5.6733,0.0,0.0005,pretrain_full_gpu0.log,6.083232000000001
1,2,860,264651,860,5.5053,5.5053,0.0,0.0005,pretrain_full_gpu0.log,6.038684000000001
1,2,880,264651,880,5.3654,5.3654,0.0,0.0005,pretrain_full_gpu0.log,5.987072
1,2,900,264651,900,5.3055,5.3055,0.0,0.0005,pretrain_full_gpu0.log,5.938484000000001
1,2,920,264651,920,5.3623,5.3623,0.0,0.0005,pretrain_full_gpu0.log,5.889920000000001
1,2,940,264651,940,5.3455,5.3455,0.0,0.0005,pretrain_full_gpu0.log,5.845164
1,2,960,264651,960,5.3844,5.3844,0.0,0.0005,pretrain_full_gpu0.log,5.805712
1,2,980,264651,980,5.2862,5.2862,0.0,0.0005,pretrain_full_gpu0.log,5.7644079999999995
1,2,1000,264651,1000,5.1118,5.1118,0.0,0.0005,pretrain_full_gpu0.log,5.717527999999999
1,2,1020,264651,1020,5.0922,5.0922,0.0,0.0005,pretrain_full_gpu0.log,5.670243999999998
1,2,1040,264651,1040,5.2466,5.2466,0.0,0.0005,pretrain_full_gpu0.log,5.628099999999998
1,2,1060,264651,1060,5.0095,5.0095,0.0,0.0005,pretrain_full_gpu0.log,5.581155999999998
1,2,1080,264651,1080,5.1237,5.1237,0.0,0.0005,pretrain_full_gpu0.log,5.544327999999999
1,2,1100,264651,1100,4.8329,4.8329,0.0,0.0005,pretrain_full_gpu0.log,5.502756
1,2,1120,264651,1120,4.9883,4.9883,0.0,0.0005,pretrain_full_gpu0.log,5.462236000000001
1,2,1140,264651,1140,5.1907,5.1907,0.0,0.00049999,pretrain_full_gpu0.log,5.43108
1,2,1160,264651,1160,4.798,4.798,0.0,0.00049999,pretrain_full_gpu0.log,5.382859999999999
1,2,1180,264651,1180,4.9011,4.9011,0.0,0.00049999,pretrain_full_gpu0.log,5.344688
1,2,1200,264651,1200,5.0733,5.0733,0.0,0.00049999,pretrain_full_gpu0.log,5.312352
1,2,1220,264651,1220,4.7894,4.7894,0.0,0.00049999,pretrain_full_gpu0.log,5.271211999999999
1,2,1240,264651,1240,4.7301,4.7301,0.0,0.00049999,pretrain_full_gpu0.log,5.2303359999999985
1,2,1260,264651,1260,4.7042,4.7042,0.0,0.00049999,pretrain_full_gpu0.log,5.189411999999997
1,2,1280,264651,1280,4.6532,4.6532,0.0,0.00049999,pretrain_full_gpu0.log,5.146943999999998
1,2,1300,264651,1300,4.7231,4.7231,0.0,0.00049999,pretrain_full_gpu0.log,5.105755999999997
1,2,1320,264651,1320,4.5317,4.5317,0.0,0.00049999,pretrain_full_gpu0.log,5.069107999999996
1,2,1340,264651,1340,4.6446,4.6446,0.0,0.00049999,pretrain_full_gpu0.log,5.027959999999997
1,2,1360,264651,1360,4.6298,4.6298,0.0,0.00049999,pretrain_full_gpu0.log,4.992939999999996
1,2,1380,264651,1380,4.5136,4.5136,0.0,0.00049999,pretrain_full_gpu0.log,4.958867999999996
1,2,1400,264651,1400,4.5613,4.5613,0.0,0.00049999,pretrain_full_gpu0.log,4.9290999999999965
1,2,1420,264651,1420,4.3158,4.3158,0.0,0.00049999,pretrain_full_gpu0.log,4.887239999999996
1,2,1440,264651,1440,4.0914,4.0914,0.0,0.00049999,pretrain_full_gpu0.log,4.837075999999995
1,2,1460,264651,1460,4.2875,4.2875,0.0,0.00049999,pretrain_full_gpu0.log,4.793199999999995
1,2,1480,264651,1480,4.1147,4.1147,0.0,0.00049999,pretrain_full_gpu0.log,4.746339999999996
1,2,1500,264651,1500,4.3901,4.3901,0.0,0.00049999,pretrain_full_gpu0.log,4.7174719999999954
1,2,1520,264651,1520,4.4381,4.4381,0.0,0.00049999,pretrain_full_gpu0.log,4.691307999999996
1,2,1540,264651,1540,4.1683,4.1683,0.0,0.00049999,pretrain_full_gpu0.log,4.648175999999996
1,2,1560,264651,1560,4.2786,4.2786,0.0,0.00049999,pretrain_full_gpu0.log,4.618939999999996
1,2,1580,264651,1580,4.1503,4.1503,0.0,0.00049999,pretrain_full_gpu0.log,4.580003999999995
1,2,1600,264651,1600,4.0755,4.0755,0.0,0.00049999,pretrain_full_gpu0.log,4.549707999999996
1,2,1620,264651,1620,4.1853,4.1853,0.0,0.00049999,pretrain_full_gpu0.log,4.517587999999996
1,2,1640,264651,1640,4.1365,4.1365,0.0,0.00049999,pretrain_full_gpu0.log,4.475419999999996
1,2,1660,264651,1660,4.2104,4.2104,0.0,0.00049999,pretrain_full_gpu0.log,4.451915999999995
1,2,1680,264651,1680,4.1277,4.1277,0.0,0.00049999,pretrain_full_gpu0.log,4.420979999999996
1,2,1700,264651,1700,4.2659,4.2659,0.0,0.00049999,pretrain_full_gpu0.log,4.388683999999995
1,2,1720,264651,1720,3.9961,3.9961,0.0,0.00049999,pretrain_full_gpu0.log,4.356951999999995
1,2,1740,264651,1740,3.9078,3.9078,0.0,0.00049999,pretrain_full_gpu0.log,4.324059999999995
1,2,1760,264651,1760,4.0512,4.0512,0.0,0.00049999,pretrain_full_gpu0.log,4.297939999999994
1,2,1780,264651,1780,3.8888,3.8888,0.0,0.00049999,pretrain_full_gpu0.log,4.267363999999995
1,2,1800,264651,1800,3.8899,3.8899,0.0,0.00049999,pretrain_full_gpu0.log,4.234035999999994
1,2,1820,264651,1820,4.0002,4.0002,0.0,0.00049999,pretrain_full_gpu0.log,4.2127759999999945
1,2,1840,264651,1840,3.716,3.716,0.0,0.00049999,pretrain_full_gpu0.log,4.175631999999995
1,2,1860,264651,1860,3.8985,3.8985,0.0,0.00049999,pretrain_full_gpu0.log,4.146379999999994
1,2,1880,264651,1880,4.072,4.072,0.0,0.00049999,pretrain_full_gpu0.log,4.1287159999999945
1,2,1900,264651,1900,4.0871,4.0871,0.0,0.00049999,pretrain_full_gpu0.log,4.109747999999995
1,2,1920,264651,1920,3.9295,3.9295,0.0,0.00049999,pretrain_full_gpu0.log,4.0942959999999955
1,2,1940,264651,1940,3.8908,3.8908,0.0,0.00049999,pretrain_full_gpu0.log,4.086271999999996
1,2,1960,264651,1960,3.904,3.904,0.0,0.00049998,pretrain_full_gpu0.log,4.0709319999999956
1,2,1980,264651,1980,3.8987,3.8987,0.0,0.00049998,pretrain_full_gpu0.log,4.062291999999996
1,2,2000,264651,2000,3.9227,3.9227,0.0,0.00049998,pretrain_full_gpu0.log,4.043595999999996
1,2,2020,264651,2020,3.8676,3.8676,0.0,0.00049998,pretrain_full_gpu0.log,4.020775999999995
1,2,2040,264651,2040,3.8409,3.8409,0.0,0.00049998,pretrain_full_gpu0.log,4.007679999999996
1,2,2060,264651,2060,3.6067,3.6067,0.0,0.00049998,pretrain_full_gpu0.log,3.980803999999996
1,2,2080,264651,2080,3.9383,3.9383,0.0,0.00049998,pretrain_full_gpu0.log,3.972323999999996
1,2,2100,264651,2100,3.9339,3.9339,0.0,0.00049998,pretrain_full_gpu0.log,3.9666599999999956
1,2,2120,264651,2120,4.1504,4.1504,0.0,0.00049998,pretrain_full_gpu0.log,3.965263999999996
1,2,2140,264651,2140,3.7208,3.7208,0.0,0.00049998,pretrain_full_gpu0.log,3.9486359999999956
1,2,2160,264651,2160,3.6988,3.6988,0.0,0.00049998,pretrain_full_gpu0.log,3.928171999999996
1,2,2180,264651,2180,3.8015,3.8015,0.0,0.00049998,pretrain_full_gpu0.log,3.915123999999996
1,2,2200,264651,2200,3.5856,3.5856,0.0,0.00049998,pretrain_full_gpu0.log,3.887911999999996
1,2,2220,264651,2220,3.651,3.651,0.0,0.00049998,pretrain_full_gpu0.log,3.874107999999996
1,2,2240,264651,2240,3.5563,3.5563,0.0,0.00049998,pretrain_full_gpu0.log,3.860047999999996
1,2,2260,264651,2260,3.8113,3.8113,0.0,0.00049998,pretrain_full_gpu0.log,3.850451999999996
1,2,2280,264651,2280,3.6839,3.6839,0.0,0.00049998,pretrain_full_gpu0.log,3.842255999999996
1,2,2300,264651,2300,3.7696,3.7696,0.0,0.00049998,pretrain_full_gpu0.log,3.837443999999996
1,2,2320,264651,2320,3.5544,3.5544,0.0,0.00049998,pretrain_full_gpu0.log,3.819611999999996
1,2,2340,264651,2340,3.6241,3.6241,0.0,0.00049998,pretrain_full_gpu0.log,3.8159359999999958
1,2,2360,264651,2360,3.7897,3.7897,0.0,0.00049998,pretrain_full_gpu0.log,3.811583999999996
1,2,2380,264651,2380,3.4232,3.4232,0.0,0.00049998,pretrain_full_gpu0.log,3.7856319999999952
1,2,2400,264651,2400,3.5901,3.5901,0.0,0.00049998,pretrain_full_gpu0.log,3.7657519999999955
1,2,2420,264651,2420,3.555,3.555,0.0,0.00049998,pretrain_full_gpu0.log,3.7507719999999956
1,2,2440,264651,2440,3.8784,3.8784,0.0,0.00049998,pretrain_full_gpu0.log,3.7502759999999955
1,2,2460,264651,2460,3.6983,3.6983,0.0,0.00049998,pretrain_full_gpu0.log,3.7420479999999956
1,2,2480,264651,2480,3.6859,3.6859,0.0,0.00049998,pretrain_full_gpu0.log,3.7335359999999955
1,2,2500,264651,2500,3.5785,3.5785,0.0,0.00049998,pretrain_full_gpu0.log,3.7197679999999957
1,2,2520,264651,2520,3.5577,3.5577,0.0,0.00049997,pretrain_full_gpu0.log,3.707371999999996
1,2,2540,264651,2540,3.7137,3.7137,0.0,0.00049997,pretrain_full_gpu0.log,3.7022839999999957
1,2,2560,264651,2560,3.5173,3.5173,0.0,0.00049997,pretrain_full_gpu0.log,3.698707999999996
1,2,2580,264651,2580,3.1105,3.1105,0.0,0.00049997,pretrain_full_gpu0.log,3.665595999999996
1,2,2600,264651,2600,3.1652,3.1652,0.0,0.00049997,pretrain_full_gpu0.log,3.6348479999999963
1,2,2620,264651,2620,3.5679,3.5679,0.0,0.00049997,pretrain_full_gpu0.log,3.6115479999999955
1,2,2640,264651,2640,3.3358,3.3358,0.0,0.00049997,pretrain_full_gpu0.log,3.596147999999996
1,2,2660,264651,2660,3.3812,3.3812,0.0,0.00049997,pretrain_full_gpu0.log,3.583443999999996
1,2,2680,264651,2680,3.3576,3.3576,0.0,0.00049997,pretrain_full_gpu0.log,3.565687999999996
1,2,2700,264651,2700,3.4532,3.4532,0.0,0.00049997,pretrain_full_gpu0.log,3.560391999999996
1,2,2720,264651,2720,3.5075,3.5075,0.0,0.00049997,pretrain_full_gpu0.log,3.554651999999996
1,2,2740,264651,2740,3.4998,3.4998,0.0,0.00049997,pretrain_full_gpu0.log,3.5523919999999958
1,2,2760,264651,2760,3.3222,3.3222,0.0,0.00049997,pretrain_full_gpu0.log,3.5328279999999954
1,2,2780,264651,2780,3.4076,3.4076,0.0,0.00049997,pretrain_full_gpu0.log,3.521775999999996
1,2,2800,264651,2800,3.3991,3.3991,0.0,0.00049997,pretrain_full_gpu0.log,3.506955999999996
1,2,2820,264651,2820,3.4303,3.4303,0.0,0.00049997,pretrain_full_gpu0.log,3.501991999999996
1,2,2840,264651,2840,3.2344,3.2344,0.0,0.00049997,pretrain_full_gpu0.log,3.486403999999996
1,2,2860,264651,2860,3.3926,3.3926,0.0,0.00049997,pretrain_full_gpu0.log,3.470519999999996
1,2,3020,264651,3020,3.0825,3.0825,0.0,0.00049996,pretrain_full_gpu0_resume_20260905.log,3.4568919999999963
1,2,3040,264651,3040,3.4181,3.4181,0.0,0.00049996,pretrain_full_gpu0_resume_20260905.log,3.4500119999999956
1,2,3060,264651,3060,3.1379,3.1379,0.0,0.00049996,pretrain_full_gpu0_resume_20260905.log,3.4333279999999955
1,2,3080,264651,3080,3.4253,3.4253,0.0,0.00049996,pretrain_full_gpu0_resume_20260905.log,3.4152039999999952
1,2,3100,264651,3100,3.1261,3.1261,0.0,0.00049996,pretrain_full_gpu0_resume_20260905.log,3.3923159999999952
1,2,3120,264651,3120,3.1589,3.1589,0.0,0.00049996,pretrain_full_gpu0_resume_20260905.log,3.371235999999995
1,2,3140,264651,3140,3.0733,3.0733,0.0,0.00049996,pretrain_full_gpu0_resume_20260905.log,3.351027999999995
1,2,3160,264651,3160,3.0593,3.0593,0.0,0.00049996,pretrain_full_gpu0_resume_20260905.log,3.3310919999999946
1,2,3180,264651,3180,3.1334,3.1334,0.0,0.00049996,pretrain_full_gpu0_resume_20260905.log,3.3078799999999946
1,2,3200,264651,3200,3.2519,3.2519,0.0,0.00049996,pretrain_full_gpu0_resume_20260905.log,3.2972639999999944
1,2,3220,264651,3220,3.2992,3.2992,0.0,0.00049996,pretrain_full_gpu0_resume_20260905.log,3.3048119999999943
1,2,3240,264651,3240,3.2221,3.2221,0.0,0.00049996,pretrain_full_gpu0_resume_20260905.log,3.3070879999999945
1,2,3260,264651,3260,3.0917,3.0917,0.0,0.00049996,pretrain_full_gpu0_resume_20260905.log,3.2880399999999947
1,2,3280,264651,3280,3.0811,3.0811,0.0,0.00049996,pretrain_full_gpu0_resume_20260905.log,3.2778519999999944
1,2,3300,264651,3300,3.1,3.1,0.0,0.00049996,pretrain_full_gpu0_resume_20260905.log,3.2666039999999943
1,2,3320,264651,3320,3.254,3.254,0.0,0.00049996,pretrain_full_gpu0_resume_20260905.log,3.262459999999994
1,2,3340,264651,3340,3.0618,3.0618,0.0,0.00049996,pretrain_full_gpu0_resume_20260905.log,3.2468039999999947
1,2,3360,264651,3360,3.0546,3.0546,0.0,0.00049996,pretrain_full_gpu0_resume_20260905.log,3.2286879999999947
1,2,3380,264651,3380,3.1524,3.1524,0.0,0.00049995,pretrain_full_gpu0_resume_20260905.log,3.2147919999999948
1,2,3400,264651,3400,2.9808,2.9808,0.0,0.00049995,pretrain_full_gpu0_resume_20260905.log,3.201135999999995
1,2,3420,264651,3420,3.1637,3.1637,0.0,0.00049995,pretrain_full_gpu0_resume_20260905.log,3.191379999999995
1,2,3440,264651,3440,3.0505,3.0505,0.0,0.00049995,pretrain_full_gpu0_resume_20260905.log,3.177435999999995
1,2,3460,264651,3460,3.0839,3.0839,0.0,0.00049995,pretrain_full_gpu0_resume_20260905.log,3.1635799999999947
1,2,3480,264651,3480,3.2953,3.2953,0.0,0.00049995,pretrain_full_gpu0_resume_20260905.log,3.166015999999995
1,2,3500,264651,3500,3.1234,3.1234,0.0,0.00049995,pretrain_full_gpu0_resume_20260905.log,3.155247999999995
1,2,3520,264651,3520,3.0255,3.0255,0.0,0.00049995,pretrain_full_gpu0_resume_20260905.log,3.152967999999995
1,2,3540,264651,3540,3.2067,3.2067,0.0,0.00049995,pretrain_full_gpu0_resume_20260905.log,3.1445119999999953
1,2,3560,264651,3560,3.0812,3.0812,0.0,0.00049995,pretrain_full_gpu0_resume_20260905.log,3.142243999999995
1,2,3580,264651,3580,3.1017,3.1017,0.0,0.00049995,pretrain_full_gpu0_resume_20260905.log,3.129299999999995
1,2,3600,264651,3600,3.0339,3.0339,0.0,0.00049995,pretrain_full_gpu0_resume_20260905.log,3.1256119999999954
1,2,3620,264651,3620,2.9274,2.9274,0.0,0.00049995,pretrain_full_gpu0_resume_20260905.log,3.1163519999999956
1,2,3640,264651,3640,3.2416,3.2416,0.0,0.00049995,pretrain_full_gpu0_resume_20260905.log,3.1230839999999955
1,2,3660,264651,3660,3.0729,3.0729,0.0,0.00049995,pretrain_full_gpu0_resume_20260905.log,3.123627999999996
1,2,3680,264651,3680,2.8203,2.8203,0.0,0.00049995,pretrain_full_gpu0_resume_20260905.log,3.111103999999996
1,2,3700,264651,3700,2.9745,2.9745,0.0,0.00049995,pretrain_full_gpu0_resume_20260905.log,3.1000079999999963
1,2,3720,264651,3720,2.9011,2.9011,0.0,0.00049995,pretrain_full_gpu0_resume_20260905.log,3.0840839999999963
1,2,3740,264651,3740,3.1705,3.1705,0.0,0.00049994,pretrain_full_gpu0_resume_20260905.log,3.0820199999999964
1,2,3760,264651,3760,2.9873,2.9873,0.0,0.00049994,pretrain_full_gpu0_resume_20260905.log,3.0778439999999967
1,2,3780,264651,3780,3.0745,3.0745,0.0,0.00049994,pretrain_full_gpu0_resume_20260905.log,3.077579999999996
1,2,3800,264651,3800,2.8489,2.8489,0.0,0.00049994,pretrain_full_gpu0_resume_20260905.log,3.0675359999999965
1,2,3820,264651,3820,3.0737,3.0737,0.0,0.00049994,pretrain_full_gpu0_resume_20260905.log,3.0603239999999965
1,2,3840,264651,3840,2.6603,2.6603,0.0,0.00049994,pretrain_full_gpu0_resume_20260905.log,3.0442639999999965
1,2,3860,264651,3860,3.0662,3.0662,0.0,0.00049994,pretrain_full_gpu0_resume_20260905.log,3.0447279999999965
1,2,3880,264651,3880,2.8145,2.8145,0.0,0.00049994,pretrain_full_gpu0_resume_20260905.log,3.0312119999999965
1,2,3900,264651,3900,2.9498,2.9498,0.0,0.00049994,pretrain_full_gpu0_resume_20260905.log,3.0299719999999963
1,2,3920,264651,3920,2.9643,2.9643,0.0,0.00049994,pretrain_full_gpu0_resume_20260905.log,3.0219959999999957
1,2,3940,264651,3940,2.8576,2.8576,0.0,0.00049994,pretrain_full_gpu0_resume_20260905.log,3.014279999999996
1,2,3960,264651,3960,3.1754,3.1754,0.0,0.00049994,pretrain_full_gpu0_resume_20260905.log,3.017939999999996
1,2,3980,264651,3980,2.9515,2.9515,0.0,0.00049994,pretrain_full_gpu0_resume_20260905.log,3.0041879999999956
1,2,4000,264651,4000,3.0709,3.0709,0.0,0.00049994,pretrain_full_gpu0_resume_20260905.log,3.002087999999995
1,2,4020,264651,4020,3.0857,3.0857,0.0,0.00049994,pretrain_full_gpu0_resume_20260905.log,3.0044959999999956
1,2,4040,264651,4040,2.953,2.953,0.0,0.00049994,pretrain_full_gpu0_resume_20260905.log,2.994347999999996
1,2,4060,264651,4060,3.1987,3.1987,0.0,0.00049993,pretrain_full_gpu0_resume_20260905.log,2.999047999999996
1,2,4080,264651,4080,2.7778,2.7778,0.0,0.00049993,pretrain_full_gpu0_resume_20260905.log,2.9860919999999966
1,2,4100,264651,4100,2.9028,2.9028,0.0,0.00049993,pretrain_full_gpu0_resume_20260905.log,2.9808479999999964
1,2,4120,264651,4120,2.9637,2.9637,0.0,0.00049993,pretrain_full_gpu0_resume_20260905.log,2.9822999999999964
1,2,4140,264651,4140,2.9629,2.9629,0.0,0.00049993,pretrain_full_gpu0_resume_20260905.log,2.971151999999996
1,2,4160,264651,4160,2.9549,2.9549,0.0,0.00049993,pretrain_full_gpu0_resume_20260905.log,2.9664319999999957
1,2,4180,264651,4180,2.842,2.842,0.0,0.00049993,pretrain_full_gpu0_resume_20260905.log,2.967299999999996
1,2,4200,264651,4200,2.7583,2.7583,0.0,0.00049993,pretrain_full_gpu0_resume_20260905.log,2.9586519999999954
1,2,4220,264651,4220,2.82,2.82,0.0,0.00049993,pretrain_full_gpu0_resume_20260905.log,2.9554079999999954
1,2,4240,264651,4240,2.8752,2.8752,0.0,0.00049993,pretrain_full_gpu0_resume_20260905.log,2.9435959999999954
1,2,4260,264651,4260,2.7182,2.7182,0.0,0.00049993,pretrain_full_gpu0_resume_20260905.log,2.932831999999995
1,2,4280,264651,4280,2.9136,2.9136,0.0,0.00049993,pretrain_full_gpu0_resume_20260905.log,2.926395999999995
1,2,4300,264651,4300,2.8936,2.8936,0.0,0.00049993,pretrain_full_gpu0_resume_20260905.log,2.9281839999999955
1,2,4320,264651,4320,2.8684,2.8684,0.0,0.00049993,pretrain_full_gpu0_resume_20260905.log,2.919971999999995
1,2,4340,264651,4340,2.8742,2.8742,0.0,0.00049993,pretrain_full_gpu0_resume_20260905.log,2.9285279999999947
1,2,4360,264651,4360,3.0337,3.0337,0.0,0.00049992,pretrain_full_gpu0_resume_20260905.log,2.927227999999995
1,2,4380,264651,4380,3.0024,3.0024,0.0,0.00049992,pretrain_full_gpu0_resume_20260905.log,2.934743999999995
1,2,4400,264651,4400,2.826,2.826,0.0,0.00049992,pretrain_full_gpu0_resume_20260905.log,2.9297919999999946
1,2,4420,264651,4420,2.978,2.978,0.0,0.00049992,pretrain_full_gpu0_resume_20260905.log,2.930339999999995
1,2,4440,264651,4440,2.6853,2.6853,0.0,0.00049992,pretrain_full_gpu0_resume_20260905.log,2.9234479999999947
1,2,4460,264651,4460,2.7785,2.7785,0.0,0.00049992,pretrain_full_gpu0_resume_20260905.log,2.9075719999999943
1,2,4480,264651,4480,2.6894,2.6894,0.0,0.00049992,pretrain_full_gpu0_resume_20260905.log,2.897087999999995
1,2,4500,264651,4500,2.7348,2.7348,0.0,0.00049992,pretrain_full_gpu0_resume_20260905.log,2.883643999999995
1,2,4520,264651,4520,2.7036,2.7036,0.0,0.00049992,pretrain_full_gpu0_resume_20260905.log,2.8683599999999942
1,2,4540,264651,4540,2.7476,2.7476,0.0,0.00049992,pretrain_full_gpu0_resume_20260905.log,2.8601439999999947
1,2,4560,264651,4560,2.7967,2.7967,0.0,0.00049992,pretrain_full_gpu0_resume_20260905.log,2.8440639999999946
1,2,4580,264651,4580,2.8628,2.8628,0.0,0.00049992,pretrain_full_gpu0_resume_20260905.log,2.8474639999999947
1,2,4600,264651,4600,2.8878,2.8878,0.0,0.00049992,pretrain_full_gpu0_resume_20260905.log,2.8468639999999947
1,2,4620,264651,4620,2.9377,2.9377,0.0,0.00049992,pretrain_full_gpu0_resume_20260905.log,2.845823999999995
1,2,4640,264651,4640,2.9534,2.9534,0.0,0.00049991,pretrain_full_gpu0_resume_20260905.log,2.8454439999999948
1,2,4660,264651,4660,2.9192,2.9192,0.0,0.00049991,pretrain_full_gpu0_resume_20260905.log,2.844015999999995
1,2,4680,264651,4680,2.9792,2.9792,0.0,0.00049991,pretrain_full_gpu0_resume_20260905.log,2.8495039999999956
1,2,4700,264651,4700,2.8584,2.8584,0.0,0.00049991,pretrain_full_gpu0_resume_20260905.log,2.8535079999999953
1,2,4720,264651,4720,2.6719,2.6719,0.0,0.00049991,pretrain_full_gpu0_resume_20260905.log,2.8475839999999955
1,2,4740,264651,4740,2.7782,2.7782,0.0,0.00049991,pretrain_full_gpu0_resume_20260905.log,2.843703999999995
1,2,4760,264651,4760,2.6938,2.6938,0.0,0.00049991,pretrain_full_gpu0_resume_20260905.log,2.8427279999999953
1,2,4780,264651,4780,2.8041,2.8041,0.0,0.00049991,pretrain_full_gpu0_resume_20260905.log,2.838347999999995
1,2,4800,264651,4800,2.6791,2.6791,0.0,0.00049991,pretrain_full_gpu0_resume_20260905.log,2.829767999999995
1,2,4820,264651,4820,2.7537,2.7537,0.0,0.00049991,pretrain_full_gpu0_resume_20260905.log,2.825179999999995
1,2,4840,264651,4840,2.9489,2.9489,0.0,0.00049991,pretrain_full_gpu0_resume_20260905.log,2.828167999999995
1,2,4860,264651,4860,2.8772,2.8772,0.0,0.00049991,pretrain_full_gpu0_resume_20260905.log,2.821907999999995
1,2,4880,264651,4880,2.7906,2.7906,0.0,0.00049991,pretrain_full_gpu0_resume_20260905.log,2.8134359999999954
1,2,4900,264651,4900,2.7867,2.7867,0.0,0.0004999,pretrain_full_gpu0_resume_20260905.log,2.8118639999999955
1,2,4920,264651,4920,2.662,2.662,0.0,0.0004999,pretrain_full_gpu0_resume_20260905.log,2.7992239999999957
1,2,4940,264651,4940,2.6811,2.6811,0.0,0.0004999,pretrain_full_gpu0_resume_20260905.log,2.7990559999999958
1,2,4960,264651,4960,2.8427,2.8427,0.0,0.0004999,pretrain_full_gpu0_resume_20260905.log,2.801623999999996
1,2,4980,264651,4980,2.9635,2.9635,0.0,0.0004999,pretrain_full_gpu0_resume_20260905.log,2.8125879999999954
1,2,5000,264651,5000,2.9068,2.9068,0.0,0.0004999,pretrain_full_gpu0_resume_20260905.log,2.819467999999996
1,2,5020,264651,5020,2.6509,2.6509,0.0,0.0004999,pretrain_full_gpu0_resume_20260905.log,2.8173599999999963
1,2,5040,264651,5040,2.6559,2.6559,0.0,0.0004999,pretrain_full_gpu0_resume_20260905.log,2.8136919999999965
1,2,5060,264651,5060,2.8203,2.8203,0.0,0.0004999,pretrain_full_gpu0_resume_20260905.log,2.8146359999999966
1,2,5080,264651,5080,2.8629,2.8629,0.0,0.0004999,pretrain_full_gpu0_resume_20260905.log,2.814639999999996
1,2,5100,264651,5100,2.8043,2.8043,0.0,0.0004999,pretrain_full_gpu0_resume_20260905.log,2.811299999999996
1,2,5120,264651,5120,2.6664,2.6664,0.0,0.0004999,pretrain_full_gpu0_resume_20260905.log,2.8004479999999954
1,2,5140,264651,5140,2.7645,2.7645,0.0,0.0004999,pretrain_full_gpu0_resume_20260905.log,2.7928919999999953
1,2,5160,264651,5160,2.7858,2.7858,0.0,0.00049989,pretrain_full_gpu0_resume_20260905.log,2.787555999999995
1,2,5180,264651,5180,2.5929,2.5929,0.0,0.00049989,pretrain_full_gpu0_resume_20260905.log,2.772103999999995
1,2,5200,264651,5200,2.7557,2.7557,0.0,0.00049989,pretrain_full_gpu0_resume_20260905.log,2.767995999999995
1,2,5220,264651,5220,2.6996,2.6996,0.0,0.00049989,pretrain_full_gpu0_resume_20260905.log,2.769103999999995
1,2,5240,264651,5240,2.6162,2.6162,0.0,0.00049989,pretrain_full_gpu0_resume_20260905.log,2.7626239999999957
1,2,5260,264651,5260,2.7726,2.7726,0.0,0.00049989,pretrain_full_gpu0_resume_20260905.log,2.765775999999996
1,2,5280,264651,5280,2.7031,2.7031,0.0,0.00049989,pretrain_full_gpu0_resume_20260905.log,2.7617359999999955
1,2,5300,264651,5300,2.7734,2.7734,0.0,0.00049989,pretrain_full_gpu0_resume_20260905.log,2.765507999999995
1,2,5320,264651,5320,2.7393,2.7393,0.0,0.00049989,pretrain_full_gpu0_resume_20260905.log,2.7649319999999955
1,2,5340,264651,5340,2.7814,2.7814,0.0,0.00049989,pretrain_full_gpu0_resume_20260905.log,2.758231999999996
1,2,5360,264651,5360,2.7147,2.7147,0.0,0.00049989,pretrain_full_gpu0_resume_20260905.log,2.7517319999999956
1,2,5380,264651,5380,2.9447,2.9447,0.0,0.00049989,pretrain_full_gpu0_resume_20260905.log,2.7578959999999957
1,2,5400,264651,5400,2.7546,2.7546,0.0,0.00049988,pretrain_full_gpu0_resume_20260905.log,2.7566119999999956
1,2,5420,264651,5420,2.9247,2.9247,0.0,0.00049988,pretrain_full_gpu0_resume_20260905.log,2.7671199999999954
1,2,5440,264651,5440,2.7213,2.7213,0.0,0.00049988,pretrain_full_gpu0_resume_20260905.log,2.7687279999999954
1,2,5460,264651,5460,2.8301,2.8301,0.0,0.00049988,pretrain_full_gpu0_resume_20260905.log,2.7682239999999956
1,2,5480,264651,5480,2.8155,2.8155,0.0,0.00049988,pretrain_full_gpu0_resume_20260905.log,2.762303999999996
1,2,5500,264651,5500,2.729,2.729,0.0,0.00049988,pretrain_full_gpu0_resume_20260905.log,2.7551919999999956
1,2,5520,264651,5520,2.8387,2.8387,0.0,0.00049988,pretrain_full_gpu0_resume_20260905.log,2.7627039999999954
1,2,5540,264651,5540,2.8433,2.8433,0.0,0.00049988,pretrain_full_gpu0_resume_20260905.log,2.770199999999995
1,2,5560,264651,5560,2.7322,2.7322,0.0,0.00049988,pretrain_full_gpu0_resume_20260905.log,2.7666759999999955
1,2,5580,264651,5580,2.7704,2.7704,0.0,0.00049988,pretrain_full_gpu0_resume_20260905.log,2.762975999999995
1,2,5600,264651,5600,2.6867,2.6867,0.0,0.00049988,pretrain_full_gpu0_resume_20260905.log,2.7582719999999954
1,2,5620,264651,5620,2.7258,2.7258,0.0,0.00049987,pretrain_full_gpu0_resume_20260905.log,2.7606479999999958
1,2,5640,264651,5640,2.8136,2.8136,0.0,0.00049987,pretrain_full_gpu0_resume_20260905.log,2.762611999999996
1,2,5660,264651,5660,2.7779,2.7779,0.0,0.00049987,pretrain_full_gpu0_resume_20260905.log,2.762295999999996
1,2,5680,264651,5680,2.6135,2.6135,0.0,0.00049987,pretrain_full_gpu0_resume_20260905.log,2.7631199999999962
1,2,5700,264651,5700,2.6733,2.6733,0.0,0.00049987,pretrain_full_gpu0_resume_20260905.log,2.759823999999996
1,2,5720,264651,5720,2.8354,2.8354,0.0,0.00049987,pretrain_full_gpu0_resume_20260905.log,2.765255999999996
1,2,5740,264651,5740,2.8631,2.8631,0.0,0.00049987,pretrain_full_gpu0_resume_20260905.log,2.7751319999999957
1,2,5760,264651,5760,2.7197,2.7197,0.0,0.00049987,pretrain_full_gpu0_resume_20260905.log,2.773015999999996
1,2,5780,264651,5780,2.703,2.703,0.0,0.00049987,pretrain_full_gpu0_resume_20260905.log,2.773011999999996
1,2,5800,264651,5800,2.7041,2.7041,0.0,0.00049987,pretrain_full_gpu0_resume_20260905.log,2.770239999999996
1,2,5820,264651,5820,2.7287,2.7287,0.0,0.00049987,pretrain_full_gpu0_resume_20260905.log,2.769815999999996
1,2,5840,264651,5840,2.6563,2.6563,0.0,0.00049986,pretrain_full_gpu0_resume_20260905.log,2.764811999999996
1,2,5860,264651,5860,2.7508,2.7508,0.0,0.00049986,pretrain_full_gpu0_resume_20260905.log,2.7662559999999963
1,2,5880,264651,5880,2.4403,2.4403,0.0,0.00049986,pretrain_full_gpu0_resume_20260905.log,2.746079999999996
1,2,5900,264651,5900,2.7024,2.7024,0.0,0.00049986,pretrain_full_gpu0_resume_20260905.log,2.743991999999996
1,2,5920,264651,5920,2.5038,2.5038,0.0,0.00049986,pretrain_full_gpu0_resume_20260905.log,2.727155999999996
1,2,5940,264651,5940,2.6792,2.6792,0.0,0.00049986,pretrain_full_gpu0_resume_20260905.log,2.725471999999996
1,2,5960,264651,5960,2.6496,2.6496,0.0,0.00049986,pretrain_full_gpu0_resume_20260905.log,2.718251999999996
1,2,5980,264651,5980,2.5752,2.5752,0.0,0.00049986,pretrain_full_gpu0_resume_20260905.log,2.708639999999996
1,2,6000,264651,6000,2.6882,2.6882,0.0,0.00049986,pretrain_full_gpu0_resume_20260905.log,2.7070079999999956
1,2,6020,264651,6020,2.8644,2.8644,0.0,0.00049986,pretrain_full_gpu0_resume_20260905.log,2.7080359999999954
1,2,6040,264651,6040,2.7839,2.7839,0.0,0.00049986,pretrain_full_gpu0_resume_20260905.log,2.705659999999996
1,2,6060,264651,6060,2.6386,2.6386,0.0,0.00049985,pretrain_full_gpu0_resume_20260905.log,2.7019159999999953
1,2,6080,264651,6080,2.566,2.566,0.0,0.00049985,pretrain_full_gpu0_resume_20260905.log,2.6937399999999956
1,2,6100,264651,6100,2.4489,2.4489,0.0,0.00049985,pretrain_full_gpu0_resume_20260905.log,2.6842279999999956
1,2,6120,264651,6120,2.7023,2.7023,0.0,0.00049985,pretrain_full_gpu0_resume_20260905.log,2.683287999999995
1,2,6140,264651,6140,2.744,2.744,0.0,0.00049985,pretrain_full_gpu0_resume_20260905.log,2.680503999999995
1,2,6160,264651,6160,2.4335,2.4335,0.0,0.00049985,pretrain_full_gpu0_resume_20260905.log,2.6667279999999947
1,2,6180,264651,6180,2.707,2.707,0.0,0.00049985,pretrain_full_gpu0_resume_20260905.log,2.6704679999999943
1,2,6200,264651,6200,2.6941,2.6941,0.0,0.00049985,pretrain_full_gpu0_resume_20260905.log,2.6712999999999947
1,2,6220,264651,6220,2.5959,2.5959,0.0,0.00049985,pretrain_full_gpu0_resume_20260905.log,2.6617199999999945
1,2,6240,264651,6240,2.6824,2.6824,0.0,0.00049985,pretrain_full_gpu0_resume_20260905.log,2.6544919999999945
1,2,6260,264651,6260,2.7376,2.7376,0.0,0.00049984,pretrain_full_gpu0_resume_20260905.log,2.6552079999999942
1,2,6280,264651,6280,2.6519,2.6519,0.0,0.00049984,pretrain_full_gpu0_resume_20260905.log,2.653163999999994
1,2,6300,264651,6300,2.5698,2.5698,0.0,0.00049984,pretrain_full_gpu0_resume_20260905.log,2.647791999999994
1,2,6320,264651,6320,2.633,2.633,0.0,0.00049984,pretrain_full_gpu0_resume_20260905.log,2.643963999999994
1,2,6340,264651,6340,2.6654,2.6654,0.0,0.00049984,pretrain_full_gpu0_resume_20260905.log,2.644327999999994
1,2,6360,264651,6360,2.8047,2.8047,0.0,0.00049984,pretrain_full_gpu0_resume_20260905.log,2.6464839999999943
1,2,6380,264651,6380,2.5025,2.5025,0.0,0.00049984,pretrain_full_gpu0_resume_20260905.log,2.6489719999999943
1,2,6400,264651,6400,2.4751,2.4751,0.0,0.00049984,pretrain_full_gpu0_resume_20260905.log,2.6398799999999945
1,2,6420,264651,6420,2.7101,2.7101,0.0,0.00049984,pretrain_full_gpu0_resume_20260905.log,2.648131999999994
1,2,6440,264651,6440,2.6692,2.6692,0.0,0.00049984,pretrain_full_gpu0_resume_20260905.log,2.6477319999999946
1,2,6460,264651,6460,2.2209,2.2209,0.0,0.00049983,pretrain_full_gpu0_resume_20260905.log,2.6305839999999945
1,2,6480,264651,6480,2.7966,2.7966,0.0,0.00049983,pretrain_full_gpu0_resume_20260905.log,2.6394399999999947
1,2,6500,264651,6500,2.5586,2.5586,0.0,0.00049983,pretrain_full_gpu0_resume_20260905.log,2.634255999999995
1,2,6520,264651,6520,2.6477,2.6477,0.0,0.00049983,pretrain_full_gpu0_resume_20260905.log,2.6255879999999947
1,2,6540,264651,6540,3.0118,3.0118,0.0,0.00049983,pretrain_full_gpu0_resume_20260905.log,2.634703999999994
1,2,6560,264651,6560,2.553,2.553,0.0,0.00049983,pretrain_full_gpu0_resume_20260905.log,2.631279999999994
1,2,6580,264651,6580,2.6037,2.6037,0.0,0.00049983,pretrain_full_gpu0_resume_20260905.log,2.6327879999999944
1,2,6600,264651,6600,2.5665,2.5665,0.0,0.00049983,pretrain_full_gpu0_resume_20260905.log,2.6374919999999946
1,2,6620,264651,6620,2.6893,2.6893,0.0,0.00049983,pretrain_full_gpu0_resume_20260905.log,2.6369719999999948
1,2,6640,264651,6640,2.634,2.634,0.0,0.00049983,pretrain_full_gpu0_resume_20260905.log,2.632571999999995
1,2,6660,264651,6660,2.5045,2.5045,0.0,0.00049982,pretrain_full_gpu0_resume_20260905.log,2.6354119999999948
1,2,6680,264651,6680,2.7198,2.7198,0.0,0.00049982,pretrain_full_gpu0_resume_20260905.log,2.6359239999999953
1,2,6700,264651,6700,2.579,2.579,0.0,0.00049982,pretrain_full_gpu0_resume_20260905.log,2.6313199999999948
1,2,6720,264651,6720,2.6754,2.6754,0.0,0.00049982,pretrain_full_gpu0_resume_20260905.log,2.6344999999999947
1,2,6740,264651,6740,2.637,2.637,0.0,0.00049982,pretrain_full_gpu0_resume_20260905.log,2.632683999999995
1,2,6760,264651,6760,2.4875,2.4875,0.0,0.00049982,pretrain_full_gpu0_resume_20260905.log,2.6226799999999946
1,2,6780,264651,6780,2.7078,2.7078,0.0,0.00049982,pretrain_full_gpu0_resume_20260905.log,2.624915999999995
1,2,6800,264651,6800,2.7563,2.7563,0.0,0.00049982,pretrain_full_gpu0_resume_20260905.log,2.632375999999995
1,2,6820,264651,6820,2.7348,2.7348,0.0,0.00049982,pretrain_full_gpu0_resume_20260905.log,2.6364479999999952
1,2,6840,264651,6840,2.6667,2.6667,0.0,0.00049981,pretrain_full_gpu0_resume_20260905.log,2.6364999999999954
1,2,6860,264651,6860,2.5907,2.5907,0.0,0.00049981,pretrain_full_gpu0_resume_20260905.log,2.6279399999999953
1,2,6880,264651,6880,2.6515,2.6515,0.0,0.00049981,pretrain_full_gpu0_resume_20260905.log,2.6338999999999952
1,2,6900,264651,6900,2.3461,2.3461,0.0,0.00049981,pretrain_full_gpu0_resume_20260905.log,2.6287399999999956
1,2,6920,264651,6920,2.7186,2.7186,0.0,0.00049981,pretrain_full_gpu0_resume_20260905.log,2.6290799999999956
1,2,6940,264651,6940,2.5844,2.5844,0.0,0.00049981,pretrain_full_gpu0_resume_20260905.log,2.6256879999999954
1,2,6960,264651,6960,2.4911,2.4911,0.0,0.00049981,pretrain_full_gpu0_resume_20260905.log,2.6364959999999957
1,2,6980,264651,6980,2.4822,2.4822,0.0,0.00049981,pretrain_full_gpu0_resume_20260905.log,2.623919999999996
1,2,7000,264651,7000,2.713,2.713,0.0,0.00049981,pretrain_full_gpu0_resume_20260905.log,2.630095999999996
1,2,7020,264651,7020,2.5766,2.5766,0.0,0.0004998,pretrain_full_gpu0_resume_20260905.log,2.627251999999996
1,2,7040,264651,7040,2.654,2.654,0.0,0.0004998,pretrain_full_gpu0_resume_20260905.log,2.612939999999996
1,2,7060,264651,7060,2.6277,2.6277,0.0,0.0004998,pretrain_full_gpu0_resume_20260905.log,2.6159279999999963
1,2,7080,264651,7080,2.3996,2.3996,0.0,0.0004998,pretrain_full_gpu0_resume_20260905.log,2.6077639999999964
1,2,7100,264651,7100,2.6296,2.6296,0.0,0.0004998,pretrain_full_gpu0_resume_20260905.log,2.6102879999999957
1,2,7120,264651,7120,2.5831,2.5831,0.0,0.0004998,pretrain_full_gpu0_resume_20260905.log,2.6060399999999957
1,2,7140,264651,7140,2.5377,2.5377,0.0,0.0004998,pretrain_full_gpu0_resume_20260905.log,2.602187999999996
1,2,7160,264651,7160,2.7569,2.7569,0.0,0.0004998,pretrain_full_gpu0_resume_20260905.log,2.6122839999999963
1,2,7180,264651,7180,2.6833,2.6833,0.0,0.0004998,pretrain_full_gpu0_resume_20260905.log,2.610823999999996
1,2,7200,264651,7200,2.7663,2.7663,0.0,0.00049979,pretrain_full_gpu0_resume_20260905.log,2.6183159999999965
1,2,7220,264651,7220,2.7905,2.7905,0.0,0.00049979,pretrain_full_gpu0_resume_20260905.log,2.622919999999996
1,2,7240,264651,7240,2.3811,2.3811,0.0,0.00049979,pretrain_full_gpu0_resume_20260905.log,2.6126839999999962
1,2,7260,264651,7260,2.6134,2.6134,0.0,0.00049979,pretrain_full_gpu0_resume_20260905.log,2.6177199999999967
1,2,7280,264651,7280,2.7745,2.7745,0.0,0.00049979,pretrain_full_gpu0_resume_20260905.log,2.6203879999999966
1,2,7300,264651,7300,2.6536,2.6536,0.0,0.00049979,pretrain_full_gpu0_resume_20260905.log,2.6162799999999966
1,2,7320,264651,7320,2.5611,2.5611,0.0,0.00049979,pretrain_full_gpu0_resume_20260905.log,2.609331999999996
1,2,7340,264651,7340,2.5935,2.5935,0.0,0.00049979,pretrain_full_gpu0_resume_20260905.log,2.606403999999996
1,2,7360,264651,7360,2.6068,2.6068,0.0,0.00049979,pretrain_full_gpu0_resume_20260905.log,2.6070479999999963
1,2,7380,264651,7380,2.5889,2.5889,0.0,0.00049978,pretrain_full_gpu0_resume_20260905.log,2.604543999999996
1,2,7400,264651,7400,2.5244,2.5244,0.0,0.00049978,pretrain_full_gpu0_resume_20260905.log,2.6116759999999966
1,2,7420,264651,7420,2.542,2.542,0.0,0.00049978,pretrain_full_gpu0_resume_20260905.log,2.604611999999997
1,2,7440,264651,7440,2.4495,2.4495,0.0,0.00049978,pretrain_full_gpu0_resume_20260905.log,2.5992159999999966
1,2,7460,264651,7460,2.6486,2.6486,0.0,0.00049978,pretrain_full_gpu0_resume_20260905.log,2.6055159999999966
1,2,7480,264651,7480,2.5223,2.5223,0.0,0.00049978,pretrain_full_gpu0_resume_20260905.log,2.6071199999999966
1,2,7500,264651,7500,2.5467,2.5467,0.0,0.00049978,pretrain_full_gpu0_resume_20260905.log,2.6004679999999967
1,2,7520,264651,7520,2.3265,2.3265,0.0,0.00049978,pretrain_full_gpu0_resume_20260905.log,2.5904639999999968
1,2,7540,264651,7540,2.6988,2.6988,0.0,0.00049977,pretrain_full_gpu0_resume_20260905.log,2.5922559999999972
1,2,7560,264651,7560,2.7486,2.7486,0.0,0.00049977,pretrain_full_gpu0_resume_20260905.log,2.597091999999997
1,2,7580,264651,7580,2.6322,2.6322,0.0,0.00049977,pretrain_full_gpu0_resume_20260905.log,2.606395999999996
1,2,7600,264651,7600,2.5896,2.5896,0.0,0.00049977,pretrain_full_gpu0_resume_20260905.log,2.604795999999997
1,2,7620,264651,7620,2.6067,2.6067,0.0,0.00049977,pretrain_full_gpu0_resume_20260905.log,2.605739999999997
1,2,7640,264651,7640,2.5113,2.5113,0.0,0.00049977,pretrain_full_gpu0_resume_20260905.log,2.604683999999997
1,2,7660,264651,7660,2.8132,2.8132,0.0,0.00049977,pretrain_full_gpu0_resume_20260905.log,2.6069359999999966
1,2,7680,264651,7680,2.5363,2.5363,0.0,0.00049977,pretrain_full_gpu0_resume_20260905.log,2.6010559999999963
1,2,7700,264651,7700,2.573,2.573,0.0,0.00049977,pretrain_full_gpu0_resume_20260905.log,2.593323999999996
1,2,7720,264651,7720,2.3077,2.3077,0.0,0.00049976,pretrain_full_gpu0_resume_20260905.log,2.574011999999996
1,2,7740,264651,7740,2.5848,2.5848,0.0,0.00049976,pretrain_full_gpu0_resume_20260905.log,2.582159999999996
1,2,7760,264651,7760,2.5255,2.5255,0.0,0.00049976,pretrain_full_gpu0_resume_20260905.log,2.5786439999999957
1,2,7780,264651,7780,2.5002,2.5002,0.0,0.00049976,pretrain_full_gpu0_resume_20260905.log,2.567671999999996
1,2,7800,264651,7800,2.6189,2.6189,0.0,0.00049976,pretrain_full_gpu0_resume_20260905.log,2.566283999999996
1,2,7820,264651,7820,2.5359,2.5359,0.0,0.00049976,pretrain_full_gpu0_resume_20260905.log,2.565275999999996
1,2,7840,264651,7840,2.6139,2.6139,0.0,0.00049976,pretrain_full_gpu0_resume_20260905.log,2.566091999999996
1,2,7860,264651,7860,2.5674,2.5674,0.0,0.00049976,pretrain_full_gpu0_resume_20260905.log,2.5645159999999962
1,2,7880,264651,7880,2.6257,2.6257,0.0,0.00049975,pretrain_full_gpu0_resume_20260905.log,2.5659879999999964
1,2,7900,264651,7900,2.6166,2.6166,0.0,0.00049975,pretrain_full_gpu0_resume_20260905.log,2.5696759999999967
1,2,7920,264651,7920,2.4887,2.4887,0.0,0.00049975,pretrain_full_gpu0_resume_20260905.log,2.5675439999999963
1,2,7940,264651,7940,2.4457,2.4457,0.0,0.00049975,pretrain_full_gpu0_resume_20260905.log,2.5673919999999963
1,2,7960,264651,7960,2.5407,2.5407,0.0,0.00049975,pretrain_full_gpu0_resume_20260905.log,2.5630759999999966
1,2,7980,264651,7980,2.5344,2.5344,0.0,0.00049975,pretrain_full_gpu0_resume_20260905.log,2.5635599999999967
1,2,8000,264651,8000,2.7503,2.7503,0.0,0.00049975,pretrain_full_gpu0_resume_20260905.log,2.5717039999999964
1,2,8020,264651,8020,2.6616,2.6616,0.0,0.00049975,pretrain_full_gpu0_resume_20260905.log,2.5851079999999964
1,2,8040,264651,8040,2.7574,2.7574,0.0,0.00049974,pretrain_full_gpu0_resume_20260905.log,2.5874519999999963
1,2,8060,264651,8060,2.5533,2.5533,0.0,0.00049974,pretrain_full_gpu0_resume_20260905.log,2.5796399999999964
1,2,8080,264651,8080,2.459,2.459,0.0,0.00049974,pretrain_full_gpu0_resume_20260905.log,2.572711999999997
1,2,8100,264651,8100,2.5817,2.5817,0.0,0.00049974,pretrain_full_gpu0_resume_20260905.log,2.5723959999999964
1,2,8120,264651,8120,2.7671,2.7671,0.0,0.00049974,pretrain_full_gpu0_resume_20260905.log,2.5788119999999966
1,2,8140,264651,8140,2.3746,2.3746,0.0,0.00049974,pretrain_full_gpu0_resume_20260905.log,2.573343999999996
1,2,8160,264651,8160,2.6049,2.6049,0.0,0.00049974,pretrain_full_gpu0_resume_20260905.log,2.5650119999999963
1,2,8180,264651,8180,2.7731,2.7731,0.0,0.00049973,pretrain_full_gpu0_resume_20260905.log,2.5744839999999964
1,2,8200,264651,8200,2.5305,2.5305,0.0,0.00049973,pretrain_full_gpu0_resume_20260905.log,2.572783999999997
1,2,8220,264651,8220,2.4005,2.4005,0.0,0.00049973,pretrain_full_gpu0_resume_20260905.log,2.576495999999997
1,2,8240,264651,8240,2.7081,2.7081,0.0,0.00049973,pretrain_full_gpu0_resume_20260905.log,2.5814279999999967
1,2,8260,264651,8260,2.5198,2.5198,0.0,0.00049973,pretrain_full_gpu0_resume_20260905.log,2.5811999999999973
1,2,8280,264651,8280,2.6861,2.6861,0.0,0.00049973,pretrain_full_gpu0_resume_20260905.log,2.5886359999999966
1,2,8300,264651,8300,2.4581,2.4581,0.0,0.00049973,pretrain_full_gpu0_resume_20260905.log,2.582203999999997
1,2,8320,264651,8320,2.4459,2.4459,0.0,0.00049973,pretrain_full_gpu0_resume_20260905.log,2.578603999999997
1,2,8340,264651,8340,2.5974,2.5974,0.0,0.00049972,pretrain_full_gpu0_resume_20260905.log,2.5779439999999965
1,2,8360,264651,8360,2.4769,2.4769,0.0,0.00049972,pretrain_full_gpu0_resume_20260905.log,2.5743239999999963
1,2,8380,264651,8380,2.5159,2.5159,0.0,0.00049972,pretrain_full_gpu0_resume_20260905.log,2.5699319999999966
1,2,8400,264651,8400,2.3392,2.3392,0.0,0.00049972,pretrain_full_gpu0_resume_20260905.log,2.558835999999997
1,2,8420,264651,8420,2.4065,2.4065,0.0,0.00049972,pretrain_full_gpu0_resume_20260905.log,2.555547999999997
1,2,8440,264651,8440,2.5403,2.5403,0.0,0.00049972,pretrain_full_gpu0_resume_20260905.log,2.5593319999999964
1,2,8460,264651,8460,2.3864,2.3864,0.0,0.00049972,pretrain_full_gpu0_resume_20260905.log,2.5531599999999965
1,2,8480,264651,8480,2.5244,2.5244,0.0,0.00049972,pretrain_full_gpu0_resume_20260905.log,2.5527599999999966
1,2,8500,264651,8500,2.4526,2.4526,0.0,0.00049971,pretrain_full_gpu0_resume_20260905.log,2.540851999999996
1,2,8520,264651,8520,2.4582,2.4582,0.0,0.00049971,pretrain_full_gpu0_resume_20260905.log,2.532715999999996
1,2,8540,264651,8540,2.3839,2.3839,0.0,0.00049971,pretrain_full_gpu0_resume_20260905.log,2.5177759999999965
1,2,8560,264651,8560,2.5121,2.5121,0.0,0.00049971,pretrain_full_gpu0_resume_20260905.log,2.516127999999996
1,2,8580,264651,8580,2.4204,2.4204,0.0,0.00049971,pretrain_full_gpu0_resume_20260905.log,2.5145839999999957
1,2,8600,264651,8600,2.4148,2.4148,0.0,0.00049971,pretrain_full_gpu0_resume_20260905.log,2.507907999999996
1,2,8620,264651,8620,2.389,2.389,0.0,0.00049971,pretrain_full_gpu0_resume_20260905.log,2.492783999999996
1,2,8640,264651,8640,2.4537,2.4537,0.0,0.0004997,pretrain_full_gpu0_resume_20260905.log,2.495947999999996
1,2,8660,264651,8660,2.4249,2.4249,0.0,0.0004997,pretrain_full_gpu0_resume_20260905.log,2.4887479999999953
1,2,8680,264651,8680,2.4854,2.4854,0.0,0.0004997,pretrain_full_gpu0_resume_20260905.log,2.4772399999999952
1,2,8700,264651,8700,2.4226,2.4226,0.0,0.0004997,pretrain_full_gpu0_resume_20260905.log,2.4729239999999955
1,2,8720,264651,8720,2.6232,2.6232,0.0,0.0004997,pretrain_full_gpu0_resume_20260905.log,2.4818319999999954
1,2,8740,264651,8740,2.5207,2.5207,0.0,0.0004997,pretrain_full_gpu0_resume_20260905.log,2.474335999999995
1,2,8760,264651,8760,2.4025,2.4025,0.0,0.0004997,pretrain_full_gpu0_resume_20260905.log,2.469643999999995
1,2,8780,264651,8780,2.6183,2.6183,0.0,0.00049969,pretrain_full_gpu0_resume_20260905.log,2.466931999999995
1,2,8800,264651,8800,2.4934,2.4934,0.0,0.00049969,pretrain_full_gpu0_resume_20260905.log,2.468343999999995
1,2,8820,264651,8820,2.6085,2.6085,0.0,0.00049969,pretrain_full_gpu0_resume_20260905.log,2.4748479999999953
1,2,8840,264651,8840,2.6388,2.6388,0.0,0.00049969,pretrain_full_gpu0_resume_20260905.log,2.476503999999995
1,2,8860,264651,8860,2.4432,2.4432,0.0,0.00049969,pretrain_full_gpu0_resume_20260905.log,2.475155999999995
1,2,8880,264651,8880,2.6711,2.6711,0.0,0.00049969,pretrain_full_gpu0_resume_20260905.log,2.481363999999995
1,2,8900,264651,8900,2.4811,2.4811,0.0,0.00049969,pretrain_full_gpu0_resume_20260905.log,2.4870399999999946
1,2,8920,264651,8920,2.4433,2.4433,0.0,0.00049968,pretrain_full_gpu0_resume_20260905.log,2.4885119999999947
1,2,8940,264651,8940,2.4858,2.4858,0.0,0.00049968,pretrain_full_gpu0_resume_20260905.log,2.4863319999999947
1,2,8960,264651,8960,2.2565,2.2565,0.0,0.00049968,pretrain_full_gpu0_resume_20260905.log,2.481135999999995
1,2,8980,264651,8980,2.5349,2.5349,0.0,0.00049968,pretrain_full_gpu0_resume_20260905.log,2.481555999999995
1,2,9000,264651,9000,2.6204,2.6204,0.0,0.00049968,pretrain_full_gpu0_resume_20260905.log,2.4882679999999953
1,2,9020,264651,9020,2.3456,2.3456,0.0,0.00049968,pretrain_full_gpu0_resume_20260905.log,2.483763999999995
1,2,9040,264651,9040,2.5066,2.5066,0.0,0.00049968,pretrain_full_gpu0_resume_20260905.log,2.4886719999999953
1,2,9060,264651,9060,2.5647,2.5647,0.0,0.00049967,pretrain_full_gpu0_resume_20260905.log,2.490775999999995
1,2,9080,264651,9080,2.6321,2.6321,0.0,0.00049967,pretrain_full_gpu0_resume_20260905.log,2.4992439999999947
1,2,9100,264651,9100,2.3347,2.3347,0.0,0.00049967,pretrain_full_gpu0_resume_20260905.log,2.496039999999995
1,2,9120,264651,9120,2.5984,2.5984,0.0,0.00049967,pretrain_full_gpu0_resume_20260905.log,2.5044159999999946
1,2,9140,264651,9140,2.6321,2.6321,0.0,0.00049967,pretrain_full_gpu0_resume_20260905.log,2.5115519999999947
1,2,9160,264651,9160,2.6589,2.6589,0.0,0.00049967,pretrain_full_gpu0_resume_20260905.log,2.5209119999999947
1,2,9180,264651,9180,2.4636,2.4636,0.0,0.00049967,pretrain_full_gpu0_resume_20260905.log,2.520039999999995
1,2,9200,264651,9200,2.6351,2.6351,0.0,0.00049966,pretrain_full_gpu0_resume_20260905.log,2.5285399999999947
1,2,9220,264651,9220,2.7053,2.7053,0.0,0.00049966,pretrain_full_gpu0_resume_20260905.log,2.5318239999999945
1,2,9240,264651,9240,2.5386,2.5386,0.0,0.00049966,pretrain_full_gpu0_resume_20260905.log,2.5325399999999947
1,2,9260,264651,9260,2.4346,2.4346,0.0,0.00049966,pretrain_full_gpu0_resume_20260905.log,2.5338239999999943
1,2,9280,264651,9280,2.5492,2.5492,0.0,0.00049966,pretrain_full_gpu0_resume_20260905.log,2.5310599999999948
1,2,9300,264651,9300,2.5179,2.5179,0.0,0.00049966,pretrain_full_gpu0_resume_20260905.log,2.5320399999999945
1,2,9320,264651,9320,2.6108,2.6108,0.0,0.00049966,pretrain_full_gpu0_resume_20260905.log,2.532131999999995
1,2,9340,264651,9340,2.3954,2.3954,0.0,0.00049965,pretrain_full_gpu0_resume_20260905.log,2.5223959999999948
1,2,9360,264651,9360,2.2461,2.2461,0.0,0.00049965,pretrain_full_gpu0_resume_20260905.log,2.514511999999995
1,2,9380,264651,9380,2.3151,2.3151,0.0,0.00049965,pretrain_full_gpu0_resume_20260905.log,2.5002719999999945
1,2,9400,264651,9400,2.6448,2.6448,0.0,0.00049965,pretrain_full_gpu0_resume_20260905.log,2.5068199999999945
1,2,9420,264651,9420,2.4018,2.4018,0.0,0.00049965,pretrain_full_gpu0_resume_20260905.log,2.5051599999999943
1,2,9440,264651,9440,2.6657,2.6657,0.0,0.00049965,pretrain_full_gpu0_resume_20260905.log,2.5123559999999943
1,2,9460,264651,9460,2.4517,2.4517,0.0,0.00049965,pretrain_full_gpu0_resume_20260905.log,2.520163999999994
1,2,9480,264651,9480,2.3702,2.3702,0.0,0.00049964,pretrain_full_gpu0_resume_20260905.log,2.513575999999994
1,2,9500,264651,9500,2.3125,2.3125,0.0,0.00049964,pretrain_full_gpu0_resume_20260905.log,2.5012599999999936
1,2,9520,264651,9520,2.6251,2.6251,0.0,0.00049964,pretrain_full_gpu0_resume_20260905.log,2.5124399999999936
1,2,9540,264651,9540,2.3799,2.3799,0.0,0.00049964,pretrain_full_gpu0_resume_20260905.log,2.507371999999994
1,2,9560,264651,9560,2.3984,2.3984,0.0,0.00049964,pretrain_full_gpu0_resume_20260905.log,2.5007199999999936
1,2,9580,264651,9580,2.4374,2.4374,0.0,0.00049964,pretrain_full_gpu0_resume_20260905.log,2.4929319999999935
1,2,9600,264651,9600,2.4053,2.4053,0.0,0.00049963,pretrain_full_gpu0_resume_20260905.log,2.495755999999994
1,2,9620,264651,9620,2.6031,2.6031,0.0,0.00049963,pretrain_full_gpu0_resume_20260905.log,2.495943999999994
1,2,9640,264651,9640,2.4696,2.4696,0.0,0.00049963,pretrain_full_gpu0_resume_20260905.log,2.4894439999999936
1,2,9660,264651,9660,2.5432,2.5432,0.0,0.00049963,pretrain_full_gpu0_resume_20260905.log,2.4848159999999937
1,2,9680,264651,9680,2.3486,2.3486,0.0,0.00049963,pretrain_full_gpu0_resume_20260905.log,2.480215999999994
1,2,9700,264651,9700,2.4538,2.4538,0.0,0.00049963,pretrain_full_gpu0_resume_20260905.log,2.472963999999994
1,2,9720,264651,9720,2.3703,2.3703,0.0,0.00049963,pretrain_full_gpu0_resume_20260905.log,2.4595639999999936
1,2,9740,264651,9740,2.445,2.445,0.0,0.00049962,pretrain_full_gpu0_resume_20260905.log,2.455819999999994
1,2,9760,264651,9760,2.501,2.501,0.0,0.00049962,pretrain_full_gpu0_resume_20260905.log,2.4584759999999934
1,2,9780,264651,9780,2.3773,2.3773,0.0,0.00049962,pretrain_full_gpu0_resume_20260905.log,2.4515999999999933
1,2,9800,264651,9800,2.4654,2.4654,0.0,0.00049962,pretrain_full_gpu0_resume_20260905.log,2.449499999999994
1,2,9820,264651,9820,2.3119,2.3119,0.0,0.00049962,pretrain_full_gpu0_resume_20260905.log,2.4375439999999937
1,2,9840,264651,9840,2.5782,2.5782,0.0,0.00049962,pretrain_full_gpu0_resume_20260905.log,2.444855999999994
1,2,9860,264651,9860,2.4638,2.4638,0.0,0.00049961,pretrain_full_gpu0_resume_20260905.log,2.453563999999994
1,2,9880,264651,9880,2.525,2.525,0.0,0.00049961,pretrain_full_gpu0_resume_20260905.log,2.4619599999999937
1,2,9900,264651,9900,2.4406,2.4406,0.0,0.00049961,pretrain_full_gpu0_resume_20260905.log,2.4537919999999933
1,2,9920,264651,9920,2.4214,2.4214,0.0,0.00049961,pretrain_full_gpu0_resume_20260905.log,2.454575999999993
1,2,9940,264651,9940,2.4646,2.4646,0.0,0.00049961,pretrain_full_gpu0_resume_20260905.log,2.4465319999999933
1,2,9960,264651,9960,2.7073,2.7073,0.0,0.00049961,pretrain_full_gpu0_resume_20260905.log,2.456755999999993
1,2,9980,264651,9980,2.515,2.515,0.0,0.00049961,pretrain_full_gpu0_resume_20260905.log,2.462547999999993
1,2,10000,264651,10000,2.3571,2.3571,0.0,0.0004996,pretrain_full_gpu0_resume_20260905.log,2.464331999999993
1,2,10020,264651,10020,2.7325,2.7325,0.0,0.0004996,pretrain_full_gpu0_resume_20260905.log,2.468627999999993
1,2,10040,264651,10040,2.6177,2.6177,0.0,0.0004996,pretrain_full_gpu0_resume_20260905.log,2.478139999999993
1,2,10060,264651,10060,2.7311,2.7311,0.0,0.0004996,pretrain_full_gpu0_resume_20260905.log,2.491447999999993
1,2,10080,264651,10080,2.4609,2.4609,0.0,0.0004996,pretrain_full_gpu0_resume_20260905.log,2.4923879999999934
1,2,10100,264651,10100,2.4477,2.4477,0.0,0.0004996,pretrain_full_gpu0_resume_20260905.log,2.4940839999999933
1,2,10120,264651,10120,2.4849,2.4849,0.0,0.00049959,pretrain_full_gpu0_resume_20260905.log,2.4893559999999932
1,2,10140,264651,10140,2.4224,2.4224,0.0,0.00049959,pretrain_full_gpu0_resume_20260905.log,2.487467999999993
1,2,10160,264651,10160,2.4896,2.4896,0.0,0.00049959,pretrain_full_gpu0_resume_20260905.log,2.485323999999993
1,2,10180,264651,10180,2.7614,2.7614,0.0,0.00049959,pretrain_full_gpu0_resume_20260905.log,2.501835999999993
1,2,10200,264651,10200,2.4787,2.4787,0.0,0.00049959,pretrain_full_gpu0_resume_20260905.log,2.5028319999999926
1,2,10220,264651,10220,2.4212,2.4212,0.0,0.00049959,pretrain_full_gpu0_resume_20260905.log,2.504867999999993
1,2,10240,264651,10240,2.5378,2.5378,0.0,0.00049958,pretrain_full_gpu0_resume_20260905.log,2.508579999999993
1,2,10260,264651,10260,2.4799,2.4799,0.0,0.00049958,pretrain_full_gpu0_resume_20260905.log,2.507735999999993
1,2,10280,264651,10280,2.2595,2.2595,0.0,0.00049958,pretrain_full_gpu0_resume_20260905.log,2.503023999999993
1,2,10300,264651,10300,2.7003,2.7003,0.0,0.00049958,pretrain_full_gpu0_resume_20260905.log,2.512419999999993
1,2,10320,264651,10320,2.4124,2.4124,0.0,0.00049958,pretrain_full_gpu0_resume_20260905.log,2.516439999999993
1,2,10340,264651,10340,2.4135,2.4135,0.0,0.00049958,pretrain_full_gpu0_resume_20260905.log,2.5098519999999933
1,2,10360,264651,10360,2.1909,2.1909,0.0,0.00049957,pretrain_full_gpu0_resume_20260905.log,2.4989359999999934
1,2,10380,264651,10380,2.4446,2.4446,0.0,0.00049957,pretrain_full_gpu0_resume_20260905.log,2.4957199999999933
1,2,10400,264651,10400,2.429,2.429,0.0,0.00049957,pretrain_full_gpu0_resume_20260905.log,2.4952559999999933
1,2,10420,264651,10420,2.2924,2.2924,0.0,0.00049957,pretrain_full_gpu0_resume_20260905.log,2.490095999999993
1,2,10440,264651,10440,2.4376,2.4376,0.0,0.00049957,pretrain_full_gpu0_resume_20260905.log,2.4890159999999932
1,2,10460,264651,10460,2.3653,2.3653,0.0,0.00049957,pretrain_full_gpu0_resume_20260905.log,2.475335999999993
1,2,10480,264651,10480,2.466,2.466,0.0,0.00049956,pretrain_full_gpu0_resume_20260905.log,2.473375999999993
1,2,10500,264651,10500,2.3921,2.3921,0.0,0.00049956,pretrain_full_gpu0_resume_20260905.log,2.4747759999999928
1,2,10520,264651,10520,2.4132,2.4132,0.0,0.00049956,pretrain_full_gpu0_resume_20260905.log,2.4620039999999928
1,2,10540,264651,10540,2.3459,2.3459,0.0,0.00049956,pretrain_full_gpu0_resume_20260905.log,2.4511319999999928
1,2,10560,264651,10560,2.4889,2.4889,0.0,0.00049956,pretrain_full_gpu0_resume_20260905.log,2.4414439999999926
1,2,10580,264651,10580,2.4733,2.4733,0.0,0.00049956,pretrain_full_gpu0_resume_20260905.log,2.4419399999999927
1,2,10600,264651,10600,2.5937,2.5937,0.0,0.00049955,pretrain_full_gpu0_resume_20260905.log,2.4477799999999927
1,2,10620,264651,10620,2.5403,2.5403,0.0,0.00049955,pretrain_full_gpu0_resume_20260905.log,2.449995999999993
1,2,10640,264651,10640,2.3932,2.3932,0.0,0.00049955,pretrain_full_gpu0_resume_20260905.log,2.4488279999999927
1,2,10660,264651,10660,2.3819,2.3819,0.0,0.00049955,pretrain_full_gpu0_resume_20260905.log,2.4445199999999927
1,2,10680,264651,10680,2.4108,2.4108,0.0,0.00049955,pretrain_full_gpu0_resume_20260905.log,2.4304959999999927
1,2,10700,264651,10700,2.3504,2.3504,0.0,0.00049955,pretrain_full_gpu0_resume_20260905.log,2.425363999999993
1,2,10720,264651,10720,2.7125,2.7125,0.0,0.00049954,pretrain_full_gpu0_resume_20260905.log,2.4370159999999927
1,2,10740,264651,10740,2.4257,2.4257,0.0,0.00049954,pretrain_full_gpu0_resume_20260905.log,2.432531999999993
1,2,10760,264651,10760,2.3343,2.3343,0.0,0.00049954,pretrain_full_gpu0_resume_20260905.log,2.4267079999999925
1,2,10780,264651,10780,2.4018,2.4018,0.0,0.00049954,pretrain_full_gpu0_resume_20260905.log,2.432399999999993
1,2,10800,264651,10800,2.28,2.28,0.0,0.00049954,pretrain_full_gpu0_resume_20260905.log,2.415587999999993
1,2,10820,264651,10820,2.4879,2.4879,0.0,0.00049954,pretrain_full_gpu0_resume_20260905.log,2.4186079999999928
1,2,10840,264651,10840,2.3952,2.3952,0.0,0.00049953,pretrain_full_gpu0_resume_20260905.log,2.417875999999993
1,2,10860,264651,10860,2.3902,2.3902,0.0,0.00049953,pretrain_full_gpu0_resume_20260905.log,2.425847999999993
1,2,10880,264651,10880,2.6312,2.6312,0.0,0.00049953,pretrain_full_gpu0_resume_20260905.log,2.433311999999993
1,2,10900,264651,10900,2.4377,2.4377,0.0,0.00049953,pretrain_full_gpu0_resume_20260905.log,2.4336599999999926
1,2,10920,264651,10920,2.5129,2.5129,0.0,0.00049953,pretrain_full_gpu0_resume_20260905.log,2.4424799999999927
1,2,10940,264651,10940,2.4366,2.4366,0.0,0.00049953,pretrain_full_gpu0_resume_20260905.log,2.4424399999999924
1,2,10960,264651,10960,2.646,2.646,0.0,0.00049952,pretrain_full_gpu0_resume_20260905.log,2.453667999999993
1,2,10980,264651,10980,2.3277,2.3277,0.0,0.00049952,pretrain_full_gpu0_resume_20260905.log,2.4481359999999928
1,2,11000,264651,11000,2.5415,2.5415,0.0,0.00049952,pretrain_full_gpu0_resume_20260905.log,2.4541119999999927
1,2,11020,264651,11020,2.2855,2.2855,0.0,0.00049952,pretrain_full_gpu0_resume_20260905.log,2.4490039999999924
1,2,11040,264651,11040,2.4381,2.4381,0.0,0.00049952,pretrain_full_gpu0_resume_20260905.log,2.4526919999999923
1,2,11060,264651,11060,2.5862,2.5862,0.0,0.00049952,pretrain_full_gpu0_resume_20260905.log,2.4565839999999923
1,2,11080,264651,11080,2.4155,2.4155,0.0,0.00049951,pretrain_full_gpu0_resume_20260905.log,2.4542719999999925
1,2,11100,264651,11100,2.3951,2.3951,0.0,0.00049951,pretrain_full_gpu0_resume_20260905.log,2.4463279999999923
1,2,11120,264651,11120,2.6056,2.6056,0.0,0.00049951,pretrain_full_gpu0_resume_20260905.log,2.4489399999999923
1,2,11140,264651,11140,2.438,2.438,0.0,0.00049951,pretrain_full_gpu0_resume_20260905.log,2.4507319999999924
1,2,11160,264651,11160,2.3174,2.3174,0.0,0.00049951,pretrain_full_gpu0_resume_20260905.log,2.4481519999999923
1,2,11180,264651,11180,2.3569,2.3569,0.0,0.0004995,pretrain_full_gpu0_resume_20260905.log,2.4459959999999925
1,2,11200,264651,11200,2.3596,2.3596,0.0,0.0004995,pretrain_full_gpu0_resume_20260905.log,2.4463639999999924
1,2,11220,264651,11220,2.4857,2.4857,0.0,0.0004995,pretrain_full_gpu0_resume_20260905.log,2.4372919999999927
1,2,11240,264651,11240,2.4669,2.4669,0.0,0.0004995,pretrain_full_gpu0_resume_20260905.log,2.4389399999999926
1,2,11260,264651,11260,2.2703,2.2703,0.0,0.0004995,pretrain_full_gpu0_resume_20260905.log,2.4363799999999927
1,2,11280,264651,11280,2.4446,2.4446,0.0,0.0004995,pretrain_full_gpu0_resume_20260905.log,2.4380919999999926
1,2,11300,264651,11300,2.5705,2.5705,0.0,0.00049949,pretrain_full_gpu0_resume_20260905.log,2.449711999999993
1,2,11320,264651,11320,2.4471,2.4471,0.0,0.00049949,pretrain_full_gpu0_resume_20260905.log,2.4480799999999925
1,2,11340,264651,11340,2.3359,2.3359,0.0,0.00049949,pretrain_full_gpu0_resume_20260905.log,2.4457079999999927
1,2,11360,264651,11360,2.4501,2.4501,0.0,0.00049949,pretrain_full_gpu0_resume_20260905.log,2.4481039999999923
1,2,11380,264651,11380,2.3182,2.3182,0.0,0.00049949,pretrain_full_gpu0_resume_20260905.log,2.4355839999999924
1,2,11400,264651,11400,2.4313,2.4313,0.0,0.00049949,pretrain_full_gpu0_resume_20260905.log,2.4353279999999926
1,2,11420,264651,11420,2.3156,2.3156,0.0,0.00049948,pretrain_full_gpu0_resume_20260905.log,2.427435999999992
1,2,11440,264651,11440,2.3213,2.3213,0.0,0.00049948,pretrain_full_gpu0_resume_20260905.log,2.4228239999999923
1,2,11460,264651,11460,2.3995,2.3995,0.0,0.00049948,pretrain_full_gpu0_resume_20260905.log,2.4129639999999926
1,2,11480,264651,11480,2.5105,2.5105,0.0,0.00049948,pretrain_full_gpu0_resume_20260905.log,2.4202759999999923
1,2,11500,264651,11500,2.5103,2.5103,0.0,0.00049948,pretrain_full_gpu0_resume_20260905.log,2.4190279999999924
1,2,11520,264651,11520,2.5872,2.5872,0.0,0.00049947,pretrain_full_gpu0_resume_20260905.log,2.4310959999999926
1,2,11540,264651,11540,2.3393,2.3393,0.0,0.00049947,pretrain_full_gpu0_resume_20260905.log,2.4271439999999926
1,2,11560,264651,11560,2.6091,2.6091,0.0,0.00049947,pretrain_full_gpu0_resume_20260905.log,2.428059999999993
1,2,11580,264651,11580,2.5117,2.5117,0.0,0.00049947,pretrain_full_gpu0_resume_20260905.log,2.4319079999999924
1,2,11600,264651,11600,2.2801,2.2801,0.0,0.00049947,pretrain_full_gpu0_resume_20260905.log,2.4273079999999925
1,2,11620,264651,11620,2.4855,2.4855,0.0,0.00049947,pretrain_full_gpu0_resume_20260905.log,2.4225039999999924
1,2,11640,264651,11640,2.3415,2.3415,0.0,0.00049946,pretrain_full_gpu0_resume_20260905.log,2.4186439999999925
1,2,11660,264651,11660,2.2968,2.2968,0.0,0.00049946,pretrain_full_gpu0_resume_20260905.log,2.4178199999999923
1,2,11680,264651,11680,2.4946,2.4946,0.0,0.00049946,pretrain_full_gpu0_resume_20260905.log,2.423327999999992
1,2,11700,264651,11700,2.4951,2.4951,0.0,0.00049946,pretrain_full_gpu0_resume_20260905.log,2.428747999999992
1,2,11720,264651,11720,2.5031,2.5031,0.0,0.00049946,pretrain_full_gpu0_resume_20260905.log,2.429443999999992
1,2,11740,264651,11740,2.4074,2.4074,0.0,0.00049945,pretrain_full_gpu0_resume_20260905.log,2.427063999999992
1,2,11760,264651,11760,2.3322,2.3322,0.0,0.00049945,pretrain_full_gpu0_resume_20260905.log,2.4295399999999923
1,2,11780,264651,11780,2.4601,2.4601,0.0,0.00049945,pretrain_full_gpu0_resume_20260905.log,2.430159999999992
1,2,11800,264651,11800,2.4814,2.4814,0.0,0.00049945,pretrain_full_gpu0_resume_20260905.log,2.426595999999992
1,2,11820,264651,11820,2.3566,2.3566,0.0,0.00049945,pretrain_full_gpu0_resume_20260905.log,2.422975999999992
1,2,11840,264651,11840,2.2207,2.2207,0.0,0.00049944,pretrain_full_gpu0_resume_20260905.log,2.418367999999992
1,2,11860,264651,11860,2.4274,2.4274,0.0,0.00049944,pretrain_full_gpu0_resume_20260905.log,2.4174599999999917
1,2,11880,264651,11880,2.4007,2.4007,0.0,0.00049944,pretrain_full_gpu0_resume_20260905.log,2.420759999999992
1,2,11900,264651,11900,2.1458,2.1458,0.0,0.00049944,pretrain_full_gpu0_resume_20260905.log,2.409339999999992
1,2,11920,264651,11920,2.4765,2.4765,0.0,0.00049944,pretrain_full_gpu0_resume_20260905.log,2.415775999999992
1,2,11940,264651,11940,2.2884,2.2884,0.0,0.00049944,pretrain_full_gpu0_resume_20260905.log,2.4144599999999925
1,2,11960,264651,11960,2.4983,2.4983,0.0,0.00049943,pretrain_full_gpu0_resume_20260905.log,2.418411999999992
1,2,11980,264651,11980,2.5016,2.5016,0.0,0.00049943,pretrain_full_gpu0_resume_20260905.log,2.418055999999992
1,2,12000,264651,12000,2.3462,2.3462,0.0,0.00049943,pretrain_full_gpu0_resume_20260905.log,2.411491999999992
1,2,12020,264651,12020,2.2365,2.2365,0.0,0.00049943,pretrain_full_gpu0_resume_20260905.log,2.397463999999992
1,2,12040,264651,12040,2.4921,2.4921,0.0,0.00049943,pretrain_full_gpu0_resume_20260905.log,2.403575999999992
1,2,12060,264651,12060,2.3374,2.3374,0.0,0.00049942,pretrain_full_gpu0_resume_20260905.log,2.3927079999999923
1,2,12080,264651,12080,2.3854,2.3854,0.0,0.00049942,pretrain_full_gpu0_resume_20260905.log,2.3876559999999922
1,2,12100,264651,12100,2.4177,2.4177,0.0,0.00049942,pretrain_full_gpu0_resume_20260905.log,2.393159999999992
1,2,12120,264651,12120,2.2408,2.2408,0.0,0.00049942,pretrain_full_gpu0_resume_20260905.log,2.383371999999992
1,2,12140,264651,12140,2.1908,2.1908,0.0,0.00049942,pretrain_full_gpu0_resume_20260905.log,2.377343999999992
1,2,12160,264651,12160,2.2753,2.2753,0.0,0.00049941,pretrain_full_gpu0_resume_20260905.log,2.376483999999992
1,2,12180,264651,12180,2.1704,2.1704,0.0,0.00049941,pretrain_full_gpu0_resume_20260905.log,2.363515999999992
1,2,12200,264651,12200,2.447,2.447,0.0,0.00049941,pretrain_full_gpu0_resume_20260905.log,2.3615919999999924
1,2,12220,264651,12220,2.2758,2.2758,0.0,0.00049941,pretrain_full_gpu0_resume_20260905.log,2.352499999999992
1,2,12240,264651,12240,2.4002,2.4002,0.0,0.00049941,pretrain_full_gpu0_resume_20260905.log,2.3522119999999918
1,2,12260,264651,12260,2.1305,2.1305,0.0,0.0004994,pretrain_full_gpu0_resume_20260905.log,2.3441439999999916
1,2,12280,264651,12280,2.3035,2.3035,0.0,0.0004994,pretrain_full_gpu0_resume_20260905.log,2.3378799999999917
1,2,12300,264651,12300,2.3221,2.3221,0.0,0.0004994,pretrain_full_gpu0_resume_20260905.log,2.331507999999992
1,2,12320,264651,12320,2.3003,2.3003,0.0,0.0004994,pretrain_full_gpu0_resume_20260905.log,2.329255999999992
1,2,12340,264651,12340,2.3709,2.3709,0.0,0.0004994,pretrain_full_gpu0_resume_20260905.log,2.3352639999999916
1,2,12360,264651,12360,2.4224,2.4224,0.0,0.00049939,pretrain_full_gpu0_resume_20260905.log,2.335063999999992
1,2,12380,264651,12380,2.2887,2.2887,0.0,0.00049939,pretrain_full_gpu0_resume_20260905.log,2.330583999999992
1,2,12400,264651,12400,2.4438,2.4438,0.0,0.00049939,pretrain_full_gpu0_resume_20260905.log,2.342503999999992
1,2,12420,264651,12420,2.3557,2.3557,0.0,0.00049939,pretrain_full_gpu0_resume_20260905.log,2.337671999999992
1,2,12440,264651,12440,2.3989,2.3989,0.0,0.00049939,pretrain_full_gpu0_resume_20260905.log,2.3420919999999916
1,2,12460,264651,12460,2.5391,2.5391,0.0,0.00049938,pretrain_full_gpu0_resume_20260905.log,2.3437239999999915
1,2,12480,264651,12480,2.4374,2.4374,0.0,0.00049938,pretrain_full_gpu0_resume_20260905.log,2.3411559999999914
1,2,12500,264651,12500,2.3578,2.3578,0.0,0.00049938,pretrain_full_gpu0_resume_20260905.log,2.341619999999991
1,2,12520,264651,12520,2.4387,2.4387,0.0,0.00049938,pretrain_full_gpu0_resume_20260905.log,2.349707999999991
1,2,12540,264651,12540,2.2906,2.2906,0.0,0.00049938,pretrain_full_gpu0_resume_20260905.log,2.341647999999991
1,2,12560,264651,12560,2.3678,2.3678,0.0,0.00049938,pretrain_full_gpu0_resume_20260905.log,2.3428639999999907
1,2,12580,264651,12580,2.4704,2.4704,0.0,0.00049937,pretrain_full_gpu0_resume_20260905.log,2.346263999999991
1,2,12600,264651,12600,2.5732,2.5732,0.0,0.00049937,pretrain_full_gpu0_resume_20260905.log,2.352483999999991
1,2,12620,264651,12620,2.4456,2.4456,0.0,0.00049937,pretrain_full_gpu0_resume_20260905.log,2.360675999999991
1,2,12640,264651,12640,2.371,2.371,0.0,0.00049937,pretrain_full_gpu0_resume_20260905.log,2.3678839999999908
1,2,12660,264651,12660,2.482,2.482,0.0,0.00049937,pretrain_full_gpu0_resume_20260905.log,2.376151999999991
1,2,12680,264651,12680,2.45,2.45,0.0,0.00049936,pretrain_full_gpu0_resume_20260905.log,2.387335999999991
1,2,12700,264651,12700,2.4127,2.4127,0.0,0.00049936,pretrain_full_gpu0_resume_20260905.log,2.3859639999999906
1,2,12720,264651,12720,2.4354,2.4354,0.0,0.00049936,pretrain_full_gpu0_resume_20260905.log,2.392347999999991
1,2,12740,264651,12740,2.2738,2.2738,0.0,0.00049936,pretrain_full_gpu0_resume_20260905.log,2.387291999999991
1,2,12760,264651,12760,2.3343,2.3343,0.0,0.00049936,pretrain_full_gpu0_resume_20260905.log,2.395443999999991
1,2,12780,264651,12780,2.3172,2.3172,0.0,0.00049935,pretrain_full_gpu0_resume_20260905.log,2.3959919999999912
1,2,12800,264651,12800,2.3776,2.3776,0.0,0.00049935,pretrain_full_gpu0_resume_20260905.log,2.398211999999991
1,2,12820,264651,12820,2.3416,2.3416,0.0,0.00049935,pretrain_full_gpu0_resume_20260905.log,2.399863999999991
1,2,12840,264651,12840,2.3746,2.3746,0.0,0.00049935,pretrain_full_gpu0_resume_20260905.log,2.4000119999999914
1,2,12860,264651,12860,2.2569,2.2569,0.0,0.00049934,pretrain_full_gpu0_resume_20260905.log,2.393391999999991
1,2,12880,264651,12880,2.5399,2.5399,0.0,0.00049934,pretrain_full_gpu0_resume_20260905.log,2.4034399999999914
1,2,12900,264651,12900,2.4459,2.4459,0.0,0.00049934,pretrain_full_gpu0_resume_20260905.log,2.4035239999999916
1,2,12920,264651,12920,2.3274,2.3274,0.0,0.00049934,pretrain_full_gpu0_resume_20260905.log,2.4023919999999914
1,2,12940,264651,12940,2.2432,2.2432,0.0,0.00049934,pretrain_full_gpu0_resume_20260905.log,2.3961639999999913
1,2,12960,264651,12960,2.4048,2.4048,0.0,0.00049933,pretrain_full_gpu0_resume_20260905.log,2.390791999999992
1,2,12980,264651,12980,2.4926,2.4926,0.0,0.00049933,pretrain_full_gpu0_resume_20260905.log,2.392999999999992
1,2,13000,264651,13000,2.3661,2.3661,0.0,0.00049933,pretrain_full_gpu0_resume_20260905.log,2.393331999999992
1,2,13020,264651,13020,2.4536,2.4536,0.0,0.00049933,pretrain_full_gpu0_resume_20260905.log,2.3939279999999923
1,2,13040,264651,13040,2.2245,2.2245,0.0,0.00049933,pretrain_full_gpu0_resume_20260905.log,2.391283999999992
1,2,13060,264651,13060,2.346,2.346,0.0,0.00049932,pretrain_full_gpu0_resume_20260905.log,2.390411999999992
1,2,13080,264651,13080,2.2828,2.2828,0.0,0.00049932,pretrain_full_gpu0_resume_20260905.log,2.382907999999992
1,2,13100,264651,13100,2.415,2.415,0.0,0.00049932,pretrain_full_gpu0_resume_20260905.log,2.376579999999992
1,2,13120,264651,13120,2.2846,2.2846,0.0,0.00049932,pretrain_full_gpu0_resume_20260905.log,2.370139999999992
1,2,13140,264651,13140,2.605,2.605,0.0,0.00049932,pretrain_full_gpu0_resume_20260905.log,2.3794999999999917
1,2,13160,264651,13160,2.3827,2.3827,0.0,0.00049931,pretrain_full_gpu0_resume_20260905.log,2.375527999999992
1,2,13180,264651,13180,2.5243,2.5243,0.0,0.00049931,pretrain_full_gpu0_resume_20260905.log,2.378499999999992
1,2,13200,264651,13200,2.2476,2.2476,0.0,0.00049931,pretrain_full_gpu0_resume_20260905.log,2.3718959999999916
1,2,13220,264651,13220,2.5179,2.5179,0.0,0.00049931,pretrain_full_gpu0_resume_20260905.log,2.3751959999999914
1,2,13240,264651,13240,2.4557,2.4557,0.0,0.00049931,pretrain_full_gpu0_resume_20260905.log,2.3824719999999915
1,2,13260,264651,13260,2.3143,2.3143,0.0,0.0004993,pretrain_full_gpu0_resume_20260905.log,2.3816719999999916
1,2,13280,264651,13280,2.4712,2.4712,0.0,0.0004993,pretrain_full_gpu0_resume_20260905.log,2.3878319999999915
1,2,13300,264651,13300,2.5756,2.5756,0.0,0.0004993,pretrain_full_gpu0_resume_20260905.log,2.395751999999992
1,2,13320,264651,13320,2.48,2.48,0.0,0.0004993,pretrain_full_gpu0_resume_20260905.log,2.4012879999999917
1,2,13340,264651,13340,2.0334,2.0334,0.0,0.0004993,pretrain_full_gpu0_resume_20260905.log,2.3876399999999918
1,2,13360,264651,13360,2.3241,2.3241,0.0,0.00049929,pretrain_full_gpu0_resume_20260905.log,2.3903279999999913
1,2,13380,264651,13380,2.343,2.343,0.0,0.00049929,pretrain_full_gpu0_resume_20260905.log,2.382451999999992
1,2,13400,264651,13400,2.2548,2.2548,0.0,0.00049929,pretrain_full_gpu0_resume_20260905.log,2.374807999999992
1,2,13420,264651,13420,2.4117,2.4117,0.0,0.00049929,pretrain_full_gpu0_resume_20260905.log,2.378179999999992
1,2,13440,264651,13440,2.2885,2.2885,0.0,0.00049928,pretrain_full_gpu0_resume_20260905.log,2.3799919999999917
1,2,13460,264651,13460,2.3391,2.3391,0.0,0.00049928,pretrain_full_gpu0_resume_20260905.log,2.3773639999999916
1,2,13480,264651,13480,2.2971,2.2971,0.0,0.00049928,pretrain_full_gpu0_resume_20260905.log,2.369543999999992
1,2,13500,264651,13500,2.2744,2.2744,0.0,0.00049928,pretrain_full_gpu0_resume_20260905.log,2.3658759999999917
1,2,13520,264651,13520,2.3332,2.3332,0.0,0.00049928,pretrain_full_gpu0_resume_20260905.log,2.3610599999999913
1,2,13540,264651,13540,2.3927,2.3927,0.0,0.00049927,pretrain_full_gpu0_resume_20260905.log,2.3677879999999916
1,2,13560,264651,13560,2.3215,2.3215,0.0,0.00049927,pretrain_full_gpu0_resume_20260905.log,2.3668079999999914
1,2,13580,264651,13580,2.4992,2.4992,0.0,0.00049927,pretrain_full_gpu0_resume_20260905.log,2.375463999999991
1,2,13600,264651,13600,2.3296,2.3296,0.0,0.00049927,pretrain_full_gpu0_resume_20260905.log,2.372047999999991
1,2,13620,264651,13620,2.1463,2.1463,0.0,0.00049927,pretrain_full_gpu0_resume_20260905.log,2.3665159999999914
1,2,13640,264651,13640,2.4699,2.4699,0.0,0.00049926,pretrain_full_gpu0_resume_20260905.log,2.3611119999999914
1,2,13660,264651,13660,2.2553,2.2553,0.0,0.00049926,pretrain_full_gpu0_resume_20260905.log,2.3560159999999915
1,2,13680,264651,13680,2.2459,2.2459,0.0,0.00049926,pretrain_full_gpu0_resume_20260905.log,2.3448799999999914
1,2,13700,264651,13700,2.3851,2.3851,0.0,0.00049926,pretrain_full_gpu0_resume_20260905.log,2.3503799999999915
1,2,13720,264651,13720,2.2591,2.2591,0.0,0.00049925,pretrain_full_gpu0_resume_20260905.log,2.340027999999992
1,2,13740,264651,13740,2.3498,2.3498,0.0,0.00049925,pretrain_full_gpu0_resume_20260905.log,2.335791999999992
1,2,13760,264651,13760,2.2926,2.2926,0.0,0.00049925,pretrain_full_gpu0_resume_20260905.log,2.334923999999992
1,2,13780,264651,13780,2.2429,2.2429,0.0,0.00049925,pretrain_full_gpu0_resume_20260905.log,2.3257919999999914
1,2,13800,264651,13800,2.4568,2.4568,0.0,0.00049925,pretrain_full_gpu0_resume_20260905.log,2.3210399999999916
1,2,13820,264651,13820,2.3644,2.3644,0.0,0.00049924,pretrain_full_gpu0_resume_20260905.log,2.3164159999999914
1,2,13840,264651,13840,2.3661,2.3661,0.0,0.00049924,pretrain_full_gpu0_resume_20260905.log,2.3297239999999917
1,2,13860,264651,13860,2.3861,2.3861,0.0,0.00049924,pretrain_full_gpu0_resume_20260905.log,2.3322039999999915
1,2,13880,264651,13880,2.4024,2.4024,0.0,0.00049924,pretrain_full_gpu0_resume_20260905.log,2.334579999999992
1,2,13900,264651,13900,2.366,2.366,0.0,0.00049923,pretrain_full_gpu0_resume_20260905.log,2.3390279999999914
1,2,13920,264651,13920,2.4808,2.4808,0.0,0.00049923,pretrain_full_gpu0_resume_20260905.log,2.3417919999999914
1,2,13940,264651,13940,2.6654,2.6654,0.0,0.00049923,pretrain_full_gpu0_resume_20260905.log,2.3568679999999915
1,2,13960,264651,13960,2.3684,2.3684,0.0,0.00049923,pretrain_full_gpu0_resume_20260905.log,2.3580399999999915
1,2,13980,264651,13980,2.386,2.386,0.0,0.00049923,pretrain_full_gpu0_resume_20260905.log,2.3615959999999916
1,2,14000,264651,14000,2.4747,2.4747,0.0,0.00049922,pretrain_full_gpu0_resume_20260905.log,2.3696079999999915
1,2,14020,264651,14020,2.3412,2.3412,0.0,0.00049922,pretrain_full_gpu0_resume_20260905.log,2.369927999999992
1,2,14040,264651,14040,2.2591,2.2591,0.0,0.00049922,pretrain_full_gpu0_resume_20260905.log,2.364583999999992
1,2,14060,264651,14060,2.3916,2.3916,0.0,0.00049922,pretrain_full_gpu0_resume_20260905.log,2.3673879999999916
1,2,14080,264651,14080,2.4474,2.4474,0.0,0.00049921,pretrain_full_gpu0_resume_20260905.log,2.3653159999999915
1,2,14100,264651,14100,2.5777,2.5777,0.0,0.00049921,pretrain_full_gpu0_resume_20260905.log,2.3752399999999914
1,2,14120,264651,14120,2.2599,2.2599,0.0,0.00049921,pretrain_full_gpu0_resume_20260905.log,2.379783999999992
1,2,14140,264651,14140,2.365,2.365,0.0,0.00049921,pretrain_full_gpu0_resume_20260905.log,2.3755879999999916
1,2,14160,264651,14160,2.4088,2.4088,0.0,0.00049921,pretrain_full_gpu0_resume_20260905.log,2.381727999999992
1,2,14180,264651,14180,2.2802,2.2802,0.0,0.0004992,pretrain_full_gpu0_resume_20260905.log,2.383099999999992
1,2,14200,264651,14200,2.2319,2.2319,0.0,0.0004992,pretrain_full_gpu0_resume_20260905.log,2.376971999999992
1,2,14220,264651,14220,2.3817,2.3817,0.0,0.0004992,pretrain_full_gpu0_resume_20260905.log,2.3818759999999917
1,2,14240,264651,14240,2.1695,2.1695,0.0,0.0004992,pretrain_full_gpu0_resume_20260905.log,2.3746639999999917
1,2,14260,264651,14260,2.1807,2.1807,0.0,0.00049919,pretrain_full_gpu0_resume_20260905.log,2.3701879999999917
1,2,14280,264651,14280,2.234,2.234,0.0,0.00049919,pretrain_full_gpu0_resume_20260905.log,2.3698319999999917
1,2,14300,264651,14300,2.5833,2.5833,0.0,0.00049919,pretrain_full_gpu0_resume_20260905.log,2.374891999999992
1,2,14320,264651,14320,2.2985,2.2985,0.0,0.00049919,pretrain_full_gpu0_resume_20260905.log,2.3722559999999917
1,2,14340,264651,14340,2.4244,2.4244,0.0,0.00049919,pretrain_full_gpu0_resume_20260905.log,2.3745879999999917
1,2,14360,264651,14360,2.3354,2.3354,0.0,0.00049918,pretrain_full_gpu0_resume_20260905.log,2.3725599999999916
1,2,14380,264651,14380,2.2964,2.2964,0.0,0.00049918,pretrain_full_gpu0_resume_20260905.log,2.3683199999999918
1,2,14400,264651,14400,2.2021,2.2021,0.0,0.00049918,pretrain_full_gpu0_resume_20260905.log,2.361763999999992
1,2,14420,264651,14420,2.4245,2.4245,0.0,0.00049918,pretrain_full_gpu0_resume_20260905.log,2.3595119999999916
1,2,14440,264651,14440,2.2195,2.2195,0.0,0.00049917,pretrain_full_gpu0_resume_20260905.log,2.3416759999999917
1,2,14460,264651,14460,2.3248,2.3248,0.0,0.00049917,pretrain_full_gpu0_resume_20260905.log,2.3399319999999917
1,2,14480,264651,14480,2.2029,2.2029,0.0,0.00049917,pretrain_full_gpu0_resume_20260905.log,2.3326079999999916
1,2,14500,264651,14500,2.3604,2.3604,0.0,0.00049917,pretrain_full_gpu0_resume_20260905.log,2.3280359999999916
1,2,14520,264651,14520,2.3934,2.3934,0.0,0.00049916,pretrain_full_gpu0_resume_20260905.log,2.3301239999999916
1,2,14540,264651,14540,2.3275,2.3275,0.0,0.00049916,pretrain_full_gpu0_resume_20260905.log,2.3328599999999913
1,2,14560,264651,14560,2.4349,2.4349,0.0,0.00049916,pretrain_full_gpu0_resume_20260905.log,2.334591999999992
1,2,14580,264651,14580,2.5043,2.5043,0.0,0.00049916,pretrain_full_gpu0_resume_20260905.log,2.3368679999999915
1,2,14600,264651,14600,2.3214,2.3214,0.0,0.00049916,pretrain_full_gpu0_resume_20260905.log,2.3266159999999916
1,2,14620,264651,14620,2.2948,2.2948,0.0,0.00049915,pretrain_full_gpu0_resume_20260905.log,2.3280119999999913
1,2,14640,264651,14640,2.433,2.433,0.0,0.00049915,pretrain_full_gpu0_resume_20260905.log,2.3307319999999914
1,2,14660,264651,14660,2.1122,2.1122,0.0,0.00049915,pretrain_full_gpu0_resume_20260905.log,2.3188679999999913
1,2,14680,264651,14680,2.1936,2.1936,0.0,0.00049915,pretrain_full_gpu0_resume_20260905.log,2.3154039999999916
1,2,14700,264651,14700,2.6793,2.6793,0.0,0.00049914,pretrain_full_gpu0_resume_20260905.log,2.3332999999999915
1,2,14720,264651,14720,2.4415,2.4415,0.0,0.00049914,pretrain_full_gpu0_resume_20260905.log,2.335691999999991
1,2,14740,264651,14740,2.3494,2.3494,0.0,0.00049914,pretrain_full_gpu0_resume_20260905.log,2.3428879999999914
1,2,14760,264651,14760,2.2512,2.2512,0.0,0.00049914,pretrain_full_gpu0_resume_20260905.log,2.3457079999999912
1,2,14780,264651,14780,2.4152,2.4152,0.0,0.00049913,pretrain_full_gpu0_resume_20260905.log,2.352955999999991
1,2,14800,264651,14800,2.4207,2.4207,0.0,0.00049913,pretrain_full_gpu0_resume_20260905.log,2.346451999999991
1,2,14820,264651,14820,2.5854,2.5854,0.0,0.00049913,pretrain_full_gpu0_resume_20260905.log,2.3579279999999914
1,2,14840,264651,14840,2.2499,2.2499,0.0,0.00049913,pretrain_full_gpu0_resume_20260905.log,2.350947999999991
1,2,14860,264651,14860,2.5255,2.5255,0.0,0.00049913,pretrain_full_gpu0_resume_20260905.log,2.358551999999991
1,2,14880,264651,14880,2.1859,2.1859,0.0,0.00049912,pretrain_full_gpu0_resume_20260905.log,2.3541319999999915
1,2,14900,264651,14900,2.528,2.528,0.0,0.00049912,pretrain_full_gpu0_resume_20260905.log,2.367167999999991
1,2,14920,264651,14920,2.2801,2.2801,0.0,0.00049912,pretrain_full_gpu0_resume_20260905.log,2.361391999999991
1,2,14940,264651,14940,2.3975,2.3975,0.0,0.00049912,pretrain_full_gpu0_resume_20260905.log,2.368511999999991
1,2,14960,264651,14960,2.5061,2.5061,0.0,0.00049911,pretrain_full_gpu0_resume_20260905.log,2.375763999999991
1,2,14980,264651,14980,2.3125,2.3125,0.0,0.00049911,pretrain_full_gpu0_resume_20260905.log,2.380147999999991
1,2,15000,264651,15000,2.4119,2.4119,0.0,0.00049911,pretrain_full_gpu0_resume_20260905.log,2.382207999999991
1,2,15020,264651,15020,2.474,2.474,0.0,0.00049911,pretrain_full_gpu0_resume_20260905.log,2.385431999999991
1,2,15040,264651,15040,2.2813,2.2813,0.0,0.0004991,pretrain_full_gpu0_resume_20260905.log,2.383583999999991
1,2,15060,264651,15060,2.488,2.488,0.0,0.0004991,pretrain_full_gpu0_resume_20260905.log,2.3857079999999913
1,2,15080,264651,15080,2.4151,2.4151,0.0,0.0004991,pretrain_full_gpu0_resume_20260905.log,2.3821399999999913
1,2,15100,264651,15100,2.3543,2.3543,0.0,0.0004991,pretrain_full_gpu0_resume_20260905.log,2.3834559999999914
1,2,15120,264651,15120,2.2241,2.2241,0.0,0.00049909,pretrain_full_gpu0_resume_20260905.log,2.3806279999999913
1,2,15140,264651,15140,2.1133,2.1133,0.0,0.00049909,pretrain_full_gpu0_resume_20260905.log,2.3678399999999913
1,2,15160,264651,15160,2.3896,2.3896,0.0,0.00049909,pretrain_full_gpu0_resume_20260905.log,2.3789359999999915
1,2,15180,264651,15180,2.414,2.414,0.0,0.00049909,pretrain_full_gpu0_resume_20260905.log,2.3877519999999914
1,2,15200,264651,15200,2.3605,2.3605,0.0,0.00049908,pretrain_full_gpu0_resume_20260905.log,2.3749999999999916
1,2,15220,264651,15220,2.1992,2.1992,0.0,0.00049908,pretrain_full_gpu0_resume_20260905.log,2.3653079999999913
1,2,15240,264651,15240,2.506,2.506,0.0,0.00049908,pretrain_full_gpu0_resume_20260905.log,2.3715719999999916
1,2,15260,264651,15260,2.3345,2.3345,0.0,0.00049908,pretrain_full_gpu0_resume_20260905.log,2.3749039999999915
1,2,15280,264651,15280,2.5311,2.5311,0.0,0.00049908,pretrain_full_gpu0_resume_20260905.log,2.3795399999999916
1,2,15300,264651,15300,2.4338,2.4338,0.0,0.00049907,pretrain_full_gpu0_resume_20260905.log,2.3800639999999915
1,2,15320,264651,15320,2.3174,2.3174,0.0,0.00049907,pretrain_full_gpu0_resume_20260905.log,2.3693439999999915
1,2,15340,264651,15340,2.2451,2.2451,0.0,0.00049907,pretrain_full_gpu0_resume_20260905.log,2.3691519999999913
1,2,15360,264651,15360,2.329,2.329,0.0,0.00049907,pretrain_full_gpu0_resume_20260905.log,2.3612919999999913
1,2,15380,264651,15380,2.4804,2.4804,0.0,0.00049906,pretrain_full_gpu0_resume_20260905.log,2.3730719999999916
1,2,15400,264651,15400,2.1865,2.1865,0.0,0.00049906,pretrain_full_gpu0_resume_20260905.log,2.359411999999992
1,2,15420,264651,15420,2.4318,2.4318,0.0,0.00049906,pretrain_full_gpu0_resume_20260905.log,2.3654799999999923
1,2,15440,264651,15440,2.3832,2.3832,0.0,0.00049906,pretrain_full_gpu0_resume_20260905.log,2.3649079999999922
1,2,15460,264651,15460,2.5712,2.5712,0.0,0.00049905,pretrain_full_gpu0_resume_20260905.log,2.367511999999992
1,2,15480,264651,15480,2.2843,2.2843,0.0,0.00049905,pretrain_full_gpu0_resume_20260905.log,2.366383999999992
1,2,15500,264651,15500,2.2427,2.2427,0.0,0.00049905,pretrain_full_gpu0_resume_20260905.log,2.359615999999992
1,2,15520,264651,15520,2.364,2.364,0.0,0.00049905,pretrain_full_gpu0_resume_20260905.log,2.355215999999992
1,2,15540,264651,15540,2.0619,2.0619,0.0,0.00049904,pretrain_full_gpu0_resume_20260905.log,2.346439999999992
1,2,15560,264651,15560,2.2962,2.2962,0.0,0.00049904,pretrain_full_gpu0_resume_20260905.log,2.338767999999992
1,2,15580,264651,15580,2.2572,2.2572,0.0,0.00049904,pretrain_full_gpu0_resume_20260905.log,2.3324519999999915
1,2,15600,264651,15600,2.3422,2.3422,0.0,0.00049904,pretrain_full_gpu0_resume_20260905.log,2.3319679999999914
1,2,15620,264651,15620,2.3007,2.3007,0.0,0.00049903,pretrain_full_gpu0_resume_20260905.log,2.3350319999999916
1,2,15640,264651,15640,2.1782,2.1782,0.0,0.00049903,pretrain_full_gpu0_resume_20260905.log,2.337627999999991
1,2,15660,264651,15660,1.9453,1.9453,0.0,0.00049903,pretrain_full_gpu0_resume_20260905.log,2.3198559999999913
1,2,15680,264651,15680,2.1133,2.1133,0.0,0.00049903,pretrain_full_gpu0_resume_20260905.log,2.3078279999999913
1,2,15700,264651,15700,2.351,2.351,0.0,0.00049902,pretrain_full_gpu0_resume_20260905.log,2.307447999999991
1,2,15720,264651,15720,2.4733,2.4733,0.0,0.00049902,pretrain_full_gpu0_resume_20260905.log,2.3184119999999915
1,2,15740,264651,15740,2.3911,2.3911,0.0,0.00049902,pretrain_full_gpu0_resume_20260905.log,2.313815999999991
1,2,15760,264651,15760,2.173,2.173,0.0,0.00049902,pretrain_full_gpu0_resume_20260905.log,2.3073559999999915
1,2,15780,264651,15780,2.3614,2.3614,0.0,0.00049901,pretrain_full_gpu0_resume_20260905.log,2.3005679999999917
1,2,15800,264651,15800,2.6315,2.6315,0.0,0.00049901,pretrain_full_gpu0_resume_20260905.log,2.3084759999999918
1,2,15820,264651,15820,2.2641,2.2641,0.0,0.00049901,pretrain_full_gpu0_resume_20260905.log,2.3063439999999917
1,2,15840,264651,15840,2.3623,2.3623,0.0,0.00049901,pretrain_full_gpu0_resume_20260905.log,2.3110319999999915
1,2,15860,264651,15860,2.3464,2.3464,0.0,0.000499,pretrain_full_gpu0_resume_20260905.log,2.3117279999999916
1,2,15880,264651,15880,2.3839,2.3839,0.0,0.000499,pretrain_full_gpu0_resume_20260905.log,2.3078679999999916
1,2,15900,264651,15900,2.2036,2.2036,0.0,0.000499,pretrain_full_gpu0_resume_20260905.log,2.3085519999999913
1,2,15920,264651,15920,2.3005,2.3005,0.0,0.000499,pretrain_full_gpu0_resume_20260905.log,2.3032999999999912
1,2,15940,264651,15940,2.1871,2.1871,0.0,0.00049899,pretrain_full_gpu0_resume_20260905.log,2.2954559999999913
1,2,15960,264651,15960,2.1873,2.1873,0.0,0.00049899,pretrain_full_gpu0_resume_20260905.log,2.2800999999999916
1,2,15980,264651,15980,2.3802,2.3802,0.0,0.00049899,pretrain_full_gpu0_resume_20260905.log,2.2839359999999913
1,2,16000,264651,16000,2.2394,2.2394,0.0,0.00049899,pretrain_full_gpu0_resume_20260905.log,2.2838039999999915
1,2,16020,264651,16020,2.6339,2.6339,0.0,0.00049898,pretrain_full_gpu0_resume_20260905.log,2.2945999999999915
1,2,16040,264651,16040,2.3013,2.3013,0.0,0.00049898,pretrain_full_gpu0_resume_20260905.log,2.3041759999999916
1,2,16060,264651,16060,2.3434,2.3434,0.0,0.00049898,pretrain_full_gpu0_resume_20260905.log,2.3060639999999917
1,2,16080,264651,16080,2.2798,2.2798,0.0,0.00049898,pretrain_full_gpu0_resume_20260905.log,2.306967999999992
1,2,16100,264651,16100,2.3794,2.3794,0.0,0.00049897,pretrain_full_gpu0_resume_20260905.log,2.3084559999999916
1,2,16120,264651,16120,2.2788,2.2788,0.0,0.00049897,pretrain_full_gpu0_resume_20260905.log,2.3075799999999917
1,2,16140,264651,16140,2.3507,2.3507,0.0,0.00049897,pretrain_full_gpu0_resume_20260905.log,2.3144799999999917
1,2,16160,264651,16160,2.4172,2.4172,0.0,0.00049897,pretrain_full_gpu0_resume_20260905.log,2.3333559999999913
1,2,16180,264651,16180,2.3848,2.3848,0.0,0.00049896,pretrain_full_gpu0_resume_20260905.log,2.3442159999999914
1,2,16200,264651,16200,2.1979,2.1979,0.0,0.00049896,pretrain_full_gpu0_resume_20260905.log,2.338091999999991
1,2,16220,264651,16220,2.4682,2.4682,0.0,0.00049896,pretrain_full_gpu0_resume_20260905.log,2.337887999999991
1,2,16240,264651,16240,2.3374,2.3374,0.0,0.00049896,pretrain_full_gpu0_resume_20260905.log,2.3357399999999915
1,2,16260,264651,16260,2.1969,2.1969,0.0,0.00049895,pretrain_full_gpu0_resume_20260905.log,2.336695999999991
1,2,16280,264651,16280,2.2405,2.2405,0.0,0.00049895,pretrain_full_gpu0_resume_20260905.log,2.331859999999991
1,2,16300,264651,16300,2.3513,2.3513,0.0,0.00049895,pretrain_full_gpu0_resume_20260905.log,2.320651999999991
1,2,16320,264651,16320,2.3169,2.3169,0.0,0.00049895,pretrain_full_gpu0_resume_20260905.log,2.322763999999991
1,2,16340,264651,16340,2.2437,2.2437,0.0,0.00049894,pretrain_full_gpu0_resume_20260905.log,2.318019999999991
1,2,16360,264651,16360,2.2937,2.2937,0.0,0.00049894,pretrain_full_gpu0_resume_20260905.log,2.3159119999999906
1,2,16380,264651,16380,2.5247,2.5247,0.0,0.00049894,pretrain_full_gpu0_resume_20260905.log,2.321543999999991
1,2,16400,264651,16400,2.3305,2.3305,0.0,0.00049893,pretrain_full_gpu0_resume_20260905.log,2.326619999999991
1,2,16420,264651,16420,2.3497,2.3497,0.0,0.00049893,pretrain_full_gpu0_resume_20260905.log,2.328587999999991
1,2,16440,264651,16440,2.3709,2.3709,0.0,0.00049893,pretrain_full_gpu0_resume_20260905.log,2.335939999999991
1,2,16460,264651,16460,2.0466,2.0466,0.0,0.00049893,pretrain_full_gpu0_resume_20260905.log,2.330311999999991
1,2,16480,264651,16480,2.252,2.252,0.0,0.00049892,pretrain_full_gpu0_resume_20260905.log,2.325183999999991
1,2,16500,264651,16500,2.2478,2.2478,0.0,0.00049892,pretrain_full_gpu0_resume_20260905.log,2.3255199999999907
1,2,16520,264651,16520,2.2274,2.2274,0.0,0.00049892,pretrain_full_gpu0_resume_20260905.log,2.3092599999999908
1,2,16540,264651,16540,2.2913,2.2913,0.0,0.00049892,pretrain_full_gpu0_resume_20260905.log,2.308859999999991
1,2,16560,264651,16560,2.3601,2.3601,0.0,0.00049891,pretrain_full_gpu0_resume_20260905.log,2.309527999999991
1,2,16580,264651,16580,2.3159,2.3159,0.0,0.00049891,pretrain_full_gpu0_resume_20260905.log,2.3109719999999907
1,2,16600,264651,16600,2.368,2.368,0.0,0.00049891,pretrain_full_gpu0_resume_20260905.log,2.310515999999991
1,2,16620,264651,16620,2.2978,2.2978,0.0,0.00049891,pretrain_full_gpu0_resume_20260905.log,2.311275999999991
1,2,16640,264651,16640,2.2224,2.2224,0.0,0.0004989,pretrain_full_gpu0_resume_20260905.log,2.3061439999999913
1,2,16660,264651,16660,2.2231,2.2231,0.0,0.0004989,pretrain_full_gpu0_resume_20260905.log,2.2983799999999914
1,2,16680,264651,16680,2.3106,2.3106,0.0,0.0004989,pretrain_full_gpu0_resume_20260905.log,2.2954119999999913
1,2,16700,264651,16700,2.2601,2.2601,0.0,0.0004989,pretrain_full_gpu0_resume_20260905.log,2.297899999999992
1,2,16720,264651,16720,2.2875,2.2875,0.0,0.00049889,pretrain_full_gpu0_resume_20260905.log,2.290671999999992
1,2,16740,264651,16740,2.4231,2.4231,0.0,0.00049889,pretrain_full_gpu0_resume_20260905.log,2.2940999999999914
1,2,16760,264651,16760,2.2586,2.2586,0.0,0.00049889,pretrain_full_gpu0_resume_20260905.log,2.2965679999999917
1,2,16780,264651,16780,2.185,2.185,0.0,0.00049889,pretrain_full_gpu0_resume_20260905.log,2.294347999999992
1,2,16800,264651,16800,2.3998,2.3998,0.0,0.00049888,pretrain_full_gpu0_resume_20260905.log,2.2962879999999917
1,2,16820,264651,16820,2.1895,2.1895,0.0,0.00049888,pretrain_full_gpu0_resume_20260905.log,2.2911919999999917
1,2,16840,264651,16840,2.2323,2.2323,0.0,0.00049888,pretrain_full_gpu0_resume_20260905.log,2.290735999999992
1,2,16860,264651,16860,2.2708,2.2708,0.0,0.00049887,pretrain_full_gpu0_resume_20260905.log,2.289819999999992
1,2,16880,264651,16880,2.3436,2.3436,0.0,0.00049887,pretrain_full_gpu0_resume_20260905.log,2.282575999999992
1,2,16900,264651,16900,2.2155,2.2155,0.0,0.00049887,pretrain_full_gpu0_resume_20260905.log,2.277975999999992
1,2,16920,264651,16920,2.1425,2.1425,0.0,0.00049887,pretrain_full_gpu0_resume_20260905.log,2.269687999999992
1,2,16940,264651,16940,2.2426,2.2426,0.0,0.00049886,pretrain_full_gpu0_resume_20260905.log,2.2645559999999922
1,2,16960,264651,16960,2.3254,2.3254,0.0,0.00049886,pretrain_full_gpu0_resume_20260905.log,2.2757079999999923
1,2,16980,264651,16980,2.2097,2.2097,0.0,0.00049886,pretrain_full_gpu0_resume_20260905.log,2.274015999999992
1,2,17000,264651,17000,2.3425,2.3425,0.0,0.00049886,pretrain_full_gpu0_resume_20260905.log,2.277803999999992
1,2,17020,264651,17020,2.2922,2.2922,0.0,0.00049885,pretrain_full_gpu0_resume_20260905.log,2.280395999999992
1,2,17040,264651,17040,2.252,2.252,0.0,0.00049885,pretrain_full_gpu0_resume_20260905.log,2.278823999999992
1,2,17060,264651,17060,2.2382,2.2382,0.0,0.00049885,pretrain_full_gpu0_resume_20260905.log,2.273947999999992
1,2,17080,264651,17080,2.1158,2.1158,0.0,0.00049884,pretrain_full_gpu0_resume_20260905.log,2.265943999999992
1,2,17100,264651,17100,2.1979,2.1979,0.0,0.00049884,pretrain_full_gpu0_resume_20260905.log,2.259139999999992
1,2,17120,264651,17120,2.3857,2.3857,0.0,0.00049884,pretrain_full_gpu0_resume_20260905.log,2.262655999999992
1,2,17140,264651,17140,2.1855,2.1855,0.0,0.00049884,pretrain_full_gpu0_resume_20260905.log,2.2611799999999915
1,2,17160,264651,17160,2.4151,2.4151,0.0,0.00049883,pretrain_full_gpu0_resume_20260905.log,2.2688599999999917
1,2,17180,264651,17180,2.2255,2.2255,0.0,0.00049883,pretrain_full_gpu0_resume_20260905.log,2.2654559999999915
1,2,17200,264651,17200,2.4252,2.4252,0.0,0.00049883,pretrain_full_gpu0_resume_20260905.log,2.2720599999999913
1,2,17220,264651,17220,2.3993,2.3993,0.0,0.00049883,pretrain_full_gpu0_resume_20260905.log,2.2765319999999916
1,2,17240,264651,17240,2.1876,2.1876,0.0,0.00049882,pretrain_full_gpu0_resume_20260905.log,2.2671119999999916
1,2,17260,264651,17260,2.3323,2.3323,0.0,0.00049882,pretrain_full_gpu0_resume_20260905.log,2.270059999999992
1,2,17280,264651,17280,2.1996,2.1996,0.0,0.00049882,pretrain_full_gpu0_resume_20260905.log,2.270643999999992
1,2,17300,264651,17300,2.1671,2.1671,0.0,0.00049881,pretrain_full_gpu0_resume_20260905.log,2.2613359999999916
1,2,17320,264651,17320,2.2169,2.2169,0.0,0.00049881,pretrain_full_gpu0_resume_20260905.log,2.2624319999999916
1,2,17340,264651,17340,2.277,2.277,0.0,0.00049881,pretrain_full_gpu0_resume_20260905.log,2.264219999999992
1,2,17360,264651,17360,2.3505,2.3505,0.0,0.00049881,pretrain_full_gpu0_resume_20260905.log,2.2674079999999917
1,2,17380,264651,17380,2.2385,2.2385,0.0,0.0004988,pretrain_full_gpu0_resume_20260905.log,2.2632039999999916
1,2,17400,264651,17400,2.2283,2.2283,0.0,0.0004988,pretrain_full_gpu0_resume_20260905.log,2.2637159999999916
1,2,17420,264651,17420,2.2943,2.2943,0.0,0.0004988,pretrain_full_gpu0_resume_20260905.log,2.2697879999999917
1,2,17440,264651,17440,2.1258,2.1258,0.0,0.0004988,pretrain_full_gpu0_resume_20260905.log,2.2651159999999915
1,2,17460,264651,17460,2.2857,2.2857,0.0,0.00049879,pretrain_full_gpu0_resume_20260905.log,2.263527999999991
1,2,17480,264651,17480,2.3052,2.3052,0.0,0.00049879,pretrain_full_gpu0_resume_20260905.log,2.2673479999999913
1,2,17500,264651,17500,2.3744,2.3744,0.0,0.00049879,pretrain_full_gpu0_resume_20260905.log,2.268623999999991
1,2,17520,264651,17520,2.2125,2.2125,0.0,0.00049878,pretrain_full_gpu0_resume_20260905.log,2.2654359999999913
1,2,17540,264651,17540,2.2797,2.2797,0.0,0.00049878,pretrain_full_gpu0_resume_20260905.log,2.266543999999991
1,2,17560,264651,17560,2.4213,2.4213,0.0,0.00049878,pretrain_full_gpu0_resume_20260905.log,2.2738679999999913
1,2,17580,264651,17580,2.3585,2.3585,0.0,0.00049878,pretrain_full_gpu0_resume_20260905.log,2.283575999999991
1,2,17600,264651,17600,2.3642,2.3642,0.0,0.00049877,pretrain_full_gpu0_resume_20260905.log,2.290227999999991
1,2,17620,264651,17620,2.1561,2.1561,0.0,0.00049877,pretrain_full_gpu0_resume_20260905.log,2.281043999999991
1,2,17640,264651,17640,2.4583,2.4583,0.0,0.00049877,pretrain_full_gpu0_resume_20260905.log,2.2919559999999914
1,2,17660,264651,17660,2.1921,2.1921,0.0,0.00049877,pretrain_full_gpu0_resume_20260905.log,2.283035999999991
1,2,17680,264651,17680,2.1335,2.1335,0.0,0.00049876,pretrain_full_gpu0_resume_20260905.log,2.2793559999999915
1,2,17700,264651,17700,2.5131,2.5131,0.0,0.00049876,pretrain_full_gpu0_resume_20260905.log,2.282871999999992
1,2,17720,264651,17720,2.3287,2.3287,0.0,0.00049876,pretrain_full_gpu0_resume_20260905.log,2.2800479999999914
1,2,17740,264651,17740,2.4192,2.4192,0.0,0.00049875,pretrain_full_gpu0_resume_20260905.log,2.2893119999999914
1,2,17760,264651,17760,2.2147,2.2147,0.0,0.00049875,pretrain_full_gpu0_resume_20260905.log,2.2846079999999915
1,2,17780,264651,17780,2.3992,2.3992,0.0,0.00049875,pretrain_full_gpu0_resume_20260905.log,2.2925919999999915
1,2,17800,264651,17800,2.3063,2.3063,0.0,0.00049875,pretrain_full_gpu0_resume_20260905.log,2.2981599999999918
1,2,17820,264651,17820,2.28,2.28,0.0,0.00049874,pretrain_full_gpu0_resume_20260905.log,2.3006839999999915
1,2,17840,264651,17840,2.4633,2.4633,0.0,0.00049874,pretrain_full_gpu0_resume_20260905.log,2.3081359999999917
1,2,17860,264651,17860,2.3468,2.3468,0.0,0.00049874,pretrain_full_gpu0_resume_20260905.log,2.307987999999992
1,2,17880,264651,17880,2.5801,2.5801,0.0,0.00049873,pretrain_full_gpu0_resume_20260905.log,2.321651999999992
1,2,17900,264651,17900,2.2869,2.2869,0.0,0.00049873,pretrain_full_gpu0_resume_20260905.log,2.323995999999992
1,2,17920,264651,17920,2.3144,2.3144,0.0,0.00049873,pretrain_full_gpu0_resume_20260905.log,2.3247999999999918
1,2,17940,264651,17940,2.3091,2.3091,0.0,0.00049873,pretrain_full_gpu0_resume_20260905.log,2.332131999999992
1,2,17960,264651,17960,2.18,2.18,0.0,0.00049872,pretrain_full_gpu0_resume_20260905.log,2.327903999999992
1,2,17980,264651,17980,2.375,2.375,0.0,0.00049872,pretrain_full_gpu0_resume_20260905.log,2.330695999999992
1,2,18000,264651,18000,2.2153,2.2153,0.0,0.00049872,pretrain_full_gpu0_resume_20260905.log,2.324331999999992
1,2,18020,264651,18020,2.2566,2.2566,0.0,0.00049871,pretrain_full_gpu0_resume_20260905.log,2.326095999999992
1,2,18040,264651,18040,2.4257,2.4257,0.0,0.00049871,pretrain_full_gpu0_resume_20260905.log,2.3319359999999922
1,2,18060,264651,18060,2.3206,2.3206,0.0,0.00049871,pretrain_full_gpu0_resume_20260905.log,2.327907999999992
1,2,18080,264651,18080,2.1263,2.1263,0.0,0.00049871,pretrain_full_gpu0_resume_20260905.log,2.318619999999992
1,2,18100,264651,18100,2.4212,2.4212,0.0,0.0004987,pretrain_full_gpu0_resume_20260905.log,2.320899999999992
1,2,18120,264651,18120,2.1914,2.1914,0.0,0.0004987,pretrain_full_gpu0_resume_20260905.log,2.322311999999992
1,2,18140,264651,18140,2.3513,2.3513,0.0,0.0004987,pretrain_full_gpu0_resume_20260905.log,2.318031999999992
1,2,18160,264651,18160,2.2366,2.2366,0.0,0.00049869,pretrain_full_gpu0_resume_20260905.log,2.319811999999992
1,2,18180,264651,18180,2.4038,2.4038,0.0,0.00049869,pretrain_full_gpu0_resume_20260905.log,2.330623999999992
1,2,18200,264651,18200,2.2724,2.2724,0.0,0.00049869,pretrain_full_gpu0_resume_20260905.log,2.320995999999992
1,2,18220,264651,18220,2.3339,2.3339,0.0,0.00049869,pretrain_full_gpu0_resume_20260905.log,2.321203999999992
1,2,18240,264651,18240,2.1367,2.1367,0.0,0.00049868,pretrain_full_gpu0_resume_20260905.log,2.3099039999999915
1,2,18260,264651,18260,2.1668,2.1668,0.0,0.00049868,pretrain_full_gpu0_resume_20260905.log,2.307987999999992
1,2,18280,264651,18280,2.2698,2.2698,0.0,0.00049868,pretrain_full_gpu0_resume_20260905.log,2.302811999999992
1,2,18300,264651,18300,2.1723,2.1723,0.0,0.00049867,pretrain_full_gpu0_resume_20260905.log,2.297451999999992
1,2,18320,264651,18320,2.2272,2.2272,0.0,0.00049867,pretrain_full_gpu0_resume_20260905.log,2.295339999999992
1,2,18340,264651,18340,2.5063,2.5063,0.0,0.00049867,pretrain_full_gpu0_resume_20260905.log,2.297059999999992
1,2,18360,264651,18360,2.2222,2.2222,0.0,0.00049867,pretrain_full_gpu0_resume_20260905.log,2.2920759999999922
1,2,18380,264651,18380,2.1728,2.1728,0.0,0.00049866,pretrain_full_gpu0_resume_20260905.log,2.2757839999999923
1,2,18400,264651,18400,2.3452,2.3452,0.0,0.00049866,pretrain_full_gpu0_resume_20260905.log,2.278115999999992
1,2,18420,264651,18420,2.3103,2.3103,0.0,0.00049866,pretrain_full_gpu0_resume_20260905.log,2.277951999999992
1,2,18440,264651,18440,2.2288,2.2288,0.0,0.00049865,pretrain_full_gpu0_resume_20260905.log,2.274739999999992
1,2,18460,264651,18460,2.2266,2.2266,0.0,0.00049865,pretrain_full_gpu0_resume_20260905.log,2.276603999999992
1,2,18480,264651,18480,2.2492,2.2492,0.0,0.00049865,pretrain_full_gpu0_resume_20260905.log,2.271571999999992
1,2,18500,264651,18500,2.1078,2.1078,0.0,0.00049864,pretrain_full_gpu0_resume_20260905.log,2.2672719999999917
1,2,18520,264651,18520,2.3069,2.3069,0.0,0.00049864,pretrain_full_gpu0_resume_20260905.log,2.269283999999992
1,2,18540,264651,18540,2.3502,2.3502,0.0,0.00049864,pretrain_full_gpu0_resume_20260905.log,2.266263999999992
1,2,18560,264651,18560,2.2383,2.2383,0.0,0.00049864,pretrain_full_gpu0_resume_20260905.log,2.262971999999992
1,2,18580,264651,18580,2.2458,2.2458,0.0,0.00049863,pretrain_full_gpu0_resume_20260905.log,2.267751999999992
1,2,18600,264651,18600,2.2933,2.2933,0.0,0.00049863,pretrain_full_gpu0_resume_20260905.log,2.262635999999992
1,2,18620,264651,18620,2.3061,2.3061,0.0,0.00049863,pretrain_full_gpu0_resume_20260905.log,2.267223999999992
1,2,18640,264651,18640,2.3957,2.3957,0.0,0.00049862,pretrain_full_gpu0_resume_20260905.log,2.268999999999992
1,2,18660,264651,18660,2.2522,2.2522,0.0,0.00049862,pretrain_full_gpu0_resume_20260905.log,2.269623999999992
1,2,18680,264651,18680,2.2342,2.2342,0.0,0.00049862,pretrain_full_gpu0_resume_20260905.log,2.262839999999992
1,2,18700,264651,18700,2.2146,2.2146,0.0,0.00049862,pretrain_full_gpu0_resume_20260905.log,2.2605279999999923
1,2,18720,264651,18720,2.379,2.379,0.0,0.00049861,pretrain_full_gpu0_resume_20260905.log,2.2623319999999922
1,2,18740,264651,18740,2.2377,2.2377,0.0,0.00049861,pretrain_full_gpu0_resume_20260905.log,2.266371999999992
1,2,18760,264651,18760,2.0493,2.0493,0.0,0.00049861,pretrain_full_gpu0_resume_20260905.log,2.261671999999992
1,2,18780,264651,18780,2.1227,2.1227,0.0,0.0004986,pretrain_full_gpu0_resume_20260905.log,2.255787999999992
1,2,18800,264651,18800,2.2928,2.2928,0.0,0.0004986,pretrain_full_gpu0_resume_20260905.log,2.260607999999992
1,2,18820,264651,18820,2.2554,2.2554,0.0,0.0004986,pretrain_full_gpu0_resume_20260905.log,2.2617359999999924
1,2,18840,264651,18840,2.316,2.316,0.0,0.00049859,pretrain_full_gpu0_resume_20260905.log,2.254123999999992
1,2,18860,264651,18860,2.332,2.332,0.0,0.00049859,pretrain_full_gpu0_resume_20260905.log,2.258515999999992
1,2,18880,264651,18880,2.1809,2.1809,0.0,0.00049859,pretrain_full_gpu0_resume_20260905.log,2.258839999999992
1,2,18900,264651,18900,2.1076,2.1076,0.0,0.00049859,pretrain_full_gpu0_resume_20260905.log,2.249335999999992
1,2,18920,264651,18920,2.2786,2.2786,0.0,0.00049858,pretrain_full_gpu0_resume_20260905.log,2.248067999999992
1,2,18940,264651,18940,2.2678,2.2678,0.0,0.00049858,pretrain_full_gpu0_resume_20260905.log,2.2496279999999924
1,2,18960,264651,18960,2.0349,2.0349,0.0,0.00049858,pretrain_full_gpu0_resume_20260905.log,2.241959999999992
1,2,18980,264651,18980,2.2362,2.2362,0.0,0.00049857,pretrain_full_gpu0_resume_20260905.log,2.241439999999992
1,2,19000,264651,19000,2.2847,2.2847,0.0,0.00049857,pretrain_full_gpu0_resume_20260905.log,2.2485159999999924
1,2,19020,264651,19020,2.3541,2.3541,0.0,0.00049857,pretrain_full_gpu0_resume_20260905.log,2.2504039999999925
1,2,19040,264651,19040,2.2951,2.2951,0.0,0.00049856,pretrain_full_gpu0_resume_20260905.log,2.248199999999992
1,2,19060,264651,19060,2.3446,2.3446,0.0,0.00049856,pretrain_full_gpu0_resume_20260905.log,2.2524519999999923
1,2,19080,264651,19080,2.1699,2.1699,0.0,0.00049856,pretrain_full_gpu0_resume_20260905.log,2.249415999999992
1,2,19100,264651,19100,2.4965,2.4965,0.0,0.00049856,pretrain_full_gpu0_resume_20260905.log,2.257543999999992
1,2,19120,264651,19120,2.2034,2.2034,0.0,0.00049855,pretrain_full_gpu0_resume_20260905.log,2.253435999999992
1,2,19140,264651,19140,2.4658,2.4658,0.0,0.00049855,pretrain_full_gpu0_resume_20260905.log,2.256239999999992
1,2,19160,264651,19160,2.1775,2.1775,0.0,0.00049855,pretrain_full_gpu0_resume_20260905.log,2.253251999999992
1,2,19180,264651,19180,2.3349,2.3349,0.0,0.00049854,pretrain_full_gpu0_resume_20260905.log,2.2572799999999917
1,2,19200,264651,19200,2.2859,2.2859,0.0,0.00049854,pretrain_full_gpu0_resume_20260905.log,2.260131999999992
1,2,19220,264651,19220,2.3483,2.3483,0.0,0.00049854,pretrain_full_gpu0_resume_20260905.log,2.2589039999999923
1,2,19240,264651,19240,2.44,2.44,0.0,0.00049853,pretrain_full_gpu0_resume_20260905.log,2.2669959999999922
1,2,19260,264651,19260,2.2504,2.2504,0.0,0.00049853,pretrain_full_gpu0_resume_20260905.log,2.2750399999999917
1,2,19280,264651,19280,2.3225,2.3225,0.0,0.00049853,pretrain_full_gpu0_resume_20260905.log,2.283031999999992
1,2,19300,264651,19300,2.2096,2.2096,0.0,0.00049853,pretrain_full_gpu0_resume_20260905.log,2.2797039999999917
1,2,19320,264651,19320,2.1174,2.1174,0.0,0.00049852,pretrain_full_gpu0_resume_20260905.log,2.274183999999992
1,2,19340,264651,19340,2.2009,2.2009,0.0,0.00049852,pretrain_full_gpu0_resume_20260905.log,2.269579999999992
1,2,19360,264651,19360,2.3296,2.3296,0.0,0.00049852,pretrain_full_gpu0_resume_20260905.log,2.269483999999992
1,2,19380,264651,19380,2.2046,2.2046,0.0,0.00049851,pretrain_full_gpu0_resume_20260905.log,2.2704319999999916
1,2,19400,264651,19400,2.434,2.434,0.0,0.00049851,pretrain_full_gpu0_resume_20260905.log,2.2834879999999917
1,2,19420,264651,19420,2.2633,2.2633,0.0,0.00049851,pretrain_full_gpu0_resume_20260905.log,2.282875999999992
1,2,19440,264651,19440,2.2818,2.2818,0.0,0.0004985,pretrain_full_gpu0_resume_20260905.log,2.2834359999999916
1,2,19460,264651,19460,2.2421,2.2421,0.0,0.0004985,pretrain_full_gpu0_resume_20260905.log,2.2917239999999914
1,2,19480,264651,19480,2.2225,2.2225,0.0,0.0004985,pretrain_full_gpu0_resume_20260905.log,2.2911759999999917
1,2,19500,264651,19500,2.3019,2.3019,0.0,0.00049849,pretrain_full_gpu0_resume_20260905.log,2.291863999999992
1,2,19520,264651,19520,2.104,2.104,0.0,0.00049849,pretrain_full_gpu0_resume_20260905.log,2.281859999999992
1,2,19540,264651,19540,2.3282,2.3282,0.0,0.00049849,pretrain_full_gpu0_resume_20260905.log,2.283183999999992
1,2,19560,264651,19560,2.2268,2.2268,0.0,0.00049849,pretrain_full_gpu0_resume_20260905.log,2.278471999999992
1,2,19580,264651,19580,2.6548,2.6548,0.0,0.00049848,pretrain_full_gpu0_resume_20260905.log,2.2978679999999923
1,2,19600,264651,19600,2.5436,2.5436,0.0,0.00049848,pretrain_full_gpu0_resume_20260905.log,2.2997519999999922
1,2,19620,264651,19620,2.3464,2.3464,0.0,0.00049848,pretrain_full_gpu0_resume_20260905.log,2.305471999999992
1,2,19640,264651,19640,2.2229,2.2229,0.0,0.00049847,pretrain_full_gpu0_resume_20260905.log,2.295755999999992
1,2,19660,264651,19660,2.0061,2.0061,0.0,0.00049847,pretrain_full_gpu0_resume_20260905.log,2.2888999999999924
1,2,19680,264651,19680,2.3171,2.3171,0.0,0.00049847,pretrain_full_gpu0_resume_20260905.log,2.2881879999999923
1,2,19700,264651,19700,2.3599,2.3599,0.0,0.00049846,pretrain_full_gpu0_resume_20260905.log,2.2911479999999926
1,2,19720,264651,19720,2.2339,2.2339,0.0,0.00049846,pretrain_full_gpu0_resume_20260905.log,2.2865719999999925
1,2,19740,264651,19740,2.3704,2.3704,0.0,0.00049846,pretrain_full_gpu0_resume_20260905.log,2.283787999999993
1,2,19760,264651,19760,2.3859,2.3859,0.0,0.00049845,pretrain_full_gpu0_resume_20260905.log,2.289207999999993
1,2,19780,264651,19780,2.1279,2.1279,0.0,0.00049845,pretrain_full_gpu0_resume_20260905.log,2.281423999999993
1,2,19800,264651,19800,2.3067,2.3067,0.0,0.00049845,pretrain_full_gpu0_resume_20260905.log,2.2853079999999926
1,2,19820,264651,19820,2.0783,2.0783,0.0,0.00049844,pretrain_full_gpu0_resume_20260905.log,2.2837439999999924
1,2,19840,264651,19840,2.3399,2.3399,0.0,0.00049844,pretrain_full_gpu0_resume_20260905.log,2.2893039999999925
1,2,19860,264651,19860,2.209,2.209,0.0,0.00049844,pretrain_full_gpu0_resume_20260905.log,2.2844799999999927
1,2,19880,264651,19880,2.2727,2.2727,0.0,0.00049844,pretrain_full_gpu0_resume_20260905.log,2.287203999999993
1,2,19900,264651,19900,2.3719,2.3719,0.0,0.00049843,pretrain_full_gpu0_resume_20260905.log,2.284719999999993
1,2,19920,264651,19920,2.1331,2.1331,0.0,0.00049843,pretrain_full_gpu0_resume_20260905.log,2.279511999999993
1,2,19940,264651,19940,2.2384,2.2384,0.0,0.00049843,pretrain_full_gpu0_resume_20260905.log,2.277775999999993
1,2,19960,264651,19960,2.303,2.303,0.0,0.00049842,pretrain_full_gpu0_resume_20260905.log,2.280211999999993
1,2,19980,264651,19980,2.4627,2.4627,0.0,0.00049842,pretrain_full_gpu0_resume_20260905.log,2.289819999999993
1,2,20000,264651,20000,2.2656,2.2656,0.0,0.00049842,pretrain_full_gpu0_resume_20260905.log,2.288367999999993
1,2,20020,264651,20020,2.0013,2.0013,0.0,0.00049841,pretrain_full_gpu0_resume_20260905.log,2.284259999999993
1,2,20040,264651,20040,2.1389,2.1389,0.0,0.00049841,pretrain_full_gpu0_resume_20260905.log,2.276687999999993
1,2,20060,264651,20060,2.2204,2.2204,0.0,0.00049841,pretrain_full_gpu0_resume_20260905.log,2.276431999999993
1,2,20080,264651,20080,2.3255,2.3255,0.0,0.0004984,pretrain_full_gpu0_resume_20260905.log,2.2632599999999927
1,2,20100,264651,20100,2.2297,2.2297,0.0,0.0004984,pretrain_full_gpu0_resume_20260905.log,2.250703999999993
1,2,20120,264651,20120,2.2656,2.2656,0.0,0.0004984,pretrain_full_gpu0_resume_20260905.log,2.247471999999993
1,2,20140,264651,20140,2.3527,2.3527,0.0,0.00049839,pretrain_full_gpu0_resume_20260905.log,2.2526639999999927
1,2,20160,264651,20160,2.4234,2.4234,0.0,0.00049839,pretrain_full_gpu0_resume_20260905.log,2.269355999999993
1,2,20180,264651,20180,2.0271,2.0271,0.0,0.00049839,pretrain_full_gpu0_resume_20260905.log,2.2577559999999925
1,2,20200,264651,20200,2.4216,2.4216,0.0,0.00049838,pretrain_full_gpu0_resume_20260905.log,2.2602239999999925
1,2,20220,264651,20220,2.3174,2.3174,0.0,0.00049838,pretrain_full_gpu0_resume_20260905.log,2.2635639999999926
1,2,20240,264651,20240,2.3914,2.3914,0.0,0.00049838,pretrain_full_gpu0_resume_20260905.log,2.2644039999999923
1,2,20260,264651,20260,2.2549,2.2549,0.0,0.00049838,pretrain_full_gpu0_resume_20260905.log,2.259163999999992
1,2,20280,264651,20280,2.2062,2.2062,0.0,0.00049837,pretrain_full_gpu0_resume_20260905.log,2.2622959999999925
1,2,20300,264651,20300,2.3617,2.3617,0.0,0.00049837,pretrain_full_gpu0_resume_20260905.log,2.2644959999999923
1,2,20320,264651,20320,2.154,2.154,0.0,0.00049837,pretrain_full_gpu0_resume_20260905.log,2.2675239999999923
1,2,20340,264651,20340,2.3271,2.3271,0.0,0.00049836,pretrain_full_gpu0_resume_20260905.log,2.2670119999999923
1,2,20360,264651,20360,2.0476,2.0476,0.0,0.00049836,pretrain_full_gpu0_resume_20260905.log,2.2605559999999922
1,2,20380,264651,20380,2.1136,2.1136,0.0,0.00049836,pretrain_full_gpu0_resume_20260905.log,2.254191999999992
1,2,20400,264651,20400,2.4769,2.4769,0.0,0.00049835,pretrain_full_gpu0_resume_20260905.log,2.258391999999992
1,2,20420,264651,20420,2.119,2.119,0.0,0.00049835,pretrain_full_gpu0_resume_20260905.log,2.257827999999992
1,2,20440,264651,20440,2.2099,2.2099,0.0,0.00049835,pretrain_full_gpu0_resume_20260905.log,2.256687999999992
1,2,20460,264651,20460,2.2413,2.2413,0.0,0.00049834,pretrain_full_gpu0_resume_20260905.log,2.254219999999992
1,2,20480,264651,20480,2.0614,2.0614,0.0,0.00049834,pretrain_full_gpu0_resume_20260905.log,2.2381679999999924
1,2,20500,264651,20500,2.4247,2.4247,0.0,0.00049834,pretrain_full_gpu0_resume_20260905.log,2.2445319999999924
1,2,20520,264651,20520,2.2413,2.2413,0.0,0.00049833,pretrain_full_gpu0_resume_20260905.log,2.2541319999999927
1,2,20540,264651,20540,2.3214,2.3214,0.0,0.00049833,pretrain_full_gpu0_resume_20260905.log,2.2614319999999926
1,2,20560,264651,20560,2.3227,2.3227,0.0,0.00049833,pretrain_full_gpu0_resume_20260905.log,2.2655239999999925
1,2,20580,264651,20580,2.3011,2.3011,0.0,0.00049832,pretrain_full_gpu0_resume_20260905.log,2.2645479999999925
1,2,20600,264651,20600,2.3697,2.3697,0.0,0.00049832,pretrain_full_gpu0_resume_20260905.log,2.2701479999999923
1,2,20620,264651,20620,2.1152,2.1152,0.0,0.00049832,pretrain_full_gpu0_resume_20260905.log,2.2641319999999925
1,2,20640,264651,20640,2.306,2.306,0.0,0.00049831,pretrain_full_gpu0_resume_20260905.log,2.2622639999999925
1,2,20660,264651,20660,2.2166,2.2166,0.0,0.00049831,pretrain_full_gpu0_resume_20260905.log,2.2539919999999922
1,2,20680,264651,20680,2.3441,2.3441,0.0,0.00049831,pretrain_full_gpu0_resume_20260905.log,2.2666719999999922
1,2,20700,264651,20700,2.3145,2.3145,0.0,0.0004983,pretrain_full_gpu0_resume_20260905.log,2.2623879999999925
1,2,20720,264651,20720,2.4385,2.4385,0.0,0.0004983,pretrain_full_gpu0_resume_20260905.log,2.2672319999999924
1,2,20740,264651,20740,2.1782,2.1782,0.0,0.0004983,pretrain_full_gpu0_resume_20260905.log,2.2587039999999927
1,2,20760,264651,20760,2.3362,2.3362,0.0,0.00049829,pretrain_full_gpu0_resume_20260905.log,2.2619559999999925
1,2,20780,264651,20780,2.4,2.4,0.0,0.00049829,pretrain_full_gpu0_resume_20260905.log,2.2697079999999925
1,2,20800,264651,20800,2.1457,2.1457,0.0,0.00049829,pretrain_full_gpu0_resume_20260905.log,2.2610679999999923
1,2,20820,264651,20820,2.1906,2.1906,0.0,0.00049828,pretrain_full_gpu0_resume_20260905.log,2.2625319999999927
1,2,20840,264651,20840,2.4081,2.4081,0.0,0.00049828,pretrain_full_gpu0_resume_20260905.log,2.2657719999999926
1,2,20860,264651,20860,2.2109,2.2109,0.0,0.00049828,pretrain_full_gpu0_resume_20260905.log,2.2723039999999926
1,2,20880,264651,20880,2.1414,2.1414,0.0,0.00049827,pretrain_full_gpu0_resume_20260905.log,2.273415999999992
1,2,20900,264651,20900,2.2257,2.2257,0.0,0.00049827,pretrain_full_gpu0_resume_20260905.log,2.2633679999999923
1,2,20920,264651,20920,2.4266,2.4266,0.0,0.00049827,pretrain_full_gpu0_resume_20260905.log,2.2756719999999926
1,2,20940,264651,20940,2.2125,2.2125,0.0,0.00049826,pretrain_full_gpu0_resume_20260905.log,2.2757759999999925
1,2,20960,264651,20960,2.1843,2.1843,0.0,0.00049826,pretrain_full_gpu0_resume_20260905.log,2.2734959999999926
1,2,20980,264651,20980,2.1093,2.1093,0.0,0.00049826,pretrain_full_gpu0_resume_20260905.log,2.275411999999992
1,2,21000,264651,21000,2.2717,2.2717,0.0,0.00049825,pretrain_full_gpu0_resume_20260905.log,2.2692919999999925
1,2,21020,264651,21020,2.5639,2.5639,0.0,0.00049825,pretrain_full_gpu0_resume_20260905.log,2.2821959999999923
1,2,21040,264651,21040,2.2594,2.2594,0.0,0.00049825,pretrain_full_gpu0_resume_20260905.log,2.279715999999992
1,2,21060,264651,21060,2.2714,2.2714,0.0,0.00049824,pretrain_full_gpu0_resume_20260905.log,2.2776639999999926
1,2,21080,264651,21080,2.1615,2.1615,0.0,0.00049824,pretrain_full_gpu0_resume_20260905.log,2.2720799999999928
1,2,21100,264651,21100,2.3995,2.3995,0.0,0.00049824,pretrain_full_gpu0_resume_20260905.log,2.273271999999993
1,2,21120,264651,21120,2.1336,2.1336,0.0,0.00049823,pretrain_full_gpu0_resume_20260905.log,2.2740079999999927
1,2,21140,264651,21140,2.3352,2.3352,0.0,0.00049823,pretrain_full_gpu0_resume_20260905.log,2.275175999999993
1,2,21160,264651,21160,2.2666,2.2666,0.0,0.00049823,pretrain_full_gpu0_resume_20260905.log,2.2771759999999928
1,2,21180,264651,21180,2.2696,2.2696,0.0,0.00049822,pretrain_full_gpu0_resume_20260905.log,2.274195999999993
1,2,21200,264651,21200,2.3799,2.3799,0.0,0.00049822,pretrain_full_gpu0_resume_20260905.log,2.2768119999999925
1,2,21220,264651,21220,2.2625,2.2625,0.0,0.00049822,pretrain_full_gpu0_resume_20260905.log,2.2697719999999926
1,2,21240,264651,21240,2.0624,2.0624,0.0,0.00049821,pretrain_full_gpu0_resume_20260905.log,2.2651399999999926
1,2,21260,264651,21260,2.331,2.331,0.0,0.00049821,pretrain_full_gpu0_resume_20260905.log,2.264931999999993
1,2,21280,264651,21280,2.1281,2.1281,0.0,0.00049821,pretrain_full_gpu0_resume_20260905.log,2.2540559999999927
1,2,21300,264651,21300,2.0674,2.0674,0.0,0.0004982,pretrain_full_gpu0_resume_20260905.log,2.250923999999993
1,2,21320,264651,21320,2.1606,2.1606,0.0,0.0004982,pretrain_full_gpu0_resume_20260905.log,2.249723999999993
1,2,21340,264651,21340,2.2757,2.2757,0.0,0.0004982,pretrain_full_gpu0_resume_20260905.log,2.2444279999999934
1,2,21360,264651,21360,2.2524,2.2524,0.0,0.00049819,pretrain_full_gpu0_resume_20260905.log,2.246087999999993
1,2,21380,264651,21380,2.2107,2.2107,0.0,0.00049819,pretrain_full_gpu0_resume_20260905.log,2.2488599999999934
1,2,21400,264651,21400,2.1675,2.1675,0.0,0.00049819,pretrain_full_gpu0_resume_20260905.log,2.2465319999999935
1,2,21420,264651,21420,2.2222,2.2222,0.0,0.00049818,pretrain_full_gpu0_resume_20260905.log,2.2383559999999934
1,2,21440,264651,21440,2.4528,2.4528,0.0,0.00049818,pretrain_full_gpu0_resume_20260905.log,2.2479679999999935
1,2,21460,264651,21460,2.2963,2.2963,0.0,0.00049818,pretrain_full_gpu0_resume_20260905.log,2.2524479999999936
1,2,21480,264651,21480,2.2774,2.2774,0.0,0.00049817,pretrain_full_gpu0_resume_20260905.log,2.2591719999999937
1,2,21500,264651,21500,2.1083,2.1083,0.0,0.00049817,pretrain_full_gpu0_resume_20260905.log,2.2526359999999936
1,2,21520,264651,21520,2.2042,2.2042,0.0,0.00049817,pretrain_full_gpu0_resume_20260905.log,2.238247999999994
1,2,21540,264651,21540,2.2144,2.2144,0.0,0.00049816,pretrain_full_gpu0_resume_20260905.log,2.236447999999994
1,2,21560,264651,21560,2.1284,2.1284,0.0,0.00049816,pretrain_full_gpu0_resume_20260905.log,2.230727999999994
1,2,21580,264651,21580,2.0913,2.0913,0.0,0.00049816,pretrain_full_gpu0_resume_20260905.log,2.2279199999999935
1,2,21600,264651,21600,2.3355,2.3355,0.0,0.00049815,pretrain_full_gpu0_resume_20260905.log,2.2253599999999936
1,2,21620,264651,21620,2.1343,2.1343,0.0,0.00049815,pretrain_full_gpu0_resume_20260905.log,2.2253879999999935
1,2,21640,264651,21640,2.2166,2.2166,0.0,0.00049815,pretrain_full_gpu0_resume_20260905.log,2.2206439999999934
1,2,21660,264651,21660,2.2696,2.2696,0.0,0.00049814,pretrain_full_gpu0_resume_20260905.log,2.2207639999999937
1,2,21680,264651,21680,2.409,2.409,0.0,0.00049814,pretrain_full_gpu0_resume_20260905.log,2.2263399999999938
1,2,21700,264651,21700,2.1967,2.1967,0.0,0.00049814,pretrain_full_gpu0_resume_20260905.log,2.2190119999999935
1,2,21720,264651,21720,2.1995,2.1995,0.0,0.00049813,pretrain_full_gpu0_resume_20260905.log,2.2164919999999935
1,2,21740,264651,21740,2.1738,2.1738,0.0,0.00049813,pretrain_full_gpu0_resume_20260905.log,2.2209479999999937
1,2,21760,264651,21760,2.2214,2.2214,0.0,0.00049813,pretrain_full_gpu0_resume_20260905.log,2.2165639999999938
1,2,21780,264651,21780,2.2032,2.2032,0.0,0.00049812,pretrain_full_gpu0_resume_20260905.log,2.2195679999999935
1,2,21800,264651,21800,2.1783,2.1783,0.0,0.00049812,pretrain_full_gpu0_resume_20260905.log,2.2240039999999937
1,2,21820,264651,21820,2.0922,2.0922,0.0,0.00049812,pretrain_full_gpu0_resume_20260905.log,2.2212679999999936
1,2,21840,264651,21840,2.1472,2.1472,0.0,0.00049811,pretrain_full_gpu0_resume_20260905.log,2.216127999999993
1,2,21860,264651,21860,2.1169,2.1169,0.0,0.00049811,pretrain_full_gpu0_resume_20260905.log,2.2107079999999932
1,2,21880,264651,21880,2.1143,2.1143,0.0,0.00049811,pretrain_full_gpu0_resume_20260905.log,2.2068519999999934
1,2,21900,264651,21900,2.4726,2.4726,0.0,0.0004981,pretrain_full_gpu0_resume_20260905.log,2.2190559999999935
1,2,21920,264651,21920,2.224,2.224,0.0,0.0004981,pretrain_full_gpu0_resume_20260905.log,2.2191279999999933
1,2,21940,264651,21940,2.2981,2.2981,0.0,0.00049809,pretrain_full_gpu0_resume_20260905.log,2.212939999999993
1,2,21960,264651,21960,2.3365,2.3365,0.0,0.00049809,pretrain_full_gpu0_resume_20260905.log,2.214547999999993
1,2,21980,264651,21980,2.1874,2.1874,0.0,0.00049809,pretrain_full_gpu0_resume_20260905.log,2.210947999999993
1,2,22000,264651,22000,2.119,2.119,0.0,0.00049808,pretrain_full_gpu0_resume_20260905.log,2.211375999999993
1,2,22020,264651,22020,2.2426,2.2426,0.0,0.00049808,pretrain_full_gpu0_resume_20260905.log,2.212911999999993
1,2,22040,264651,22040,2.1205,2.1205,0.0,0.00049808,pretrain_full_gpu0_resume_20260905.log,2.209155999999993
1,2,22060,264651,22060,2.2016,2.2016,0.0,0.00049807,pretrain_full_gpu0_resume_20260905.log,2.212083999999993
1,2,22080,264651,22080,2.2528,2.2528,0.0,0.00049807,pretrain_full_gpu0_resume_20260905.log,2.218543999999993
1,2,22100,264651,22100,2.2105,2.2105,0.0,0.00049807,pretrain_full_gpu0_resume_20260905.log,2.213543999999993
1,2,22120,264651,22120,2.232,2.232,0.0,0.00049806,pretrain_full_gpu0_resume_20260905.log,2.217451999999993
1,2,22140,264651,22140,2.0632,2.0632,0.0,0.00049806,pretrain_full_gpu0_resume_20260905.log,2.211315999999993
1,2,22160,264651,22160,2.4766,2.4766,0.0,0.00049806,pretrain_full_gpu0_resume_20260905.log,2.219595999999993
1,2,22180,264651,22180,2.1009,2.1009,0.0,0.00049805,pretrain_full_gpu0_resume_20260905.log,2.2072719999999935
1,2,22200,264651,22200,2.1465,2.1465,0.0,0.00049805,pretrain_full_gpu0_resume_20260905.log,2.2052639999999935
1,2,22220,264651,22220,2.2923,2.2923,0.0,0.00049805,pretrain_full_gpu0_resume_20260905.log,2.208975999999993
1,2,22240,264651,22240,2.1771,2.1771,0.0,0.00049804,pretrain_full_gpu0_resume_20260905.log,2.2091079999999934
1,2,22260,264651,22260,2.2746,2.2746,0.0,0.00049804,pretrain_full_gpu0_resume_20260905.log,2.2112359999999933
1,2,22280,264651,22280,2.1174,2.1174,0.0,0.00049804,pretrain_full_gpu0_resume_20260905.log,2.207803999999993
1,2,22300,264651,22300,2.2145,2.2145,0.0,0.00049803,pretrain_full_gpu0_resume_20260905.log,2.2092519999999936
1,2,22320,264651,22320,2.2649,2.2649,0.0,0.00049803,pretrain_full_gpu0_resume_20260905.log,2.2161599999999932
1,2,22340,264651,22340,2.3727,2.3727,0.0,0.00049802,pretrain_full_gpu0_resume_20260905.log,2.2251799999999933
1,2,22360,264651,22360,2.1556,2.1556,0.0,0.00049802,pretrain_full_gpu0_resume_20260905.log,2.2267279999999934
1,2,22380,264651,22380,2.344,2.344,0.0,0.00049802,pretrain_full_gpu0_resume_20260905.log,2.2359159999999934
1,2,22400,264651,22400,2.2556,2.2556,0.0,0.00049801,pretrain_full_gpu0_resume_20260905.log,2.2272359999999933
1,2,22420,264651,22420,2.2194,2.2194,0.0,0.00049801,pretrain_full_gpu0_resume_20260905.log,2.227051999999994
1,2,22440,264651,22440,2.1993,2.1993,0.0,0.00049801,pretrain_full_gpu0_resume_20260905.log,2.223099999999994
1,2,22460,264651,22460,2.1101,2.1101,0.0,0.000498,pretrain_full_gpu0_resume_20260905.log,2.2140439999999937
1,2,22480,264651,22480,2.208,2.208,0.0,0.000498,pretrain_full_gpu0_resume_20260905.log,2.214867999999994
1,2,22500,264651,22500,2.1134,2.1134,0.0,0.000498,pretrain_full_gpu0_resume_20260905.log,2.214643999999994
1,2,22520,264651,22520,2.3193,2.3193,0.0,0.00049799,pretrain_full_gpu0_resume_20260905.log,2.2177119999999935
1,2,22540,264651,22540,2.2887,2.2887,0.0,0.00049799,pretrain_full_gpu0_resume_20260905.log,2.2244399999999938
1,2,22560,264651,22560,2.2207,2.2207,0.0,0.00049799,pretrain_full_gpu0_resume_20260905.log,2.2252039999999935
1,2,22580,264651,22580,2.1967,2.1967,0.0,0.00049798,pretrain_full_gpu0_resume_20260905.log,2.222959999999994
1,2,22600,264651,22600,2.362,2.362,0.0,0.00049798,pretrain_full_gpu0_resume_20260905.log,2.2290199999999936
1,2,22620,264651,22620,2.2434,2.2434,0.0,0.00049798,pretrain_full_gpu0_resume_20260905.log,2.229475999999994
1,2,22640,264651,22640,2.3285,2.3285,0.0,0.00049797,pretrain_full_gpu0_resume_20260905.log,2.2400879999999934
1,2,22660,264651,22660,2.317,2.317,0.0,0.00049797,pretrain_full_gpu0_resume_20260905.log,2.2337039999999937
1,2,22680,264651,22680,2.283,2.283,0.0,0.00049796,pretrain_full_gpu0_resume_20260905.log,2.2409879999999935
1,2,22700,264651,22700,2.0967,2.0967,0.0,0.00049796,pretrain_full_gpu0_resume_20260905.log,2.2389959999999935
1,2,22720,264651,22720,2.2007,2.2007,0.0,0.00049796,pretrain_full_gpu0_resume_20260905.log,2.2353319999999934
1,2,22740,264651,22740,2.2984,2.2984,0.0,0.00049795,pretrain_full_gpu0_resume_20260905.log,2.2401839999999935
1,2,22760,264651,22760,2.3035,2.3035,0.0,0.00049795,pretrain_full_gpu0_resume_20260905.log,2.2413399999999934
1,2,22780,264651,22780,2.396,2.396,0.0,0.00049795,pretrain_full_gpu0_resume_20260905.log,2.2524839999999933
1,2,22800,264651,22800,2.2872,2.2872,0.0,0.00049794,pretrain_full_gpu0_resume_20260905.log,2.255391999999993
1,2,22820,264651,22820,2.3574,2.3574,0.0,0.00049794,pretrain_full_gpu0_resume_20260905.log,2.259091999999993
1,2,22840,264651,22840,2.2849,2.2849,0.0,0.00049794,pretrain_full_gpu0_resume_20260905.log,2.255579999999993
1,2,22860,264651,22860,2.173,2.173,0.0,0.00049793,pretrain_full_gpu0_resume_20260905.log,2.256275999999993
1,2,22880,264651,22880,2.518,2.518,0.0,0.00049793,pretrain_full_gpu0_resume_20260905.log,2.2632359999999934
1,2,22900,264651,22900,2.2862,2.2862,0.0,0.00049792,pretrain_full_gpu0_resume_20260905.log,2.264459999999993
1,2,22920,264651,22920,2.4466,2.4466,0.0,0.00049792,pretrain_full_gpu0_resume_20260905.log,2.273547999999993
1,2,22940,264651,22940,2.3666,2.3666,0.0,0.00049792,pretrain_full_gpu0_resume_20260905.log,2.280239999999993
1,2,22960,264651,22960,2.1954,2.1954,0.0,0.00049791,pretrain_full_gpu0_resume_20260905.log,2.283651999999993
1,2,22980,264651,22980,2.1339,2.1339,0.0,0.00049791,pretrain_full_gpu0_resume_20260905.log,2.2806879999999925
1,2,23000,264651,23000,2.1973,2.1973,0.0,0.00049791,pretrain_full_gpu0_resume_20260905.log,2.2840439999999926
1,2,23020,264651,23020,2.3426,2.3426,0.0,0.0004979,pretrain_full_gpu0_resume_20260905.log,2.284975999999993
1,2,23040,264651,23040,2.2463,2.2463,0.0,0.0004979,pretrain_full_gpu0_resume_20260905.log,2.2832799999999924
1,2,23060,264651,23060,2.4523,2.4523,0.0,0.0004979,pretrain_full_gpu0_resume_20260905.log,2.292543999999993
1,2,23080,264651,23080,2.0828,2.0828,0.0,0.00049789,pretrain_full_gpu0_resume_20260905.log,2.287987999999993
1,2,23100,264651,23100,2.155,2.155,0.0,0.00049789,pretrain_full_gpu0_resume_20260905.log,2.2797079999999927
1,2,23120,264651,23120,2.5158,2.5158,0.0,0.00049788,pretrain_full_gpu0_resume_20260905.log,2.2906039999999925
1,2,23140,264651,23140,2.3259,2.3259,0.0,0.00049788,pretrain_full_gpu0_resume_20260905.log,2.2904999999999927
1,2,23160,264651,23160,2.3304,2.3304,0.0,0.00049788,pretrain_full_gpu0_resume_20260905.log,2.2910359999999925
1,2,23180,264651,23180,2.2836,2.2836,0.0,0.00049787,pretrain_full_gpu0_resume_20260905.log,2.2910599999999923
1,2,23200,264651,23200,2.1979,2.1979,0.0,0.00049787,pretrain_full_gpu0_resume_20260905.log,2.2951079999999924
1,2,23220,264651,23220,2.3152,2.3152,0.0,0.00049787,pretrain_full_gpu0_resume_20260905.log,2.299687999999992
1,2,23240,264651,23240,2.4154,2.4154,0.0,0.00049786,pretrain_full_gpu0_resume_20260905.log,2.304367999999992
1,2,23260,264651,23260,2.3272,2.3272,0.0,0.00049786,pretrain_full_gpu0_resume_20260905.log,2.305315999999992
1,2,23280,264651,23280,2.2854,2.2854,0.0,0.00049786,pretrain_full_gpu0_resume_20260905.log,2.300891999999992
1,2,23300,264651,23300,2.2974,2.2974,0.0,0.00049785,pretrain_full_gpu0_resume_20260905.log,2.3012999999999924
1,2,23320,264651,23320,2.0569,2.0569,0.0,0.00049785,pretrain_full_gpu0_resume_20260905.log,2.289279999999992
1,2,23340,264651,23340,2.1385,2.1385,0.0,0.00049784,pretrain_full_gpu0_resume_20260905.log,2.283423999999992
1,2,23360,264651,23360,2.4393,2.4393,0.0,0.00049784,pretrain_full_gpu0_resume_20260905.log,2.2940759999999925
1,2,23380,264651,23380,2.2526,2.2526,0.0,0.00049784,pretrain_full_gpu0_resume_20260905.log,2.2834599999999923
1,2,23400,264651,23400,2.1367,2.1367,0.0,0.00049783,pretrain_full_gpu0_resume_20260905.log,2.277479999999992
1,2,23420,264651,23420,2.3192,2.3192,0.0,0.00049783,pretrain_full_gpu0_resume_20260905.log,2.272383999999992
1,2,23440,264651,23440,2.2428,2.2428,0.0,0.00049783,pretrain_full_gpu0_resume_20260905.log,2.2674319999999923
1,2,23460,264651,23460,2.1532,2.1532,0.0,0.00049782,pretrain_full_gpu0_resume_20260905.log,2.265743999999992
1,2,23480,264651,23480,2.173,2.173,0.0,0.00049782,pretrain_full_gpu0_resume_20260905.log,2.2673079999999923
1,2,23500,264651,23500,2.1992,2.1992,0.0,0.00049781,pretrain_full_gpu0_resume_20260905.log,2.2673839999999923
1,2,23520,264651,23520,2.1886,2.1886,0.0,0.00049781,pretrain_full_gpu0_resume_20260905.log,2.261223999999993
1,2,23540,264651,23540,2.2333,2.2333,0.0,0.00049781,pretrain_full_gpu0_resume_20260905.log,2.2607039999999925
1,2,23560,264651,23560,2.2064,2.2064,0.0,0.0004978,pretrain_full_gpu0_resume_20260905.log,2.2508679999999925
1,2,23580,264651,23580,2.0769,2.0769,0.0,0.0004978,pretrain_full_gpu0_resume_20260905.log,2.250631999999993
1,2,23600,264651,23600,2.3159,2.3159,0.0,0.0004978,pretrain_full_gpu0_resume_20260905.log,2.2570679999999927
1,2,23620,264651,23620,2.3622,2.3622,0.0,0.00049779,pretrain_full_gpu0_resume_20260905.log,2.250923999999993
1,2,23640,264651,23640,2.0543,2.0543,0.0,0.00049779,pretrain_full_gpu0_resume_20260905.log,2.240059999999993
1,2,23660,264651,23660,2.3161,2.3161,0.0,0.00049779,pretrain_full_gpu0_resume_20260905.log,2.239487999999993
1,2,23680,264651,23680,2.1387,2.1387,0.0,0.00049778,pretrain_full_gpu0_resume_20260905.log,2.233691999999993
1,2,23700,264651,23700,2.3176,2.3176,0.0,0.00049778,pretrain_full_gpu0_resume_20260905.log,2.238479999999993
1,2,23720,264651,23720,2.1783,2.1783,0.0,0.00049777,pretrain_full_gpu0_resume_20260905.log,2.233003999999993
1,2,23740,264651,23740,2.277,2.277,0.0,0.00049777,pretrain_full_gpu0_resume_20260905.log,2.2274679999999933
1,2,23760,264651,23760,2.0406,2.0406,0.0,0.00049777,pretrain_full_gpu0_resume_20260905.log,2.216003999999993
1,2,23780,264651,23780,2.2836,2.2836,0.0,0.00049776,pretrain_full_gpu0_resume_20260905.log,2.2159319999999934
1,2,23800,264651,23800,2.0765,2.0765,0.0,0.00049776,pretrain_full_gpu0_resume_20260905.log,2.2070959999999933
1,2,23820,264651,23820,2.1644,2.1644,0.0,0.00049776,pretrain_full_gpu0_resume_20260905.log,2.211395999999993
1,2,23840,264651,23840,2.0146,2.0146,0.0,0.00049775,pretrain_full_gpu0_resume_20260905.log,2.206439999999993
1,2,23860,264651,23860,2.2561,2.2561,0.0,0.00049775,pretrain_full_gpu0_resume_20260905.log,2.1991119999999933
1,2,23880,264651,23880,2.4801,2.4801,0.0,0.00049774,pretrain_full_gpu0_resume_20260905.log,2.2082119999999934
1,2,23900,264651,23900,2.4355,2.4355,0.0,0.00049774,pretrain_full_gpu0_resume_20260905.log,2.2201639999999934
1,2,23920,264651,23920,2.1683,2.1683,0.0,0.00049774,pretrain_full_gpu0_resume_20260905.log,2.2141279999999934
1,2,23940,264651,23940,2.1182,2.1182,0.0,0.00049773,pretrain_full_gpu0_resume_20260905.log,2.209143999999993
1,2,23960,264651,23960,2.4715,2.4715,0.0,0.00049773,pretrain_full_gpu0_resume_20260905.log,2.2218759999999933
1,2,23980,264651,23980,2.1443,2.1443,0.0,0.00049772,pretrain_full_gpu0_resume_20260905.log,2.220727999999993
1,2,24000,264651,24000,2.3398,2.3398,0.0,0.00049772,pretrain_full_gpu0_resume_20260905.log,2.2263519999999932
1,2,24020,264651,24020,2.2468,2.2468,0.0,0.00049772,pretrain_full_gpu0_resume_20260905.log,2.228679999999993
1,2,24040,264651,24040,2.2327,2.2327,0.0,0.00049771,pretrain_full_gpu0_resume_20260905.log,2.2286559999999933
1,2,24060,264651,24060,2.1534,2.1534,0.0,0.00049771,pretrain_full_gpu0_resume_20260905.log,2.226535999999993
1,2,24080,264651,24080,2.1359,2.1359,0.0,0.00049771,pretrain_full_gpu0_resume_20260905.log,2.228895999999993
1,2,24100,264651,24100,2.1676,2.1676,0.0,0.0004977,pretrain_full_gpu0_resume_20260905.log,2.222963999999993
1,2,24120,264651,24120,2.2844,2.2844,0.0,0.0004977,pretrain_full_gpu0_resume_20260905.log,2.219851999999993
1,2,24140,264651,24140,2.1984,2.1984,0.0,0.00049769,pretrain_full_gpu0_resume_20260905.log,2.225615999999993
1,2,24160,264651,24160,2.1754,2.1754,0.0,0.00049769,pretrain_full_gpu0_resume_20260905.log,2.219987999999993
1,2,24180,264651,24180,2.2106,2.2106,0.0,0.00049769,pretrain_full_gpu0_resume_20260905.log,2.222863999999993
1,2,24200,264651,24200,2.2088,2.2088,0.0,0.00049768,pretrain_full_gpu0_resume_20260905.log,2.2185119999999934
1,2,24220,264651,24220,2.2683,2.2683,0.0,0.00049768,pretrain_full_gpu0_resume_20260905.log,2.222111999999993
1,2,24240,264651,24240,2.2568,2.2568,0.0,0.00049768,pretrain_full_gpu0_resume_20260905.log,2.221303999999993
1,2,24260,264651,24260,2.1398,2.1398,0.0,0.00049767,pretrain_full_gpu0_resume_20260905.log,2.2252719999999933
1,2,24280,264651,24280,2.2285,2.2285,0.0,0.00049767,pretrain_full_gpu0_resume_20260905.log,2.223067999999993
1,2,24300,264651,24300,2.1039,2.1039,0.0,0.00049766,pretrain_full_gpu0_resume_20260905.log,2.224163999999993
1,2,24320,264651,24320,2.2291,2.2291,0.0,0.00049766,pretrain_full_gpu0_resume_20260905.log,2.226751999999993
1,2,24340,264651,24340,2.0649,2.0649,0.0,0.00049766,pretrain_full_gpu0_resume_20260905.log,2.228763999999993
1,2,24360,264651,24360,2.2649,2.2649,0.0,0.00049765,pretrain_full_gpu0_resume_20260905.log,2.2291159999999928
1,2,24380,264651,24380,2.0151,2.0151,0.0,0.00049765,pretrain_full_gpu0_resume_20260905.log,2.2105159999999926
1,2,24400,264651,24400,2.1433,2.1433,0.0,0.00049764,pretrain_full_gpu0_resume_20260905.log,2.1988279999999927
1,2,24420,264651,24420,2.1981,2.1981,0.0,0.00049764,pretrain_full_gpu0_resume_20260905.log,2.2000199999999928
1,2,24440,264651,24440,2.1879,2.1879,0.0,0.00049764,pretrain_full_gpu0_resume_20260905.log,2.2028079999999925
1,2,24460,264651,24460,2.4059,2.4059,0.0,0.00049763,pretrain_full_gpu0_resume_20260905.log,2.2001839999999926
1,2,24480,264651,24480,2.1018,2.1018,0.0,0.00049763,pretrain_full_gpu0_resume_20260905.log,2.1984839999999926
1,2,24500,264651,24500,2.0341,2.0341,0.0,0.00049763,pretrain_full_gpu0_resume_20260905.log,2.1862559999999926
1,2,24520,264651,24520,2.4706,2.4706,0.0,0.00049762,pretrain_full_gpu0_resume_20260905.log,2.1952079999999925
1,2,24540,264651,24540,2.2195,2.2195,0.0,0.00049762,pretrain_full_gpu0_resume_20260905.log,2.1946799999999924
1,2,24560,264651,24560,1.9436,1.9436,0.0,0.00049761,pretrain_full_gpu0_resume_20260905.log,2.1862879999999922
1,2,24580,264651,24580,2.1737,2.1737,0.0,0.00049761,pretrain_full_gpu0_resume_20260905.log,2.1877999999999926
1,2,24600,264651,24600,2.1068,2.1068,0.0,0.00049761,pretrain_full_gpu0_resume_20260905.log,2.1853679999999924
1,2,24620,264651,24620,1.9509,1.9509,0.0,0.0004976,pretrain_full_gpu0_resume_20260905.log,2.1720279999999925
1,2,24640,264651,24640,2.2077,2.2077,0.0,0.0004976,pretrain_full_gpu0_resume_20260905.log,2.1723999999999926
1,2,24660,264651,24660,2.1925,2.1925,0.0,0.00049759,pretrain_full_gpu0_resume_20260905.log,2.1730839999999927
1,2,24680,264651,24680,2.1563,2.1563,0.0,0.00049759,pretrain_full_gpu0_resume_20260905.log,2.170911999999993
1,2,24700,264651,24700,2.159,2.159,0.0,0.00049759,pretrain_full_gpu0_resume_20260905.log,2.1689199999999924
1,2,24720,264651,24720,2.1733,2.1733,0.0,0.00049758,pretrain_full_gpu0_resume_20260905.log,2.165119999999993
1,2,24740,264651,24740,2.0541,2.0541,0.0,0.00049758,pretrain_full_gpu0_resume_20260905.log,2.157011999999993
1,2,24760,264651,24760,2.1358,2.1358,0.0,0.00049757,pretrain_full_gpu0_resume_20260905.log,2.1568519999999927
1,2,24780,264651,24780,2.3663,2.3663,0.0,0.00049757,pretrain_full_gpu0_resume_20260905.log,2.162363999999993
1,2,24800,264651,24800,2.1416,2.1416,0.0,0.00049757,pretrain_full_gpu0_resume_20260905.log,2.1638719999999925
1,2,24820,264651,24820,2.1362,2.1362,0.0,0.00049756,pretrain_full_gpu0_resume_20260905.log,2.1601559999999926
1,2,24840,264651,24840,2.2745,2.2745,0.0,0.00049756,pretrain_full_gpu0_resume_20260905.log,2.1685399999999926
1,2,24860,264651,24860,2.269,2.269,0.0,0.00049756,pretrain_full_gpu0_resume_20260905.log,2.168703999999993
1,2,24880,264651,24880,2.3059,2.3059,0.0,0.00049755,pretrain_full_gpu0_resume_20260905.log,2.180335999999993
1,2,24900,264651,24900,2.2142,2.2142,0.0,0.00049755,pretrain_full_gpu0_resume_20260905.log,2.183171999999993
1,2,24920,264651,24920,2.1987,2.1987,0.0,0.00049754,pretrain_full_gpu0_resume_20260905.log,2.183195999999993
1,2,24940,264651,24940,2.3358,2.3358,0.0,0.00049754,pretrain_full_gpu0_resume_20260905.log,2.189111999999993
1,2,24960,264651,24960,2.1443,2.1443,0.0,0.00049754,pretrain_full_gpu0_resume_20260905.log,2.178647999999993
1,2,24980,264651,24980,2.1419,2.1419,0.0,0.00049753,pretrain_full_gpu0_resume_20260905.log,2.180251999999993
1,2,25000,264651,25000,2.2184,2.2184,0.0,0.00049753,pretrain_full_gpu0_resume_20260905.log,2.187623999999993
1,2,25020,264651,25020,2.1353,2.1353,0.0,0.00049752,pretrain_full_gpu0_resume_20260926.log,2.174211999999993
1,2,25040,264651,25040,2.1535,2.1535,0.0,0.00049752,pretrain_full_gpu0_resume_20260926.log,2.171571999999993
1,2,25060,264651,25060,2.321,2.321,0.0,0.00049752,pretrain_full_gpu0_resume_20260926.log,2.186667999999993
1,2,25080,264651,25080,2.0342,2.0342,0.0,0.00049751,pretrain_full_gpu0_resume_20260926.log,2.181087999999993
1,2,25100,264651,25100,2.1241,2.1241,0.0,0.00049751,pretrain_full_gpu0_resume_20260926.log,2.1817799999999927
1,2,25120,264651,25120,2.3207,2.3207,0.0,0.0004975,pretrain_full_gpu0_resume_20260926.log,2.196571999999993
1,2,25140,264651,25140,2.0765,2.0765,0.0,0.0004975,pretrain_full_gpu0_resume_20260926.log,2.191323999999993
1,2,25160,264651,25160,2.1883,2.1883,0.0,0.0004975,pretrain_full_gpu0_resume_20260926.log,2.1911559999999928
1,2,25180,264651,25180,2.1779,2.1779,0.0,0.00049749,pretrain_full_gpu0_resume_20260926.log,2.1920199999999928
1,2,25200,264651,25200,2.4804,2.4804,0.0,0.00049749,pretrain_full_gpu0_resume_20260926.log,2.204875999999993
1,2,25220,264651,25220,2.3074,2.3074,0.0,0.00049748,pretrain_full_gpu0_resume_20260926.log,2.210239999999993
1,2,25240,264651,25240,2.0834,2.0834,0.0,0.00049748,pretrain_full_gpu0_resume_20260926.log,2.211411999999993
1,2,25260,264651,25260,2.2322,2.2322,0.0,0.00049748,pretrain_full_gpu0_resume_20260926.log,2.215267999999993
1,2,25280,264651,25280,2.1704,2.1704,0.0,0.00049747,pretrain_full_gpu0_resume_20260926.log,2.2074319999999927
1,2,25300,264651,25300,1.9617,1.9617,0.0,0.00049747,pretrain_full_gpu0_resume_20260926.log,2.200235999999993
1,2,25320,264651,25320,2.0796,2.0796,0.0,0.00049746,pretrain_full_gpu0_resume_20260926.log,2.197971999999993
1,2,25340,264651,25340,2.3646,2.3646,0.0,0.00049746,pretrain_full_gpu0_resume_20260926.log,2.201575999999993
1,2,25360,264651,25360,2.208,2.208,0.0,0.00049746,pretrain_full_gpu0_resume_20260926.log,2.199135999999993
1,2,25380,264651,25380,2.1011,2.1011,0.0,0.00049745,pretrain_full_gpu0_resume_20260926.log,2.190943999999993
1,2,25400,264651,25400,2.1793,2.1793,0.0,0.00049745,pretrain_full_gpu0_resume_20260926.log,2.189547999999993
1,2,25420,264651,25420,2.0739,2.0739,0.0,0.00049744,pretrain_full_gpu0_resume_20260926.log,2.184555999999993
1,2,25440,264651,25440,2.1918,2.1918,0.0,0.00049744,pretrain_full_gpu0_resume_20260926.log,2.178795999999993
1,2,25460,264651,25460,2.0719,2.0719,0.0,0.00049744,pretrain_full_gpu0_resume_20260926.log,2.175899999999993
1,2,25480,264651,25480,2.426,2.426,0.0,0.00049743,pretrain_full_gpu0_resume_20260926.log,2.187263999999993
1,2,25500,264651,25500,2.2915,2.2915,0.0,0.00049743,pretrain_full_gpu0_resume_20260926.log,2.190187999999993
1,2,25520,264651,25520,2.1824,2.1824,0.0,0.00049742,pretrain_full_gpu0_resume_20260926.log,2.192071999999993
1,2,25540,264651,25540,2.0248,2.0248,0.0,0.00049742,pretrain_full_gpu0_resume_20260926.log,2.1869239999999928
1,2,25560,264651,25560,2.2119,2.2119,0.0,0.00049742,pretrain_full_gpu0_resume_20260926.log,2.182559999999993
1,2,25580,264651,25580,2.2306,2.2306,0.0,0.00049741,pretrain_full_gpu0_resume_20260926.log,2.1904159999999933
1,2,25600,264651,25600,2.2019,2.2019,0.0,0.00049741,pretrain_full_gpu0_resume_20260926.log,2.193527999999993
1,2,25620,264651,25620,2.2557,2.2557,0.0,0.0004974,pretrain_full_gpu0_resume_20260926.log,2.190927999999993
1,2,25640,264651,25640,2.2063,2.2063,0.0,0.0004974,pretrain_full_gpu0_resume_20260926.log,2.196119999999993
1,2,25660,264651,25660,2.3107,2.3107,0.0,0.0004974,pretrain_full_gpu0_resume_20260926.log,2.201015999999993
1,2,25680,264651,25680,2.2337,2.2337,0.0,0.00049739,pretrain_full_gpu0_resume_20260926.log,2.2032479999999928
1,2,25700,264651,25700,2.2265,2.2265,0.0,0.00049739,pretrain_full_gpu0_resume_20260926.log,2.1930919999999925
1,2,25720,264651,25720,2.1049,2.1049,0.0,0.00049738,pretrain_full_gpu0_resume_20260926.log,2.1849919999999927
1,2,25740,264651,25740,2.2249,2.2249,0.0,0.00049738,pretrain_full_gpu0_resume_20260926.log,2.1906519999999925
1,2,25760,264651,25760,2.3341,2.3341,0.0,0.00049738,pretrain_full_gpu0_resume_20260926.log,2.1947279999999925
1,2,25780,264651,25780,2.1143,2.1143,0.0,0.00049737,pretrain_full_gpu0_resume_20260926.log,2.1924839999999928
1,2,25800,264651,25800,2.2621,2.2621,0.0,0.00049737,pretrain_full_gpu0_resume_20260926.log,2.204499999999993
1,2,25820,264651,25820,2.2707,2.2707,0.0,0.00049736,pretrain_full_gpu0_resume_20260926.log,2.212143999999993
1,2,25840,264651,25840,1.9568,1.9568,0.0,0.00049736,pretrain_full_gpu0_resume_20260926.log,2.1958319999999927
1,2,25860,264651,25860,2.2369,2.2369,0.0,0.00049735,pretrain_full_gpu0_resume_20260926.log,2.1969879999999926
1,2,25880,264651,25880,2.1584,2.1584,0.0,0.00049735,pretrain_full_gpu0_resume_20260926.log,2.199279999999993
