swanlab: Tracking run with swanlab version 0.7.11
swanlab: Run data will be saved locally in 
/home/jk/work/minimind/trainer/swanlog/run-20260905_170626-bdivuzzpqk51fpkh1dnmm
swanlab: Backing up run 
MiniMind-Pretrain-Epoch-2-BatchSize-32-LearningRate-0.0005 locally
swanlab:  ☁️ Run `swanlab sync 
/home/jk/work/minimind/trainer/swanlog/run-20260905_170626-bdivuzzpqk51fpkh1dnmm
` to sync logs to remote server
Model Params: 63.91M
Trainable Params: 63.912M
Epoch [1/2]: 跳过前3000个step，从step 3001开始
Epoch:[1/2](3020/264651), loss: 3.0825, logits_loss: 3.0825, aux_loss: 0.0000, lr: 0.00049996, epoch_time: 578.0min
Epoch:[1/2](3040/264651), loss: 3.4181, logits_loss: 3.4181, aux_loss: 0.0000, lr: 0.00049996, epoch_time: 450.0min
Epoch:[1/2](3060/264651), loss: 3.1379, logits_loss: 3.1379, aux_loss: 0.0000, lr: 0.00049996, epoch_time: 408.0min
Epoch:[1/2](3080/264651), loss: 3.4253, logits_loss: 3.4253, aux_loss: 0.0000, lr: 0.00049996, epoch_time: 387.0min
Epoch:[1/2](3100/264651), loss: 3.1261, logits_loss: 3.1261, aux_loss: 0.0000, lr: 0.00049996, epoch_time: 374.0min
Epoch:[1/2](3120/264651), loss: 3.1589, logits_loss: 3.1589, aux_loss: 0.0000, lr: 0.00049996, epoch_time: 367.0min
Epoch:[1/2](3140/264651), loss: 3.0733, logits_loss: 3.0733, aux_loss: 0.0000, lr: 0.00049996, epoch_time: 361.0min
Epoch:[1/2](3160/264651), loss: 3.0593, logits_loss: 3.0593, aux_loss: 0.0000, lr: 0.00049996, epoch_time: 356.0min
Epoch:[1/2](3180/264651), loss: 3.1334, logits_loss: 3.1334, aux_loss: 0.0000, lr: 0.00049996, epoch_time: 352.0min
Epoch:[1/2](3200/264651), loss: 3.2519, logits_loss: 3.2519, aux_loss: 0.0000, lr: 0.00049996, epoch_time: 349.0min
Epoch:[1/2](3220/264651), loss: 3.2992, logits_loss: 3.2992, aux_loss: 0.0000, lr: 0.00049996, epoch_time: 347.0min
Epoch:[1/2](3240/264651), loss: 3.2221, logits_loss: 3.2221, aux_loss: 0.0000, lr: 0.00049996, epoch_time: 345.0min
Epoch:[1/2](3260/264651), loss: 3.0917, logits_loss: 3.0917, aux_loss: 0.0000, lr: 0.00049996, epoch_time: 344.0min
Epoch:[1/2](3280/264651), loss: 3.0811, logits_loss: 3.0811, aux_loss: 0.0000, lr: 0.00049996, epoch_time: 342.0min
Epoch:[1/2](3300/264651), loss: 3.1000, logits_loss: 3.1000, aux_loss: 0.0000, lr: 0.00049996, epoch_time: 341.0min
Epoch:[1/2](3320/264651), loss: 3.2540, logits_loss: 3.2540, aux_loss: 0.0000, lr: 0.00049996, epoch_time: 340.0min
Epoch:[1/2](3340/264651), loss: 3.0618, logits_loss: 3.0618, aux_loss: 0.0000, lr: 0.00049996, epoch_time: 339.0min
Epoch:[1/2](3360/264651), loss: 3.0546, logits_loss: 3.0546, aux_loss: 0.0000, lr: 0.00049996, epoch_time: 338.0min
Epoch:[1/2](3380/264651), loss: 3.1524, logits_loss: 3.1524, aux_loss: 0.0000, lr: 0.00049995, epoch_time: 337.0min
Epoch:[1/2](3400/264651), loss: 2.9808, logits_loss: 2.9808, aux_loss: 0.0000, lr: 0.00049995, epoch_time: 336.0min
Epoch:[1/2](3420/264651), loss: 3.1637, logits_loss: 3.1637, aux_loss: 0.0000, lr: 0.00049995, epoch_time: 336.0min
Epoch:[1/2](3440/264651), loss: 3.0505, logits_loss: 3.0505, aux_loss: 0.0000, lr: 0.00049995, epoch_time: 335.0min
Epoch:[1/2](3460/264651), loss: 3.0839, logits_loss: 3.0839, aux_loss: 0.0000, lr: 0.00049995, epoch_time: 335.0min
Epoch:[1/2](3480/264651), loss: 3.2953, logits_loss: 3.2953, aux_loss: 0.0000, lr: 0.00049995, epoch_time: 334.0min
Epoch:[1/2](3500/264651), loss: 3.1234, logits_loss: 3.1234, aux_loss: 0.0000, lr: 0.00049995, epoch_time: 334.0min
Epoch:[1/2](3520/264651), loss: 3.0255, logits_loss: 3.0255, aux_loss: 0.0000, lr: 0.00049995, epoch_time: 451.0min
Epoch:[1/2](3540/264651), loss: 3.2067, logits_loss: 3.2067, aux_loss: 0.0000, lr: 0.00049995, epoch_time: 446.0min
Epoch:[1/2](3560/264651), loss: 3.0812, logits_loss: 3.0812, aux_loss: 0.0000, lr: 0.00049995, epoch_time: 441.0min
Epoch:[1/2](3580/264651), loss: 3.1017, logits_loss: 3.1017, aux_loss: 0.0000, lr: 0.00049995, epoch_time: 437.0min
Epoch:[1/2](3600/264651), loss: 3.0339, logits_loss: 3.0339, aux_loss: 0.0000, lr: 0.00049995, epoch_time: 434.0min
Epoch:[1/2](3620/264651), loss: 2.9274, logits_loss: 2.9274, aux_loss: 0.0000, lr: 0.00049995, epoch_time: 430.0min
Epoch:[1/2](3640/264651), loss: 3.2416, logits_loss: 3.2416, aux_loss: 0.0000, lr: 0.00049995, epoch_time: 427.0min
Epoch:[1/2](3660/264651), loss: 3.0729, logits_loss: 3.0729, aux_loss: 0.0000, lr: 0.00049995, epoch_time: 424.0min
Epoch:[1/2](3680/264651), loss: 2.8203, logits_loss: 2.8203, aux_loss: 0.0000, lr: 0.00049995, epoch_time: 421.0min
Epoch:[1/2](3700/264651), loss: 2.9745, logits_loss: 2.9745, aux_loss: 0.0000, lr: 0.00049995, epoch_time: 418.0min
Epoch:[1/2](3720/264651), loss: 2.9011, logits_loss: 2.9011, aux_loss: 0.0000, lr: 0.00049995, epoch_time: 416.0min
Epoch:[1/2](3740/264651), loss: 3.1705, logits_loss: 3.1705, aux_loss: 0.0000, lr: 0.00049994, epoch_time: 413.0min
Epoch:[1/2](3760/264651), loss: 2.9873, logits_loss: 2.9873, aux_loss: 0.0000, lr: 0.00049994, epoch_time: 411.0min
Epoch:[1/2](3780/264651), loss: 3.0745, logits_loss: 3.0745, aux_loss: 0.0000, lr: 0.00049994, epoch_time: 408.0min
Epoch:[1/2](3800/264651), loss: 2.8489, logits_loss: 2.8489, aux_loss: 0.0000, lr: 0.00049994, epoch_time: 406.0min
Epoch:[1/2](3820/264651), loss: 3.0737, logits_loss: 3.0737, aux_loss: 0.0000, lr: 0.00049994, epoch_time: 404.0min
Epoch:[1/2](3840/264651), loss: 2.6603, logits_loss: 2.6603, aux_loss: 0.0000, lr: 0.00049994, epoch_time: 402.0min
Epoch:[1/2](3860/264651), loss: 3.0662, logits_loss: 3.0662, aux_loss: 0.0000, lr: 0.00049994, epoch_time: 400.0min
Epoch:[1/2](3880/264651), loss: 2.8145, logits_loss: 2.8145, aux_loss: 0.0000, lr: 0.00049994, epoch_time: 399.0min
Epoch:[1/2](3900/264651), loss: 2.9498, logits_loss: 2.9498, aux_loss: 0.0000, lr: 0.00049994, epoch_time: 397.0min
Epoch:[1/2](3920/264651), loss: 2.9643, logits_loss: 2.9643, aux_loss: 0.0000, lr: 0.00049994, epoch_time: 395.0min
Epoch:[1/2](3940/264651), loss: 2.8576, logits_loss: 2.8576, aux_loss: 0.0000, lr: 0.00049994, epoch_time: 394.0min
Epoch:[1/2](3960/264651), loss: 3.1754, logits_loss: 3.1754, aux_loss: 0.0000, lr: 0.00049994, epoch_time: 392.0min
Epoch:[1/2](3980/264651), loss: 2.9515, logits_loss: 2.9515, aux_loss: 0.0000, lr: 0.00049994, epoch_time: 391.0min
Epoch:[1/2](4000/264651), loss: 3.0709, logits_loss: 3.0709, aux_loss: 0.0000, lr: 0.00049994, epoch_time: 390.0min
Epoch:[1/2](4020/264651), loss: 3.0857, logits_loss: 3.0857, aux_loss: 0.0000, lr: 0.00049994, epoch_time: 445.0min
Epoch:[1/2](4040/264651), loss: 2.9530, logits_loss: 2.9530, aux_loss: 0.0000, lr: 0.00049994, epoch_time: 442.0min
Epoch:[1/2](4060/264651), loss: 3.1987, logits_loss: 3.1987, aux_loss: 0.0000, lr: 0.00049993, epoch_time: 440.0min
Epoch:[1/2](4080/264651), loss: 2.7778, logits_loss: 2.7778, aux_loss: 0.0000, lr: 0.00049993, epoch_time: 438.0min
Epoch:[1/2](4100/264651), loss: 2.9028, logits_loss: 2.9028, aux_loss: 0.0000, lr: 0.00049993, epoch_time: 436.0min
Epoch:[1/2](4120/264651), loss: 2.9637, logits_loss: 2.9637, aux_loss: 0.0000, lr: 0.00049993, epoch_time: 434.0min
Epoch:[1/2](4140/264651), loss: 2.9629, logits_loss: 2.9629, aux_loss: 0.0000, lr: 0.00049993, epoch_time: 432.0min
Epoch:[1/2](4160/264651), loss: 2.9549, logits_loss: 2.9549, aux_loss: 0.0000, lr: 0.00049993, epoch_time: 430.0min
Epoch:[1/2](4180/264651), loss: 2.8420, logits_loss: 2.8420, aux_loss: 0.0000, lr: 0.00049993, epoch_time: 428.0min
Epoch:[1/2](4200/264651), loss: 2.7583, logits_loss: 2.7583, aux_loss: 0.0000, lr: 0.00049993, epoch_time: 426.0min
Epoch:[1/2](4220/264651), loss: 2.8200, logits_loss: 2.8200, aux_loss: 0.0000, lr: 0.00049993, epoch_time: 425.0min
Epoch:[1/2](4240/264651), loss: 2.8752, logits_loss: 2.8752, aux_loss: 0.0000, lr: 0.00049993, epoch_time: 423.0min
Epoch:[1/2](4260/264651), loss: 2.7182, logits_loss: 2.7182, aux_loss: 0.0000, lr: 0.00049993, epoch_time: 421.0min
Epoch:[1/2](4280/264651), loss: 2.9136, logits_loss: 2.9136, aux_loss: 0.0000, lr: 0.00049993, epoch_time: 420.0min
Epoch:[1/2](4300/264651), loss: 2.8936, logits_loss: 2.8936, aux_loss: 0.0000, lr: 0.00049993, epoch_time: 419.0min
Epoch:[1/2](4320/264651), loss: 2.8684, logits_loss: 2.8684, aux_loss: 0.0000, lr: 0.00049993, epoch_time: 417.0min
Epoch:[1/2](4340/264651), loss: 2.8742, logits_loss: 2.8742, aux_loss: 0.0000, lr: 0.00049993, epoch_time: 416.0min
Epoch:[1/2](4360/264651), loss: 3.0337, logits_loss: 3.0337, aux_loss: 0.0000, lr: 0.00049992, epoch_time: 415.0min
Epoch:[1/2](4380/264651), loss: 3.0024, logits_loss: 3.0024, aux_loss: 0.0000, lr: 0.00049992, epoch_time: 413.0min
Epoch:[1/2](4400/264651), loss: 2.8260, logits_loss: 2.8260, aux_loss: 0.0000, lr: 0.00049992, epoch_time: 412.0min
Epoch:[1/2](4420/264651), loss: 2.9780, logits_loss: 2.9780, aux_loss: 0.0000, lr: 0.00049992, epoch_time: 411.0min
Epoch:[1/2](4440/264651), loss: 2.6853, logits_loss: 2.6853, aux_loss: 0.0000, lr: 0.00049992, epoch_time: 410.0min
Epoch:[1/2](4460/264651), loss: 2.7785, logits_loss: 2.7785, aux_loss: 0.0000, lr: 0.00049992, epoch_time: 409.0min
Epoch:[1/2](4480/264651), loss: 2.6894, logits_loss: 2.6894, aux_loss: 0.0000, lr: 0.00049992, epoch_time: 408.0min
Epoch:[1/2](4500/264651), loss: 2.7348, logits_loss: 2.7348, aux_loss: 0.0000, lr: 0.00049992, epoch_time: 407.0min
Epoch:[1/2](4520/264651), loss: 2.7036, logits_loss: 2.7036, aux_loss: 0.0000, lr: 0.00049992, epoch_time: 446.0min
Epoch:[1/2](4540/264651), loss: 2.7476, logits_loss: 2.7476, aux_loss: 0.0000, lr: 0.00049992, epoch_time: 444.0min
Epoch:[1/2](4560/264651), loss: 2.7967, logits_loss: 2.7967, aux_loss: 0.0000, lr: 0.00049992, epoch_time: 442.0min
Epoch:[1/2](4580/264651), loss: 2.8628, logits_loss: 2.8628, aux_loss: 0.0000, lr: 0.00049992, epoch_time: 441.0min
Epoch:[1/2](4600/264651), loss: 2.8878, logits_loss: 2.8878, aux_loss: 0.0000, lr: 0.00049992, epoch_time: 439.0min
Epoch:[1/2](4620/264651), loss: 2.9377, logits_loss: 2.9377, aux_loss: 0.0000, lr: 0.00049992, epoch_time: 438.0min
Epoch:[1/2](4640/264651), loss: 2.9534, logits_loss: 2.9534, aux_loss: 0.0000, lr: 0.00049991, epoch_time: 437.0min
Epoch:[1/2](4660/264651), loss: 2.9192, logits_loss: 2.9192, aux_loss: 0.0000, lr: 0.00049991, epoch_time: 435.0min
Epoch:[1/2](4680/264651), loss: 2.9792, logits_loss: 2.9792, aux_loss: 0.0000, lr: 0.00049991, epoch_time: 434.0min
Epoch:[1/2](4700/264651), loss: 2.8584, logits_loss: 2.8584, aux_loss: 0.0000, lr: 0.00049991, epoch_time: 433.0min
Epoch:[1/2](4720/264651), loss: 2.6719, logits_loss: 2.6719, aux_loss: 0.0000, lr: 0.00049991, epoch_time: 431.0min
Epoch:[1/2](4740/264651), loss: 2.7782, logits_loss: 2.7782, aux_loss: 0.0000, lr: 0.00049991, epoch_time: 430.0min
Epoch:[1/2](4760/264651), loss: 2.6938, logits_loss: 2.6938, aux_loss: 0.0000, lr: 0.00049991, epoch_time: 429.0min
Epoch:[1/2](4780/264651), loss: 2.8041, logits_loss: 2.8041, aux_loss: 0.0000, lr: 0.00049991, epoch_time: 428.0min
Epoch:[1/2](4800/264651), loss: 2.6791, logits_loss: 2.6791, aux_loss: 0.0000, lr: 0.00049991, epoch_time: 427.0min
Epoch:[1/2](4820/264651), loss: 2.7537, logits_loss: 2.7537, aux_loss: 0.0000, lr: 0.00049991, epoch_time: 426.0min
Epoch:[1/2](4840/264651), loss: 2.9489, logits_loss: 2.9489, aux_loss: 0.0000, lr: 0.00049991, epoch_time: 425.0min
Epoch:[1/2](4860/264651), loss: 2.8772, logits_loss: 2.8772, aux_loss: 0.0000, lr: 0.00049991, epoch_time: 424.0min
Epoch:[1/2](4880/264651), loss: 2.7906, logits_loss: 2.7906, aux_loss: 0.0000, lr: 0.00049991, epoch_time: 423.0min
Epoch:[1/2](4900/264651), loss: 2.7867, logits_loss: 2.7867, aux_loss: 0.0000, lr: 0.00049990, epoch_time: 422.0min
Epoch:[1/2](4920/264651), loss: 2.6620, logits_loss: 2.6620, aux_loss: 0.0000, lr: 0.00049990, epoch_time: 421.0min
Epoch:[1/2](4940/264651), loss: 2.6811, logits_loss: 2.6811, aux_loss: 0.0000, lr: 0.00049990, epoch_time: 420.0min
Epoch:[1/2](4960/264651), loss: 2.8427, logits_loss: 2.8427, aux_loss: 0.0000, lr: 0.00049990, epoch_time: 419.0min
Epoch:[1/2](4980/264651), loss: 2.9635, logits_loss: 2.9635, aux_loss: 0.0000, lr: 0.00049990, epoch_time: 418.0min
Epoch:[1/2](5000/264651), loss: 2.9068, logits_loss: 2.9068, aux_loss: 0.0000, lr: 0.00049990, epoch_time: 417.0min
Epoch:[1/2](5020/264651), loss: 2.6509, logits_loss: 2.6509, aux_loss: 0.0000, lr: 0.00049990, epoch_time: 445.0min
Epoch:[1/2](5040/264651), loss: 2.6559, logits_loss: 2.6559, aux_loss: 0.0000, lr: 0.00049990, epoch_time: 444.0min
Epoch:[1/2](5060/264651), loss: 2.8203, logits_loss: 2.8203, aux_loss: 0.0000, lr: 0.00049990, epoch_time: 443.0min
Epoch:[1/2](5080/264651), loss: 2.8629, logits_loss: 2.8629, aux_loss: 0.0000, lr: 0.00049990, epoch_time: 441.0min
Epoch:[1/2](5100/264651), loss: 2.8043, logits_loss: 2.8043, aux_loss: 0.0000, lr: 0.00049990, epoch_time: 440.0min
Epoch:[1/2](5120/264651), loss: 2.6664, logits_loss: 2.6664, aux_loss: 0.0000, lr: 0.00049990, epoch_time: 439.0min
Epoch:[1/2](5140/264651), loss: 2.7645, logits_loss: 2.7645, aux_loss: 0.0000, lr: 0.00049990, epoch_time: 438.0min
Epoch:[1/2](5160/264651), loss: 2.7858, logits_loss: 2.7858, aux_loss: 0.0000, lr: 0.00049989, epoch_time: 437.0min
Epoch:[1/2](5180/264651), loss: 2.5929, logits_loss: 2.5929, aux_loss: 0.0000, lr: 0.00049989, epoch_time: 436.0min
Epoch:[1/2](5200/264651), loss: 2.7557, logits_loss: 2.7557, aux_loss: 0.0000, lr: 0.00049989, epoch_time: 435.0min
Epoch:[1/2](5220/264651), loss: 2.6996, logits_loss: 2.6996, aux_loss: 0.0000, lr: 0.00049989, epoch_time: 434.0min
Epoch:[1/2](5240/264651), loss: 2.6162, logits_loss: 2.6162, aux_loss: 0.0000, lr: 0.00049989, epoch_time: 433.0min
Epoch:[1/2](5260/264651), loss: 2.7726, logits_loss: 2.7726, aux_loss: 0.0000, lr: 0.00049989, epoch_time: 432.0min
Epoch:[1/2](5280/264651), loss: 2.7031, logits_loss: 2.7031, aux_loss: 0.0000, lr: 0.00049989, epoch_time: 431.0min
Epoch:[1/2](5300/264651), loss: 2.7734, logits_loss: 2.7734, aux_loss: 0.0000, lr: 0.00049989, epoch_time: 430.0min
Epoch:[1/2](5320/264651), loss: 2.7393, logits_loss: 2.7393, aux_loss: 0.0000, lr: 0.00049989, epoch_time: 429.0min
Epoch:[1/2](5340/264651), loss: 2.7814, logits_loss: 2.7814, aux_loss: 0.0000, lr: 0.00049989, epoch_time: 429.0min
Epoch:[1/2](5360/264651), loss: 2.7147, logits_loss: 2.7147, aux_loss: 0.0000, lr: 0.00049989, epoch_time: 428.0min
Epoch:[1/2](5380/264651), loss: 2.9447, logits_loss: 2.9447, aux_loss: 0.0000, lr: 0.00049989, epoch_time: 427.0min
Epoch:[1/2](5400/264651), loss: 2.7546, logits_loss: 2.7546, aux_loss: 0.0000, lr: 0.00049988, epoch_time: 426.0min
Epoch:[1/2](5420/264651), loss: 2.9247, logits_loss: 2.9247, aux_loss: 0.0000, lr: 0.00049988, epoch_time: 425.0min
Epoch:[1/2](5440/264651), loss: 2.7213, logits_loss: 2.7213, aux_loss: 0.0000, lr: 0.00049988, epoch_time: 425.0min
Epoch:[1/2](5460/264651), loss: 2.8301, logits_loss: 2.8301, aux_loss: 0.0000, lr: 0.00049988, epoch_time: 424.0min
Epoch:[1/2](5480/264651), loss: 2.8155, logits_loss: 2.8155, aux_loss: 0.0000, lr: 0.00049988, epoch_time: 423.0min
Epoch:[1/2](5500/264651), loss: 2.7290, logits_loss: 2.7290, aux_loss: 0.0000, lr: 0.00049988, epoch_time: 422.0min
Epoch:[1/2](5520/264651), loss: 2.8387, logits_loss: 2.8387, aux_loss: 0.0000, lr: 0.00049988, epoch_time: 444.0min
Epoch:[1/2](5540/264651), loss: 2.8433, logits_loss: 2.8433, aux_loss: 0.0000, lr: 0.00049988, epoch_time: 443.0min
Epoch:[1/2](5560/264651), loss: 2.7322, logits_loss: 2.7322, aux_loss: 0.0000, lr: 0.00049988, epoch_time: 442.0min
Epoch:[1/2](5580/264651), loss: 2.7704, logits_loss: 2.7704, aux_loss: 0.0000, lr: 0.00049988, epoch_time: 441.0min
Epoch:[1/2](5600/264651), loss: 2.6867, logits_loss: 2.6867, aux_loss: 0.0000, lr: 0.00049988, epoch_time: 440.0min
Epoch:[1/2](5620/264651), loss: 2.7258, logits_loss: 2.7258, aux_loss: 0.0000, lr: 0.00049987, epoch_time: 439.0min
Epoch:[1/2](5640/264651), loss: 2.8136, logits_loss: 2.8136, aux_loss: 0.0000, lr: 0.00049987, epoch_time: 439.0min
Epoch:[1/2](5660/264651), loss: 2.7779, logits_loss: 2.7779, aux_loss: 0.0000, lr: 0.00049987, epoch_time: 438.0min
Epoch:[1/2](5680/264651), loss: 2.6135, logits_loss: 2.6135, aux_loss: 0.0000, lr: 0.00049987, epoch_time: 437.0min
Epoch:[1/2](5700/264651), loss: 2.6733, logits_loss: 2.6733, aux_loss: 0.0000, lr: 0.00049987, epoch_time: 436.0min
Epoch:[1/2](5720/264651), loss: 2.8354, logits_loss: 2.8354, aux_loss: 0.0000, lr: 0.00049987, epoch_time: 435.0min
Epoch:[1/2](5740/264651), loss: 2.8631, logits_loss: 2.8631, aux_loss: 0.0000, lr: 0.00049987, epoch_time: 434.0min
Epoch:[1/2](5760/264651), loss: 2.7197, logits_loss: 2.7197, aux_loss: 0.0000, lr: 0.00049987, epoch_time: 434.0min
Epoch:[1/2](5780/264651), loss: 2.7030, logits_loss: 2.7030, aux_loss: 0.0000, lr: 0.00049987, epoch_time: 433.0min
Epoch:[1/2](5800/264651), loss: 2.7041, logits_loss: 2.7041, aux_loss: 0.0000, lr: 0.00049987, epoch_time: 432.0min
Epoch:[1/2](5820/264651), loss: 2.7287, logits_loss: 2.7287, aux_loss: 0.0000, lr: 0.00049987, epoch_time: 431.0min
Epoch:[1/2](5840/264651), loss: 2.6563, logits_loss: 2.6563, aux_loss: 0.0000, lr: 0.00049986, epoch_time: 431.0min
Epoch:[1/2](5860/264651), loss: 2.7508, logits_loss: 2.7508, aux_loss: 0.0000, lr: 0.00049986, epoch_time: 430.0min
Epoch:[1/2](5880/264651), loss: 2.4403, logits_loss: 2.4403, aux_loss: 0.0000, lr: 0.00049986, epoch_time: 429.0min
Epoch:[1/2](5900/264651), loss: 2.7024, logits_loss: 2.7024, aux_loss: 0.0000, lr: 0.00049986, epoch_time: 429.0min
Epoch:[1/2](5920/264651), loss: 2.5038, logits_loss: 2.5038, aux_loss: 0.0000, lr: 0.00049986, epoch_time: 428.0min
Epoch:[1/2](5940/264651), loss: 2.6792, logits_loss: 2.6792, aux_loss: 0.0000, lr: 0.00049986, epoch_time: 427.0min
Epoch:[1/2](5960/264651), loss: 2.6496, logits_loss: 2.6496, aux_loss: 0.0000, lr: 0.00049986, epoch_time: 427.0min
Epoch:[1/2](5980/264651), loss: 2.5752, logits_loss: 2.5752, aux_loss: 0.0000, lr: 0.00049986, epoch_time: 426.0min
Epoch:[1/2](6000/264651), loss: 2.6882, logits_loss: 2.6882, aux_loss: 0.0000, lr: 0.00049986, epoch_time: 425.0min
Epoch:[1/2](6020/264651), loss: 2.8644, logits_loss: 2.8644, aux_loss: 0.0000, lr: 0.00049986, epoch_time: 444.0min
Epoch:[1/2](6040/264651), loss: 2.7839, logits_loss: 2.7839, aux_loss: 0.0000, lr: 0.00049986, epoch_time: 443.0min
Epoch:[1/2](6060/264651), loss: 2.6386, logits_loss: 2.6386, aux_loss: 0.0000, lr: 0.00049985, epoch_time: 442.0min
Epoch:[1/2](6080/264651), loss: 2.5660, logits_loss: 2.5660, aux_loss: 0.0000, lr: 0.00049985, epoch_time: 441.0min
Epoch:[1/2](6100/264651), loss: 2.4489, logits_loss: 2.4489, aux_loss: 0.0000, lr: 0.00049985, epoch_time: 440.0min
Epoch:[1/2](6120/264651), loss: 2.7023, logits_loss: 2.7023, aux_loss: 0.0000, lr: 0.00049985, epoch_time: 440.0min
Epoch:[1/2](6140/264651), loss: 2.7440, logits_loss: 2.7440, aux_loss: 0.0000, lr: 0.00049985, epoch_time: 439.0min
Epoch:[1/2](6160/264651), loss: 2.4335, logits_loss: 2.4335, aux_loss: 0.0000, lr: 0.00049985, epoch_time: 438.0min
Epoch:[1/2](6180/264651), loss: 2.7070, logits_loss: 2.7070, aux_loss: 0.0000, lr: 0.00049985, epoch_time: 437.0min
Epoch:[1/2](6200/264651), loss: 2.6941, logits_loss: 2.6941, aux_loss: 0.0000, lr: 0.00049985, epoch_time: 437.0min
Epoch:[1/2](6220/264651), loss: 2.5959, logits_loss: 2.5959, aux_loss: 0.0000, lr: 0.00049985, epoch_time: 436.0min
Epoch:[1/2](6240/264651), loss: 2.6824, logits_loss: 2.6824, aux_loss: 0.0000, lr: 0.00049985, epoch_time: 435.0min
Epoch:[1/2](6260/264651), loss: 2.7376, logits_loss: 2.7376, aux_loss: 0.0000, lr: 0.00049984, epoch_time: 435.0min
Epoch:[1/2](6280/264651), loss: 2.6519, logits_loss: 2.6519, aux_loss: 0.0000, lr: 0.00049984, epoch_time: 434.0min
Epoch:[1/2](6300/264651), loss: 2.5698, logits_loss: 2.5698, aux_loss: 0.0000, lr: 0.00049984, epoch_time: 433.0min
Epoch:[1/2](6320/264651), loss: 2.6330, logits_loss: 2.6330, aux_loss: 0.0000, lr: 0.00049984, epoch_time: 433.0min
Epoch:[1/2](6340/264651), loss: 2.6654, logits_loss: 2.6654, aux_loss: 0.0000, lr: 0.00049984, epoch_time: 432.0min
Epoch:[1/2](6360/264651), loss: 2.8047, logits_loss: 2.8047, aux_loss: 0.0000, lr: 0.00049984, epoch_time: 431.0min
Epoch:[1/2](6380/264651), loss: 2.5025, logits_loss: 2.5025, aux_loss: 0.0000, lr: 0.00049984, epoch_time: 431.0min
Epoch:[1/2](6400/264651), loss: 2.4751, logits_loss: 2.4751, aux_loss: 0.0000, lr: 0.00049984, epoch_time: 430.0min
Epoch:[1/2](6420/264651), loss: 2.7101, logits_loss: 2.7101, aux_loss: 0.0000, lr: 0.00049984, epoch_time: 430.0min
Epoch:[1/2](6440/264651), loss: 2.6692, logits_loss: 2.6692, aux_loss: 0.0000, lr: 0.00049984, epoch_time: 429.0min
Epoch:[1/2](6460/264651), loss: 2.2209, logits_loss: 2.2209, aux_loss: 0.0000, lr: 0.00049983, epoch_time: 428.0min
Epoch:[1/2](6480/264651), loss: 2.7966, logits_loss: 2.7966, aux_loss: 0.0000, lr: 0.00049983, epoch_time: 428.0min
Epoch:[1/2](6500/264651), loss: 2.5586, logits_loss: 2.5586, aux_loss: 0.0000, lr: 0.00049983, epoch_time: 427.0min
Epoch:[1/2](6520/264651), loss: 2.6477, logits_loss: 2.6477, aux_loss: 0.0000, lr: 0.00049983, epoch_time: 443.0min
Epoch:[1/2](6540/264651), loss: 3.0118, logits_loss: 3.0118, aux_loss: 0.0000, lr: 0.00049983, epoch_time: 442.0min
Epoch:[1/2](6560/264651), loss: 2.5530, logits_loss: 2.5530, aux_loss: 0.0000, lr: 0.00049983, epoch_time: 442.0min
Epoch:[1/2](6580/264651), loss: 2.6037, logits_loss: 2.6037, aux_loss: 0.0000, lr: 0.00049983, epoch_time: 441.0min
Epoch:[1/2](6600/264651), loss: 2.5665, logits_loss: 2.5665, aux_loss: 0.0000, lr: 0.00049983, epoch_time: 440.0min
Epoch:[1/2](6620/264651), loss: 2.6893, logits_loss: 2.6893, aux_loss: 0.0000, lr: 0.00049983, epoch_time: 440.0min
Epoch:[1/2](6640/264651), loss: 2.6340, logits_loss: 2.6340, aux_loss: 0.0000, lr: 0.00049983, epoch_time: 439.0min
Epoch:[1/2](6660/264651), loss: 2.5045, logits_loss: 2.5045, aux_loss: 0.0000, lr: 0.00049982, epoch_time: 438.0min
Epoch:[1/2](6680/264651), loss: 2.7198, logits_loss: 2.7198, aux_loss: 0.0000, lr: 0.00049982, epoch_time: 438.0min
Epoch:[1/2](6700/264651), loss: 2.5790, logits_loss: 2.5790, aux_loss: 0.0000, lr: 0.00049982, epoch_time: 437.0min
Epoch:[1/2](6720/264651), loss: 2.6754, logits_loss: 2.6754, aux_loss: 0.0000, lr: 0.00049982, epoch_time: 436.0min
Epoch:[1/2](6740/264651), loss: 2.6370, logits_loss: 2.6370, aux_loss: 0.0000, lr: 0.00049982, epoch_time: 436.0min
Epoch:[1/2](6760/264651), loss: 2.4875, logits_loss: 2.4875, aux_loss: 0.0000, lr: 0.00049982, epoch_time: 435.0min
Epoch:[1/2](6780/264651), loss: 2.7078, logits_loss: 2.7078, aux_loss: 0.0000, lr: 0.00049982, epoch_time: 435.0min
Epoch:[1/2](6800/264651), loss: 2.7563, logits_loss: 2.7563, aux_loss: 0.0000, lr: 0.00049982, epoch_time: 434.0min
Epoch:[1/2](6820/264651), loss: 2.7348, logits_loss: 2.7348, aux_loss: 0.0000, lr: 0.00049982, epoch_time: 433.0min
Epoch:[1/2](6840/264651), loss: 2.6667, logits_loss: 2.6667, aux_loss: 0.0000, lr: 0.00049981, epoch_time: 433.0min
Epoch:[1/2](6860/264651), loss: 2.5907, logits_loss: 2.5907, aux_loss: 0.0000, lr: 0.00049981, epoch_time: 432.0min
Epoch:[1/2](6880/264651), loss: 2.6515, logits_loss: 2.6515, aux_loss: 0.0000, lr: 0.00049981, epoch_time: 432.0min
Epoch:[1/2](6900/264651), loss: 2.3461, logits_loss: 2.3461, aux_loss: 0.0000, lr: 0.00049981, epoch_time: 431.0min
Epoch:[1/2](6920/264651), loss: 2.7186, logits_loss: 2.7186, aux_loss: 0.0000, lr: 0.00049981, epoch_time: 431.0min
Epoch:[1/2](6940/264651), loss: 2.5844, logits_loss: 2.5844, aux_loss: 0.0000, lr: 0.00049981, epoch_time: 430.0min
Epoch:[1/2](6960/264651), loss: 2.4911, logits_loss: 2.4911, aux_loss: 0.0000, lr: 0.00049981, epoch_time: 430.0min
Epoch:[1/2](6980/264651), loss: 2.4822, logits_loss: 2.4822, aux_loss: 0.0000, lr: 0.00049981, epoch_time: 429.0min
Epoch:[1/2](7000/264651), loss: 2.7130, logits_loss: 2.7130, aux_loss: 0.0000, lr: 0.00049981, epoch_time: 429.0min
Epoch:[1/2](7020/264651), loss: 2.5766, logits_loss: 2.5766, aux_loss: 0.0000, lr: 0.00049980, epoch_time: 443.0min
Epoch:[1/2](7040/264651), loss: 2.6540, logits_loss: 2.6540, aux_loss: 0.0000, lr: 0.00049980, epoch_time: 442.0min
Epoch:[1/2](7060/264651), loss: 2.6277, logits_loss: 2.6277, aux_loss: 0.0000, lr: 0.00049980, epoch_time: 442.0min
Epoch:[1/2](7080/264651), loss: 2.3996, logits_loss: 2.3996, aux_loss: 0.0000, lr: 0.00049980, epoch_time: 441.0min
Epoch:[1/2](7100/264651), loss: 2.6296, logits_loss: 2.6296, aux_loss: 0.0000, lr: 0.00049980, epoch_time: 440.0min
Epoch:[1/2](7120/264651), loss: 2.5831, logits_loss: 2.5831, aux_loss: 0.0000, lr: 0.00049980, epoch_time: 440.0min
Epoch:[1/2](7140/264651), loss: 2.5377, logits_loss: 2.5377, aux_loss: 0.0000, lr: 0.00049980, epoch_time: 439.0min
Epoch:[1/2](7160/264651), loss: 2.7569, logits_loss: 2.7569, aux_loss: 0.0000, lr: 0.00049980, epoch_time: 438.0min
Epoch:[1/2](7180/264651), loss: 2.6833, logits_loss: 2.6833, aux_loss: 0.0000, lr: 0.00049980, epoch_time: 438.0min
Epoch:[1/2](7200/264651), loss: 2.7663, logits_loss: 2.7663, aux_loss: 0.0000, lr: 0.00049979, epoch_time: 437.0min
Epoch:[1/2](7220/264651), loss: 2.7905, logits_loss: 2.7905, aux_loss: 0.0000, lr: 0.00049979, epoch_time: 437.0min
Epoch:[1/2](7240/264651), loss: 2.3811, logits_loss: 2.3811, aux_loss: 0.0000, lr: 0.00049979, epoch_time: 436.0min
Epoch:[1/2](7260/264651), loss: 2.6134, logits_loss: 2.6134, aux_loss: 0.0000, lr: 0.00049979, epoch_time: 436.0min
Epoch:[1/2](7280/264651), loss: 2.7745, logits_loss: 2.7745, aux_loss: 0.0000, lr: 0.00049979, epoch_time: 435.0min
Epoch:[1/2](7300/264651), loss: 2.6536, logits_loss: 2.6536, aux_loss: 0.0000, lr: 0.00049979, epoch_time: 435.0min
Epoch:[1/2](7320/264651), loss: 2.5611, logits_loss: 2.5611, aux_loss: 0.0000, lr: 0.00049979, epoch_time: 434.0min
Epoch:[1/2](7340/264651), loss: 2.5935, logits_loss: 2.5935, aux_loss: 0.0000, lr: 0.00049979, epoch_time: 434.0min
Epoch:[1/2](7360/264651), loss: 2.6068, logits_loss: 2.6068, aux_loss: 0.0000, lr: 0.00049979, epoch_time: 433.0min
Epoch:[1/2](7380/264651), loss: 2.5889, logits_loss: 2.5889, aux_loss: 0.0000, lr: 0.00049978, epoch_time: 433.0min
Epoch:[1/2](7400/264651), loss: 2.5244, logits_loss: 2.5244, aux_loss: 0.0000, lr: 0.00049978, epoch_time: 432.0min
Epoch:[1/2](7420/264651), loss: 2.5420, logits_loss: 2.5420, aux_loss: 0.0000, lr: 0.00049978, epoch_time: 432.0min
Epoch:[1/2](7440/264651), loss: 2.4495, logits_loss: 2.4495, aux_loss: 0.0000, lr: 0.00049978, epoch_time: 431.0min
Epoch:[1/2](7460/264651), loss: 2.6486, logits_loss: 2.6486, aux_loss: 0.0000, lr: 0.00049978, epoch_time: 431.0min
Epoch:[1/2](7480/264651), loss: 2.5223, logits_loss: 2.5223, aux_loss: 0.0000, lr: 0.00049978, epoch_time: 430.0min
Epoch:[1/2](7500/264651), loss: 2.5467, logits_loss: 2.5467, aux_loss: 0.0000, lr: 0.00049978, epoch_time: 430.0min
Epoch:[1/2](7520/264651), loss: 2.3265, logits_loss: 2.3265, aux_loss: 0.0000, lr: 0.00049978, epoch_time: 442.0min
Epoch:[1/2](7540/264651), loss: 2.6988, logits_loss: 2.6988, aux_loss: 0.0000, lr: 0.00049977, epoch_time: 442.0min
Epoch:[1/2](7560/264651), loss: 2.7486, logits_loss: 2.7486, aux_loss: 0.0000, lr: 0.00049977, epoch_time: 441.0min
Epoch:[1/2](7580/264651), loss: 2.6322, logits_loss: 2.6322, aux_loss: 0.0000, lr: 0.00049977, epoch_time: 440.0min
Epoch:[1/2](7600/264651), loss: 2.5896, logits_loss: 2.5896, aux_loss: 0.0000, lr: 0.00049977, epoch_time: 440.0min
Epoch:[1/2](7620/264651), loss: 2.6067, logits_loss: 2.6067, aux_loss: 0.0000, lr: 0.00049977, epoch_time: 439.0min
Epoch:[1/2](7640/264651), loss: 2.5113, logits_loss: 2.5113, aux_loss: 0.0000, lr: 0.00049977, epoch_time: 439.0min
Epoch:[1/2](7660/264651), loss: 2.8132, logits_loss: 2.8132, aux_loss: 0.0000, lr: 0.00049977, epoch_time: 438.0min
Epoch:[1/2](7680/264651), loss: 2.5363, logits_loss: 2.5363, aux_loss: 0.0000, lr: 0.00049977, epoch_time: 438.0min
Epoch:[1/2](7700/264651), loss: 2.5730, logits_loss: 2.5730, aux_loss: 0.0000, lr: 0.00049977, epoch_time: 437.0min
Epoch:[1/2](7720/264651), loss: 2.3077, logits_loss: 2.3077, aux_loss: 0.0000, lr: 0.00049976, epoch_time: 437.0min
Epoch:[1/2](7740/264651), loss: 2.5848, logits_loss: 2.5848, aux_loss: 0.0000, lr: 0.00049976, epoch_time: 436.0min
Epoch:[1/2](7760/264651), loss: 2.5255, logits_loss: 2.5255, aux_loss: 0.0000, lr: 0.00049976, epoch_time: 436.0min
Epoch:[1/2](7780/264651), loss: 2.5002, logits_loss: 2.5002, aux_loss: 0.0000, lr: 0.00049976, epoch_time: 435.0min
Epoch:[1/2](7800/264651), loss: 2.6189, logits_loss: 2.6189, aux_loss: 0.0000, lr: 0.00049976, epoch_time: 435.0min
Epoch:[1/2](7820/264651), loss: 2.5359, logits_loss: 2.5359, aux_loss: 0.0000, lr: 0.00049976, epoch_time: 434.0min
Epoch:[1/2](7840/264651), loss: 2.6139, logits_loss: 2.6139, aux_loss: 0.0000, lr: 0.00049976, epoch_time: 434.0min
Epoch:[1/2](7860/264651), loss: 2.5674, logits_loss: 2.5674, aux_loss: 0.0000, lr: 0.00049976, epoch_time: 433.0min
Epoch:[1/2](7880/264651), loss: 2.6257, logits_loss: 2.6257, aux_loss: 0.0000, lr: 0.00049975, epoch_time: 433.0min
Epoch:[1/2](7900/264651), loss: 2.6166, logits_loss: 2.6166, aux_loss: 0.0000, lr: 0.00049975, epoch_time: 432.0min
Epoch:[1/2](7920/264651), loss: 2.4887, logits_loss: 2.4887, aux_loss: 0.0000, lr: 0.00049975, epoch_time: 432.0min
Epoch:[1/2](7940/264651), loss: 2.4457, logits_loss: 2.4457, aux_loss: 0.0000, lr: 0.00049975, epoch_time: 432.0min
Epoch:[1/2](7960/264651), loss: 2.5407, logits_loss: 2.5407, aux_loss: 0.0000, lr: 0.00049975, epoch_time: 431.0min
Epoch:[1/2](7980/264651), loss: 2.5344, logits_loss: 2.5344, aux_loss: 0.0000, lr: 0.00049975, epoch_time: 431.0min
Epoch:[1/2](8000/264651), loss: 2.7503, logits_loss: 2.7503, aux_loss: 0.0000, lr: 0.00049975, epoch_time: 430.0min
Epoch:[1/2](8020/264651), loss: 2.6616, logits_loss: 2.6616, aux_loss: 0.0000, lr: 0.00049975, epoch_time: 441.0min
Epoch:[1/2](8040/264651), loss: 2.7574, logits_loss: 2.7574, aux_loss: 0.0000, lr: 0.00049974, epoch_time: 441.0min
Epoch:[1/2](8060/264651), loss: 2.5533, logits_loss: 2.5533, aux_loss: 0.0000, lr: 0.00049974, epoch_time: 440.0min
Epoch:[1/2](8080/264651), loss: 2.4590, logits_loss: 2.4590, aux_loss: 0.0000, lr: 0.00049974, epoch_time: 440.0min
Epoch:[1/2](8100/264651), loss: 2.5817, logits_loss: 2.5817, aux_loss: 0.0000, lr: 0.00049974, epoch_time: 439.0min
Epoch:[1/2](8120/264651), loss: 2.7671, logits_loss: 2.7671, aux_loss: 0.0000, lr: 0.00049974, epoch_time: 439.0min
Epoch:[1/2](8140/264651), loss: 2.3746, logits_loss: 2.3746, aux_loss: 0.0000, lr: 0.00049974, epoch_time: 438.0min
Epoch:[1/2](8160/264651), loss: 2.6049, logits_loss: 2.6049, aux_loss: 0.0000, lr: 0.00049974, epoch_time: 438.0min
Epoch:[1/2](8180/264651), loss: 2.7731, logits_loss: 2.7731, aux_loss: 0.0000, lr: 0.00049973, epoch_time: 437.0min
Epoch:[1/2](8200/264651), loss: 2.5305, logits_loss: 2.5305, aux_loss: 0.0000, lr: 0.00049973, epoch_time: 437.0min
Epoch:[1/2](8220/264651), loss: 2.4005, logits_loss: 2.4005, aux_loss: 0.0000, lr: 0.00049973, epoch_time: 436.0min
Epoch:[1/2](8240/264651), loss: 2.7081, logits_loss: 2.7081, aux_loss: 0.0000, lr: 0.00049973, epoch_time: 436.0min
Epoch:[1/2](8260/264651), loss: 2.5198, logits_loss: 2.5198, aux_loss: 0.0000, lr: 0.00049973, epoch_time: 435.0min
Epoch:[1/2](8280/264651), loss: 2.6861, logits_loss: 2.6861, aux_loss: 0.0000, lr: 0.00049973, epoch_time: 435.0min
Epoch:[1/2](8300/264651), loss: 2.4581, logits_loss: 2.4581, aux_loss: 0.0000, lr: 0.00049973, epoch_time: 435.0min
Epoch:[1/2](8320/264651), loss: 2.4459, logits_loss: 2.4459, aux_loss: 0.0000, lr: 0.00049973, epoch_time: 434.0min
Epoch:[1/2](8340/264651), loss: 2.5974, logits_loss: 2.5974, aux_loss: 0.0000, lr: 0.00049972, epoch_time: 434.0min
Epoch:[1/2](8360/264651), loss: 2.4769, logits_loss: 2.4769, aux_loss: 0.0000, lr: 0.00049972, epoch_time: 433.0min
Epoch:[1/2](8380/264651), loss: 2.5159, logits_loss: 2.5159, aux_loss: 0.0000, lr: 0.00049972, epoch_time: 433.0min
Epoch:[1/2](8400/264651), loss: 2.3392, logits_loss: 2.3392, aux_loss: 0.0000, lr: 0.00049972, epoch_time: 432.0min
Epoch:[1/2](8420/264651), loss: 2.4065, logits_loss: 2.4065, aux_loss: 0.0000, lr: 0.00049972, epoch_time: 432.0min
Epoch:[1/2](8440/264651), loss: 2.5403, logits_loss: 2.5403, aux_loss: 0.0000, lr: 0.00049972, epoch_time: 432.0min
Epoch:[1/2](8460/264651), loss: 2.3864, logits_loss: 2.3864, aux_loss: 0.0000, lr: 0.00049972, epoch_time: 431.0min
Epoch:[1/2](8480/264651), loss: 2.5244, logits_loss: 2.5244, aux_loss: 0.0000, lr: 0.00049972, epoch_time: 431.0min
Epoch:[1/2](8500/264651), loss: 2.4526, logits_loss: 2.4526, aux_loss: 0.0000, lr: 0.00049971, epoch_time: 430.0min
Epoch:[1/2](8520/264651), loss: 2.4582, logits_loss: 2.4582, aux_loss: 0.0000, lr: 0.00049971, epoch_time: 440.0min
Epoch:[1/2](8540/264651), loss: 2.3839, logits_loss: 2.3839, aux_loss: 0.0000, lr: 0.00049971, epoch_time: 440.0min
Epoch:[1/2](8560/264651), loss: 2.5121, logits_loss: 2.5121, aux_loss: 0.0000, lr: 0.00049971, epoch_time: 439.0min
Epoch:[1/2](8580/264651), loss: 2.4204, logits_loss: 2.4204, aux_loss: 0.0000, lr: 0.00049971, epoch_time: 439.0min
Epoch:[1/2](8600/264651), loss: 2.4148, logits_loss: 2.4148, aux_loss: 0.0000, lr: 0.00049971, epoch_time: 438.0min
Epoch:[1/2](8620/264651), loss: 2.3890, logits_loss: 2.3890, aux_loss: 0.0000, lr: 0.00049971, epoch_time: 438.0min
Epoch:[1/2](8640/264651), loss: 2.4537, logits_loss: 2.4537, aux_loss: 0.0000, lr: 0.00049970, epoch_time: 438.0min
Epoch:[1/2](8660/264651), loss: 2.4249, logits_loss: 2.4249, aux_loss: 0.0000, lr: 0.00049970, epoch_time: 437.0min
Epoch:[1/2](8680/264651), loss: 2.4854, logits_loss: 2.4854, aux_loss: 0.0000, lr: 0.00049970, epoch_time: 437.0min
Epoch:[1/2](8700/264651), loss: 2.4226, logits_loss: 2.4226, aux_loss: 0.0000, lr: 0.00049970, epoch_time: 436.0min
Epoch:[1/2](8720/264651), loss: 2.6232, logits_loss: 2.6232, aux_loss: 0.0000, lr: 0.00049970, epoch_time: 436.0min
Epoch:[1/2](8740/264651), loss: 2.5207, logits_loss: 2.5207, aux_loss: 0.0000, lr: 0.00049970, epoch_time: 435.0min
Epoch:[1/2](8760/264651), loss: 2.4025, logits_loss: 2.4025, aux_loss: 0.0000, lr: 0.00049970, epoch_time: 435.0min
Epoch:[1/2](8780/264651), loss: 2.6183, logits_loss: 2.6183, aux_loss: 0.0000, lr: 0.00049969, epoch_time: 435.0min
Epoch:[1/2](8800/264651), loss: 2.4934, logits_loss: 2.4934, aux_loss: 0.0000, lr: 0.00049969, epoch_time: 434.0min
Epoch:[1/2](8820/264651), loss: 2.6085, logits_loss: 2.6085, aux_loss: 0.0000, lr: 0.00049969, epoch_time: 434.0min
Epoch:[1/2](8840/264651), loss: 2.6388, logits_loss: 2.6388, aux_loss: 0.0000, lr: 0.00049969, epoch_time: 433.0min
Epoch:[1/2](8860/264651), loss: 2.4432, logits_loss: 2.4432, aux_loss: 0.0000, lr: 0.00049969, epoch_time: 433.0min
Epoch:[1/2](8880/264651), loss: 2.6711, logits_loss: 2.6711, aux_loss: 0.0000, lr: 0.00049969, epoch_time: 433.0min
Epoch:[1/2](8900/264651), loss: 2.4811, logits_loss: 2.4811, aux_loss: 0.0000, lr: 0.00049969, epoch_time: 432.0min
Epoch:[1/2](8920/264651), loss: 2.4433, logits_loss: 2.4433, aux_loss: 0.0000, lr: 0.00049968, epoch_time: 432.0min
Epoch:[1/2](8940/264651), loss: 2.4858, logits_loss: 2.4858, aux_loss: 0.0000, lr: 0.00049968, epoch_time: 432.0min
Epoch:[1/2](8960/264651), loss: 2.2565, logits_loss: 2.2565, aux_loss: 0.0000, lr: 0.00049968, epoch_time: 431.0min
Epoch:[1/2](8980/264651), loss: 2.5349, logits_loss: 2.5349, aux_loss: 0.0000, lr: 0.00049968, epoch_time: 431.0min
Epoch:[1/2](9000/264651), loss: 2.6204, logits_loss: 2.6204, aux_loss: 0.0000, lr: 0.00049968, epoch_time: 430.0min
Epoch:[1/2](9020/264651), loss: 2.3456, logits_loss: 2.3456, aux_loss: 0.0000, lr: 0.00049968, epoch_time: 439.0min
Epoch:[1/2](9040/264651), loss: 2.5066, logits_loss: 2.5066, aux_loss: 0.0000, lr: 0.00049968, epoch_time: 439.0min
Epoch:[1/2](9060/264651), loss: 2.5647, logits_loss: 2.5647, aux_loss: 0.0000, lr: 0.00049967, epoch_time: 439.0min
Epoch:[1/2](9080/264651), loss: 2.6321, logits_loss: 2.6321, aux_loss: 0.0000, lr: 0.00049967, epoch_time: 438.0min
Epoch:[1/2](9100/264651), loss: 2.3347, logits_loss: 2.3347, aux_loss: 0.0000, lr: 0.00049967, epoch_time: 438.0min
Epoch:[1/2](9120/264651), loss: 2.5984, logits_loss: 2.5984, aux_loss: 0.0000, lr: 0.00049967, epoch_time: 437.0min
Epoch:[1/2](9140/264651), loss: 2.6321, logits_loss: 2.6321, aux_loss: 0.0000, lr: 0.00049967, epoch_time: 437.0min
Epoch:[1/2](9160/264651), loss: 2.6589, logits_loss: 2.6589, aux_loss: 0.0000, lr: 0.00049967, epoch_time: 436.0min
Epoch:[1/2](9180/264651), loss: 2.4636, logits_loss: 2.4636, aux_loss: 0.0000, lr: 0.00049967, epoch_time: 436.0min
Epoch:[1/2](9200/264651), loss: 2.6351, logits_loss: 2.6351, aux_loss: 0.0000, lr: 0.00049966, epoch_time: 436.0min
Epoch:[1/2](9220/264651), loss: 2.7053, logits_loss: 2.7053, aux_loss: 0.0000, lr: 0.00049966, epoch_time: 435.0min
Epoch:[1/2](9240/264651), loss: 2.5386, logits_loss: 2.5386, aux_loss: 0.0000, lr: 0.00049966, epoch_time: 435.0min
Epoch:[1/2](9260/264651), loss: 2.4346, logits_loss: 2.4346, aux_loss: 0.0000, lr: 0.00049966, epoch_time: 435.0min
Epoch:[1/2](9280/264651), loss: 2.5492, logits_loss: 2.5492, aux_loss: 0.0000, lr: 0.00049966, epoch_time: 434.0min
Epoch:[1/2](9300/264651), loss: 2.5179, logits_loss: 2.5179, aux_loss: 0.0000, lr: 0.00049966, epoch_time: 434.0min
Epoch:[1/2](9320/264651), loss: 2.6108, logits_loss: 2.6108, aux_loss: 0.0000, lr: 0.00049966, epoch_time: 433.0min
Epoch:[1/2](9340/264651), loss: 2.3954, logits_loss: 2.3954, aux_loss: 0.0000, lr: 0.00049965, epoch_time: 433.0min
Epoch:[1/2](9360/264651), loss: 2.2461, logits_loss: 2.2461, aux_loss: 0.0000, lr: 0.00049965, epoch_time: 433.0min
Epoch:[1/2](9380/264651), loss: 2.3151, logits_loss: 2.3151, aux_loss: 0.0000, lr: 0.00049965, epoch_time: 432.0min
Epoch:[1/2](9400/264651), loss: 2.6448, logits_loss: 2.6448, aux_loss: 0.0000, lr: 0.00049965, epoch_time: 432.0min
Epoch:[1/2](9420/264651), loss: 2.4018, logits_loss: 2.4018, aux_loss: 0.0000, lr: 0.00049965, epoch_time: 432.0min
Epoch:[1/2](9440/264651), loss: 2.6657, logits_loss: 2.6657, aux_loss: 0.0000, lr: 0.00049965, epoch_time: 431.0min
Epoch:[1/2](9460/264651), loss: 2.4517, logits_loss: 2.4517, aux_loss: 0.0000, lr: 0.00049965, epoch_time: 431.0min
Epoch:[1/2](9480/264651), loss: 2.3702, logits_loss: 2.3702, aux_loss: 0.0000, lr: 0.00049964, epoch_time: 431.0min
Epoch:[1/2](9500/264651), loss: 2.3125, logits_loss: 2.3125, aux_loss: 0.0000, lr: 0.00049964, epoch_time: 430.0min
Epoch:[1/2](9520/264651), loss: 2.6251, logits_loss: 2.6251, aux_loss: 0.0000, lr: 0.00049964, epoch_time: 439.0min
Epoch:[1/2](9540/264651), loss: 2.3799, logits_loss: 2.3799, aux_loss: 0.0000, lr: 0.00049964, epoch_time: 438.0min
Epoch:[1/2](9560/264651), loss: 2.3984, logits_loss: 2.3984, aux_loss: 0.0000, lr: 0.00049964, epoch_time: 438.0min
Epoch:[1/2](9580/264651), loss: 2.4374, logits_loss: 2.4374, aux_loss: 0.0000, lr: 0.00049964, epoch_time: 438.0min
Epoch:[1/2](9600/264651), loss: 2.4053, logits_loss: 2.4053, aux_loss: 0.0000, lr: 0.00049963, epoch_time: 437.0min
Epoch:[1/2](9620/264651), loss: 2.6031, logits_loss: 2.6031, aux_loss: 0.0000, lr: 0.00049963, epoch_time: 437.0min
Epoch:[1/2](9640/264651), loss: 2.4696, logits_loss: 2.4696, aux_loss: 0.0000, lr: 0.00049963, epoch_time: 436.0min
Epoch:[1/2](9660/264651), loss: 2.5432, logits_loss: 2.5432, aux_loss: 0.0000, lr: 0.00049963, epoch_time: 436.0min
Epoch:[1/2](9680/264651), loss: 2.3486, logits_loss: 2.3486, aux_loss: 0.0000, lr: 0.00049963, epoch_time: 436.0min
Epoch:[1/2](9700/264651), loss: 2.4538, logits_loss: 2.4538, aux_loss: 0.0000, lr: 0.00049963, epoch_time: 435.0min
Epoch:[1/2](9720/264651), loss: 2.3703, logits_loss: 2.3703, aux_loss: 0.0000, lr: 0.00049963, epoch_time: 435.0min
Epoch:[1/2](9740/264651), loss: 2.4450, logits_loss: 2.4450, aux_loss: 0.0000, lr: 0.00049962, epoch_time: 435.0min
Epoch:[1/2](9760/264651), loss: 2.5010, logits_loss: 2.5010, aux_loss: 0.0000, lr: 0.00049962, epoch_time: 434.0min
Epoch:[1/2](9780/264651), loss: 2.3773, logits_loss: 2.3773, aux_loss: 0.0000, lr: 0.00049962, epoch_time: 434.0min
Epoch:[1/2](9800/264651), loss: 2.4654, logits_loss: 2.4654, aux_loss: 0.0000, lr: 0.00049962, epoch_time: 433.0min
Epoch:[1/2](9820/264651), loss: 2.3119, logits_loss: 2.3119, aux_loss: 0.0000, lr: 0.00049962, epoch_time: 433.0min
Epoch:[1/2](9840/264651), loss: 2.5782, logits_loss: 2.5782, aux_loss: 0.0000, lr: 0.00049962, epoch_time: 433.0min
Epoch:[1/2](9860/264651), loss: 2.4638, logits_loss: 2.4638, aux_loss: 0.0000, lr: 0.00049961, epoch_time: 432.0min
Epoch:[1/2](9880/264651), loss: 2.5250, logits_loss: 2.5250, aux_loss: 0.0000, lr: 0.00049961, epoch_time: 432.0min
Epoch:[1/2](9900/264651), loss: 2.4406, logits_loss: 2.4406, aux_loss: 0.0000, lr: 0.00049961, epoch_time: 432.0min
Epoch:[1/2](9920/264651), loss: 2.4214, logits_loss: 2.4214, aux_loss: 0.0000, lr: 0.00049961, epoch_time: 431.0min
Epoch:[1/2](9940/264651), loss: 2.4646, logits_loss: 2.4646, aux_loss: 0.0000, lr: 0.00049961, epoch_time: 431.0min
Epoch:[1/2](9960/264651), loss: 2.7073, logits_loss: 2.7073, aux_loss: 0.0000, lr: 0.00049961, epoch_time: 431.0min
Epoch:[1/2](9980/264651), loss: 2.5150, logits_loss: 2.5150, aux_loss: 0.0000, lr: 0.00049961, epoch_time: 431.0min
Epoch:[1/2](10000/264651), loss: 2.3571, logits_loss: 2.3571, aux_loss: 0.0000, lr: 0.00049960, epoch_time: 430.0min
Epoch:[1/2](10020/264651), loss: 2.7325, logits_loss: 2.7325, aux_loss: 0.0000, lr: 0.00049960, epoch_time: 438.0min
Epoch:[1/2](10040/264651), loss: 2.6177, logits_loss: 2.6177, aux_loss: 0.0000, lr: 0.00049960, epoch_time: 437.0min
Epoch:[1/2](10060/264651), loss: 2.7311, logits_loss: 2.7311, aux_loss: 0.0000, lr: 0.00049960, epoch_time: 437.0min
Epoch:[1/2](10080/264651), loss: 2.4609, logits_loss: 2.4609, aux_loss: 0.0000, lr: 0.00049960, epoch_time: 437.0min
Epoch:[1/2](10100/264651), loss: 2.4477, logits_loss: 2.4477, aux_loss: 0.0000, lr: 0.00049960, epoch_time: 436.0min
Epoch:[1/2](10120/264651), loss: 2.4849, logits_loss: 2.4849, aux_loss: 0.0000, lr: 0.00049959, epoch_time: 436.0min
Epoch:[1/2](10140/264651), loss: 2.4224, logits_loss: 2.4224, aux_loss: 0.0000, lr: 0.00049959, epoch_time: 436.0min
Epoch:[1/2](10160/264651), loss: 2.4896, logits_loss: 2.4896, aux_loss: 0.0000, lr: 0.00049959, epoch_time: 435.0min
Epoch:[1/2](10180/264651), loss: 2.7614, logits_loss: 2.7614, aux_loss: 0.0000, lr: 0.00049959, epoch_time: 435.0min
Epoch:[1/2](10200/264651), loss: 2.4787, logits_loss: 2.4787, aux_loss: 0.0000, lr: 0.00049959, epoch_time: 434.0min
Epoch:[1/2](10220/264651), loss: 2.4212, logits_loss: 2.4212, aux_loss: 0.0000, lr: 0.00049959, epoch_time: 434.0min
Epoch:[1/2](10240/264651), loss: 2.5378, logits_loss: 2.5378, aux_loss: 0.0000, lr: 0.00049958, epoch_time: 434.0min
Epoch:[1/2](10260/264651), loss: 2.4799, logits_loss: 2.4799, aux_loss: 0.0000, lr: 0.00049958, epoch_time: 433.0min
Epoch:[1/2](10280/264651), loss: 2.2595, logits_loss: 2.2595, aux_loss: 0.0000, lr: 0.00049958, epoch_time: 433.0min
Epoch:[1/2](10300/264651), loss: 2.7003, logits_loss: 2.7003, aux_loss: 0.0000, lr: 0.00049958, epoch_time: 433.0min
Epoch:[1/2](10320/264651), loss: 2.4124, logits_loss: 2.4124, aux_loss: 0.0000, lr: 0.00049958, epoch_time: 432.0min
Epoch:[1/2](10340/264651), loss: 2.4135, logits_loss: 2.4135, aux_loss: 0.0000, lr: 0.00049958, epoch_time: 432.0min
Epoch:[1/2](10360/264651), loss: 2.1909, logits_loss: 2.1909, aux_loss: 0.0000, lr: 0.00049957, epoch_time: 432.0min
Epoch:[1/2](10380/264651), loss: 2.4446, logits_loss: 2.4446, aux_loss: 0.0000, lr: 0.00049957, epoch_time: 432.0min
Epoch:[1/2](10400/264651), loss: 2.4290, logits_loss: 2.4290, aux_loss: 0.0000, lr: 0.00049957, epoch_time: 431.0min
Epoch:[1/2](10420/264651), loss: 2.2924, logits_loss: 2.2924, aux_loss: 0.0000, lr: 0.00049957, epoch_time: 431.0min
Epoch:[1/2](10440/264651), loss: 2.4376, logits_loss: 2.4376, aux_loss: 0.0000, lr: 0.00049957, epoch_time: 431.0min
Epoch:[1/2](10460/264651), loss: 2.3653, logits_loss: 2.3653, aux_loss: 0.0000, lr: 0.00049957, epoch_time: 430.0min
Epoch:[1/2](10480/264651), loss: 2.4660, logits_loss: 2.4660, aux_loss: 0.0000, lr: 0.00049956, epoch_time: 430.0min
Epoch:[1/2](10500/264651), loss: 2.3921, logits_loss: 2.3921, aux_loss: 0.0000, lr: 0.00049956, epoch_time: 430.0min
Epoch:[1/2](10520/264651), loss: 2.4132, logits_loss: 2.4132, aux_loss: 0.0000, lr: 0.00049956, epoch_time: 437.0min
Epoch:[1/2](10540/264651), loss: 2.3459, logits_loss: 2.3459, aux_loss: 0.0000, lr: 0.00049956, epoch_time: 437.0min
Epoch:[1/2](10560/264651), loss: 2.4889, logits_loss: 2.4889, aux_loss: 0.0000, lr: 0.00049956, epoch_time: 436.0min
Epoch:[1/2](10580/264651), loss: 2.4733, logits_loss: 2.4733, aux_loss: 0.0000, lr: 0.00049956, epoch_time: 436.0min
Epoch:[1/2](10600/264651), loss: 2.5937, logits_loss: 2.5937, aux_loss: 0.0000, lr: 0.00049955, epoch_time: 436.0min
Epoch:[1/2](10620/264651), loss: 2.5403, logits_loss: 2.5403, aux_loss: 0.0000, lr: 0.00049955, epoch_time: 435.0min
Epoch:[1/2](10640/264651), loss: 2.3932, logits_loss: 2.3932, aux_loss: 0.0000, lr: 0.00049955, epoch_time: 435.0min
Epoch:[1/2](10660/264651), loss: 2.3819, logits_loss: 2.3819, aux_loss: 0.0000, lr: 0.00049955, epoch_time: 435.0min
Epoch:[1/2](10680/264651), loss: 2.4108, logits_loss: 2.4108, aux_loss: 0.0000, lr: 0.00049955, epoch_time: 434.0min
Epoch:[1/2](10700/264651), loss: 2.3504, logits_loss: 2.3504, aux_loss: 0.0000, lr: 0.00049955, epoch_time: 434.0min
Epoch:[1/2](10720/264651), loss: 2.7125, logits_loss: 2.7125, aux_loss: 0.0000, lr: 0.00049954, epoch_time: 434.0min
Epoch:[1/2](10740/264651), loss: 2.4257, logits_loss: 2.4257, aux_loss: 0.0000, lr: 0.00049954, epoch_time: 433.0min
Epoch:[1/2](10760/264651), loss: 2.3343, logits_loss: 2.3343, aux_loss: 0.0000, lr: 0.00049954, epoch_time: 433.0min
Epoch:[1/2](10780/264651), loss: 2.4018, logits_loss: 2.4018, aux_loss: 0.0000, lr: 0.00049954, epoch_time: 433.0min
Epoch:[1/2](10800/264651), loss: 2.2800, logits_loss: 2.2800, aux_loss: 0.0000, lr: 0.00049954, epoch_time: 432.0min
Epoch:[1/2](10820/264651), loss: 2.4879, logits_loss: 2.4879, aux_loss: 0.0000, lr: 0.00049954, epoch_time: 432.0min
Epoch:[1/2](10840/264651), loss: 2.3952, logits_loss: 2.3952, aux_loss: 0.0000, lr: 0.00049953, epoch_time: 432.0min
Epoch:[1/2](10860/264651), loss: 2.3902, logits_loss: 2.3902, aux_loss: 0.0000, lr: 0.00049953, epoch_time: 431.0min
Epoch:[1/2](10880/264651), loss: 2.6312, logits_loss: 2.6312, aux_loss: 0.0000, lr: 0.00049953, epoch_time: 431.0min
Epoch:[1/2](10900/264651), loss: 2.4377, logits_loss: 2.4377, aux_loss: 0.0000, lr: 0.00049953, epoch_time: 431.0min
Epoch:[1/2](10920/264651), loss: 2.5129, logits_loss: 2.5129, aux_loss: 0.0000, lr: 0.00049953, epoch_time: 431.0min
Epoch:[1/2](10940/264651), loss: 2.4366, logits_loss: 2.4366, aux_loss: 0.0000, lr: 0.00049953, epoch_time: 430.0min
Epoch:[1/2](10960/264651), loss: 2.6460, logits_loss: 2.6460, aux_loss: 0.0000, lr: 0.00049952, epoch_time: 430.0min
Epoch:[1/2](10980/264651), loss: 2.3277, logits_loss: 2.3277, aux_loss: 0.0000, lr: 0.00049952, epoch_time: 430.0min
Epoch:[1/2](11000/264651), loss: 2.5415, logits_loss: 2.5415, aux_loss: 0.0000, lr: 0.00049952, epoch_time: 429.0min
Epoch:[1/2](11020/264651), loss: 2.2855, logits_loss: 2.2855, aux_loss: 0.0000, lr: 0.00049952, epoch_time: 436.0min
Epoch:[1/2](11040/264651), loss: 2.4381, logits_loss: 2.4381, aux_loss: 0.0000, lr: 0.00049952, epoch_time: 436.0min
Epoch:[1/2](11060/264651), loss: 2.5862, logits_loss: 2.5862, aux_loss: 0.0000, lr: 0.00049952, epoch_time: 435.0min
Epoch:[1/2](11080/264651), loss: 2.4155, logits_loss: 2.4155, aux_loss: 0.0000, lr: 0.00049951, epoch_time: 435.0min
Epoch:[1/2](11100/264651), loss: 2.3951, logits_loss: 2.3951, aux_loss: 0.0000, lr: 0.00049951, epoch_time: 435.0min
Epoch:[1/2](11120/264651), loss: 2.6056, logits_loss: 2.6056, aux_loss: 0.0000, lr: 0.00049951, epoch_time: 435.0min
Epoch:[1/2](11140/264651), loss: 2.4380, logits_loss: 2.4380, aux_loss: 0.0000, lr: 0.00049951, epoch_time: 434.0min
Epoch:[1/2](11160/264651), loss: 2.3174, logits_loss: 2.3174, aux_loss: 0.0000, lr: 0.00049951, epoch_time: 434.0min
Epoch:[1/2](11180/264651), loss: 2.3569, logits_loss: 2.3569, aux_loss: 0.0000, lr: 0.00049950, epoch_time: 434.0min
Epoch:[1/2](11200/264651), loss: 2.3596, logits_loss: 2.3596, aux_loss: 0.0000, lr: 0.00049950, epoch_time: 433.0min
Epoch:[1/2](11220/264651), loss: 2.4857, logits_loss: 2.4857, aux_loss: 0.0000, lr: 0.00049950, epoch_time: 433.0min
Epoch:[1/2](11240/264651), loss: 2.4669, logits_loss: 2.4669, aux_loss: 0.0000, lr: 0.00049950, epoch_time: 433.0min
Epoch:[1/2](11260/264651), loss: 2.2703, logits_loss: 2.2703, aux_loss: 0.0000, lr: 0.00049950, epoch_time: 432.0min
Epoch:[1/2](11280/264651), loss: 2.4446, logits_loss: 2.4446, aux_loss: 0.0000, lr: 0.00049950, epoch_time: 432.0min
Epoch:[1/2](11300/264651), loss: 2.5705, logits_loss: 2.5705, aux_loss: 0.0000, lr: 0.00049949, epoch_time: 432.0min
Epoch:[1/2](11320/264651), loss: 2.4471, logits_loss: 2.4471, aux_loss: 0.0000, lr: 0.00049949, epoch_time: 432.0min
Epoch:[1/2](11340/264651), loss: 2.3359, logits_loss: 2.3359, aux_loss: 0.0000, lr: 0.00049949, epoch_time: 431.0min
Epoch:[1/2](11360/264651), loss: 2.4501, logits_loss: 2.4501, aux_loss: 0.0000, lr: 0.00049949, epoch_time: 431.0min
Epoch:[1/2](11380/264651), loss: 2.3182, logits_loss: 2.3182, aux_loss: 0.0000, lr: 0.00049949, epoch_time: 431.0min
Epoch:[1/2](11400/264651), loss: 2.4313, logits_loss: 2.4313, aux_loss: 0.0000, lr: 0.00049949, epoch_time: 430.0min
Epoch:[1/2](11420/264651), loss: 2.3156, logits_loss: 2.3156, aux_loss: 0.0000, lr: 0.00049948, epoch_time: 430.0min
Epoch:[1/2](11440/264651), loss: 2.3213, logits_loss: 2.3213, aux_loss: 0.0000, lr: 0.00049948, epoch_time: 430.0min
Epoch:[1/2](11460/264651), loss: 2.3995, logits_loss: 2.3995, aux_loss: 0.0000, lr: 0.00049948, epoch_time: 430.0min
Epoch:[1/2](11480/264651), loss: 2.5105, logits_loss: 2.5105, aux_loss: 0.0000, lr: 0.00049948, epoch_time: 429.0min
Epoch:[1/2](11500/264651), loss: 2.5103, logits_loss: 2.5103, aux_loss: 0.0000, lr: 0.00049948, epoch_time: 429.0min
Epoch:[1/2](11520/264651), loss: 2.5872, logits_loss: 2.5872, aux_loss: 0.0000, lr: 0.00049947, epoch_time: 436.0min
Epoch:[1/2](11540/264651), loss: 2.3393, logits_loss: 2.3393, aux_loss: 0.0000, lr: 0.00049947, epoch_time: 435.0min
Epoch:[1/2](11560/264651), loss: 2.6091, logits_loss: 2.6091, aux_loss: 0.0000, lr: 0.00049947, epoch_time: 435.0min
Epoch:[1/2](11580/264651), loss: 2.5117, logits_loss: 2.5117, aux_loss: 0.0000, lr: 0.00049947, epoch_time: 435.0min
Epoch:[1/2](11600/264651), loss: 2.2801, logits_loss: 2.2801, aux_loss: 0.0000, lr: 0.00049947, epoch_time: 434.0min
Epoch:[1/2](11620/264651), loss: 2.4855, logits_loss: 2.4855, aux_loss: 0.0000, lr: 0.00049947, epoch_time: 434.0min
Epoch:[1/2](11640/264651), loss: 2.3415, logits_loss: 2.3415, aux_loss: 0.0000, lr: 0.00049946, epoch_time: 434.0min
Epoch:[1/2](11660/264651), loss: 2.2968, logits_loss: 2.2968, aux_loss: 0.0000, lr: 0.00049946, epoch_time: 433.0min
Epoch:[1/2](11680/264651), loss: 2.4946, logits_loss: 2.4946, aux_loss: 0.0000, lr: 0.00049946, epoch_time: 433.0min
Epoch:[1/2](11700/264651), loss: 2.4951, logits_loss: 2.4951, aux_loss: 0.0000, lr: 0.00049946, epoch_time: 433.0min
Epoch:[1/2](11720/264651), loss: 2.5031, logits_loss: 2.5031, aux_loss: 0.0000, lr: 0.00049946, epoch_time: 433.0min
Epoch:[1/2](11740/264651), loss: 2.4074, logits_loss: 2.4074, aux_loss: 0.0000, lr: 0.00049945, epoch_time: 432.0min
Epoch:[1/2](11760/264651), loss: 2.3322, logits_loss: 2.3322, aux_loss: 0.0000, lr: 0.00049945, epoch_time: 432.0min
Epoch:[1/2](11780/264651), loss: 2.4601, logits_loss: 2.4601, aux_loss: 0.0000, lr: 0.00049945, epoch_time: 432.0min
Epoch:[1/2](11800/264651), loss: 2.4814, logits_loss: 2.4814, aux_loss: 0.0000, lr: 0.00049945, epoch_time: 431.0min
Epoch:[1/2](11820/264651), loss: 2.3566, logits_loss: 2.3566, aux_loss: 0.0000, lr: 0.00049945, epoch_time: 431.0min
Epoch:[1/2](11840/264651), loss: 2.2207, logits_loss: 2.2207, aux_loss: 0.0000, lr: 0.00049944, epoch_time: 431.0min
Epoch:[1/2](11860/264651), loss: 2.4274, logits_loss: 2.4274, aux_loss: 0.0000, lr: 0.00049944, epoch_time: 431.0min
Epoch:[1/2](11880/264651), loss: 2.4007, logits_loss: 2.4007, aux_loss: 0.0000, lr: 0.00049944, epoch_time: 430.0min
Epoch:[1/2](11900/264651), loss: 2.1458, logits_loss: 2.1458, aux_loss: 0.0000, lr: 0.00049944, epoch_time: 430.0min
Epoch:[1/2](11920/264651), loss: 2.4765, logits_loss: 2.4765, aux_loss: 0.0000, lr: 0.00049944, epoch_time: 430.0min
Epoch:[1/2](11940/264651), loss: 2.2884, logits_loss: 2.2884, aux_loss: 0.0000, lr: 0.00049944, epoch_time: 430.0min
Epoch:[1/2](11960/264651), loss: 2.4983, logits_loss: 2.4983, aux_loss: 0.0000, lr: 0.00049943, epoch_time: 429.0min
Epoch:[1/2](11980/264651), loss: 2.5016, logits_loss: 2.5016, aux_loss: 0.0000, lr: 0.00049943, epoch_time: 429.0min
Epoch:[1/2](12000/264651), loss: 2.3462, logits_loss: 2.3462, aux_loss: 0.0000, lr: 0.00049943, epoch_time: 429.0min
Epoch:[1/2](12020/264651), loss: 2.2365, logits_loss: 2.2365, aux_loss: 0.0000, lr: 0.00049943, epoch_time: 435.0min
Epoch:[1/2](12040/264651), loss: 2.4921, logits_loss: 2.4921, aux_loss: 0.0000, lr: 0.00049943, epoch_time: 434.0min
Epoch:[1/2](12060/264651), loss: 2.3374, logits_loss: 2.3374, aux_loss: 0.0000, lr: 0.00049942, epoch_time: 434.0min
Epoch:[1/2](12080/264651), loss: 2.3854, logits_loss: 2.3854, aux_loss: 0.0000, lr: 0.00049942, epoch_time: 434.0min
Epoch:[1/2](12100/264651), loss: 2.4177, logits_loss: 2.4177, aux_loss: 0.0000, lr: 0.00049942, epoch_time: 434.0min
Epoch:[1/2](12120/264651), loss: 2.2408, logits_loss: 2.2408, aux_loss: 0.0000, lr: 0.00049942, epoch_time: 433.0min
Epoch:[1/2](12140/264651), loss: 2.1908, logits_loss: 2.1908, aux_loss: 0.0000, lr: 0.00049942, epoch_time: 433.0min
Epoch:[1/2](12160/264651), loss: 2.2753, logits_loss: 2.2753, aux_loss: 0.0000, lr: 0.00049941, epoch_time: 433.0min
Epoch:[1/2](12180/264651), loss: 2.1704, logits_loss: 2.1704, aux_loss: 0.0000, lr: 0.00049941, epoch_time: 432.0min
Epoch:[1/2](12200/264651), loss: 2.4470, logits_loss: 2.4470, aux_loss: 0.0000, lr: 0.00049941, epoch_time: 432.0min
Epoch:[1/2](12220/264651), loss: 2.2758, logits_loss: 2.2758, aux_loss: 0.0000, lr: 0.00049941, epoch_time: 432.0min
Epoch:[1/2](12240/264651), loss: 2.4002, logits_loss: 2.4002, aux_loss: 0.0000, lr: 0.00049941, epoch_time: 432.0min
Epoch:[1/2](12260/264651), loss: 2.1305, logits_loss: 2.1305, aux_loss: 0.0000, lr: 0.00049940, epoch_time: 431.0min
Epoch:[1/2](12280/264651), loss: 2.3035, logits_loss: 2.3035, aux_loss: 0.0000, lr: 0.00049940, epoch_time: 431.0min
Epoch:[1/2](12300/264651), loss: 2.3221, logits_loss: 2.3221, aux_loss: 0.0000, lr: 0.00049940, epoch_time: 431.0min
Epoch:[1/2](12320/264651), loss: 2.3003, logits_loss: 2.3003, aux_loss: 0.0000, lr: 0.00049940, epoch_time: 431.0min
Epoch:[1/2](12340/264651), loss: 2.3709, logits_loss: 2.3709, aux_loss: 0.0000, lr: 0.00049940, epoch_time: 430.0min
Epoch:[1/2](12360/264651), loss: 2.4224, logits_loss: 2.4224, aux_loss: 0.0000, lr: 0.00049939, epoch_time: 430.0min
Epoch:[1/2](12380/264651), loss: 2.2887, logits_loss: 2.2887, aux_loss: 0.0000, lr: 0.00049939, epoch_time: 430.0min
Epoch:[1/2](12400/264651), loss: 2.4438, logits_loss: 2.4438, aux_loss: 0.0000, lr: 0.00049939, epoch_time: 430.0min
Epoch:[1/2](12420/264651), loss: 2.3557, logits_loss: 2.3557, aux_loss: 0.0000, lr: 0.00049939, epoch_time: 429.0min
Epoch:[1/2](12440/264651), loss: 2.3989, logits_loss: 2.3989, aux_loss: 0.0000, lr: 0.00049939, epoch_time: 429.0min
Epoch:[1/2](12460/264651), loss: 2.5391, logits_loss: 2.5391, aux_loss: 0.0000, lr: 0.00049938, epoch_time: 429.0min
Epoch:[1/2](12480/264651), loss: 2.4374, logits_loss: 2.4374, aux_loss: 0.0000, lr: 0.00049938, epoch_time: 429.0min
Epoch:[1/2](12500/264651), loss: 2.3578, logits_loss: 2.3578, aux_loss: 0.0000, lr: 0.00049938, epoch_time: 428.0min
Epoch:[1/2](12520/264651), loss: 2.4387, logits_loss: 2.4387, aux_loss: 0.0000, lr: 0.00049938, epoch_time: 434.0min
Epoch:[1/2](12540/264651), loss: 2.2906, logits_loss: 2.2906, aux_loss: 0.0000, lr: 0.00049938, epoch_time: 434.0min
Epoch:[1/2](12560/264651), loss: 2.3678, logits_loss: 2.3678, aux_loss: 0.0000, lr: 0.00049938, epoch_time: 433.0min
Epoch:[1/2](12580/264651), loss: 2.4704, logits_loss: 2.4704, aux_loss: 0.0000, lr: 0.00049937, epoch_time: 433.0min
Epoch:[1/2](12600/264651), loss: 2.5732, logits_loss: 2.5732, aux_loss: 0.0000, lr: 0.00049937, epoch_time: 433.0min
Epoch:[1/2](12620/264651), loss: 2.4456, logits_loss: 2.4456, aux_loss: 0.0000, lr: 0.00049937, epoch_time: 432.0min
Epoch:[1/2](12640/264651), loss: 2.3710, logits_loss: 2.3710, aux_loss: 0.0000, lr: 0.00049937, epoch_time: 432.0min
Epoch:[1/2](12660/264651), loss: 2.4820, logits_loss: 2.4820, aux_loss: 0.0000, lr: 0.00049937, epoch_time: 432.0min
Epoch:[1/2](12680/264651), loss: 2.4500, logits_loss: 2.4500, aux_loss: 0.0000, lr: 0.00049936, epoch_time: 432.0min
Epoch:[1/2](12700/264651), loss: 2.4127, logits_loss: 2.4127, aux_loss: 0.0000, lr: 0.00049936, epoch_time: 431.0min
Epoch:[1/2](12720/264651), loss: 2.4354, logits_loss: 2.4354, aux_loss: 0.0000, lr: 0.00049936, epoch_time: 431.0min
Epoch:[1/2](12740/264651), loss: 2.2738, logits_loss: 2.2738, aux_loss: 0.0000, lr: 0.00049936, epoch_time: 431.0min
Epoch:[1/2](12760/264651), loss: 2.3343, logits_loss: 2.3343, aux_loss: 0.0000, lr: 0.00049936, epoch_time: 431.0min
Epoch:[1/2](12780/264651), loss: 2.3172, logits_loss: 2.3172, aux_loss: 0.0000, lr: 0.00049935, epoch_time: 430.0min
Epoch:[1/2](12800/264651), loss: 2.3776, logits_loss: 2.3776, aux_loss: 0.0000, lr: 0.00049935, epoch_time: 430.0min
Epoch:[1/2](12820/264651), loss: 2.3416, logits_loss: 2.3416, aux_loss: 0.0000, lr: 0.00049935, epoch_time: 430.0min
Epoch:[1/2](12840/264651), loss: 2.3746, logits_loss: 2.3746, aux_loss: 0.0000, lr: 0.00049935, epoch_time: 430.0min
Epoch:[1/2](12860/264651), loss: 2.2569, logits_loss: 2.2569, aux_loss: 0.0000, lr: 0.00049934, epoch_time: 429.0min
Epoch:[1/2](12880/264651), loss: 2.5399, logits_loss: 2.5399, aux_loss: 0.0000, lr: 0.00049934, epoch_time: 429.0min
Epoch:[1/2](12900/264651), loss: 2.4459, logits_loss: 2.4459, aux_loss: 0.0000, lr: 0.00049934, epoch_time: 429.0min
Epoch:[1/2](12920/264651), loss: 2.3274, logits_loss: 2.3274, aux_loss: 0.0000, lr: 0.00049934, epoch_time: 429.0min
Epoch:[1/2](12940/264651), loss: 2.2432, logits_loss: 2.2432, aux_loss: 0.0000, lr: 0.00049934, epoch_time: 428.0min
Epoch:[1/2](12960/264651), loss: 2.4048, logits_loss: 2.4048, aux_loss: 0.0000, lr: 0.00049933, epoch_time: 428.0min
Epoch:[1/2](12980/264651), loss: 2.4926, logits_loss: 2.4926, aux_loss: 0.0000, lr: 0.00049933, epoch_time: 428.0min
Epoch:[1/2](13000/264651), loss: 2.3661, logits_loss: 2.3661, aux_loss: 0.0000, lr: 0.00049933, epoch_time: 428.0min
Epoch:[1/2](13020/264651), loss: 2.4536, logits_loss: 2.4536, aux_loss: 0.0000, lr: 0.00049933, epoch_time: 433.0min
Epoch:[1/2](13040/264651), loss: 2.2245, logits_loss: 2.2245, aux_loss: 0.0000, lr: 0.00049933, epoch_time: 433.0min
Epoch:[1/2](13060/264651), loss: 2.3460, logits_loss: 2.3460, aux_loss: 0.0000, lr: 0.00049932, epoch_time: 433.0min
Epoch:[1/2](13080/264651), loss: 2.2828, logits_loss: 2.2828, aux_loss: 0.0000, lr: 0.00049932, epoch_time: 432.0min
Epoch:[1/2](13100/264651), loss: 2.4150, logits_loss: 2.4150, aux_loss: 0.0000, lr: 0.00049932, epoch_time: 432.0min
Epoch:[1/2](13120/264651), loss: 2.2846, logits_loss: 2.2846, aux_loss: 0.0000, lr: 0.00049932, epoch_time: 432.0min
Epoch:[1/2](13140/264651), loss: 2.6050, logits_loss: 2.6050, aux_loss: 0.0000, lr: 0.00049932, epoch_time: 431.0min
Epoch:[1/2](13160/264651), loss: 2.3827, logits_loss: 2.3827, aux_loss: 0.0000, lr: 0.00049931, epoch_time: 431.0min
Epoch:[1/2](13180/264651), loss: 2.5243, logits_loss: 2.5243, aux_loss: 0.0000, lr: 0.00049931, epoch_time: 431.0min
Epoch:[1/2](13200/264651), loss: 2.2476, logits_loss: 2.2476, aux_loss: 0.0000, lr: 0.00049931, epoch_time: 431.0min
Epoch:[1/2](13220/264651), loss: 2.5179, logits_loss: 2.5179, aux_loss: 0.0000, lr: 0.00049931, epoch_time: 430.0min
Epoch:[1/2](13240/264651), loss: 2.4557, logits_loss: 2.4557, aux_loss: 0.0000, lr: 0.00049931, epoch_time: 430.0min
Epoch:[1/2](13260/264651), loss: 2.3143, logits_loss: 2.3143, aux_loss: 0.0000, lr: 0.00049930, epoch_time: 430.0min
Epoch:[1/2](13280/264651), loss: 2.4712, logits_loss: 2.4712, aux_loss: 0.0000, lr: 0.00049930, epoch_time: 430.0min
Epoch:[1/2](13300/264651), loss: 2.5756, logits_loss: 2.5756, aux_loss: 0.0000, lr: 0.00049930, epoch_time: 429.0min
Epoch:[1/2](13320/264651), loss: 2.4800, logits_loss: 2.4800, aux_loss: 0.0000, lr: 0.00049930, epoch_time: 429.0min
Epoch:[1/2](13340/264651), loss: 2.0334, logits_loss: 2.0334, aux_loss: 0.0000, lr: 0.00049930, epoch_time: 429.0min
Epoch:[1/2](13360/264651), loss: 2.3241, logits_loss: 2.3241, aux_loss: 0.0000, lr: 0.00049929, epoch_time: 429.0min
Epoch:[1/2](13380/264651), loss: 2.3430, logits_loss: 2.3430, aux_loss: 0.0000, lr: 0.00049929, epoch_time: 429.0min
Epoch:[1/2](13400/264651), loss: 2.2548, logits_loss: 2.2548, aux_loss: 0.0000, lr: 0.00049929, epoch_time: 428.0min
Epoch:[1/2](13420/264651), loss: 2.4117, logits_loss: 2.4117, aux_loss: 0.0000, lr: 0.00049929, epoch_time: 428.0min
Epoch:[1/2](13440/264651), loss: 2.2885, logits_loss: 2.2885, aux_loss: 0.0000, lr: 0.00049928, epoch_time: 428.0min
Epoch:[1/2](13460/264651), loss: 2.3391, logits_loss: 2.3391, aux_loss: 0.0000, lr: 0.00049928, epoch_time: 428.0min
Epoch:[1/2](13480/264651), loss: 2.2971, logits_loss: 2.2971, aux_loss: 0.0000, lr: 0.00049928, epoch_time: 427.0min
Epoch:[1/2](13500/264651), loss: 2.2744, logits_loss: 2.2744, aux_loss: 0.0000, lr: 0.00049928, epoch_time: 427.0min
Epoch:[1/2](13520/264651), loss: 2.3332, logits_loss: 2.3332, aux_loss: 0.0000, lr: 0.00049928, epoch_time: 432.0min
Epoch:[1/2](13540/264651), loss: 2.3927, logits_loss: 2.3927, aux_loss: 0.0000, lr: 0.00049927, epoch_time: 432.0min
Epoch:[1/2](13560/264651), loss: 2.3215, logits_loss: 2.3215, aux_loss: 0.0000, lr: 0.00049927, epoch_time: 432.0min
Epoch:[1/2](13580/264651), loss: 2.4992, logits_loss: 2.4992, aux_loss: 0.0000, lr: 0.00049927, epoch_time: 431.0min
Epoch:[1/2](13600/264651), loss: 2.3296, logits_loss: 2.3296, aux_loss: 0.0000, lr: 0.00049927, epoch_time: 431.0min
Epoch:[1/2](13620/264651), loss: 2.1463, logits_loss: 2.1463, aux_loss: 0.0000, lr: 0.00049927, epoch_time: 431.0min
Epoch:[1/2](13640/264651), loss: 2.4699, logits_loss: 2.4699, aux_loss: 0.0000, lr: 0.00049926, epoch_time: 431.0min
Epoch:[1/2](13660/264651), loss: 2.2553, logits_loss: 2.2553, aux_loss: 0.0000, lr: 0.00049926, epoch_time: 430.0min
Epoch:[1/2](13680/264651), loss: 2.2459, logits_loss: 2.2459, aux_loss: 0.0000, lr: 0.00049926, epoch_time: 430.0min
Epoch:[1/2](13700/264651), loss: 2.3851, logits_loss: 2.3851, aux_loss: 0.0000, lr: 0.00049926, epoch_time: 430.0min
Epoch:[1/2](13720/264651), loss: 2.2591, logits_loss: 2.2591, aux_loss: 0.0000, lr: 0.00049925, epoch_time: 430.0min
Epoch:[1/2](13740/264651), loss: 2.3498, logits_loss: 2.3498, aux_loss: 0.0000, lr: 0.00049925, epoch_time: 429.0min
Epoch:[1/2](13760/264651), loss: 2.2926, logits_loss: 2.2926, aux_loss: 0.0000, lr: 0.00049925, epoch_time: 429.0min
Epoch:[1/2](13780/264651), loss: 2.2429, logits_loss: 2.2429, aux_loss: 0.0000, lr: 0.00049925, epoch_time: 429.0min
Epoch:[1/2](13800/264651), loss: 2.4568, logits_loss: 2.4568, aux_loss: 0.0000, lr: 0.00049925, epoch_time: 429.0min
Epoch:[1/2](13820/264651), loss: 2.3644, logits_loss: 2.3644, aux_loss: 0.0000, lr: 0.00049924, epoch_time: 428.0min
Epoch:[1/2](13840/264651), loss: 2.3661, logits_loss: 2.3661, aux_loss: 0.0000, lr: 0.00049924, epoch_time: 428.0min
Epoch:[1/2](13860/264651), loss: 2.3861, logits_loss: 2.3861, aux_loss: 0.0000, lr: 0.00049924, epoch_time: 428.0min
Epoch:[1/2](13880/264651), loss: 2.4024, logits_loss: 2.4024, aux_loss: 0.0000, lr: 0.00049924, epoch_time: 428.0min
Epoch:[1/2](13900/264651), loss: 2.3660, logits_loss: 2.3660, aux_loss: 0.0000, lr: 0.00049923, epoch_time: 428.0min
Epoch:[1/2](13920/264651), loss: 2.4808, logits_loss: 2.4808, aux_loss: 0.0000, lr: 0.00049923, epoch_time: 427.0min
Epoch:[1/2](13940/264651), loss: 2.6654, logits_loss: 2.6654, aux_loss: 0.0000, lr: 0.00049923, epoch_time: 427.0min
Epoch:[1/2](13960/264651), loss: 2.3684, logits_loss: 2.3684, aux_loss: 0.0000, lr: 0.00049923, epoch_time: 427.0min
Epoch:[1/2](13980/264651), loss: 2.3860, logits_loss: 2.3860, aux_loss: 0.0000, lr: 0.00049923, epoch_time: 427.0min
Epoch:[1/2](14000/264651), loss: 2.4747, logits_loss: 2.4747, aux_loss: 0.0000, lr: 0.00049922, epoch_time: 427.0min
Epoch:[1/2](14020/264651), loss: 2.3412, logits_loss: 2.3412, aux_loss: 0.0000, lr: 0.00049922, epoch_time: 431.0min
Epoch:[1/2](14040/264651), loss: 2.2591, logits_loss: 2.2591, aux_loss: 0.0000, lr: 0.00049922, epoch_time: 431.0min
Epoch:[1/2](14060/264651), loss: 2.3916, logits_loss: 2.3916, aux_loss: 0.0000, lr: 0.00049922, epoch_time: 431.0min
Epoch:[1/2](14080/264651), loss: 2.4474, logits_loss: 2.4474, aux_loss: 0.0000, lr: 0.00049921, epoch_time: 431.0min
Epoch:[1/2](14100/264651), loss: 2.5777, logits_loss: 2.5777, aux_loss: 0.0000, lr: 0.00049921, epoch_time: 430.0min
Epoch:[1/2](14120/264651), loss: 2.2599, logits_loss: 2.2599, aux_loss: 0.0000, lr: 0.00049921, epoch_time: 430.0min
Epoch:[1/2](14140/264651), loss: 2.3650, logits_loss: 2.3650, aux_loss: 0.0000, lr: 0.00049921, epoch_time: 430.0min
Epoch:[1/2](14160/264651), loss: 2.4088, logits_loss: 2.4088, aux_loss: 0.0000, lr: 0.00049921, epoch_time: 430.0min
Epoch:[1/2](14180/264651), loss: 2.2802, logits_loss: 2.2802, aux_loss: 0.0000, lr: 0.00049920, epoch_time: 429.0min
Epoch:[1/2](14200/264651), loss: 2.2319, logits_loss: 2.2319, aux_loss: 0.0000, lr: 0.00049920, epoch_time: 429.0min
Epoch:[1/2](14220/264651), loss: 2.3817, logits_loss: 2.3817, aux_loss: 0.0000, lr: 0.00049920, epoch_time: 429.0min
Epoch:[1/2](14240/264651), loss: 2.1695, logits_loss: 2.1695, aux_loss: 0.0000, lr: 0.00049920, epoch_time: 429.0min
Epoch:[1/2](14260/264651), loss: 2.1807, logits_loss: 2.1807, aux_loss: 0.0000, lr: 0.00049919, epoch_time: 428.0min
Epoch:[1/2](14280/264651), loss: 2.2340, logits_loss: 2.2340, aux_loss: 0.0000, lr: 0.00049919, epoch_time: 428.0min
Epoch:[1/2](14300/264651), loss: 2.5833, logits_loss: 2.5833, aux_loss: 0.0000, lr: 0.00049919, epoch_time: 428.0min
Epoch:[1/2](14320/264651), loss: 2.2985, logits_loss: 2.2985, aux_loss: 0.0000, lr: 0.00049919, epoch_time: 428.0min
Epoch:[1/2](14340/264651), loss: 2.4244, logits_loss: 2.4244, aux_loss: 0.0000, lr: 0.00049919, epoch_time: 428.0min
Epoch:[1/2](14360/264651), loss: 2.3354, logits_loss: 2.3354, aux_loss: 0.0000, lr: 0.00049918, epoch_time: 427.0min
Epoch:[1/2](14380/264651), loss: 2.2964, logits_loss: 2.2964, aux_loss: 0.0000, lr: 0.00049918, epoch_time: 427.0min
Epoch:[1/2](14400/264651), loss: 2.2021, logits_loss: 2.2021, aux_loss: 0.0000, lr: 0.00049918, epoch_time: 427.0min
Epoch:[1/2](14420/264651), loss: 2.4245, logits_loss: 2.4245, aux_loss: 0.0000, lr: 0.00049918, epoch_time: 427.0min
Epoch:[1/2](14440/264651), loss: 2.2195, logits_loss: 2.2195, aux_loss: 0.0000, lr: 0.00049917, epoch_time: 426.0min
Epoch:[1/2](14460/264651), loss: 2.3248, logits_loss: 2.3248, aux_loss: 0.0000, lr: 0.00049917, epoch_time: 426.0min
Epoch:[1/2](14480/264651), loss: 2.2029, logits_loss: 2.2029, aux_loss: 0.0000, lr: 0.00049917, epoch_time: 426.0min
Epoch:[1/2](14500/264651), loss: 2.3604, logits_loss: 2.3604, aux_loss: 0.0000, lr: 0.00049917, epoch_time: 426.0min
Epoch:[1/2](14520/264651), loss: 2.3934, logits_loss: 2.3934, aux_loss: 0.0000, lr: 0.00049916, epoch_time: 431.0min
Epoch:[1/2](14540/264651), loss: 2.3275, logits_loss: 2.3275, aux_loss: 0.0000, lr: 0.00049916, epoch_time: 430.0min
Epoch:[1/2](14560/264651), loss: 2.4349, logits_loss: 2.4349, aux_loss: 0.0000, lr: 0.00049916, epoch_time: 430.0min
Epoch:[1/2](14580/264651), loss: 2.5043, logits_loss: 2.5043, aux_loss: 0.0000, lr: 0.00049916, epoch_time: 430.0min
Epoch:[1/2](14600/264651), loss: 2.3214, logits_loss: 2.3214, aux_loss: 0.0000, lr: 0.00049916, epoch_time: 430.0min
Epoch:[1/2](14620/264651), loss: 2.2948, logits_loss: 2.2948, aux_loss: 0.0000, lr: 0.00049915, epoch_time: 430.0min
Epoch:[1/2](14640/264651), loss: 2.4330, logits_loss: 2.4330, aux_loss: 0.0000, lr: 0.00049915, epoch_time: 429.0min
Epoch:[1/2](14660/264651), loss: 2.1122, logits_loss: 2.1122, aux_loss: 0.0000, lr: 0.00049915, epoch_time: 429.0min
Epoch:[1/2](14680/264651), loss: 2.1936, logits_loss: 2.1936, aux_loss: 0.0000, lr: 0.00049915, epoch_time: 429.0min
Epoch:[1/2](14700/264651), loss: 2.6793, logits_loss: 2.6793, aux_loss: 0.0000, lr: 0.00049914, epoch_time: 429.0min
Epoch:[1/2](14720/264651), loss: 2.4415, logits_loss: 2.4415, aux_loss: 0.0000, lr: 0.00049914, epoch_time: 428.0min
Epoch:[1/2](14740/264651), loss: 2.3494, logits_loss: 2.3494, aux_loss: 0.0000, lr: 0.00049914, epoch_time: 428.0min
Epoch:[1/2](14760/264651), loss: 2.2512, logits_loss: 2.2512, aux_loss: 0.0000, lr: 0.00049914, epoch_time: 428.0min
Epoch:[1/2](14780/264651), loss: 2.4152, logits_loss: 2.4152, aux_loss: 0.0000, lr: 0.00049913, epoch_time: 428.0min
Epoch:[1/2](14800/264651), loss: 2.4207, logits_loss: 2.4207, aux_loss: 0.0000, lr: 0.00049913, epoch_time: 428.0min
Epoch:[1/2](14820/264651), loss: 2.5854, logits_loss: 2.5854, aux_loss: 0.0000, lr: 0.00049913, epoch_time: 427.0min
Epoch:[1/2](14840/264651), loss: 2.2499, logits_loss: 2.2499, aux_loss: 0.0000, lr: 0.00049913, epoch_time: 427.0min
Epoch:[1/2](14860/264651), loss: 2.5255, logits_loss: 2.5255, aux_loss: 0.0000, lr: 0.00049913, epoch_time: 427.0min
Epoch:[1/2](14880/264651), loss: 2.1859, logits_loss: 2.1859, aux_loss: 0.0000, lr: 0.00049912, epoch_time: 427.0min
Epoch:[1/2](14900/264651), loss: 2.5280, logits_loss: 2.5280, aux_loss: 0.0000, lr: 0.00049912, epoch_time: 426.0min
Epoch:[1/2](14920/264651), loss: 2.2801, logits_loss: 2.2801, aux_loss: 0.0000, lr: 0.00049912, epoch_time: 426.0min
Epoch:[1/2](14940/264651), loss: 2.3975, logits_loss: 2.3975, aux_loss: 0.0000, lr: 0.00049912, epoch_time: 426.0min
Epoch:[1/2](14960/264651), loss: 2.5061, logits_loss: 2.5061, aux_loss: 0.0000, lr: 0.00049911, epoch_time: 426.0min
Epoch:[1/2](14980/264651), loss: 2.3125, logits_loss: 2.3125, aux_loss: 0.0000, lr: 0.00049911, epoch_time: 426.0min
Epoch:[1/2](15000/264651), loss: 2.4119, logits_loss: 2.4119, aux_loss: 0.0000, lr: 0.00049911, epoch_time: 425.0min
Epoch:[1/2](15020/264651), loss: 2.4740, logits_loss: 2.4740, aux_loss: 0.0000, lr: 0.00049911, epoch_time: 430.0min
Epoch:[1/2](15040/264651), loss: 2.2813, logits_loss: 2.2813, aux_loss: 0.0000, lr: 0.00049910, epoch_time: 430.0min
Epoch:[1/2](15060/264651), loss: 2.4880, logits_loss: 2.4880, aux_loss: 0.0000, lr: 0.00049910, epoch_time: 429.0min
Epoch:[1/2](15080/264651), loss: 2.4151, logits_loss: 2.4151, aux_loss: 0.0000, lr: 0.00049910, epoch_time: 429.0min
Epoch:[1/2](15100/264651), loss: 2.3543, logits_loss: 2.3543, aux_loss: 0.0000, lr: 0.00049910, epoch_time: 429.0min
Epoch:[1/2](15120/264651), loss: 2.2241, logits_loss: 2.2241, aux_loss: 0.0000, lr: 0.00049909, epoch_time: 429.0min
Epoch:[1/2](15140/264651), loss: 2.1133, logits_loss: 2.1133, aux_loss: 0.0000, lr: 0.00049909, epoch_time: 428.0min
Epoch:[1/2](15160/264651), loss: 2.3896, logits_loss: 2.3896, aux_loss: 0.0000, lr: 0.00049909, epoch_time: 428.0min
Epoch:[1/2](15180/264651), loss: 2.4140, logits_loss: 2.4140, aux_loss: 0.0000, lr: 0.00049909, epoch_time: 428.0min
Epoch:[1/2](15200/264651), loss: 2.3605, logits_loss: 2.3605, aux_loss: 0.0000, lr: 0.00049908, epoch_time: 428.0min
Epoch:[1/2](15220/264651), loss: 2.1992, logits_loss: 2.1992, aux_loss: 0.0000, lr: 0.00049908, epoch_time: 428.0min
Epoch:[1/2](15240/264651), loss: 2.5060, logits_loss: 2.5060, aux_loss: 0.0000, lr: 0.00049908, epoch_time: 427.0min
Epoch:[1/2](15260/264651), loss: 2.3345, logits_loss: 2.3345, aux_loss: 0.0000, lr: 0.00049908, epoch_time: 427.0min
Epoch:[1/2](15280/264651), loss: 2.5311, logits_loss: 2.5311, aux_loss: 0.0000, lr: 0.00049908, epoch_time: 427.0min
Epoch:[1/2](15300/264651), loss: 2.4338, logits_loss: 2.4338, aux_loss: 0.0000, lr: 0.00049907, epoch_time: 427.0min
Epoch:[1/2](15320/264651), loss: 2.3174, logits_loss: 2.3174, aux_loss: 0.0000, lr: 0.00049907, epoch_time: 427.0min
Epoch:[1/2](15340/264651), loss: 2.2451, logits_loss: 2.2451, aux_loss: 0.0000, lr: 0.00049907, epoch_time: 426.0min
Epoch:[1/2](15360/264651), loss: 2.3290, logits_loss: 2.3290, aux_loss: 0.0000, lr: 0.00049907, epoch_time: 426.0min
Epoch:[1/2](15380/264651), loss: 2.4804, logits_loss: 2.4804, aux_loss: 0.0000, lr: 0.00049906, epoch_time: 426.0min
Epoch:[1/2](15400/264651), loss: 2.1865, logits_loss: 2.1865, aux_loss: 0.0000, lr: 0.00049906, epoch_time: 426.0min
Epoch:[1/2](15420/264651), loss: 2.4318, logits_loss: 2.4318, aux_loss: 0.0000, lr: 0.00049906, epoch_time: 425.0min
Epoch:[1/2](15440/264651), loss: 2.3832, logits_loss: 2.3832, aux_loss: 0.0000, lr: 0.00049906, epoch_time: 425.0min
Epoch:[1/2](15460/264651), loss: 2.5712, logits_loss: 2.5712, aux_loss: 0.0000, lr: 0.00049905, epoch_time: 425.0min
Epoch:[1/2](15480/264651), loss: 2.2843, logits_loss: 2.2843, aux_loss: 0.0000, lr: 0.00049905, epoch_time: 425.0min
Epoch:[1/2](15500/264651), loss: 2.2427, logits_loss: 2.2427, aux_loss: 0.0000, lr: 0.00049905, epoch_time: 425.0min
Epoch:[1/2](15520/264651), loss: 2.3640, logits_loss: 2.3640, aux_loss: 0.0000, lr: 0.00049905, epoch_time: 429.0min
Epoch:[1/2](15540/264651), loss: 2.0619, logits_loss: 2.0619, aux_loss: 0.0000, lr: 0.00049904, epoch_time: 429.0min
Epoch:[1/2](15560/264651), loss: 2.2962, logits_loss: 2.2962, aux_loss: 0.0000, lr: 0.00049904, epoch_time: 429.0min
Epoch:[1/2](15580/264651), loss: 2.2572, logits_loss: 2.2572, aux_loss: 0.0000, lr: 0.00049904, epoch_time: 428.0min
Epoch:[1/2](15600/264651), loss: 2.3422, logits_loss: 2.3422, aux_loss: 0.0000, lr: 0.00049904, epoch_time: 428.0min
Epoch:[1/2](15620/264651), loss: 2.3007, logits_loss: 2.3007, aux_loss: 0.0000, lr: 0.00049903, epoch_time: 428.0min
Epoch:[1/2](15640/264651), loss: 2.1782, logits_loss: 2.1782, aux_loss: 0.0000, lr: 0.00049903, epoch_time: 428.0min
Epoch:[1/2](15660/264651), loss: 1.9453, logits_loss: 1.9453, aux_loss: 0.0000, lr: 0.00049903, epoch_time: 428.0min
Epoch:[1/2](15680/264651), loss: 2.1133, logits_loss: 2.1133, aux_loss: 0.0000, lr: 0.00049903, epoch_time: 427.0min
Epoch:[1/2](15700/264651), loss: 2.3510, logits_loss: 2.3510, aux_loss: 0.0000, lr: 0.00049902, epoch_time: 427.0min
Epoch:[1/2](15720/264651), loss: 2.4733, logits_loss: 2.4733, aux_loss: 0.0000, lr: 0.00049902, epoch_time: 427.0min
Epoch:[1/2](15740/264651), loss: 2.3911, logits_loss: 2.3911, aux_loss: 0.0000, lr: 0.00049902, epoch_time: 427.0min
Epoch:[1/2](15760/264651), loss: 2.1730, logits_loss: 2.1730, aux_loss: 0.0000, lr: 0.00049902, epoch_time: 427.0min
Epoch:[1/2](15780/264651), loss: 2.3614, logits_loss: 2.3614, aux_loss: 0.0000, lr: 0.00049901, epoch_time: 426.0min
Epoch:[1/2](15800/264651), loss: 2.6315, logits_loss: 2.6315, aux_loss: 0.0000, lr: 0.00049901, epoch_time: 426.0min
Epoch:[1/2](15820/264651), loss: 2.2641, logits_loss: 2.2641, aux_loss: 0.0000, lr: 0.00049901, epoch_time: 426.0min
Epoch:[1/2](15840/264651), loss: 2.3623, logits_loss: 2.3623, aux_loss: 0.0000, lr: 0.00049901, epoch_time: 426.0min
Epoch:[1/2](15860/264651), loss: 2.3464, logits_loss: 2.3464, aux_loss: 0.0000, lr: 0.00049900, epoch_time: 426.0min
Epoch:[1/2](15880/264651), loss: 2.3839, logits_loss: 2.3839, aux_loss: 0.0000, lr: 0.00049900, epoch_time: 425.0min
Epoch:[1/2](15900/264651), loss: 2.2036, logits_loss: 2.2036, aux_loss: 0.0000, lr: 0.00049900, epoch_time: 425.0min
Epoch:[1/2](15920/264651), loss: 2.3005, logits_loss: 2.3005, aux_loss: 0.0000, lr: 0.00049900, epoch_time: 425.0min
Epoch:[1/2](15940/264651), loss: 2.1871, logits_loss: 2.1871, aux_loss: 0.0000, lr: 0.00049899, epoch_time: 425.0min
Epoch:[1/2](15960/264651), loss: 2.1873, logits_loss: 2.1873, aux_loss: 0.0000, lr: 0.00049899, epoch_time: 425.0min
Epoch:[1/2](15980/264651), loss: 2.3802, logits_loss: 2.3802, aux_loss: 0.0000, lr: 0.00049899, epoch_time: 424.0min
Epoch:[1/2](16000/264651), loss: 2.2394, logits_loss: 2.2394, aux_loss: 0.0000, lr: 0.00049899, epoch_time: 424.0min
Epoch:[1/2](16020/264651), loss: 2.6339, logits_loss: 2.6339, aux_loss: 0.0000, lr: 0.00049898, epoch_time: 428.0min
Epoch:[1/2](16040/264651), loss: 2.3013, logits_loss: 2.3013, aux_loss: 0.0000, lr: 0.00049898, epoch_time: 428.0min
Epoch:[1/2](16060/264651), loss: 2.3434, logits_loss: 2.3434, aux_loss: 0.0000, lr: 0.00049898, epoch_time: 428.0min
Epoch:[1/2](16080/264651), loss: 2.2798, logits_loss: 2.2798, aux_loss: 0.0000, lr: 0.00049898, epoch_time: 428.0min
Epoch:[1/2](16100/264651), loss: 2.3794, logits_loss: 2.3794, aux_loss: 0.0000, lr: 0.00049897, epoch_time: 427.0min
Epoch:[1/2](16120/264651), loss: 2.2788, logits_loss: 2.2788, aux_loss: 0.0000, lr: 0.00049897, epoch_time: 427.0min
Epoch:[1/2](16140/264651), loss: 2.3507, logits_loss: 2.3507, aux_loss: 0.0000, lr: 0.00049897, epoch_time: 427.0min
Epoch:[1/2](16160/264651), loss: 2.4172, logits_loss: 2.4172, aux_loss: 0.0000, lr: 0.00049897, epoch_time: 427.0min
Epoch:[1/2](16180/264651), loss: 2.3848, logits_loss: 2.3848, aux_loss: 0.0000, lr: 0.00049896, epoch_time: 427.0min
Epoch:[1/2](16200/264651), loss: 2.1979, logits_loss: 2.1979, aux_loss: 0.0000, lr: 0.00049896, epoch_time: 426.0min
Epoch:[1/2](16220/264651), loss: 2.4682, logits_loss: 2.4682, aux_loss: 0.0000, lr: 0.00049896, epoch_time: 426.0min
Epoch:[1/2](16240/264651), loss: 2.3374, logits_loss: 2.3374, aux_loss: 0.0000, lr: 0.00049896, epoch_time: 426.0min
Epoch:[1/2](16260/264651), loss: 2.1969, logits_loss: 2.1969, aux_loss: 0.0000, lr: 0.00049895, epoch_time: 426.0min
Epoch:[1/2](16280/264651), loss: 2.2405, logits_loss: 2.2405, aux_loss: 0.0000, lr: 0.00049895, epoch_time: 426.0min
Epoch:[1/2](16300/264651), loss: 2.3513, logits_loss: 2.3513, aux_loss: 0.0000, lr: 0.00049895, epoch_time: 425.0min
Epoch:[1/2](16320/264651), loss: 2.3169, logits_loss: 2.3169, aux_loss: 0.0000, lr: 0.00049895, epoch_time: 425.0min
Epoch:[1/2](16340/264651), loss: 2.2437, logits_loss: 2.2437, aux_loss: 0.0000, lr: 0.00049894, epoch_time: 425.0min
Epoch:[1/2](16360/264651), loss: 2.2937, logits_loss: 2.2937, aux_loss: 0.0000, lr: 0.00049894, epoch_time: 425.0min
Epoch:[1/2](16380/264651), loss: 2.5247, logits_loss: 2.5247, aux_loss: 0.0000, lr: 0.00049894, epoch_time: 425.0min
Epoch:[1/2](16400/264651), loss: 2.3305, logits_loss: 2.3305, aux_loss: 0.0000, lr: 0.00049893, epoch_time: 425.0min
Epoch:[1/2](16420/264651), loss: 2.3497, logits_loss: 2.3497, aux_loss: 0.0000, lr: 0.00049893, epoch_time: 424.0min
Epoch:[1/2](16440/264651), loss: 2.3709, logits_loss: 2.3709, aux_loss: 0.0000, lr: 0.00049893, epoch_time: 424.0min
Epoch:[1/2](16460/264651), loss: 2.0466, logits_loss: 2.0466, aux_loss: 0.0000, lr: 0.00049893, epoch_time: 424.0min
Epoch:[1/2](16480/264651), loss: 2.2520, logits_loss: 2.2520, aux_loss: 0.0000, lr: 0.00049892, epoch_time: 424.0min
Epoch:[1/2](16500/264651), loss: 2.2478, logits_loss: 2.2478, aux_loss: 0.0000, lr: 0.00049892, epoch_time: 424.0min
Epoch:[1/2](16520/264651), loss: 2.2274, logits_loss: 2.2274, aux_loss: 0.0000, lr: 0.00049892, epoch_time: 428.0min
Epoch:[1/2](16540/264651), loss: 2.2913, logits_loss: 2.2913, aux_loss: 0.0000, lr: 0.00049892, epoch_time: 427.0min
Epoch:[1/2](16560/264651), loss: 2.3601, logits_loss: 2.3601, aux_loss: 0.0000, lr: 0.00049891, epoch_time: 427.0min
Epoch:[1/2](16580/264651), loss: 2.3159, logits_loss: 2.3159, aux_loss: 0.0000, lr: 0.00049891, epoch_time: 427.0min
Epoch:[1/2](16600/264651), loss: 2.3680, logits_loss: 2.3680, aux_loss: 0.0000, lr: 0.00049891, epoch_time: 427.0min
Epoch:[1/2](16620/264651), loss: 2.2978, logits_loss: 2.2978, aux_loss: 0.0000, lr: 0.00049891, epoch_time: 427.0min
Epoch:[1/2](16640/264651), loss: 2.2224, logits_loss: 2.2224, aux_loss: 0.0000, lr: 0.00049890, epoch_time: 426.0min
Epoch:[1/2](16660/264651), loss: 2.2231, logits_loss: 2.2231, aux_loss: 0.0000, lr: 0.00049890, epoch_time: 426.0min
Epoch:[1/2](16680/264651), loss: 2.3106, logits_loss: 2.3106, aux_loss: 0.0000, lr: 0.00049890, epoch_time: 426.0min
Epoch:[1/2](16700/264651), loss: 2.2601, logits_loss: 2.2601, aux_loss: 0.0000, lr: 0.00049890, epoch_time: 426.0min
Epoch:[1/2](16720/264651), loss: 2.2875, logits_loss: 2.2875, aux_loss: 0.0000, lr: 0.00049889, epoch_time: 426.0min
Epoch:[1/2](16740/264651), loss: 2.4231, logits_loss: 2.4231, aux_loss: 0.0000, lr: 0.00049889, epoch_time: 425.0min
Epoch:[1/2](16760/264651), loss: 2.2586, logits_loss: 2.2586, aux_loss: 0.0000, lr: 0.00049889, epoch_time: 425.0min
Epoch:[1/2](16780/264651), loss: 2.1850, logits_loss: 2.1850, aux_loss: 0.0000, lr: 0.00049889, epoch_time: 425.0min
Epoch:[1/2](16800/264651), loss: 2.3998, logits_loss: 2.3998, aux_loss: 0.0000, lr: 0.00049888, epoch_time: 425.0min
Epoch:[1/2](16820/264651), loss: 2.1895, logits_loss: 2.1895, aux_loss: 0.0000, lr: 0.00049888, epoch_time: 425.0min
Epoch:[1/2](16840/264651), loss: 2.2323, logits_loss: 2.2323, aux_loss: 0.0000, lr: 0.00049888, epoch_time: 424.0min
Epoch:[1/2](16860/264651), loss: 2.2708, logits_loss: 2.2708, aux_loss: 0.0000, lr: 0.00049887, epoch_time: 424.0min
Epoch:[1/2](16880/264651), loss: 2.3436, logits_loss: 2.3436, aux_loss: 0.0000, lr: 0.00049887, epoch_time: 424.0min
Epoch:[1/2](16900/264651), loss: 2.2155, logits_loss: 2.2155, aux_loss: 0.0000, lr: 0.00049887, epoch_time: 424.0min
Epoch:[1/2](16920/264651), loss: 2.1425, logits_loss: 2.1425, aux_loss: 0.0000, lr: 0.00049887, epoch_time: 424.0min
Epoch:[1/2](16940/264651), loss: 2.2426, logits_loss: 2.2426, aux_loss: 0.0000, lr: 0.00049886, epoch_time: 424.0min
Epoch:[1/2](16960/264651), loss: 2.3254, logits_loss: 2.3254, aux_loss: 0.0000, lr: 0.00049886, epoch_time: 423.0min
Epoch:[1/2](16980/264651), loss: 2.2097, logits_loss: 2.2097, aux_loss: 0.0000, lr: 0.00049886, epoch_time: 423.0min
Epoch:[1/2](17000/264651), loss: 2.3425, logits_loss: 2.3425, aux_loss: 0.0000, lr: 0.00049886, epoch_time: 423.0min
Epoch:[1/2](17020/264651), loss: 2.2922, logits_loss: 2.2922, aux_loss: 0.0000, lr: 0.00049885, epoch_time: 427.0min
Epoch:[1/2](17040/264651), loss: 2.2520, logits_loss: 2.2520, aux_loss: 0.0000, lr: 0.00049885, epoch_time: 426.0min
Epoch:[1/2](17060/264651), loss: 2.2382, logits_loss: 2.2382, aux_loss: 0.0000, lr: 0.00049885, epoch_time: 426.0min
Epoch:[1/2](17080/264651), loss: 2.1158, logits_loss: 2.1158, aux_loss: 0.0000, lr: 0.00049884, epoch_time: 426.0min
Epoch:[1/2](17100/264651), loss: 2.1979, logits_loss: 2.1979, aux_loss: 0.0000, lr: 0.00049884, epoch_time: 426.0min
Epoch:[1/2](17120/264651), loss: 2.3857, logits_loss: 2.3857, aux_loss: 0.0000, lr: 0.00049884, epoch_time: 426.0min
Epoch:[1/2](17140/264651), loss: 2.1855, logits_loss: 2.1855, aux_loss: 0.0000, lr: 0.00049884, epoch_time: 425.0min
Epoch:[1/2](17160/264651), loss: 2.4151, logits_loss: 2.4151, aux_loss: 0.0000, lr: 0.00049883, epoch_time: 425.0min
Epoch:[1/2](17180/264651), loss: 2.2255, logits_loss: 2.2255, aux_loss: 0.0000, lr: 0.00049883, epoch_time: 425.0min
Epoch:[1/2](17200/264651), loss: 2.4252, logits_loss: 2.4252, aux_loss: 0.0000, lr: 0.00049883, epoch_time: 425.0min
Epoch:[1/2](17220/264651), loss: 2.3993, logits_loss: 2.3993, aux_loss: 0.0000, lr: 0.00049883, epoch_time: 425.0min
Epoch:[1/2](17240/264651), loss: 2.1876, logits_loss: 2.1876, aux_loss: 0.0000, lr: 0.00049882, epoch_time: 425.0min
Epoch:[1/2](17260/264651), loss: 2.3323, logits_loss: 2.3323, aux_loss: 0.0000, lr: 0.00049882, epoch_time: 424.0min
Epoch:[1/2](17280/264651), loss: 2.1996, logits_loss: 2.1996, aux_loss: 0.0000, lr: 0.00049882, epoch_time: 424.0min
Epoch:[1/2](17300/264651), loss: 2.1671, logits_loss: 2.1671, aux_loss: 0.0000, lr: 0.00049881, epoch_time: 424.0min
Epoch:[1/2](17320/264651), loss: 2.2169, logits_loss: 2.2169, aux_loss: 0.0000, lr: 0.00049881, epoch_time: 424.0min
Epoch:[1/2](17340/264651), loss: 2.2770, logits_loss: 2.2770, aux_loss: 0.0000, lr: 0.00049881, epoch_time: 424.0min
Epoch:[1/2](17360/264651), loss: 2.3505, logits_loss: 2.3505, aux_loss: 0.0000, lr: 0.00049881, epoch_time: 423.0min
Epoch:[1/2](17380/264651), loss: 2.2385, logits_loss: 2.2385, aux_loss: 0.0000, lr: 0.00049880, epoch_time: 423.0min
Epoch:[1/2](17400/264651), loss: 2.2283, logits_loss: 2.2283, aux_loss: 0.0000, lr: 0.00049880, epoch_time: 423.0min
Epoch:[1/2](17420/264651), loss: 2.2943, logits_loss: 2.2943, aux_loss: 0.0000, lr: 0.00049880, epoch_time: 423.0min
Epoch:[1/2](17440/264651), loss: 2.1258, logits_loss: 2.1258, aux_loss: 0.0000, lr: 0.00049880, epoch_time: 423.0min
Epoch:[1/2](17460/264651), loss: 2.2857, logits_loss: 2.2857, aux_loss: 0.0000, lr: 0.00049879, epoch_time: 423.0min
Epoch:[1/2](17480/264651), loss: 2.3052, logits_loss: 2.3052, aux_loss: 0.0000, lr: 0.00049879, epoch_time: 422.0min
Epoch:[1/2](17500/264651), loss: 2.3744, logits_loss: 2.3744, aux_loss: 0.0000, lr: 0.00049879, epoch_time: 422.0min
Epoch:[1/2](17520/264651), loss: 2.2125, logits_loss: 2.2125, aux_loss: 0.0000, lr: 0.00049878, epoch_time: 426.0min
Epoch:[1/2](17540/264651), loss: 2.2797, logits_loss: 2.2797, aux_loss: 0.0000, lr: 0.00049878, epoch_time: 426.0min
Epoch:[1/2](17560/264651), loss: 2.4213, logits_loss: 2.4213, aux_loss: 0.0000, lr: 0.00049878, epoch_time: 425.0min
Epoch:[1/2](17580/264651), loss: 2.3585, logits_loss: 2.3585, aux_loss: 0.0000, lr: 0.00049878, epoch_time: 425.0min
Epoch:[1/2](17600/264651), loss: 2.3642, logits_loss: 2.3642, aux_loss: 0.0000, lr: 0.00049877, epoch_time: 425.0min
Epoch:[1/2](17620/264651), loss: 2.1561, logits_loss: 2.1561, aux_loss: 0.0000, lr: 0.00049877, epoch_time: 425.0min
Epoch:[1/2](17640/264651), loss: 2.4583, logits_loss: 2.4583, aux_loss: 0.0000, lr: 0.00049877, epoch_time: 425.0min
Epoch:[1/2](17660/264651), loss: 2.1921, logits_loss: 2.1921, aux_loss: 0.0000, lr: 0.00049877, epoch_time: 424.0min
Epoch:[1/2](17680/264651), loss: 2.1335, logits_loss: 2.1335, aux_loss: 0.0000, lr: 0.00049876, epoch_time: 424.0min
Epoch:[1/2](17700/264651), loss: 2.5131, logits_loss: 2.5131, aux_loss: 0.0000, lr: 0.00049876, epoch_time: 424.0min
Epoch:[1/2](17720/264651), loss: 2.3287, logits_loss: 2.3287, aux_loss: 0.0000, lr: 0.00049876, epoch_time: 424.0min
Epoch:[1/2](17740/264651), loss: 2.4192, logits_loss: 2.4192, aux_loss: 0.0000, lr: 0.00049875, epoch_time: 424.0min
Epoch:[1/2](17760/264651), loss: 2.2147, logits_loss: 2.2147, aux_loss: 0.0000, lr: 0.00049875, epoch_time: 423.0min
Epoch:[1/2](17780/264651), loss: 2.3992, logits_loss: 2.3992, aux_loss: 0.0000, lr: 0.00049875, epoch_time: 423.0min
Epoch:[1/2](17800/264651), loss: 2.3063, logits_loss: 2.3063, aux_loss: 0.0000, lr: 0.00049875, epoch_time: 423.0min
Epoch:[1/2](17820/264651), loss: 2.2800, logits_loss: 2.2800, aux_loss: 0.0000, lr: 0.00049874, epoch_time: 423.0min
Epoch:[1/2](17840/264651), loss: 2.4633, logits_loss: 2.4633, aux_loss: 0.0000, lr: 0.00049874, epoch_time: 423.0min
Epoch:[1/2](17860/264651), loss: 2.3468, logits_loss: 2.3468, aux_loss: 0.0000, lr: 0.00049874, epoch_time: 423.0min
Epoch:[1/2](17880/264651), loss: 2.5801, logits_loss: 2.5801, aux_loss: 0.0000, lr: 0.00049873, epoch_time: 422.0min
Epoch:[1/2](17900/264651), loss: 2.2869, logits_loss: 2.2869, aux_loss: 0.0000, lr: 0.00049873, epoch_time: 422.0min
Epoch:[1/2](17920/264651), loss: 2.3144, logits_loss: 2.3144, aux_loss: 0.0000, lr: 0.00049873, epoch_time: 422.0min
Epoch:[1/2](17940/264651), loss: 2.3091, logits_loss: 2.3091, aux_loss: 0.0000, lr: 0.00049873, epoch_time: 422.0min
Epoch:[1/2](17960/264651), loss: 2.1800, logits_loss: 2.1800, aux_loss: 0.0000, lr: 0.00049872, epoch_time: 422.0min
Epoch:[1/2](17980/264651), loss: 2.3750, logits_loss: 2.3750, aux_loss: 0.0000, lr: 0.00049872, epoch_time: 422.0min
Epoch:[1/2](18000/264651), loss: 2.2153, logits_loss: 2.2153, aux_loss: 0.0000, lr: 0.00049872, epoch_time: 421.0min
Epoch:[1/2](18020/264651), loss: 2.2566, logits_loss: 2.2566, aux_loss: 0.0000, lr: 0.00049871, epoch_time: 425.0min
Epoch:[1/2](18040/264651), loss: 2.4257, logits_loss: 2.4257, aux_loss: 0.0000, lr: 0.00049871, epoch_time: 425.0min
Epoch:[1/2](18060/264651), loss: 2.3206, logits_loss: 2.3206, aux_loss: 0.0000, lr: 0.00049871, epoch_time: 424.0min
Epoch:[1/2](18080/264651), loss: 2.1263, logits_loss: 2.1263, aux_loss: 0.0000, lr: 0.00049871, epoch_time: 424.0min
Epoch:[1/2](18100/264651), loss: 2.4212, logits_loss: 2.4212, aux_loss: 0.0000, lr: 0.00049870, epoch_time: 424.0min
Epoch:[1/2](18120/264651), loss: 2.1914, logits_loss: 2.1914, aux_loss: 0.0000, lr: 0.00049870, epoch_time: 424.0min
Epoch:[1/2](18140/264651), loss: 2.3513, logits_loss: 2.3513, aux_loss: 0.0000, lr: 0.00049870, epoch_time: 424.0min
Epoch:[1/2](18160/264651), loss: 2.2366, logits_loss: 2.2366, aux_loss: 0.0000, lr: 0.00049869, epoch_time: 424.0min
Epoch:[1/2](18180/264651), loss: 2.4038, logits_loss: 2.4038, aux_loss: 0.0000, lr: 0.00049869, epoch_time: 423.0min
Epoch:[1/2](18200/264651), loss: 2.2724, logits_loss: 2.2724, aux_loss: 0.0000, lr: 0.00049869, epoch_time: 423.0min
Epoch:[1/2](18220/264651), loss: 2.3339, logits_loss: 2.3339, aux_loss: 0.0000, lr: 0.00049869, epoch_time: 423.0min
Epoch:[1/2](18240/264651), loss: 2.1367, logits_loss: 2.1367, aux_loss: 0.0000, lr: 0.00049868, epoch_time: 423.0min
Epoch:[1/2](18260/264651), loss: 2.1668, logits_loss: 2.1668, aux_loss: 0.0000, lr: 0.00049868, epoch_time: 423.0min
Epoch:[1/2](18280/264651), loss: 2.2698, logits_loss: 2.2698, aux_loss: 0.0000, lr: 0.00049868, epoch_time: 422.0min
Epoch:[1/2](18300/264651), loss: 2.1723, logits_loss: 2.1723, aux_loss: 0.0000, lr: 0.00049867, epoch_time: 422.0min
Epoch:[1/2](18320/264651), loss: 2.2272, logits_loss: 2.2272, aux_loss: 0.0000, lr: 0.00049867, epoch_time: 422.0min
Epoch:[1/2](18340/264651), loss: 2.5063, logits_loss: 2.5063, aux_loss: 0.0000, lr: 0.00049867, epoch_time: 422.0min
Epoch:[1/2](18360/264651), loss: 2.2222, logits_loss: 2.2222, aux_loss: 0.0000, lr: 0.00049867, epoch_time: 422.0min
Epoch:[1/2](18380/264651), loss: 2.1728, logits_loss: 2.1728, aux_loss: 0.0000, lr: 0.00049866, epoch_time: 422.0min
Epoch:[1/2](18400/264651), loss: 2.3452, logits_loss: 2.3452, aux_loss: 0.0000, lr: 0.00049866, epoch_time: 421.0min
Epoch:[1/2](18420/264651), loss: 2.3103, logits_loss: 2.3103, aux_loss: 0.0000, lr: 0.00049866, epoch_time: 421.0min
Epoch:[1/2](18440/264651), loss: 2.2288, logits_loss: 2.2288, aux_loss: 0.0000, lr: 0.00049865, epoch_time: 421.0min
Epoch:[1/2](18460/264651), loss: 2.2266, logits_loss: 2.2266, aux_loss: 0.0000, lr: 0.00049865, epoch_time: 421.0min
Epoch:[1/2](18480/264651), loss: 2.2492, logits_loss: 2.2492, aux_loss: 0.0000, lr: 0.00049865, epoch_time: 421.0min
Epoch:[1/2](18500/264651), loss: 2.1078, logits_loss: 2.1078, aux_loss: 0.0000, lr: 0.00049864, epoch_time: 421.0min
Epoch:[1/2](18520/264651), loss: 2.3069, logits_loss: 2.3069, aux_loss: 0.0000, lr: 0.00049864, epoch_time: 424.0min
Epoch:[1/2](18540/264651), loss: 2.3502, logits_loss: 2.3502, aux_loss: 0.0000, lr: 0.00049864, epoch_time: 424.0min
Epoch:[1/2](18560/264651), loss: 2.2383, logits_loss: 2.2383, aux_loss: 0.0000, lr: 0.00049864, epoch_time: 424.0min
Epoch:[1/2](18580/264651), loss: 2.2458, logits_loss: 2.2458, aux_loss: 0.0000, lr: 0.00049863, epoch_time: 423.0min
Epoch:[1/2](18600/264651), loss: 2.2933, logits_loss: 2.2933, aux_loss: 0.0000, lr: 0.00049863, epoch_time: 423.0min
Epoch:[1/2](18620/264651), loss: 2.3061, logits_loss: 2.3061, aux_loss: 0.0000, lr: 0.00049863, epoch_time: 423.0min
Epoch:[1/2](18640/264651), loss: 2.3957, logits_loss: 2.3957, aux_loss: 0.0000, lr: 0.00049862, epoch_time: 423.0min
Epoch:[1/2](18660/264651), loss: 2.2522, logits_loss: 2.2522, aux_loss: 0.0000, lr: 0.00049862, epoch_time: 423.0min
Epoch:[1/2](18680/264651), loss: 2.2342, logits_loss: 2.2342, aux_loss: 0.0000, lr: 0.00049862, epoch_time: 423.0min
Epoch:[1/2](18700/264651), loss: 2.2146, logits_loss: 2.2146, aux_loss: 0.0000, lr: 0.00049862, epoch_time: 422.0min
Epoch:[1/2](18720/264651), loss: 2.3790, logits_loss: 2.3790, aux_loss: 0.0000, lr: 0.00049861, epoch_time: 422.0min
Epoch:[1/2](18740/264651), loss: 2.2377, logits_loss: 2.2377, aux_loss: 0.0000, lr: 0.00049861, epoch_time: 422.0min
Epoch:[1/2](18760/264651), loss: 2.0493, logits_loss: 2.0493, aux_loss: 0.0000, lr: 0.00049861, epoch_time: 422.0min
Epoch:[1/2](18780/264651), loss: 2.1227, logits_loss: 2.1227, aux_loss: 0.0000, lr: 0.00049860, epoch_time: 422.0min
Epoch:[1/2](18800/264651), loss: 2.2928, logits_loss: 2.2928, aux_loss: 0.0000, lr: 0.00049860, epoch_time: 422.0min
Epoch:[1/2](18820/264651), loss: 2.2554, logits_loss: 2.2554, aux_loss: 0.0000, lr: 0.00049860, epoch_time: 421.0min
Epoch:[1/2](18840/264651), loss: 2.3160, logits_loss: 2.3160, aux_loss: 0.0000, lr: 0.00049859, epoch_time: 421.0min
Epoch:[1/2](18860/264651), loss: 2.3320, logits_loss: 2.3320, aux_loss: 0.0000, lr: 0.00049859, epoch_time: 421.0min
Epoch:[1/2](18880/264651), loss: 2.1809, logits_loss: 2.1809, aux_loss: 0.0000, lr: 0.00049859, epoch_time: 421.0min
Epoch:[1/2](18900/264651), loss: 2.1076, logits_loss: 2.1076, aux_loss: 0.0000, lr: 0.00049859, epoch_time: 421.0min
Epoch:[1/2](18920/264651), loss: 2.2786, logits_loss: 2.2786, aux_loss: 0.0000, lr: 0.00049858, epoch_time: 421.0min
Epoch:[1/2](18940/264651), loss: 2.2678, logits_loss: 2.2678, aux_loss: 0.0000, lr: 0.00049858, epoch_time: 420.0min
Epoch:[1/2](18960/264651), loss: 2.0349, logits_loss: 2.0349, aux_loss: 0.0000, lr: 0.00049858, epoch_time: 420.0min
Epoch:[1/2](18980/264651), loss: 2.2362, logits_loss: 2.2362, aux_loss: 0.0000, lr: 0.00049857, epoch_time: 420.0min
Epoch:[1/2](19000/264651), loss: 2.2847, logits_loss: 2.2847, aux_loss: 0.0000, lr: 0.00049857, epoch_time: 420.0min
Epoch:[1/2](19020/264651), loss: 2.3541, logits_loss: 2.3541, aux_loss: 0.0000, lr: 0.00049857, epoch_time: 423.0min
Epoch:[1/2](19040/264651), loss: 2.2951, logits_loss: 2.2951, aux_loss: 0.0000, lr: 0.00049856, epoch_time: 423.0min
Epoch:[1/2](19060/264651), loss: 2.3446, logits_loss: 2.3446, aux_loss: 0.0000, lr: 0.00049856, epoch_time: 423.0min
Epoch:[1/2](19080/264651), loss: 2.1699, logits_loss: 2.1699, aux_loss: 0.0000, lr: 0.00049856, epoch_time: 423.0min
Epoch:[1/2](19100/264651), loss: 2.4965, logits_loss: 2.4965, aux_loss: 0.0000, lr: 0.00049856, epoch_time: 422.0min
Epoch:[1/2](19120/264651), loss: 2.2034, logits_loss: 2.2034, aux_loss: 0.0000, lr: 0.00049855, epoch_time: 422.0min
Epoch:[1/2](19140/264651), loss: 2.4658, logits_loss: 2.4658, aux_loss: 0.0000, lr: 0.00049855, epoch_time: 422.0min
Epoch:[1/2](19160/264651), loss: 2.1775, logits_loss: 2.1775, aux_loss: 0.0000, lr: 0.00049855, epoch_time: 422.0min
Epoch:[1/2](19180/264651), loss: 2.3349, logits_loss: 2.3349, aux_loss: 0.0000, lr: 0.00049854, epoch_time: 422.0min
Epoch:[1/2](19200/264651), loss: 2.2859, logits_loss: 2.2859, aux_loss: 0.0000, lr: 0.00049854, epoch_time: 422.0min
Epoch:[1/2](19220/264651), loss: 2.3483, logits_loss: 2.3483, aux_loss: 0.0000, lr: 0.00049854, epoch_time: 421.0min
Epoch:[1/2](19240/264651), loss: 2.4400, logits_loss: 2.4400, aux_loss: 0.0000, lr: 0.00049853, epoch_time: 421.0min
Epoch:[1/2](19260/264651), loss: 2.2504, logits_loss: 2.2504, aux_loss: 0.0000, lr: 0.00049853, epoch_time: 421.0min
Epoch:[1/2](19280/264651), loss: 2.3225, logits_loss: 2.3225, aux_loss: 0.0000, lr: 0.00049853, epoch_time: 421.0min
Epoch:[1/2](19300/264651), loss: 2.2096, logits_loss: 2.2096, aux_loss: 0.0000, lr: 0.00049853, epoch_time: 421.0min
Epoch:[1/2](19320/264651), loss: 2.1174, logits_loss: 2.1174, aux_loss: 0.0000, lr: 0.00049852, epoch_time: 421.0min
Epoch:[1/2](19340/264651), loss: 2.2009, logits_loss: 2.2009, aux_loss: 0.0000, lr: 0.00049852, epoch_time: 420.0min
Epoch:[1/2](19360/264651), loss: 2.3296, logits_loss: 2.3296, aux_loss: 0.0000, lr: 0.00049852, epoch_time: 420.0min
Epoch:[1/2](19380/264651), loss: 2.2046, logits_loss: 2.2046, aux_loss: 0.0000, lr: 0.00049851, epoch_time: 420.0min
Epoch:[1/2](19400/264651), loss: 2.4340, logits_loss: 2.4340, aux_loss: 0.0000, lr: 0.00049851, epoch_time: 420.0min
Epoch:[1/2](19420/264651), loss: 2.2633, logits_loss: 2.2633, aux_loss: 0.0000, lr: 0.00049851, epoch_time: 420.0min
Epoch:[1/2](19440/264651), loss: 2.2818, logits_loss: 2.2818, aux_loss: 0.0000, lr: 0.00049850, epoch_time: 420.0min
Epoch:[1/2](19460/264651), loss: 2.2421, logits_loss: 2.2421, aux_loss: 0.0000, lr: 0.00049850, epoch_time: 419.0min
Epoch:[1/2](19480/264651), loss: 2.2225, logits_loss: 2.2225, aux_loss: 0.0000, lr: 0.00049850, epoch_time: 419.0min
Epoch:[1/2](19500/264651), loss: 2.3019, logits_loss: 2.3019, aux_loss: 0.0000, lr: 0.00049849, epoch_time: 419.0min
Epoch:[1/2](19520/264651), loss: 2.1040, logits_loss: 2.1040, aux_loss: 0.0000, lr: 0.00049849, epoch_time: 422.0min
Epoch:[1/2](19540/264651), loss: 2.3282, logits_loss: 2.3282, aux_loss: 0.0000, lr: 0.00049849, epoch_time: 422.0min
Epoch:[1/2](19560/264651), loss: 2.2268, logits_loss: 2.2268, aux_loss: 0.0000, lr: 0.00049849, epoch_time: 422.0min
Epoch:[1/2](19580/264651), loss: 2.6548, logits_loss: 2.6548, aux_loss: 0.0000, lr: 0.00049848, epoch_time: 422.0min
Epoch:[1/2](19600/264651), loss: 2.5436, logits_loss: 2.5436, aux_loss: 0.0000, lr: 0.00049848, epoch_time: 422.0min
Epoch:[1/2](19620/264651), loss: 2.3464, logits_loss: 2.3464, aux_loss: 0.0000, lr: 0.00049848, epoch_time: 421.0min
Epoch:[1/2](19640/264651), loss: 2.2229, logits_loss: 2.2229, aux_loss: 0.0000, lr: 0.00049847, epoch_time: 421.0min
Epoch:[1/2](19660/264651), loss: 2.0061, logits_loss: 2.0061, aux_loss: 0.0000, lr: 0.00049847, epoch_time: 421.0min
Epoch:[1/2](19680/264651), loss: 2.3171, logits_loss: 2.3171, aux_loss: 0.0000, lr: 0.00049847, epoch_time: 421.0min
Epoch:[1/2](19700/264651), loss: 2.3599, logits_loss: 2.3599, aux_loss: 0.0000, lr: 0.00049846, epoch_time: 421.0min
Epoch:[1/2](19720/264651), loss: 2.2339, logits_loss: 2.2339, aux_loss: 0.0000, lr: 0.00049846, epoch_time: 421.0min
Epoch:[1/2](19740/264651), loss: 2.3704, logits_loss: 2.3704, aux_loss: 0.0000, lr: 0.00049846, epoch_time: 420.0min
Epoch:[1/2](19760/264651), loss: 2.3859, logits_loss: 2.3859, aux_loss: 0.0000, lr: 0.00049845, epoch_time: 420.0min
Epoch:[1/2](19780/264651), loss: 2.1279, logits_loss: 2.1279, aux_loss: 0.0000, lr: 0.00049845, epoch_time: 420.0min
Epoch:[1/2](19800/264651), loss: 2.3067, logits_loss: 2.3067, aux_loss: 0.0000, lr: 0.00049845, epoch_time: 420.0min
Epoch:[1/2](19820/264651), loss: 2.0783, logits_loss: 2.0783, aux_loss: 0.0000, lr: 0.00049844, epoch_time: 420.0min
Epoch:[1/2](19840/264651), loss: 2.3399, logits_loss: 2.3399, aux_loss: 0.0000, lr: 0.00049844, epoch_time: 420.0min
Epoch:[1/2](19860/264651), loss: 2.2090, logits_loss: 2.2090, aux_loss: 0.0000, lr: 0.00049844, epoch_time: 419.0min
Epoch:[1/2](19880/264651), loss: 2.2727, logits_loss: 2.2727, aux_loss: 0.0000, lr: 0.00049844, epoch_time: 419.0min
Epoch:[1/2](19900/264651), loss: 2.3719, logits_loss: 2.3719, aux_loss: 0.0000, lr: 0.00049843, epoch_time: 419.0min
Epoch:[1/2](19920/264651), loss: 2.1331, logits_loss: 2.1331, aux_loss: 0.0000, lr: 0.00049843, epoch_time: 419.0min
Epoch:[1/2](19940/264651), loss: 2.2384, logits_loss: 2.2384, aux_loss: 0.0000, lr: 0.00049843, epoch_time: 419.0min
Epoch:[1/2](19960/264651), loss: 2.3030, logits_loss: 2.3030, aux_loss: 0.0000, lr: 0.00049842, epoch_time: 419.0min
Epoch:[1/2](19980/264651), loss: 2.4627, logits_loss: 2.4627, aux_loss: 0.0000, lr: 0.00049842, epoch_time: 418.0min
Epoch:[1/2](20000/264651), loss: 2.2656, logits_loss: 2.2656, aux_loss: 0.0000, lr: 0.00049842, epoch_time: 418.0min
Epoch:[1/2](20020/264651), loss: 2.0013, logits_loss: 2.0013, aux_loss: 0.0000, lr: 0.00049841, epoch_time: 422.0min
Epoch:[1/2](20040/264651), loss: 2.1389, logits_loss: 2.1389, aux_loss: 0.0000, lr: 0.00049841, epoch_time: 421.0min
Epoch:[1/2](20060/264651), loss: 2.2204, logits_loss: 2.2204, aux_loss: 0.0000, lr: 0.00049841, epoch_time: 421.0min
Epoch:[1/2](20080/264651), loss: 2.3255, logits_loss: 2.3255, aux_loss: 0.0000, lr: 0.00049840, epoch_time: 421.0min
Epoch:[1/2](20100/264651), loss: 2.2297, logits_loss: 2.2297, aux_loss: 0.0000, lr: 0.00049840, epoch_time: 421.0min
Epoch:[1/2](20120/264651), loss: 2.2656, logits_loss: 2.2656, aux_loss: 0.0000, lr: 0.00049840, epoch_time: 421.0min
Epoch:[1/2](20140/264651), loss: 2.3527, logits_loss: 2.3527, aux_loss: 0.0000, lr: 0.00049839, epoch_time: 420.0min
Epoch:[1/2](20160/264651), loss: 2.4234, logits_loss: 2.4234, aux_loss: 0.0000, lr: 0.00049839, epoch_time: 420.0min
Epoch:[1/2](20180/264651), loss: 2.0271, logits_loss: 2.0271, aux_loss: 0.0000, lr: 0.00049839, epoch_time: 420.0min
Epoch:[1/2](20200/264651), loss: 2.4216, logits_loss: 2.4216, aux_loss: 0.0000, lr: 0.00049838, epoch_time: 420.0min
Epoch:[1/2](20220/264651), loss: 2.3174, logits_loss: 2.3174, aux_loss: 0.0000, lr: 0.00049838, epoch_time: 420.0min
Epoch:[1/2](20240/264651), loss: 2.3914, logits_loss: 2.3914, aux_loss: 0.0000, lr: 0.00049838, epoch_time: 420.0min
Epoch:[1/2](20260/264651), loss: 2.2549, logits_loss: 2.2549, aux_loss: 0.0000, lr: 0.00049838, epoch_time: 420.0min
Epoch:[1/2](20280/264651), loss: 2.2062, logits_loss: 2.2062, aux_loss: 0.0000, lr: 0.00049837, epoch_time: 419.0min
Epoch:[1/2](20300/264651), loss: 2.3617, logits_loss: 2.3617, aux_loss: 0.0000, lr: 0.00049837, epoch_time: 419.0min
Epoch:[1/2](20320/264651), loss: 2.1540, logits_loss: 2.1540, aux_loss: 0.0000, lr: 0.00049837, epoch_time: 419.0min
Epoch:[1/2](20340/264651), loss: 2.3271, logits_loss: 2.3271, aux_loss: 0.0000, lr: 0.00049836, epoch_time: 419.0min
Epoch:[1/2](20360/264651), loss: 2.0476, logits_loss: 2.0476, aux_loss: 0.0000, lr: 0.00049836, epoch_time: 419.0min
Epoch:[1/2](20380/264651), loss: 2.1136, logits_loss: 2.1136, aux_loss: 0.0000, lr: 0.00049836, epoch_time: 419.0min
Epoch:[1/2](20400/264651), loss: 2.4769, logits_loss: 2.4769, aux_loss: 0.0000, lr: 0.00049835, epoch_time: 418.0min
Epoch:[1/2](20420/264651), loss: 2.1190, logits_loss: 2.1190, aux_loss: 0.0000, lr: 0.00049835, epoch_time: 418.0min
Epoch:[1/2](20440/264651), loss: 2.2099, logits_loss: 2.2099, aux_loss: 0.0000, lr: 0.00049835, epoch_time: 418.0min
Epoch:[1/2](20460/264651), loss: 2.2413, logits_loss: 2.2413, aux_loss: 0.0000, lr: 0.00049834, epoch_time: 418.0min
Epoch:[1/2](20480/264651), loss: 2.0614, logits_loss: 2.0614, aux_loss: 0.0000, lr: 0.00049834, epoch_time: 418.0min
Epoch:[1/2](20500/264651), loss: 2.4247, logits_loss: 2.4247, aux_loss: 0.0000, lr: 0.00049834, epoch_time: 418.0min
Epoch:[1/2](20520/264651), loss: 2.2413, logits_loss: 2.2413, aux_loss: 0.0000, lr: 0.00049833, epoch_time: 421.0min
Epoch:[1/2](20540/264651), loss: 2.3214, logits_loss: 2.3214, aux_loss: 0.0000, lr: 0.00049833, epoch_time: 421.0min
Epoch:[1/2](20560/264651), loss: 2.3227, logits_loss: 2.3227, aux_loss: 0.0000, lr: 0.00049833, epoch_time: 420.0min
Epoch:[1/2](20580/264651), loss: 2.3011, logits_loss: 2.3011, aux_loss: 0.0000, lr: 0.00049832, epoch_time: 420.0min
Epoch:[1/2](20600/264651), loss: 2.3697, logits_loss: 2.3697, aux_loss: 0.0000, lr: 0.00049832, epoch_time: 420.0min
Epoch:[1/2](20620/264651), loss: 2.1152, logits_loss: 2.1152, aux_loss: 0.0000, lr: 0.00049832, epoch_time: 420.0min
Epoch:[1/2](20640/264651), loss: 2.3060, logits_loss: 2.3060, aux_loss: 0.0000, lr: 0.00049831, epoch_time: 420.0min
Epoch:[1/2](20660/264651), loss: 2.2166, logits_loss: 2.2166, aux_loss: 0.0000, lr: 0.00049831, epoch_time: 420.0min
Epoch:[1/2](20680/264651), loss: 2.3441, logits_loss: 2.3441, aux_loss: 0.0000, lr: 0.00049831, epoch_time: 419.0min
Epoch:[1/2](20700/264651), loss: 2.3145, logits_loss: 2.3145, aux_loss: 0.0000, lr: 0.00049830, epoch_time: 419.0min
Epoch:[1/2](20720/264651), loss: 2.4385, logits_loss: 2.4385, aux_loss: 0.0000, lr: 0.00049830, epoch_time: 419.0min
Epoch:[1/2](20740/264651), loss: 2.1782, logits_loss: 2.1782, aux_loss: 0.0000, lr: 0.00049830, epoch_time: 419.0min
Epoch:[1/2](20760/264651), loss: 2.3362, logits_loss: 2.3362, aux_loss: 0.0000, lr: 0.00049829, epoch_time: 419.0min
Epoch:[1/2](20780/264651), loss: 2.4000, logits_loss: 2.4000, aux_loss: 0.0000, lr: 0.00049829, epoch_time: 419.0min
Epoch:[1/2](20800/264651), loss: 2.1457, logits_loss: 2.1457, aux_loss: 0.0000, lr: 0.00049829, epoch_time: 418.0min
Epoch:[1/2](20820/264651), loss: 2.1906, logits_loss: 2.1906, aux_loss: 0.0000, lr: 0.00049828, epoch_time: 418.0min
Epoch:[1/2](20840/264651), loss: 2.4081, logits_loss: 2.4081, aux_loss: 0.0000, lr: 0.00049828, epoch_time: 418.0min
Epoch:[1/2](20860/264651), loss: 2.2109, logits_loss: 2.2109, aux_loss: 0.0000, lr: 0.00049828, epoch_time: 418.0min
Epoch:[1/2](20880/264651), loss: 2.1414, logits_loss: 2.1414, aux_loss: 0.0000, lr: 0.00049827, epoch_time: 418.0min
Epoch:[1/2](20900/264651), loss: 2.2257, logits_loss: 2.2257, aux_loss: 0.0000, lr: 0.00049827, epoch_time: 418.0min
Epoch:[1/2](20920/264651), loss: 2.4266, logits_loss: 2.4266, aux_loss: 0.0000, lr: 0.00049827, epoch_time: 418.0min
Epoch:[1/2](20940/264651), loss: 2.2125, logits_loss: 2.2125, aux_loss: 0.0000, lr: 0.00049826, epoch_time: 417.0min
Epoch:[1/2](20960/264651), loss: 2.1843, logits_loss: 2.1843, aux_loss: 0.0000, lr: 0.00049826, epoch_time: 417.0min
Epoch:[1/2](20980/264651), loss: 2.1093, logits_loss: 2.1093, aux_loss: 0.0000, lr: 0.00049826, epoch_time: 417.0min
Epoch:[1/2](21000/264651), loss: 2.2717, logits_loss: 2.2717, aux_loss: 0.0000, lr: 0.00049825, epoch_time: 417.0min
Epoch:[1/2](21020/264651), loss: 2.5639, logits_loss: 2.5639, aux_loss: 0.0000, lr: 0.00049825, epoch_time: 420.0min
Epoch:[1/2](21040/264651), loss: 2.2594, logits_loss: 2.2594, aux_loss: 0.0000, lr: 0.00049825, epoch_time: 420.0min
Epoch:[1/2](21060/264651), loss: 2.2714, logits_loss: 2.2714, aux_loss: 0.0000, lr: 0.00049824, epoch_time: 420.0min
Epoch:[1/2](21080/264651), loss: 2.1615, logits_loss: 2.1615, aux_loss: 0.0000, lr: 0.00049824, epoch_time: 419.0min
Epoch:[1/2](21100/264651), loss: 2.3995, logits_loss: 2.3995, aux_loss: 0.0000, lr: 0.00049824, epoch_time: 419.0min
Epoch:[1/2](21120/264651), loss: 2.1336, logits_loss: 2.1336, aux_loss: 0.0000, lr: 0.00049823, epoch_time: 419.0min
Epoch:[1/2](21140/264651), loss: 2.3352, logits_loss: 2.3352, aux_loss: 0.0000, lr: 0.00049823, epoch_time: 419.0min
Epoch:[1/2](21160/264651), loss: 2.2666, logits_loss: 2.2666, aux_loss: 0.0000, lr: 0.00049823, epoch_time: 419.0min
Epoch:[1/2](21180/264651), loss: 2.2696, logits_loss: 2.2696, aux_loss: 0.0000, lr: 0.00049822, epoch_time: 419.0min
Epoch:[1/2](21200/264651), loss: 2.3799, logits_loss: 2.3799, aux_loss: 0.0000, lr: 0.00049822, epoch_time: 418.0min
Epoch:[1/2](21220/264651), loss: 2.2625, logits_loss: 2.2625, aux_loss: 0.0000, lr: 0.00049822, epoch_time: 418.0min
Epoch:[1/2](21240/264651), loss: 2.0624, logits_loss: 2.0624, aux_loss: 0.0000, lr: 0.00049821, epoch_time: 418.0min
Epoch:[1/2](21260/264651), loss: 2.3310, logits_loss: 2.3310, aux_loss: 0.0000, lr: 0.00049821, epoch_time: 418.0min
Epoch:[1/2](21280/264651), loss: 2.1281, logits_loss: 2.1281, aux_loss: 0.0000, lr: 0.00049821, epoch_time: 418.0min
Epoch:[1/2](21300/264651), loss: 2.0674, logits_loss: 2.0674, aux_loss: 0.0000, lr: 0.00049820, epoch_time: 418.0min
Epoch:[1/2](21320/264651), loss: 2.1606, logits_loss: 2.1606, aux_loss: 0.0000, lr: 0.00049820, epoch_time: 418.0min
Epoch:[1/2](21340/264651), loss: 2.2757, logits_loss: 2.2757, aux_loss: 0.0000, lr: 0.00049820, epoch_time: 417.0min
Epoch:[1/2](21360/264651), loss: 2.2524, logits_loss: 2.2524, aux_loss: 0.0000, lr: 0.00049819, epoch_time: 417.0min
Epoch:[1/2](21380/264651), loss: 2.2107, logits_loss: 2.2107, aux_loss: 0.0000, lr: 0.00049819, epoch_time: 417.0min
Epoch:[1/2](21400/264651), loss: 2.1675, logits_loss: 2.1675, aux_loss: 0.0000, lr: 0.00049819, epoch_time: 417.0min
Epoch:[1/2](21420/264651), loss: 2.2222, logits_loss: 2.2222, aux_loss: 0.0000, lr: 0.00049818, epoch_time: 417.0min
Epoch:[1/2](21440/264651), loss: 2.4528, logits_loss: 2.4528, aux_loss: 0.0000, lr: 0.00049818, epoch_time: 417.0min
Epoch:[1/2](21460/264651), loss: 2.2963, logits_loss: 2.2963, aux_loss: 0.0000, lr: 0.00049818, epoch_time: 417.0min
Epoch:[1/2](21480/264651), loss: 2.2774, logits_loss: 2.2774, aux_loss: 0.0000, lr: 0.00049817, epoch_time: 416.0min
Epoch:[1/2](21500/264651), loss: 2.1083, logits_loss: 2.1083, aux_loss: 0.0000, lr: 0.00049817, epoch_time: 416.0min
Epoch:[1/2](21520/264651), loss: 2.2042, logits_loss: 2.2042, aux_loss: 0.0000, lr: 0.00049817, epoch_time: 419.0min
Epoch:[1/2](21540/264651), loss: 2.2144, logits_loss: 2.2144, aux_loss: 0.0000, lr: 0.00049816, epoch_time: 419.0min
Epoch:[1/2](21560/264651), loss: 2.1284, logits_loss: 2.1284, aux_loss: 0.0000, lr: 0.00049816, epoch_time: 419.0min
Epoch:[1/2](21580/264651), loss: 2.0913, logits_loss: 2.0913, aux_loss: 0.0000, lr: 0.00049816, epoch_time: 419.0min
Epoch:[1/2](21600/264651), loss: 2.3355, logits_loss: 2.3355, aux_loss: 0.0000, lr: 0.00049815, epoch_time: 418.0min
Epoch:[1/2](21620/264651), loss: 2.1343, logits_loss: 2.1343, aux_loss: 0.0000, lr: 0.00049815, epoch_time: 418.0min
Epoch:[1/2](21640/264651), loss: 2.2166, logits_loss: 2.2166, aux_loss: 0.0000, lr: 0.00049815, epoch_time: 418.0min
Epoch:[1/2](21660/264651), loss: 2.2696, logits_loss: 2.2696, aux_loss: 0.0000, lr: 0.00049814, epoch_time: 418.0min
Epoch:[1/2](21680/264651), loss: 2.4090, logits_loss: 2.4090, aux_loss: 0.0000, lr: 0.00049814, epoch_time: 418.0min
Epoch:[1/2](21700/264651), loss: 2.1967, logits_loss: 2.1967, aux_loss: 0.0000, lr: 0.00049814, epoch_time: 418.0min
Epoch:[1/2](21720/264651), loss: 2.1995, logits_loss: 2.1995, aux_loss: 0.0000, lr: 0.00049813, epoch_time: 417.0min
Epoch:[1/2](21740/264651), loss: 2.1738, logits_loss: 2.1738, aux_loss: 0.0000, lr: 0.00049813, epoch_time: 417.0min
Epoch:[1/2](21760/264651), loss: 2.2214, logits_loss: 2.2214, aux_loss: 0.0000, lr: 0.00049813, epoch_time: 417.0min
Epoch:[1/2](21780/264651), loss: 2.2032, logits_loss: 2.2032, aux_loss: 0.0000, lr: 0.00049812, epoch_time: 417.0min
Epoch:[1/2](21800/264651), loss: 2.1783, logits_loss: 2.1783, aux_loss: 0.0000, lr: 0.00049812, epoch_time: 417.0min
Epoch:[1/2](21820/264651), loss: 2.0922, logits_loss: 2.0922, aux_loss: 0.0000, lr: 0.00049812, epoch_time: 417.0min
Epoch:[1/2](21840/264651), loss: 2.1472, logits_loss: 2.1472, aux_loss: 0.0000, lr: 0.00049811, epoch_time: 417.0min
Epoch:[1/2](21860/264651), loss: 2.1169, logits_loss: 2.1169, aux_loss: 0.0000, lr: 0.00049811, epoch_time: 416.0min
Epoch:[1/2](21880/264651), loss: 2.1143, logits_loss: 2.1143, aux_loss: 0.0000, lr: 0.00049811, epoch_time: 416.0min
Epoch:[1/2](21900/264651), loss: 2.4726, logits_loss: 2.4726, aux_loss: 0.0000, lr: 0.00049810, epoch_time: 416.0min
Epoch:[1/2](21920/264651), loss: 2.2240, logits_loss: 2.2240, aux_loss: 0.0000, lr: 0.00049810, epoch_time: 416.0min
Epoch:[1/2](21940/264651), loss: 2.2981, logits_loss: 2.2981, aux_loss: 0.0000, lr: 0.00049809, epoch_time: 416.0min
Epoch:[1/2](21960/264651), loss: 2.3365, logits_loss: 2.3365, aux_loss: 0.0000, lr: 0.00049809, epoch_time: 416.0min
Epoch:[1/2](21980/264651), loss: 2.1874, logits_loss: 2.1874, aux_loss: 0.0000, lr: 0.00049809, epoch_time: 416.0min
Epoch:[1/2](22000/264651), loss: 2.1190, logits_loss: 2.1190, aux_loss: 0.0000, lr: 0.00049808, epoch_time: 415.0min
Epoch:[1/2](22020/264651), loss: 2.2426, logits_loss: 2.2426, aux_loss: 0.0000, lr: 0.00049808, epoch_time: 418.0min
Epoch:[1/2](22040/264651), loss: 2.1205, logits_loss: 2.1205, aux_loss: 0.0000, lr: 0.00049808, epoch_time: 418.0min
Epoch:[1/2](22060/264651), loss: 2.2016, logits_loss: 2.2016, aux_loss: 0.0000, lr: 0.00049807, epoch_time: 418.0min
Epoch:[1/2](22080/264651), loss: 2.2528, logits_loss: 2.2528, aux_loss: 0.0000, lr: 0.00049807, epoch_time: 418.0min
Epoch:[1/2](22100/264651), loss: 2.2105, logits_loss: 2.2105, aux_loss: 0.0000, lr: 0.00049807, epoch_time: 418.0min
Epoch:[1/2](22120/264651), loss: 2.2320, logits_loss: 2.2320, aux_loss: 0.0000, lr: 0.00049806, epoch_time: 417.0min
Epoch:[1/2](22140/264651), loss: 2.0632, logits_loss: 2.0632, aux_loss: 0.0000, lr: 0.00049806, epoch_time: 417.0min
Epoch:[1/2](22160/264651), loss: 2.4766, logits_loss: 2.4766, aux_loss: 0.0000, lr: 0.00049806, epoch_time: 417.0min
Epoch:[1/2](22180/264651), loss: 2.1009, logits_loss: 2.1009, aux_loss: 0.0000, lr: 0.00049805, epoch_time: 417.0min
Epoch:[1/2](22200/264651), loss: 2.1465, logits_loss: 2.1465, aux_loss: 0.0000, lr: 0.00049805, epoch_time: 417.0min
Epoch:[1/2](22220/264651), loss: 2.2923, logits_loss: 2.2923, aux_loss: 0.0000, lr: 0.00049805, epoch_time: 417.0min
Epoch:[1/2](22240/264651), loss: 2.1771, logits_loss: 2.1771, aux_loss: 0.0000, lr: 0.00049804, epoch_time: 416.0min
Epoch:[1/2](22260/264651), loss: 2.2746, logits_loss: 2.2746, aux_loss: 0.0000, lr: 0.00049804, epoch_time: 416.0min
Epoch:[1/2](22280/264651), loss: 2.1174, logits_loss: 2.1174, aux_loss: 0.0000, lr: 0.00049804, epoch_time: 416.0min
Epoch:[1/2](22300/264651), loss: 2.2145, logits_loss: 2.2145, aux_loss: 0.0000, lr: 0.00049803, epoch_time: 416.0min
Epoch:[1/2](22320/264651), loss: 2.2649, logits_loss: 2.2649, aux_loss: 0.0000, lr: 0.00049803, epoch_time: 416.0min
Epoch:[1/2](22340/264651), loss: 2.3727, logits_loss: 2.3727, aux_loss: 0.0000, lr: 0.00049802, epoch_time: 416.0min
Epoch:[1/2](22360/264651), loss: 2.1556, logits_loss: 2.1556, aux_loss: 0.0000, lr: 0.00049802, epoch_time: 416.0min
Epoch:[1/2](22380/264651), loss: 2.3440, logits_loss: 2.3440, aux_loss: 0.0000, lr: 0.00049802, epoch_time: 415.0min
Epoch:[1/2](22400/264651), loss: 2.2556, logits_loss: 2.2556, aux_loss: 0.0000, lr: 0.00049801, epoch_time: 415.0min
Epoch:[1/2](22420/264651), loss: 2.2194, logits_loss: 2.2194, aux_loss: 0.0000, lr: 0.00049801, epoch_time: 415.0min
Epoch:[1/2](22440/264651), loss: 2.1993, logits_loss: 2.1993, aux_loss: 0.0000, lr: 0.00049801, epoch_time: 415.0min
Epoch:[1/2](22460/264651), loss: 2.1101, logits_loss: 2.1101, aux_loss: 0.0000, lr: 0.00049800, epoch_time: 415.0min
Epoch:[1/2](22480/264651), loss: 2.2080, logits_loss: 2.2080, aux_loss: 0.0000, lr: 0.00049800, epoch_time: 415.0min
Epoch:[1/2](22500/264651), loss: 2.1134, logits_loss: 2.1134, aux_loss: 0.0000, lr: 0.00049800, epoch_time: 415.0min
Epoch:[1/2](22520/264651), loss: 2.3193, logits_loss: 2.3193, aux_loss: 0.0000, lr: 0.00049799, epoch_time: 417.0min
Epoch:[1/2](22540/264651), loss: 2.2887, logits_loss: 2.2887, aux_loss: 0.0000, lr: 0.00049799, epoch_time: 417.0min
Epoch:[1/2](22560/264651), loss: 2.2207, logits_loss: 2.2207, aux_loss: 0.0000, lr: 0.00049799, epoch_time: 417.0min
Epoch:[1/2](22580/264651), loss: 2.1967, logits_loss: 2.1967, aux_loss: 0.0000, lr: 0.00049798, epoch_time: 417.0min
Epoch:[1/2](22600/264651), loss: 2.3620, logits_loss: 2.3620, aux_loss: 0.0000, lr: 0.00049798, epoch_time: 417.0min
Epoch:[1/2](22620/264651), loss: 2.2434, logits_loss: 2.2434, aux_loss: 0.0000, lr: 0.00049798, epoch_time: 417.0min
Epoch:[1/2](22640/264651), loss: 2.3285, logits_loss: 2.3285, aux_loss: 0.0000, lr: 0.00049797, epoch_time: 416.0min
Epoch:[1/2](22660/264651), loss: 2.3170, logits_loss: 2.3170, aux_loss: 0.0000, lr: 0.00049797, epoch_time: 416.0min
Epoch:[1/2](22680/264651), loss: 2.2830, logits_loss: 2.2830, aux_loss: 0.0000, lr: 0.00049796, epoch_time: 416.0min
Epoch:[1/2](22700/264651), loss: 2.0967, logits_loss: 2.0967, aux_loss: 0.0000, lr: 0.00049796, epoch_time: 416.0min
Epoch:[1/2](22720/264651), loss: 2.2007, logits_loss: 2.2007, aux_loss: 0.0000, lr: 0.00049796, epoch_time: 416.0min
Epoch:[1/2](22740/264651), loss: 2.2984, logits_loss: 2.2984, aux_loss: 0.0000, lr: 0.00049795, epoch_time: 416.0min
Epoch:[1/2](22760/264651), loss: 2.3035, logits_loss: 2.3035, aux_loss: 0.0000, lr: 0.00049795, epoch_time: 416.0min
Epoch:[1/2](22780/264651), loss: 2.3960, logits_loss: 2.3960, aux_loss: 0.0000, lr: 0.00049795, epoch_time: 415.0min
Epoch:[1/2](22800/264651), loss: 2.2872, logits_loss: 2.2872, aux_loss: 0.0000, lr: 0.00049794, epoch_time: 415.0min
Epoch:[1/2](22820/264651), loss: 2.3574, logits_loss: 2.3574, aux_loss: 0.0000, lr: 0.00049794, epoch_time: 415.0min
Epoch:[1/2](22840/264651), loss: 2.2849, logits_loss: 2.2849, aux_loss: 0.0000, lr: 0.00049794, epoch_time: 415.0min
Epoch:[1/2](22860/264651), loss: 2.1730, logits_loss: 2.1730, aux_loss: 0.0000, lr: 0.00049793, epoch_time: 415.0min
Epoch:[1/2](22880/264651), loss: 2.5180, logits_loss: 2.5180, aux_loss: 0.0000, lr: 0.00049793, epoch_time: 415.0min
Epoch:[1/2](22900/264651), loss: 2.2862, logits_loss: 2.2862, aux_loss: 0.0000, lr: 0.00049792, epoch_time: 415.0min
Epoch:[1/2](22920/264651), loss: 2.4466, logits_loss: 2.4466, aux_loss: 0.0000, lr: 0.00049792, epoch_time: 414.0min
Epoch:[1/2](22940/264651), loss: 2.3666, logits_loss: 2.3666, aux_loss: 0.0000, lr: 0.00049792, epoch_time: 414.0min
Epoch:[1/2](22960/264651), loss: 2.1954, logits_loss: 2.1954, aux_loss: 0.0000, lr: 0.00049791, epoch_time: 414.0min
Epoch:[1/2](22980/264651), loss: 2.1339, logits_loss: 2.1339, aux_loss: 0.0000, lr: 0.00049791, epoch_time: 414.0min
Epoch:[1/2](23000/264651), loss: 2.1973, logits_loss: 2.1973, aux_loss: 0.0000, lr: 0.00049791, epoch_time: 414.0min
Epoch:[1/2](23020/264651), loss: 2.3426, logits_loss: 2.3426, aux_loss: 0.0000, lr: 0.00049790, epoch_time: 416.0min
Epoch:[1/2](23040/264651), loss: 2.2463, logits_loss: 2.2463, aux_loss: 0.0000, lr: 0.00049790, epoch_time: 416.0min
Epoch:[1/2](23060/264651), loss: 2.4523, logits_loss: 2.4523, aux_loss: 0.0000, lr: 0.00049790, epoch_time: 416.0min
Epoch:[1/2](23080/264651), loss: 2.0828, logits_loss: 2.0828, aux_loss: 0.0000, lr: 0.00049789, epoch_time: 416.0min
Epoch:[1/2](23100/264651), loss: 2.1550, logits_loss: 2.1550, aux_loss: 0.0000, lr: 0.00049789, epoch_time: 416.0min
Epoch:[1/2](23120/264651), loss: 2.5158, logits_loss: 2.5158, aux_loss: 0.0000, lr: 0.00049788, epoch_time: 416.0min
Epoch:[1/2](23140/264651), loss: 2.3259, logits_loss: 2.3259, aux_loss: 0.0000, lr: 0.00049788, epoch_time: 416.0min
Epoch:[1/2](23160/264651), loss: 2.3304, logits_loss: 2.3304, aux_loss: 0.0000, lr: 0.00049788, epoch_time: 415.0min
Epoch:[1/2](23180/264651), loss: 2.2836, logits_loss: 2.2836, aux_loss: 0.0000, lr: 0.00049787, epoch_time: 415.0min
Epoch:[1/2](23200/264651), loss: 2.1979, logits_loss: 2.1979, aux_loss: 0.0000, lr: 0.00049787, epoch_time: 415.0min
Epoch:[1/2](23220/264651), loss: 2.3152, logits_loss: 2.3152, aux_loss: 0.0000, lr: 0.00049787, epoch_time: 415.0min
Epoch:[1/2](23240/264651), loss: 2.4154, logits_loss: 2.4154, aux_loss: 0.0000, lr: 0.00049786, epoch_time: 415.0min
Epoch:[1/2](23260/264651), loss: 2.3272, logits_loss: 2.3272, aux_loss: 0.0000, lr: 0.00049786, epoch_time: 415.0min
Epoch:[1/2](23280/264651), loss: 2.2854, logits_loss: 2.2854, aux_loss: 0.0000, lr: 0.00049786, epoch_time: 415.0min
Epoch:[1/2](23300/264651), loss: 2.2974, logits_loss: 2.2974, aux_loss: 0.0000, lr: 0.00049785, epoch_time: 414.0min
Epoch:[1/2](23320/264651), loss: 2.0569, logits_loss: 2.0569, aux_loss: 0.0000, lr: 0.00049785, epoch_time: 414.0min
Epoch:[1/2](23340/264651), loss: 2.1385, logits_loss: 2.1385, aux_loss: 0.0000, lr: 0.00049784, epoch_time: 414.0min
Epoch:[1/2](23360/264651), loss: 2.4393, logits_loss: 2.4393, aux_loss: 0.0000, lr: 0.00049784, epoch_time: 414.0min
Epoch:[1/2](23380/264651), loss: 2.2526, logits_loss: 2.2526, aux_loss: 0.0000, lr: 0.00049784, epoch_time: 414.0min
Epoch:[1/2](23400/264651), loss: 2.1367, logits_loss: 2.1367, aux_loss: 0.0000, lr: 0.00049783, epoch_time: 414.0min
Epoch:[1/2](23420/264651), loss: 2.3192, logits_loss: 2.3192, aux_loss: 0.0000, lr: 0.00049783, epoch_time: 414.0min
Epoch:[1/2](23440/264651), loss: 2.2428, logits_loss: 2.2428, aux_loss: 0.0000, lr: 0.00049783, epoch_time: 413.0min
Epoch:[1/2](23460/264651), loss: 2.1532, logits_loss: 2.1532, aux_loss: 0.0000, lr: 0.00049782, epoch_time: 413.0min
Epoch:[1/2](23480/264651), loss: 2.1730, logits_loss: 2.1730, aux_loss: 0.0000, lr: 0.00049782, epoch_time: 413.0min
Epoch:[1/2](23500/264651), loss: 2.1992, logits_loss: 2.1992, aux_loss: 0.0000, lr: 0.00049781, epoch_time: 413.0min
Epoch:[1/2](23520/264651), loss: 2.1886, logits_loss: 2.1886, aux_loss: 0.0000, lr: 0.00049781, epoch_time: 416.0min
Epoch:[1/2](23540/264651), loss: 2.2333, logits_loss: 2.2333, aux_loss: 0.0000, lr: 0.00049781, epoch_time: 416.0min
Epoch:[1/2](23560/264651), loss: 2.2064, logits_loss: 2.2064, aux_loss: 0.0000, lr: 0.00049780, epoch_time: 415.0min
Epoch:[1/2](23580/264651), loss: 2.0769, logits_loss: 2.0769, aux_loss: 0.0000, lr: 0.00049780, epoch_time: 415.0min
Epoch:[1/2](23600/264651), loss: 2.3159, logits_loss: 2.3159, aux_loss: 0.0000, lr: 0.00049780, epoch_time: 415.0min
Epoch:[1/2](23620/264651), loss: 2.3622, logits_loss: 2.3622, aux_loss: 0.0000, lr: 0.00049779, epoch_time: 415.0min
Epoch:[1/2](23640/264651), loss: 2.0543, logits_loss: 2.0543, aux_loss: 0.0000, lr: 0.00049779, epoch_time: 415.0min
Epoch:[1/2](23660/264651), loss: 2.3161, logits_loss: 2.3161, aux_loss: 0.0000, lr: 0.00049779, epoch_time: 415.0min
Epoch:[1/2](23680/264651), loss: 2.1387, logits_loss: 2.1387, aux_loss: 0.0000, lr: 0.00049778, epoch_time: 415.0min
Epoch:[1/2](23700/264651), loss: 2.3176, logits_loss: 2.3176, aux_loss: 0.0000, lr: 0.00049778, epoch_time: 414.0min
Epoch:[1/2](23720/264651), loss: 2.1783, logits_loss: 2.1783, aux_loss: 0.0000, lr: 0.00049777, epoch_time: 414.0min
Epoch:[1/2](23740/264651), loss: 2.2770, logits_loss: 2.2770, aux_loss: 0.0000, lr: 0.00049777, epoch_time: 414.0min
Epoch:[1/2](23760/264651), loss: 2.0406, logits_loss: 2.0406, aux_loss: 0.0000, lr: 0.00049777, epoch_time: 414.0min
Epoch:[1/2](23780/264651), loss: 2.2836, logits_loss: 2.2836, aux_loss: 0.0000, lr: 0.00049776, epoch_time: 414.0min
Epoch:[1/2](23800/264651), loss: 2.0765, logits_loss: 2.0765, aux_loss: 0.0000, lr: 0.00049776, epoch_time: 414.0min
Epoch:[1/2](23820/264651), loss: 2.1644, logits_loss: 2.1644, aux_loss: 0.0000, lr: 0.00049776, epoch_time: 414.0min
Epoch:[1/2](23840/264651), loss: 2.0146, logits_loss: 2.0146, aux_loss: 0.0000, lr: 0.00049775, epoch_time: 414.0min
Epoch:[1/2](23860/264651), loss: 2.2561, logits_loss: 2.2561, aux_loss: 0.0000, lr: 0.00049775, epoch_time: 413.0min
Epoch:[1/2](23880/264651), loss: 2.4801, logits_loss: 2.4801, aux_loss: 0.0000, lr: 0.00049774, epoch_time: 413.0min
Epoch:[1/2](23900/264651), loss: 2.4355, logits_loss: 2.4355, aux_loss: 0.0000, lr: 0.00049774, epoch_time: 413.0min
Epoch:[1/2](23920/264651), loss: 2.1683, logits_loss: 2.1683, aux_loss: 0.0000, lr: 0.00049774, epoch_time: 413.0min
Epoch:[1/2](23940/264651), loss: 2.1182, logits_loss: 2.1182, aux_loss: 0.0000, lr: 0.00049773, epoch_time: 413.0min
Epoch:[1/2](23960/264651), loss: 2.4715, logits_loss: 2.4715, aux_loss: 0.0000, lr: 0.00049773, epoch_time: 413.0min
Epoch:[1/2](23980/264651), loss: 2.1443, logits_loss: 2.1443, aux_loss: 0.0000, lr: 0.00049772, epoch_time: 413.0min
Epoch:[1/2](24000/264651), loss: 2.3398, logits_loss: 2.3398, aux_loss: 0.0000, lr: 0.00049772, epoch_time: 413.0min
Epoch:[1/2](24020/264651), loss: 2.2468, logits_loss: 2.2468, aux_loss: 0.0000, lr: 0.00049772, epoch_time: 415.0min
Epoch:[1/2](24040/264651), loss: 2.2327, logits_loss: 2.2327, aux_loss: 0.0000, lr: 0.00049771, epoch_time: 415.0min
Epoch:[1/2](24060/264651), loss: 2.1534, logits_loss: 2.1534, aux_loss: 0.0000, lr: 0.00049771, epoch_time: 415.0min
Epoch:[1/2](24080/264651), loss: 2.1359, logits_loss: 2.1359, aux_loss: 0.0000, lr: 0.00049771, epoch_time: 415.0min
Epoch:[1/2](24100/264651), loss: 2.1676, logits_loss: 2.1676, aux_loss: 0.0000, lr: 0.00049770, epoch_time: 415.0min
Epoch:[1/2](24120/264651), loss: 2.2844, logits_loss: 2.2844, aux_loss: 0.0000, lr: 0.00049770, epoch_time: 414.0min
Epoch:[1/2](24140/264651), loss: 2.1984, logits_loss: 2.1984, aux_loss: 0.0000, lr: 0.00049769, epoch_time: 414.0min
Epoch:[1/2](24160/264651), loss: 2.1754, logits_loss: 2.1754, aux_loss: 0.0000, lr: 0.00049769, epoch_time: 414.0min
Epoch:[1/2](24180/264651), loss: 2.2106, logits_loss: 2.2106, aux_loss: 0.0000, lr: 0.00049769, epoch_time: 414.0min
Epoch:[1/2](24200/264651), loss: 2.2088, logits_loss: 2.2088, aux_loss: 0.0000, lr: 0.00049768, epoch_time: 414.0min
Epoch:[1/2](24220/264651), loss: 2.2683, logits_loss: 2.2683, aux_loss: 0.0000, lr: 0.00049768, epoch_time: 414.0min
Epoch:[1/2](24240/264651), loss: 2.2568, logits_loss: 2.2568, aux_loss: 0.0000, lr: 0.00049768, epoch_time: 414.0min
Epoch:[1/2](24260/264651), loss: 2.1398, logits_loss: 2.1398, aux_loss: 0.0000, lr: 0.00049767, epoch_time: 414.0min
Epoch:[1/2](24280/264651), loss: 2.2285, logits_loss: 2.2285, aux_loss: 0.0000, lr: 0.00049767, epoch_time: 413.0min
Epoch:[1/2](24300/264651), loss: 2.1039, logits_loss: 2.1039, aux_loss: 0.0000, lr: 0.00049766, epoch_time: 413.0min
Epoch:[1/2](24320/264651), loss: 2.2291, logits_loss: 2.2291, aux_loss: 0.0000, lr: 0.00049766, epoch_time: 413.0min
Epoch:[1/2](24340/264651), loss: 2.0649, logits_loss: 2.0649, aux_loss: 0.0000, lr: 0.00049766, epoch_time: 413.0min
Epoch:[1/2](24360/264651), loss: 2.2649, logits_loss: 2.2649, aux_loss: 0.0000, lr: 0.00049765, epoch_time: 413.0min
Epoch:[1/2](24380/264651), loss: 2.0151, logits_loss: 2.0151, aux_loss: 0.0000, lr: 0.00049765, epoch_time: 413.0min
Epoch:[1/2](24400/264651), loss: 2.1433, logits_loss: 2.1433, aux_loss: 0.0000, lr: 0.00049764, epoch_time: 413.0min
Epoch:[1/2](24420/264651), loss: 2.1981, logits_loss: 2.1981, aux_loss: 0.0000, lr: 0.00049764, epoch_time: 413.0min
Epoch:[1/2](24440/264651), loss: 2.1879, logits_loss: 2.1879, aux_loss: 0.0000, lr: 0.00049764, epoch_time: 412.0min
Epoch:[1/2](24460/264651), loss: 2.4059, logits_loss: 2.4059, aux_loss: 0.0000, lr: 0.00049763, epoch_time: 412.0min
Epoch:[1/2](24480/264651), loss: 2.1018, logits_loss: 2.1018, aux_loss: 0.0000, lr: 0.00049763, epoch_time: 412.0min
Epoch:[1/2](24500/264651), loss: 2.0341, logits_loss: 2.0341, aux_loss: 0.0000, lr: 0.00049763, epoch_time: 412.0min
Epoch:[1/2](24520/264651), loss: 2.4706, logits_loss: 2.4706, aux_loss: 0.0000, lr: 0.00049762, epoch_time: 414.0min
Epoch:[1/2](24540/264651), loss: 2.2195, logits_loss: 2.2195, aux_loss: 0.0000, lr: 0.00049762, epoch_time: 414.0min
Epoch:[1/2](24560/264651), loss: 1.9436, logits_loss: 1.9436, aux_loss: 0.0000, lr: 0.00049761, epoch_time: 414.0min
Epoch:[1/2](24580/264651), loss: 2.1737, logits_loss: 2.1737, aux_loss: 0.0000, lr: 0.00049761, epoch_time: 414.0min
Epoch:[1/2](24600/264651), loss: 2.1068, logits_loss: 2.1068, aux_loss: 0.0000, lr: 0.00049761, epoch_time: 414.0min
Epoch:[1/2](24620/264651), loss: 1.9509, logits_loss: 1.9509, aux_loss: 0.0000, lr: 0.00049760, epoch_time: 414.0min
Epoch:[1/2](24640/264651), loss: 2.2077, logits_loss: 2.2077, aux_loss: 0.0000, lr: 0.00049760, epoch_time: 414.0min
Epoch:[1/2](24660/264651), loss: 2.1925, logits_loss: 2.1925, aux_loss: 0.0000, lr: 0.00049759, epoch_time: 414.0min
Epoch:[1/2](24680/264651), loss: 2.1563, logits_loss: 2.1563, aux_loss: 0.0000, lr: 0.00049759, epoch_time: 414.0min
Epoch:[1/2](24700/264651), loss: 2.1590, logits_loss: 2.1590, aux_loss: 0.0000, lr: 0.00049759, epoch_time: 413.0min
Epoch:[1/2](24720/264651), loss: 2.1733, logits_loss: 2.1733, aux_loss: 0.0000, lr: 0.00049758, epoch_time: 413.0min
Epoch:[1/2](24740/264651), loss: 2.0541, logits_loss: 2.0541, aux_loss: 0.0000, lr: 0.00049758, epoch_time: 413.0min
Epoch:[1/2](24760/264651), loss: 2.1358, logits_loss: 2.1358, aux_loss: 0.0000, lr: 0.00049757, epoch_time: 413.0min
Epoch:[1/2](24780/264651), loss: 2.3663, logits_loss: 2.3663, aux_loss: 0.0000, lr: 0.00049757, epoch_time: 413.0min
Epoch:[1/2](24800/264651), loss: 2.1416, logits_loss: 2.1416, aux_loss: 0.0000, lr: 0.00049757, epoch_time: 413.0min
Epoch:[1/2](24820/264651), loss: 2.1362, logits_loss: 2.1362, aux_loss: 0.0000, lr: 0.00049756, epoch_time: 413.0min
Epoch:[1/2](24840/264651), loss: 2.2745, logits_loss: 2.2745, aux_loss: 0.0000, lr: 0.00049756, epoch_time: 413.0min
Epoch:[1/2](24860/264651), loss: 2.2690, logits_loss: 2.2690, aux_loss: 0.0000, lr: 0.00049756, epoch_time: 413.0min
Epoch:[1/2](24880/264651), loss: 2.3059, logits_loss: 2.3059, aux_loss: 0.0000, lr: 0.00049755, epoch_time: 413.0min
Epoch:[1/2](24900/264651), loss: 2.2142, logits_loss: 2.2142, aux_loss: 0.0000, lr: 0.00049755, epoch_time: 412.0min
Epoch:[1/2](24920/264651), loss: 2.1987, logits_loss: 2.1987, aux_loss: 0.0000, lr: 0.00049754, epoch_time: 412.0min
Epoch:[1/2](24940/264651), loss: 2.3358, logits_loss: 2.3358, aux_loss: 0.0000, lr: 0.00049754, epoch_time: 412.0min
Epoch:[1/2](24960/264651), loss: 2.1443, logits_loss: 2.1443, aux_loss: 0.0000, lr: 0.00049754, epoch_time: 412.0min
Epoch:[1/2](24980/264651), loss: 2.1419, logits_loss: 2.1419, aux_loss: 0.0000, lr: 0.00049753, epoch_time: 412.0min
Epoch:[1/2](25000/264651), loss: 2.2184, logits_loss: 2.2184, aux_loss: 0.0000, lr: 0.00049753, epoch_time: 412.0min
Epoch:[1/2](25020/264651), loss: 2.1354, logits_loss: 2.1354, aux_loss: 0.0000, lr: 0.00049752, epoch_time: 414.0min
Epoch:[1/2](25040/264651), loss: 2.1538, logits_loss: 2.1538, aux_loss: 0.0000, lr: 0.00049752, epoch_time: 414.0min
Epoch:[1/2](25060/264651), loss: 2.3211, logits_loss: 2.3211, aux_loss: 0.0000, lr: 0.00049752, epoch_time: 414.0min
Epoch:[1/2](25080/264651), loss: 2.0343, logits_loss: 2.0343, aux_loss: 0.0000, lr: 0.00049751, epoch_time: 414.0min
Epoch:[1/2](25100/264651), loss: 2.1239, logits_loss: 2.1239, aux_loss: 0.0000, lr: 0.00049751, epoch_time: 414.0min
Epoch:[1/2](25120/264651), loss: 2.3208, logits_loss: 2.3208, aux_loss: 0.0000, lr: 0.00049750, epoch_time: 414.0min
swanlab: KeyboardInterrupt by user
swanlab:  ☁️ Run `swanlab sync 
/home/jk/work/minimind/trainer/swanlog/run-20260905_170626-bdivuzzpqk51fpkh1dnmm
` to sync logs to remote server
  File "/home/jk/work/minimind/trainer/train_pretrain.py", line 174, in <module>
    train_epoch(epoch, loader, len(loader) + skip, start_step, wandb)
    ~~~~~~~~~~~^^^^^^^^^^^^^^^^^^^^^^^^^^^^^^^^^^^^^^^^^^^^^^^^^^^^^^
  File "/home/jk/work/minimind/trainer/train_pretrain.py", line 40, in train_epoch
    scaler.scale(loss).backward()
    ~~~~~~~~~~~~~~~~~~~~~~~~~~~^^
  File "/home/jk/miniconda3/lib/python3.13/site-packages/torch/_tensor.py", line 631, in backward
    torch.autograd.backward(
    ~~~~~~~~~~~~~~~~~~~~~~~^
        self, gradient, retain_graph, create_graph, inputs=inputs
        ^^^^^^^^^^^^^^^^^^^^^^^^^^^^^^^^^^^^^^^^^^^^^^^^^^^^^^^^^
    )
    ^
  File "/home/jk/miniconda3/lib/python3.13/site-packages/torch/autograd/__init__.py", line 379, in backward
    _engine_run_backward(
    ~~~~~~~~~~~~~~~~~~~~^
        tensors,
        ^^^^^^^^
    ...<5 lines>...
        accumulate_grad=True,
        ^^^^^^^^^^^^^^^^^^^^^
    )
    ^
  File "/home/jk/miniconda3/lib/python3.13/site-packages/torch/autograd/graph.py", line 882, in _engine_run_backward
    return Variable._execution_engine.run_backward(  # Calls into the C++ engine to run the backward pass
           ~~~~~~~~~~~~~~~~~~~~~~~~~~~~~~~~~~~~~~~^^^^^^^^^^^^^^^^^^^^^^^^^^^^^^^^^^^^^^^^^^^^^^^^^^^^^^^
        t_outputs, *args, **kwargs
        ^^^^^^^^^^^^^^^^^^^^^^^^^^
    )  # Calls into the C++ engine to run the backward pass
    ^

Exception ignored in: <function GpuCollector.__del__ at 0x7b228e82d1c0>
Traceback (most recent call last):
  File "/home/jk/miniconda3/lib/python3.13/site-packages/swanlab/data/run/metadata/hardware/gpu/nvidia.py", line 267, in __del__
    pynvml.nvmlShutdown()
  File "/home/jk/miniconda3/lib/python3.13/site-packages/pynvml.py", line 3034, in nvmlShutdown
    _nvmlCheckReturn(ret)
  File "/home/jk/miniconda3/lib/python3.13/site-packages/pynvml.py", line 1098, in _nvmlCheckReturn
    raise NVMLError(ret)
pynvml.NVMLError_Uninitialized: Uninitialized
