epoch,epochs,local_step,steps_per_epoch,loss,logits_loss,aux_loss,lr,source,global_step,canonical_steps_per_epoch,smoothed_loss
1,2,20,264651,8.2006,8.2006,0.0,0.0005,pretrain_full_gpu0.log,20,264651,8.2006
1,2,40,264651,7.7979,7.7979,0.0,0.0005,pretrain_full_gpu0.log,40,264651,7.99925
1,2,60,264651,7.3343,7.3343,0.0,0.0005,pretrain_full_gpu0.log,60,264651,7.7776
1,2,80,264651,7.4315,7.4315,0.0,0.0005,pretrain_full_gpu0.log,80,264651,7.691075
1,2,100,264651,7.3503,7.3503,0.0,0.0005,pretrain_full_gpu0.log,100,264651,7.622919999999999
1,2,120,264651,7.2949,7.2949,0.0,0.0005,pretrain_full_gpu0.log,120,264651,7.568249999999999
1,2,140,264651,7.267,7.267,0.0,0.0005,pretrain_full_gpu0.log,140,264651,7.525214285714285
1,2,160,264651,7.126,7.126,0.0,0.0005,pretrain_full_gpu0.log,160,264651,7.475312499999999
1,2,180,264651,7.0256,7.0256,0.0,0.0005,pretrain_full_gpu0.log,180,264651,7.425344444444444
1,2,200,264651,7.0159,7.0159,0.0,0.0005,pretrain_full_gpu0.log,200,264651,7.384399999999999
1,2,220,264651,6.841,6.841,0.0,0.0005,pretrain_full_gpu0.log,220,264651,7.334999999999999
1,2,240,264651,6.7769,6.7769,0.0,0.0005,pretrain_full_gpu0.log,240,264651,7.2884916666666655
1,2,260,264651,6.8122,6.8122,0.0,0.0005,pretrain_full_gpu0.log,260,264651,7.251853846153845
1,2,280,264651,6.7883,6.7883,0.0,0.0005,pretrain_full_gpu0.log,280,264651,7.218742857142857
1,2,300,264651,6.6669,6.6669,0.0,0.0005,pretrain_full_gpu0.log,300,264651,7.181953333333333
1,2,320,264651,6.6119,6.6119,0.0,0.0005,pretrain_full_gpu0.log,320,264651,7.146325
1,2,340,264651,6.6314,6.6314,0.0,0.0005,pretrain_full_gpu0.log,340,264651,7.116035294117647
1,2,360,264651,6.619,6.619,0.0,0.0005,pretrain_full_gpu0.log,360,264651,7.088422222222222
1,2,380,264651,6.6557,6.6557,0.0,0.0005,pretrain_full_gpu0.log,380,264651,7.065647368421052
1,2,400,264651,6.5202,6.5202,0.0,0.0005,pretrain_full_gpu0.log,400,264651,7.038374999999999
1,2,420,264651,6.5764,6.5764,0.0,0.0005,pretrain_full_gpu0.log,420,264651,7.01637619047619
1,2,440,264651,6.4644,6.4644,0.0,0.0005,pretrain_full_gpu0.log,440,264651,6.991286363636363
1,2,460,264651,6.3707,6.3707,0.0,0.0005,pretrain_full_gpu0.log,460,264651,6.964304347826087
1,2,480,264651,6.3188,6.3188,0.0,0.0005,pretrain_full_gpu0.log,480,264651,6.937408333333334
1,2,500,264651,6.2838,6.2838,0.0,0.0005,pretrain_full_gpu0.log,500,264651,6.911264000000001
1,2,520,264651,6.2743,6.2743,0.0,0.0005,pretrain_full_gpu0.log,520,264651,6.834212000000001
1,2,540,264651,6.3002,6.3002,0.0,0.0005,pretrain_full_gpu0.log,540,264651,6.774304000000001
1,2,560,264651,6.1831,6.1831,0.0,0.0005,pretrain_full_gpu0.log,560,264651,6.728256
1,2,580,264651,6.0444,6.0444,0.0,0.0005,pretrain_full_gpu0.log,580,264651,6.672772
1,2,600,264651,5.8722,5.8722,0.0,0.0005,pretrain_full_gpu0.log,600,264651,6.6136479999999995
1,2,620,264651,6.0013,6.0013,0.0,0.0005,pretrain_full_gpu0.log,620,264651,6.561903999999998
1,2,640,264651,5.9696,5.9696,0.0,0.0005,pretrain_full_gpu0.log,640,264651,6.510007999999998
1,2,660,264651,6.0035,6.0035,0.0,0.0005,pretrain_full_gpu0.log,660,264651,6.465107999999998
1,2,680,264651,5.8554,5.8554,0.0,0.0005,pretrain_full_gpu0.log,680,264651,6.418299999999999
1,2,700,264651,5.8817,5.8817,0.0,0.0005,pretrain_full_gpu0.log,700,264651,6.372931999999999
1,2,720,264651,5.8179,5.8179,0.0,0.0005,pretrain_full_gpu0.log,720,264651,6.332007999999998
1,2,740,264651,5.752,5.752,0.0,0.0005,pretrain_full_gpu0.log,740,264651,6.2910119999999985
1,2,760,264651,5.7273,5.7273,0.0,0.0005,pretrain_full_gpu0.log,760,264651,6.247615999999999
1,2,780,264651,5.7149,5.7149,0.0,0.0005,pretrain_full_gpu0.log,780,264651,6.20468
1,2,800,264651,5.7528,5.7528,0.0,0.0005,pretrain_full_gpu0.log,800,264651,6.168116
1,2,820,264651,5.4479,5.4479,0.0,0.0005,pretrain_full_gpu0.log,820,264651,6.121556000000001
1,2,840,264651,5.6733,5.6733,0.0,0.0005,pretrain_full_gpu0.log,840,264651,6.083232000000001
1,2,860,264651,5.5053,5.5053,0.0,0.0005,pretrain_full_gpu0.log,860,264651,6.038684000000001
1,2,880,264651,5.3654,5.3654,0.0,0.0005,pretrain_full_gpu0.log,880,264651,5.987072
1,2,900,264651,5.3055,5.3055,0.0,0.0005,pretrain_full_gpu0.log,900,264651,5.938484000000001
1,2,920,264651,5.3623,5.3623,0.0,0.0005,pretrain_full_gpu0.log,920,264651,5.889920000000001
1,2,940,264651,5.3455,5.3455,0.0,0.0005,pretrain_full_gpu0.log,940,264651,5.845164
1,2,960,264651,5.3844,5.3844,0.0,0.0005,pretrain_full_gpu0.log,960,264651,5.805712
1,2,980,264651,5.2862,5.2862,0.0,0.0005,pretrain_full_gpu0.log,980,264651,5.7644079999999995
1,2,1000,264651,5.1118,5.1118,0.0,0.0005,pretrain_full_gpu0.log,1000,264651,5.717527999999999
1,2,1020,264651,5.0922,5.0922,0.0,0.0005,pretrain_full_gpu0.log,1020,264651,5.670243999999998
1,2,1040,264651,5.2466,5.2466,0.0,0.0005,pretrain_full_gpu0.log,1040,264651,5.628099999999998
1,2,1060,264651,5.0095,5.0095,0.0,0.0005,pretrain_full_gpu0.log,1060,264651,5.581155999999998
1,2,1080,264651,5.1237,5.1237,0.0,0.0005,pretrain_full_gpu0.log,1080,264651,5.544327999999999
1,2,1100,264651,4.8329,4.8329,0.0,0.0005,pretrain_full_gpu0.log,1100,264651,5.502756
1,2,1120,264651,4.9883,4.9883,0.0,0.0005,pretrain_full_gpu0.log,1120,264651,5.462236000000001
1,2,1140,264651,5.1907,5.1907,0.0,0.00049999,pretrain_full_gpu0.log,1140,264651,5.43108
1,2,1160,264651,4.798,4.798,0.0,0.00049999,pretrain_full_gpu0.log,1160,264651,5.382859999999999
1,2,1180,264651,4.9011,4.9011,0.0,0.00049999,pretrain_full_gpu0.log,1180,264651,5.344688
1,2,1200,264651,5.0733,5.0733,0.0,0.00049999,pretrain_full_gpu0.log,1200,264651,5.312352
1,2,1220,264651,4.7894,4.7894,0.0,0.00049999,pretrain_full_gpu0.log,1220,264651,5.271211999999999
1,2,1240,264651,4.7301,4.7301,0.0,0.00049999,pretrain_full_gpu0.log,1240,264651,5.2303359999999985
1,2,1260,264651,4.7042,4.7042,0.0,0.00049999,pretrain_full_gpu0.log,1260,264651,5.189411999999997
1,2,1280,264651,4.6532,4.6532,0.0,0.00049999,pretrain_full_gpu0.log,1280,264651,5.146943999999998
1,2,1300,264651,4.7231,4.7231,0.0,0.00049999,pretrain_full_gpu0.log,1300,264651,5.105755999999997
1,2,1320,264651,4.5317,4.5317,0.0,0.00049999,pretrain_full_gpu0.log,1320,264651,5.069107999999996
1,2,1340,264651,4.6446,4.6446,0.0,0.00049999,pretrain_full_gpu0.log,1340,264651,5.027959999999997
1,2,1360,264651,4.6298,4.6298,0.0,0.00049999,pretrain_full_gpu0.log,1360,264651,4.992939999999996
1,2,1380,264651,4.5136,4.5136,0.0,0.00049999,pretrain_full_gpu0.log,1380,264651,4.958867999999996
1,2,1400,264651,4.5613,4.5613,0.0,0.00049999,pretrain_full_gpu0.log,1400,264651,4.9290999999999965
1,2,1420,264651,4.3158,4.3158,0.0,0.00049999,pretrain_full_gpu0.log,1420,264651,4.887239999999996
1,2,1440,264651,4.0914,4.0914,0.0,0.00049999,pretrain_full_gpu0.log,1440,264651,4.837075999999995
1,2,1460,264651,4.2875,4.2875,0.0,0.00049999,pretrain_full_gpu0.log,1460,264651,4.793199999999995
1,2,1480,264651,4.1147,4.1147,0.0,0.00049999,pretrain_full_gpu0.log,1480,264651,4.746339999999996
1,2,1500,264651,4.3901,4.3901,0.0,0.00049999,pretrain_full_gpu0.log,1500,264651,4.7174719999999954
1,2,1520,264651,4.4381,4.4381,0.0,0.00049999,pretrain_full_gpu0.log,1520,264651,4.691307999999996
1,2,1540,264651,4.1683,4.1683,0.0,0.00049999,pretrain_full_gpu0.log,1540,264651,4.648175999999996
1,2,1560,264651,4.2786,4.2786,0.0,0.00049999,pretrain_full_gpu0.log,1560,264651,4.618939999999996
1,2,1580,264651,4.1503,4.1503,0.0,0.00049999,pretrain_full_gpu0.log,1580,264651,4.580003999999995
1,2,1600,264651,4.0755,4.0755,0.0,0.00049999,pretrain_full_gpu0.log,1600,264651,4.549707999999996
1,2,1620,264651,4.1853,4.1853,0.0,0.00049999,pretrain_full_gpu0.log,1620,264651,4.517587999999996
1,2,1640,264651,4.1365,4.1365,0.0,0.00049999,pretrain_full_gpu0.log,1640,264651,4.475419999999996
1,2,1660,264651,4.2104,4.2104,0.0,0.00049999,pretrain_full_gpu0.log,1660,264651,4.451915999999995
1,2,1680,264651,4.1277,4.1277,0.0,0.00049999,pretrain_full_gpu0.log,1680,264651,4.420979999999996
1,2,1700,264651,4.2659,4.2659,0.0,0.00049999,pretrain_full_gpu0.log,1700,264651,4.388683999999995
1,2,1720,264651,3.9961,3.9961,0.0,0.00049999,pretrain_full_gpu0.log,1720,264651,4.356951999999995
1,2,1740,264651,3.9078,3.9078,0.0,0.00049999,pretrain_full_gpu0.log,1740,264651,4.324059999999995
1,2,1760,264651,4.0512,4.0512,0.0,0.00049999,pretrain_full_gpu0.log,1760,264651,4.297939999999994
1,2,1780,264651,3.8888,3.8888,0.0,0.00049999,pretrain_full_gpu0.log,1780,264651,4.267363999999995
1,2,1800,264651,3.8899,3.8899,0.0,0.00049999,pretrain_full_gpu0.log,1800,264651,4.234035999999994
1,2,1820,264651,4.0002,4.0002,0.0,0.00049999,pretrain_full_gpu0.log,1820,264651,4.2127759999999945
1,2,1840,264651,3.716,3.716,0.0,0.00049999,pretrain_full_gpu0.log,1840,264651,4.175631999999995
1,2,1860,264651,3.8985,3.8985,0.0,0.00049999,pretrain_full_gpu0.log,1860,264651,4.146379999999994
1,2,1880,264651,4.072,4.072,0.0,0.00049999,pretrain_full_gpu0.log,1880,264651,4.1287159999999945
1,2,1900,264651,4.0871,4.0871,0.0,0.00049999,pretrain_full_gpu0.log,1900,264651,4.109747999999995
1,2,1920,264651,3.9295,3.9295,0.0,0.00049999,pretrain_full_gpu0.log,1920,264651,4.0942959999999955
1,2,1940,264651,3.8908,3.8908,0.0,0.00049999,pretrain_full_gpu0.log,1940,264651,4.086271999999996
1,2,1960,264651,3.904,3.904,0.0,0.00049998,pretrain_full_gpu0.log,1960,264651,4.0709319999999956
1,2,1980,264651,3.8987,3.8987,0.0,0.00049998,pretrain_full_gpu0.log,1980,264651,4.062291999999996
1,2,2000,264651,3.9227,3.9227,0.0,0.00049998,pretrain_full_gpu0.log,2000,264651,4.043595999999996
1,2,2020,264651,3.8676,3.8676,0.0,0.00049998,pretrain_full_gpu0.log,2020,264651,4.020775999999995
1,2,2040,264651,3.8409,3.8409,0.0,0.00049998,pretrain_full_gpu0.log,2040,264651,4.007679999999996
1,2,2060,264651,3.6067,3.6067,0.0,0.00049998,pretrain_full_gpu0.log,2060,264651,3.980803999999996
1,2,2080,264651,3.9383,3.9383,0.0,0.00049998,pretrain_full_gpu0.log,2080,264651,3.972323999999996
1,2,2100,264651,3.9339,3.9339,0.0,0.00049998,pretrain_full_gpu0.log,2100,264651,3.9666599999999956
1,2,2120,264651,4.1504,4.1504,0.0,0.00049998,pretrain_full_gpu0.log,2120,264651,3.965263999999996
1,2,2140,264651,3.7208,3.7208,0.0,0.00049998,pretrain_full_gpu0.log,2140,264651,3.9486359999999956
1,2,2160,264651,3.6988,3.6988,0.0,0.00049998,pretrain_full_gpu0.log,2160,264651,3.928171999999996
1,2,2180,264651,3.8015,3.8015,0.0,0.00049998,pretrain_full_gpu0.log,2180,264651,3.915123999999996
1,2,2200,264651,3.5856,3.5856,0.0,0.00049998,pretrain_full_gpu0.log,2200,264651,3.887911999999996
1,2,2220,264651,3.651,3.651,0.0,0.00049998,pretrain_full_gpu0.log,2220,264651,3.874107999999996
1,2,2240,264651,3.5563,3.5563,0.0,0.00049998,pretrain_full_gpu0.log,2240,264651,3.860047999999996
1,2,2260,264651,3.8113,3.8113,0.0,0.00049998,pretrain_full_gpu0.log,2260,264651,3.850451999999996
1,2,2280,264651,3.6839,3.6839,0.0,0.00049998,pretrain_full_gpu0.log,2280,264651,3.842255999999996
1,2,2300,264651,3.7696,3.7696,0.0,0.00049998,pretrain_full_gpu0.log,2300,264651,3.837443999999996
1,2,2320,264651,3.5544,3.5544,0.0,0.00049998,pretrain_full_gpu0.log,2320,264651,3.819611999999996
1,2,2340,264651,3.6241,3.6241,0.0,0.00049998,pretrain_full_gpu0.log,2340,264651,3.8159359999999958
1,2,2360,264651,3.7897,3.7897,0.0,0.00049998,pretrain_full_gpu0.log,2360,264651,3.811583999999996
1,2,2380,264651,3.4232,3.4232,0.0,0.00049998,pretrain_full_gpu0.log,2380,264651,3.7856319999999952
1,2,2400,264651,3.5901,3.5901,0.0,0.00049998,pretrain_full_gpu0.log,2400,264651,3.7657519999999955
1,2,2420,264651,3.555,3.555,0.0,0.00049998,pretrain_full_gpu0.log,2420,264651,3.7507719999999956
1,2,2440,264651,3.8784,3.8784,0.0,0.00049998,pretrain_full_gpu0.log,2440,264651,3.7502759999999955
1,2,2460,264651,3.6983,3.6983,0.0,0.00049998,pretrain_full_gpu0.log,2460,264651,3.7420479999999956
1,2,2480,264651,3.6859,3.6859,0.0,0.00049998,pretrain_full_gpu0.log,2480,264651,3.7335359999999955
1,2,2500,264651,3.5785,3.5785,0.0,0.00049998,pretrain_full_gpu0.log,2500,264651,3.7197679999999957
1,2,2520,264651,3.5577,3.5577,0.0,0.00049997,pretrain_full_gpu0.log,2520,264651,3.707371999999996
1,2,2540,264651,3.7137,3.7137,0.0,0.00049997,pretrain_full_gpu0.log,2540,264651,3.7022839999999957
1,2,2560,264651,3.5173,3.5173,0.0,0.00049997,pretrain_full_gpu0.log,2560,264651,3.698707999999996
1,2,2580,264651,3.1105,3.1105,0.0,0.00049997,pretrain_full_gpu0.log,2580,264651,3.665595999999996
1,2,2600,264651,3.1652,3.1652,0.0,0.00049997,pretrain_full_gpu0.log,2600,264651,3.6348479999999963
1,2,2620,264651,3.5679,3.5679,0.0,0.00049997,pretrain_full_gpu0.log,2620,264651,3.6115479999999955
1,2,2640,264651,3.3358,3.3358,0.0,0.00049997,pretrain_full_gpu0.log,2640,264651,3.596147999999996
1,2,2660,264651,3.3812,3.3812,0.0,0.00049997,pretrain_full_gpu0.log,2660,264651,3.583443999999996
1,2,2680,264651,3.3576,3.3576,0.0,0.00049997,pretrain_full_gpu0.log,2680,264651,3.565687999999996
1,2,2700,264651,3.4532,3.4532,0.0,0.00049997,pretrain_full_gpu0.log,2700,264651,3.560391999999996
1,2,2720,264651,3.5075,3.5075,0.0,0.00049997,pretrain_full_gpu0.log,2720,264651,3.554651999999996
1,2,2740,264651,3.4998,3.4998,0.0,0.00049997,pretrain_full_gpu0.log,2740,264651,3.5523919999999958
1,2,2760,264651,3.3222,3.3222,0.0,0.00049997,pretrain_full_gpu0.log,2760,264651,3.5328279999999954
1,2,2780,264651,3.4076,3.4076,0.0,0.00049997,pretrain_full_gpu0.log,2780,264651,3.521775999999996
1,2,2800,264651,3.3991,3.3991,0.0,0.00049997,pretrain_full_gpu0.log,2800,264651,3.506955999999996
1,2,2820,264651,3.4303,3.4303,0.0,0.00049997,pretrain_full_gpu0.log,2820,264651,3.501991999999996
1,2,2840,264651,3.2344,3.2344,0.0,0.00049997,pretrain_full_gpu0.log,2840,264651,3.486403999999996
1,2,2860,264651,3.3926,3.3926,0.0,0.00049997,pretrain_full_gpu0.log,2860,264651,3.470519999999996
1,2,3020,264651,3.0825,3.0825,0.0,0.00049996,pretrain_full_gpu0_resume_20260905.log,3020,264651,3.4568919999999963
1,2,3040,264651,3.4181,3.4181,0.0,0.00049996,pretrain_full_gpu0_resume_20260905.log,3040,264651,3.4500119999999956
1,2,3060,264651,3.1379,3.1379,0.0,0.00049996,pretrain_full_gpu0_resume_20260905.log,3060,264651,3.4333279999999955
1,2,3080,264651,3.4253,3.4253,0.0,0.00049996,pretrain_full_gpu0_resume_20260905.log,3080,264651,3.4152039999999952
1,2,3100,264651,3.1261,3.1261,0.0,0.00049996,pretrain_full_gpu0_resume_20260905.log,3100,264651,3.3923159999999952
1,2,3120,264651,3.1589,3.1589,0.0,0.00049996,pretrain_full_gpu0_resume_20260905.log,3120,264651,3.371235999999995
1,2,3140,264651,3.0733,3.0733,0.0,0.00049996,pretrain_full_gpu0_resume_20260905.log,3140,264651,3.351027999999995
1,2,3160,264651,3.0593,3.0593,0.0,0.00049996,pretrain_full_gpu0_resume_20260905.log,3160,264651,3.3310919999999946
1,2,3180,264651,3.1334,3.1334,0.0,0.00049996,pretrain_full_gpu0_resume_20260905.log,3180,264651,3.3078799999999946
1,2,3200,264651,3.2519,3.2519,0.0,0.00049996,pretrain_full_gpu0_resume_20260905.log,3200,264651,3.2972639999999944
1,2,3220,264651,3.2992,3.2992,0.0,0.00049996,pretrain_full_gpu0_resume_20260905.log,3220,264651,3.3048119999999943
1,2,3240,264651,3.2221,3.2221,0.0,0.00049996,pretrain_full_gpu0_resume_20260905.log,3240,264651,3.3070879999999945
1,2,3260,264651,3.0917,3.0917,0.0,0.00049996,pretrain_full_gpu0_resume_20260905.log,3260,264651,3.2880399999999947
1,2,3280,264651,3.0811,3.0811,0.0,0.00049996,pretrain_full_gpu0_resume_20260905.log,3280,264651,3.2778519999999944
1,2,3300,264651,3.1,3.1,0.0,0.00049996,pretrain_full_gpu0_resume_20260905.log,3300,264651,3.2666039999999943
1,2,3320,264651,3.254,3.254,0.0,0.00049996,pretrain_full_gpu0_resume_20260905.log,3320,264651,3.262459999999994
1,2,3340,264651,3.0618,3.0618,0.0,0.00049996,pretrain_full_gpu0_resume_20260905.log,3340,264651,3.2468039999999947
1,2,3360,264651,3.0546,3.0546,0.0,0.00049996,pretrain_full_gpu0_resume_20260905.log,3360,264651,3.2286879999999947
1,2,3380,264651,3.1524,3.1524,0.0,0.00049995,pretrain_full_gpu0_resume_20260905.log,3380,264651,3.2147919999999948
1,2,3400,264651,2.9808,2.9808,0.0,0.00049995,pretrain_full_gpu0_resume_20260905.log,3400,264651,3.201135999999995
1,2,3420,264651,3.1637,3.1637,0.0,0.00049995,pretrain_full_gpu0_resume_20260905.log,3420,264651,3.191379999999995
1,2,3440,264651,3.0505,3.0505,0.0,0.00049995,pretrain_full_gpu0_resume_20260905.log,3440,264651,3.177435999999995
1,2,3460,264651,3.0839,3.0839,0.0,0.00049995,pretrain_full_gpu0_resume_20260905.log,3460,264651,3.1635799999999947
1,2,3480,264651,3.2953,3.2953,0.0,0.00049995,pretrain_full_gpu0_resume_20260905.log,3480,264651,3.166015999999995
1,2,3500,264651,3.1234,3.1234,0.0,0.00049995,pretrain_full_gpu0_resume_20260905.log,3500,264651,3.155247999999995
1,2,3520,264651,3.0255,3.0255,0.0,0.00049995,pretrain_full_gpu0_resume_20260905.log,3520,264651,3.152967999999995
1,2,3540,264651,3.2067,3.2067,0.0,0.00049995,pretrain_full_gpu0_resume_20260905.log,3540,264651,3.1445119999999953
1,2,3560,264651,3.0812,3.0812,0.0,0.00049995,pretrain_full_gpu0_resume_20260905.log,3560,264651,3.142243999999995
1,2,3580,264651,3.1017,3.1017,0.0,0.00049995,pretrain_full_gpu0_resume_20260905.log,3580,264651,3.129299999999995
1,2,3600,264651,3.0339,3.0339,0.0,0.00049995,pretrain_full_gpu0_resume_20260905.log,3600,264651,3.1256119999999954
1,2,3620,264651,2.9274,2.9274,0.0,0.00049995,pretrain_full_gpu0_resume_20260905.log,3620,264651,3.1163519999999956
1,2,3640,264651,3.2416,3.2416,0.0,0.00049995,pretrain_full_gpu0_resume_20260905.log,3640,264651,3.1230839999999955
1,2,3660,264651,3.0729,3.0729,0.0,0.00049995,pretrain_full_gpu0_resume_20260905.log,3660,264651,3.123627999999996
1,2,3680,264651,2.8203,2.8203,0.0,0.00049995,pretrain_full_gpu0_resume_20260905.log,3680,264651,3.111103999999996
1,2,3700,264651,2.9745,2.9745,0.0,0.00049995,pretrain_full_gpu0_resume_20260905.log,3700,264651,3.1000079999999963
1,2,3720,264651,2.9011,2.9011,0.0,0.00049995,pretrain_full_gpu0_resume_20260905.log,3720,264651,3.0840839999999963
1,2,3740,264651,3.1705,3.1705,0.0,0.00049994,pretrain_full_gpu0_resume_20260905.log,3740,264651,3.0820199999999964
1,2,3760,264651,2.9873,2.9873,0.0,0.00049994,pretrain_full_gpu0_resume_20260905.log,3760,264651,3.0778439999999967
1,2,3780,264651,3.0745,3.0745,0.0,0.00049994,pretrain_full_gpu0_resume_20260905.log,3780,264651,3.077579999999996
1,2,3800,264651,2.8489,2.8489,0.0,0.00049994,pretrain_full_gpu0_resume_20260905.log,3800,264651,3.0675359999999965
1,2,3820,264651,3.0737,3.0737,0.0,0.00049994,pretrain_full_gpu0_resume_20260905.log,3820,264651,3.0603239999999965
1,2,3840,264651,2.6603,2.6603,0.0,0.00049994,pretrain_full_gpu0_resume_20260905.log,3840,264651,3.0442639999999965
1,2,3860,264651,3.0662,3.0662,0.0,0.00049994,pretrain_full_gpu0_resume_20260905.log,3860,264651,3.0447279999999965
1,2,3880,264651,2.8145,2.8145,0.0,0.00049994,pretrain_full_gpu0_resume_20260905.log,3880,264651,3.0312119999999965
1,2,3900,264651,2.9498,2.9498,0.0,0.00049994,pretrain_full_gpu0_resume_20260905.log,3900,264651,3.0299719999999963
1,2,3920,264651,2.9643,2.9643,0.0,0.00049994,pretrain_full_gpu0_resume_20260905.log,3920,264651,3.0219959999999957
1,2,3940,264651,2.8576,2.8576,0.0,0.00049994,pretrain_full_gpu0_resume_20260905.log,3940,264651,3.014279999999996
1,2,3960,264651,3.1754,3.1754,0.0,0.00049994,pretrain_full_gpu0_resume_20260905.log,3960,264651,3.017939999999996
1,2,3980,264651,2.9515,2.9515,0.0,0.00049994,pretrain_full_gpu0_resume_20260905.log,3980,264651,3.0041879999999956
1,2,4000,264651,3.0709,3.0709,0.0,0.00049994,pretrain_full_gpu0_resume_20260905.log,4000,264651,3.002087999999995
1,2,4020,264651,3.0857,3.0857,0.0,0.00049994,pretrain_full_gpu0_resume_20260905.log,4020,264651,3.0044959999999956
1,2,4040,264651,2.953,2.953,0.0,0.00049994,pretrain_full_gpu0_resume_20260905.log,4040,264651,2.994347999999996
1,2,4060,264651,3.1987,3.1987,0.0,0.00049993,pretrain_full_gpu0_resume_20260905.log,4060,264651,2.999047999999996
1,2,4080,264651,2.7778,2.7778,0.0,0.00049993,pretrain_full_gpu0_resume_20260905.log,4080,264651,2.9860919999999966
1,2,4100,264651,2.9028,2.9028,0.0,0.00049993,pretrain_full_gpu0_resume_20260905.log,4100,264651,2.9808479999999964
1,2,4120,264651,2.9637,2.9637,0.0,0.00049993,pretrain_full_gpu0_resume_20260905.log,4120,264651,2.9822999999999964
1,2,4140,264651,2.9629,2.9629,0.0,0.00049993,pretrain_full_gpu0_resume_20260905.log,4140,264651,2.971151999999996
1,2,4160,264651,2.9549,2.9549,0.0,0.00049993,pretrain_full_gpu0_resume_20260905.log,4160,264651,2.9664319999999957
1,2,4180,264651,2.842,2.842,0.0,0.00049993,pretrain_full_gpu0_resume_20260905.log,4180,264651,2.967299999999996
1,2,4200,264651,2.7583,2.7583,0.0,0.00049993,pretrain_full_gpu0_resume_20260905.log,4200,264651,2.9586519999999954
1,2,4220,264651,2.82,2.82,0.0,0.00049993,pretrain_full_gpu0_resume_20260905.log,4220,264651,2.9554079999999954
1,2,4240,264651,2.8752,2.8752,0.0,0.00049993,pretrain_full_gpu0_resume_20260905.log,4240,264651,2.9435959999999954
1,2,4260,264651,2.7182,2.7182,0.0,0.00049993,pretrain_full_gpu0_resume_20260905.log,4260,264651,2.932831999999995
1,2,4280,264651,2.9136,2.9136,0.0,0.00049993,pretrain_full_gpu0_resume_20260905.log,4280,264651,2.926395999999995
1,2,4300,264651,2.8936,2.8936,0.0,0.00049993,pretrain_full_gpu0_resume_20260905.log,4300,264651,2.9281839999999955
1,2,4320,264651,2.8684,2.8684,0.0,0.00049993,pretrain_full_gpu0_resume_20260905.log,4320,264651,2.919971999999995
1,2,4340,264651,2.8742,2.8742,0.0,0.00049993,pretrain_full_gpu0_resume_20260905.log,4340,264651,2.9285279999999947
1,2,4360,264651,3.0337,3.0337,0.0,0.00049992,pretrain_full_gpu0_resume_20260905.log,4360,264651,2.927227999999995
1,2,4380,264651,3.0024,3.0024,0.0,0.00049992,pretrain_full_gpu0_resume_20260905.log,4380,264651,2.934743999999995
1,2,4400,264651,2.826,2.826,0.0,0.00049992,pretrain_full_gpu0_resume_20260905.log,4400,264651,2.9297919999999946
1,2,4420,264651,2.978,2.978,0.0,0.00049992,pretrain_full_gpu0_resume_20260905.log,4420,264651,2.930339999999995
1,2,4440,264651,2.6853,2.6853,0.0,0.00049992,pretrain_full_gpu0_resume_20260905.log,4440,264651,2.9234479999999947
1,2,4460,264651,2.7785,2.7785,0.0,0.00049992,pretrain_full_gpu0_resume_20260905.log,4460,264651,2.9075719999999943
1,2,4480,264651,2.6894,2.6894,0.0,0.00049992,pretrain_full_gpu0_resume_20260905.log,4480,264651,2.897087999999995
1,2,4500,264651,2.7348,2.7348,0.0,0.00049992,pretrain_full_gpu0_resume_20260905.log,4500,264651,2.883643999999995
1,2,4520,264651,2.7036,2.7036,0.0,0.00049992,pretrain_full_gpu0_resume_20260905.log,4520,264651,2.8683599999999942
1,2,4540,264651,2.7476,2.7476,0.0,0.00049992,pretrain_full_gpu0_resume_20260905.log,4540,264651,2.8601439999999947
1,2,4560,264651,2.7967,2.7967,0.0,0.00049992,pretrain_full_gpu0_resume_20260905.log,4560,264651,2.8440639999999946
1,2,4580,264651,2.8628,2.8628,0.0,0.00049992,pretrain_full_gpu0_resume_20260905.log,4580,264651,2.8474639999999947
1,2,4600,264651,2.8878,2.8878,0.0,0.00049992,pretrain_full_gpu0_resume_20260905.log,4600,264651,2.8468639999999947
1,2,4620,264651,2.9377,2.9377,0.0,0.00049992,pretrain_full_gpu0_resume_20260905.log,4620,264651,2.845823999999995
1,2,4640,264651,2.9534,2.9534,0.0,0.00049991,pretrain_full_gpu0_resume_20260905.log,4640,264651,2.8454439999999948
1,2,4660,264651,2.9192,2.9192,0.0,0.00049991,pretrain_full_gpu0_resume_20260905.log,4660,264651,2.844015999999995
1,2,4680,264651,2.9792,2.9792,0.0,0.00049991,pretrain_full_gpu0_resume_20260905.log,4680,264651,2.8495039999999956
1,2,4700,264651,2.8584,2.8584,0.0,0.00049991,pretrain_full_gpu0_resume_20260905.log,4700,264651,2.8535079999999953
1,2,4720,264651,2.6719,2.6719,0.0,0.00049991,pretrain_full_gpu0_resume_20260905.log,4720,264651,2.8475839999999955
1,2,4740,264651,2.7782,2.7782,0.0,0.00049991,pretrain_full_gpu0_resume_20260905.log,4740,264651,2.843703999999995
1,2,4760,264651,2.6938,2.6938,0.0,0.00049991,pretrain_full_gpu0_resume_20260905.log,4760,264651,2.8427279999999953
1,2,4780,264651,2.8041,2.8041,0.0,0.00049991,pretrain_full_gpu0_resume_20260905.log,4780,264651,2.838347999999995
1,2,4800,264651,2.6791,2.6791,0.0,0.00049991,pretrain_full_gpu0_resume_20260905.log,4800,264651,2.829767999999995
1,2,4820,264651,2.7537,2.7537,0.0,0.00049991,pretrain_full_gpu0_resume_20260905.log,4820,264651,2.825179999999995
1,2,4840,264651,2.9489,2.9489,0.0,0.00049991,pretrain_full_gpu0_resume_20260905.log,4840,264651,2.828167999999995
1,2,4860,264651,2.8772,2.8772,0.0,0.00049991,pretrain_full_gpu0_resume_20260905.log,4860,264651,2.821907999999995
1,2,4880,264651,2.7906,2.7906,0.0,0.00049991,pretrain_full_gpu0_resume_20260905.log,4880,264651,2.8134359999999954
1,2,4900,264651,2.7867,2.7867,0.0,0.0004999,pretrain_full_gpu0_resume_20260905.log,4900,264651,2.8118639999999955
1,2,4920,264651,2.662,2.662,0.0,0.0004999,pretrain_full_gpu0_resume_20260905.log,4920,264651,2.7992239999999957
1,2,4940,264651,2.6811,2.6811,0.0,0.0004999,pretrain_full_gpu0_resume_20260905.log,4940,264651,2.7990559999999958
1,2,4960,264651,2.8427,2.8427,0.0,0.0004999,pretrain_full_gpu0_resume_20260905.log,4960,264651,2.801623999999996
1,2,4980,264651,2.9635,2.9635,0.0,0.0004999,pretrain_full_gpu0_resume_20260905.log,4980,264651,2.8125879999999954
1,2,5000,264651,2.9068,2.9068,0.0,0.0004999,pretrain_full_gpu0_resume_20260905.log,5000,264651,2.819467999999996
1,2,5020,264651,2.6509,2.6509,0.0,0.0004999,pretrain_full_gpu0_resume_20260905.log,5020,264651,2.8173599999999963
1,2,5040,264651,2.6559,2.6559,0.0,0.0004999,pretrain_full_gpu0_resume_20260905.log,5040,264651,2.8136919999999965
1,2,5060,264651,2.8203,2.8203,0.0,0.0004999,pretrain_full_gpu0_resume_20260905.log,5060,264651,2.8146359999999966
1,2,5080,264651,2.8629,2.8629,0.0,0.0004999,pretrain_full_gpu0_resume_20260905.log,5080,264651,2.814639999999996
1,2,5100,264651,2.8043,2.8043,0.0,0.0004999,pretrain_full_gpu0_resume_20260905.log,5100,264651,2.811299999999996
1,2,5120,264651,2.6664,2.6664,0.0,0.0004999,pretrain_full_gpu0_resume_20260905.log,5120,264651,2.8004479999999954
1,2,5140,264651,2.7645,2.7645,0.0,0.0004999,pretrain_full_gpu0_resume_20260905.log,5140,264651,2.7928919999999953
1,2,5160,264651,2.7858,2.7858,0.0,0.00049989,pretrain_full_gpu0_resume_20260905.log,5160,264651,2.787555999999995
1,2,5180,264651,2.5929,2.5929,0.0,0.00049989,pretrain_full_gpu0_resume_20260905.log,5180,264651,2.772103999999995
1,2,5200,264651,2.7557,2.7557,0.0,0.00049989,pretrain_full_gpu0_resume_20260905.log,5200,264651,2.767995999999995
1,2,5220,264651,2.6996,2.6996,0.0,0.00049989,pretrain_full_gpu0_resume_20260905.log,5220,264651,2.769103999999995
1,2,5240,264651,2.6162,2.6162,0.0,0.00049989,pretrain_full_gpu0_resume_20260905.log,5240,264651,2.7626239999999957
1,2,5260,264651,2.7726,2.7726,0.0,0.00049989,pretrain_full_gpu0_resume_20260905.log,5260,264651,2.765775999999996
1,2,5280,264651,2.7031,2.7031,0.0,0.00049989,pretrain_full_gpu0_resume_20260905.log,5280,264651,2.7617359999999955
1,2,5300,264651,2.7734,2.7734,0.0,0.00049989,pretrain_full_gpu0_resume_20260905.log,5300,264651,2.765507999999995
1,2,5320,264651,2.7393,2.7393,0.0,0.00049989,pretrain_full_gpu0_resume_20260905.log,5320,264651,2.7649319999999955
1,2,5340,264651,2.7814,2.7814,0.0,0.00049989,pretrain_full_gpu0_resume_20260905.log,5340,264651,2.758231999999996
1,2,5360,264651,2.7147,2.7147,0.0,0.00049989,pretrain_full_gpu0_resume_20260905.log,5360,264651,2.7517319999999956
1,2,5380,264651,2.9447,2.9447,0.0,0.00049989,pretrain_full_gpu0_resume_20260905.log,5380,264651,2.7578959999999957
1,2,5400,264651,2.7546,2.7546,0.0,0.00049988,pretrain_full_gpu0_resume_20260905.log,5400,264651,2.7566119999999956
1,2,5420,264651,2.9247,2.9247,0.0,0.00049988,pretrain_full_gpu0_resume_20260905.log,5420,264651,2.7671199999999954
1,2,5440,264651,2.7213,2.7213,0.0,0.00049988,pretrain_full_gpu0_resume_20260905.log,5440,264651,2.7687279999999954
1,2,5460,264651,2.8301,2.8301,0.0,0.00049988,pretrain_full_gpu0_resume_20260905.log,5460,264651,2.7682239999999956
1,2,5480,264651,2.8155,2.8155,0.0,0.00049988,pretrain_full_gpu0_resume_20260905.log,5480,264651,2.762303999999996
1,2,5500,264651,2.729,2.729,0.0,0.00049988,pretrain_full_gpu0_resume_20260905.log,5500,264651,2.7551919999999956
1,2,5520,264651,2.8387,2.8387,0.0,0.00049988,pretrain_full_gpu0_resume_20260905.log,5520,264651,2.7627039999999954
1,2,5540,264651,2.8433,2.8433,0.0,0.00049988,pretrain_full_gpu0_resume_20260905.log,5540,264651,2.770199999999995
1,2,5560,264651,2.7322,2.7322,0.0,0.00049988,pretrain_full_gpu0_resume_20260905.log,5560,264651,2.7666759999999955
1,2,5580,264651,2.7704,2.7704,0.0,0.00049988,pretrain_full_gpu0_resume_20260905.log,5580,264651,2.762975999999995
1,2,5600,264651,2.6867,2.6867,0.0,0.00049988,pretrain_full_gpu0_resume_20260905.log,5600,264651,2.7582719999999954
1,2,5620,264651,2.7258,2.7258,0.0,0.00049987,pretrain_full_gpu0_resume_20260905.log,5620,264651,2.7606479999999958
1,2,5640,264651,2.8136,2.8136,0.0,0.00049987,pretrain_full_gpu0_resume_20260905.log,5640,264651,2.762611999999996
1,2,5660,264651,2.7779,2.7779,0.0,0.00049987,pretrain_full_gpu0_resume_20260905.log,5660,264651,2.762295999999996
1,2,5680,264651,2.6135,2.6135,0.0,0.00049987,pretrain_full_gpu0_resume_20260905.log,5680,264651,2.7631199999999962
1,2,5700,264651,2.6733,2.6733,0.0,0.00049987,pretrain_full_gpu0_resume_20260905.log,5700,264651,2.759823999999996
1,2,5720,264651,2.8354,2.8354,0.0,0.00049987,pretrain_full_gpu0_resume_20260905.log,5720,264651,2.765255999999996
1,2,5740,264651,2.8631,2.8631,0.0,0.00049987,pretrain_full_gpu0_resume_20260905.log,5740,264651,2.7751319999999957
1,2,5760,264651,2.7197,2.7197,0.0,0.00049987,pretrain_full_gpu0_resume_20260905.log,5760,264651,2.773015999999996
1,2,5780,264651,2.703,2.703,0.0,0.00049987,pretrain_full_gpu0_resume_20260905.log,5780,264651,2.773011999999996
1,2,5800,264651,2.7041,2.7041,0.0,0.00049987,pretrain_full_gpu0_resume_20260905.log,5800,264651,2.770239999999996
1,2,5820,264651,2.7287,2.7287,0.0,0.00049987,pretrain_full_gpu0_resume_20260905.log,5820,264651,2.769815999999996
1,2,5840,264651,2.6563,2.6563,0.0,0.00049986,pretrain_full_gpu0_resume_20260905.log,5840,264651,2.764811999999996
1,2,5860,264651,2.7508,2.7508,0.0,0.00049986,pretrain_full_gpu0_resume_20260905.log,5860,264651,2.7662559999999963
1,2,5880,264651,2.4403,2.4403,0.0,0.00049986,pretrain_full_gpu0_resume_20260905.log,5880,264651,2.746079999999996
1,2,5900,264651,2.7024,2.7024,0.0,0.00049986,pretrain_full_gpu0_resume_20260905.log,5900,264651,2.743991999999996
1,2,5920,264651,2.5038,2.5038,0.0,0.00049986,pretrain_full_gpu0_resume_20260905.log,5920,264651,2.727155999999996
1,2,5940,264651,2.6792,2.6792,0.0,0.00049986,pretrain_full_gpu0_resume_20260905.log,5940,264651,2.725471999999996
1,2,5960,264651,2.6496,2.6496,0.0,0.00049986,pretrain_full_gpu0_resume_20260905.log,5960,264651,2.718251999999996
1,2,5980,264651,2.5752,2.5752,0.0,0.00049986,pretrain_full_gpu0_resume_20260905.log,5980,264651,2.708639999999996
1,2,6000,264651,2.6882,2.6882,0.0,0.00049986,pretrain_full_gpu0_resume_20260905.log,6000,264651,2.7070079999999956
1,2,6020,264651,2.8644,2.8644,0.0,0.00049986,pretrain_full_gpu0_resume_20260905.log,6020,264651,2.7080359999999954
1,2,6040,264651,2.7839,2.7839,0.0,0.00049986,pretrain_full_gpu0_resume_20260905.log,6040,264651,2.705659999999996
1,2,6060,264651,2.6386,2.6386,0.0,0.00049985,pretrain_full_gpu0_resume_20260905.log,6060,264651,2.7019159999999953
1,2,6080,264651,2.566,2.566,0.0,0.00049985,pretrain_full_gpu0_resume_20260905.log,6080,264651,2.6937399999999956
1,2,6100,264651,2.4489,2.4489,0.0,0.00049985,pretrain_full_gpu0_resume_20260905.log,6100,264651,2.6842279999999956
1,2,6120,264651,2.7023,2.7023,0.0,0.00049985,pretrain_full_gpu0_resume_20260905.log,6120,264651,2.683287999999995
1,2,6140,264651,2.744,2.744,0.0,0.00049985,pretrain_full_gpu0_resume_20260905.log,6140,264651,2.680503999999995
1,2,6160,264651,2.4335,2.4335,0.0,0.00049985,pretrain_full_gpu0_resume_20260905.log,6160,264651,2.6667279999999947
1,2,6180,264651,2.707,2.707,0.0,0.00049985,pretrain_full_gpu0_resume_20260905.log,6180,264651,2.6704679999999943
1,2,6200,264651,2.6941,2.6941,0.0,0.00049985,pretrain_full_gpu0_resume_20260905.log,6200,264651,2.6712999999999947
1,2,6220,264651,2.5959,2.5959,0.0,0.00049985,pretrain_full_gpu0_resume_20260905.log,6220,264651,2.6617199999999945
1,2,6240,264651,2.6824,2.6824,0.0,0.00049985,pretrain_full_gpu0_resume_20260905.log,6240,264651,2.6544919999999945
1,2,6260,264651,2.7376,2.7376,0.0,0.00049984,pretrain_full_gpu0_resume_20260905.log,6260,264651,2.6552079999999942
1,2,6280,264651,2.6519,2.6519,0.0,0.00049984,pretrain_full_gpu0_resume_20260905.log,6280,264651,2.653163999999994
1,2,6300,264651,2.5698,2.5698,0.0,0.00049984,pretrain_full_gpu0_resume_20260905.log,6300,264651,2.647791999999994
1,2,6320,264651,2.633,2.633,0.0,0.00049984,pretrain_full_gpu0_resume_20260905.log,6320,264651,2.643963999999994
1,2,6340,264651,2.6654,2.6654,0.0,0.00049984,pretrain_full_gpu0_resume_20260905.log,6340,264651,2.644327999999994
1,2,6360,264651,2.8047,2.8047,0.0,0.00049984,pretrain_full_gpu0_resume_20260905.log,6360,264651,2.6464839999999943
1,2,6380,264651,2.5025,2.5025,0.0,0.00049984,pretrain_full_gpu0_resume_20260905.log,6380,264651,2.6489719999999943
1,2,6400,264651,2.4751,2.4751,0.0,0.00049984,pretrain_full_gpu0_resume_20260905.log,6400,264651,2.6398799999999945
1,2,6420,264651,2.7101,2.7101,0.0,0.00049984,pretrain_full_gpu0_resume_20260905.log,6420,264651,2.648131999999994
1,2,6440,264651,2.6692,2.6692,0.0,0.00049984,pretrain_full_gpu0_resume_20260905.log,6440,264651,2.6477319999999946
1,2,6460,264651,2.2209,2.2209,0.0,0.00049983,pretrain_full_gpu0_resume_20260905.log,6460,264651,2.6305839999999945
1,2,6480,264651,2.7966,2.7966,0.0,0.00049983,pretrain_full_gpu0_resume_20260905.log,6480,264651,2.6394399999999947
1,2,6500,264651,2.5586,2.5586,0.0,0.00049983,pretrain_full_gpu0_resume_20260905.log,6500,264651,2.634255999999995
1,2,6520,264651,2.6477,2.6477,0.0,0.00049983,pretrain_full_gpu0_resume_20260905.log,6520,264651,2.6255879999999947
1,2,6540,264651,3.0118,3.0118,0.0,0.00049983,pretrain_full_gpu0_resume_20260905.log,6540,264651,2.634703999999994
1,2,6560,264651,2.553,2.553,0.0,0.00049983,pretrain_full_gpu0_resume_20260905.log,6560,264651,2.631279999999994
1,2,6580,264651,2.6037,2.6037,0.0,0.00049983,pretrain_full_gpu0_resume_20260905.log,6580,264651,2.6327879999999944
1,2,6600,264651,2.5665,2.5665,0.0,0.00049983,pretrain_full_gpu0_resume_20260905.log,6600,264651,2.6374919999999946
1,2,6620,264651,2.6893,2.6893,0.0,0.00049983,pretrain_full_gpu0_resume_20260905.log,6620,264651,2.6369719999999948
1,2,6640,264651,2.634,2.634,0.0,0.00049983,pretrain_full_gpu0_resume_20260905.log,6640,264651,2.632571999999995
1,2,6660,264651,2.5045,2.5045,0.0,0.00049982,pretrain_full_gpu0_resume_20260905.log,6660,264651,2.6354119999999948
1,2,6680,264651,2.7198,2.7198,0.0,0.00049982,pretrain_full_gpu0_resume_20260905.log,6680,264651,2.6359239999999953
1,2,6700,264651,2.579,2.579,0.0,0.00049982,pretrain_full_gpu0_resume_20260905.log,6700,264651,2.6313199999999948
1,2,6720,264651,2.6754,2.6754,0.0,0.00049982,pretrain_full_gpu0_resume_20260905.log,6720,264651,2.6344999999999947
1,2,6740,264651,2.637,2.637,0.0,0.00049982,pretrain_full_gpu0_resume_20260905.log,6740,264651,2.632683999999995
1,2,6760,264651,2.4875,2.4875,0.0,0.00049982,pretrain_full_gpu0_resume_20260905.log,6760,264651,2.6226799999999946
1,2,6780,264651,2.7078,2.7078,0.0,0.00049982,pretrain_full_gpu0_resume_20260905.log,6780,264651,2.624915999999995
1,2,6800,264651,2.7563,2.7563,0.0,0.00049982,pretrain_full_gpu0_resume_20260905.log,6800,264651,2.632375999999995
1,2,6820,264651,2.7348,2.7348,0.0,0.00049982,pretrain_full_gpu0_resume_20260905.log,6820,264651,2.6364479999999952
1,2,6840,264651,2.6667,2.6667,0.0,0.00049981,pretrain_full_gpu0_resume_20260905.log,6840,264651,2.6364999999999954
1,2,6860,264651,2.5907,2.5907,0.0,0.00049981,pretrain_full_gpu0_resume_20260905.log,6860,264651,2.6279399999999953
1,2,6880,264651,2.6515,2.6515,0.0,0.00049981,pretrain_full_gpu0_resume_20260905.log,6880,264651,2.6338999999999952
1,2,6900,264651,2.3461,2.3461,0.0,0.00049981,pretrain_full_gpu0_resume_20260905.log,6900,264651,2.6287399999999956
1,2,6920,264651,2.7186,2.7186,0.0,0.00049981,pretrain_full_gpu0_resume_20260905.log,6920,264651,2.6290799999999956
1,2,6940,264651,2.5844,2.5844,0.0,0.00049981,pretrain_full_gpu0_resume_20260905.log,6940,264651,2.6256879999999954
1,2,6960,264651,2.4911,2.4911,0.0,0.00049981,pretrain_full_gpu0_resume_20260905.log,6960,264651,2.6364959999999957
1,2,6980,264651,2.4822,2.4822,0.0,0.00049981,pretrain_full_gpu0_resume_20260905.log,6980,264651,2.623919999999996
1,2,7000,264651,2.713,2.713,0.0,0.00049981,pretrain_full_gpu0_resume_20260905.log,7000,264651,2.630095999999996
1,2,7020,264651,2.5766,2.5766,0.0,0.0004998,pretrain_full_gpu0_resume_20260905.log,7020,264651,2.627251999999996
1,2,7040,264651,2.654,2.654,0.0,0.0004998,pretrain_full_gpu0_resume_20260905.log,7040,264651,2.612939999999996
1,2,7060,264651,2.6277,2.6277,0.0,0.0004998,pretrain_full_gpu0_resume_20260905.log,7060,264651,2.6159279999999963
1,2,7080,264651,2.3996,2.3996,0.0,0.0004998,pretrain_full_gpu0_resume_20260905.log,7080,264651,2.6077639999999964
1,2,7100,264651,2.6296,2.6296,0.0,0.0004998,pretrain_full_gpu0_resume_20260905.log,7100,264651,2.6102879999999957
1,2,7120,264651,2.5831,2.5831,0.0,0.0004998,pretrain_full_gpu0_resume_20260905.log,7120,264651,2.6060399999999957
1,2,7140,264651,2.5377,2.5377,0.0,0.0004998,pretrain_full_gpu0_resume_20260905.log,7140,264651,2.602187999999996
1,2,7160,264651,2.7569,2.7569,0.0,0.0004998,pretrain_full_gpu0_resume_20260905.log,7160,264651,2.6122839999999963
1,2,7180,264651,2.6833,2.6833,0.0,0.0004998,pretrain_full_gpu0_resume_20260905.log,7180,264651,2.610823999999996
1,2,7200,264651,2.7663,2.7663,0.0,0.00049979,pretrain_full_gpu0_resume_20260905.log,7200,264651,2.6183159999999965
1,2,7220,264651,2.7905,2.7905,0.0,0.00049979,pretrain_full_gpu0_resume_20260905.log,7220,264651,2.622919999999996
1,2,7240,264651,2.3811,2.3811,0.0,0.00049979,pretrain_full_gpu0_resume_20260905.log,7240,264651,2.6126839999999962
1,2,7260,264651,2.6134,2.6134,0.0,0.00049979,pretrain_full_gpu0_resume_20260905.log,7260,264651,2.6177199999999967
1,2,7280,264651,2.7745,2.7745,0.0,0.00049979,pretrain_full_gpu0_resume_20260905.log,7280,264651,2.6203879999999966
1,2,7300,264651,2.6536,2.6536,0.0,0.00049979,pretrain_full_gpu0_resume_20260905.log,7300,264651,2.6162799999999966
1,2,7320,264651,2.5611,2.5611,0.0,0.00049979,pretrain_full_gpu0_resume_20260905.log,7320,264651,2.609331999999996
1,2,7340,264651,2.5935,2.5935,0.0,0.00049979,pretrain_full_gpu0_resume_20260905.log,7340,264651,2.606403999999996
1,2,7360,264651,2.6068,2.6068,0.0,0.00049979,pretrain_full_gpu0_resume_20260905.log,7360,264651,2.6070479999999963
1,2,7380,264651,2.5889,2.5889,0.0,0.00049978,pretrain_full_gpu0_resume_20260905.log,7380,264651,2.604543999999996
1,2,7400,264651,2.5244,2.5244,0.0,0.00049978,pretrain_full_gpu0_resume_20260905.log,7400,264651,2.6116759999999966
1,2,7420,264651,2.542,2.542,0.0,0.00049978,pretrain_full_gpu0_resume_20260905.log,7420,264651,2.604611999999997
1,2,7440,264651,2.4495,2.4495,0.0,0.00049978,pretrain_full_gpu0_resume_20260905.log,7440,264651,2.5992159999999966
1,2,7460,264651,2.6486,2.6486,0.0,0.00049978,pretrain_full_gpu0_resume_20260905.log,7460,264651,2.6055159999999966
1,2,7480,264651,2.5223,2.5223,0.0,0.00049978,pretrain_full_gpu0_resume_20260905.log,7480,264651,2.6071199999999966
1,2,7500,264651,2.5467,2.5467,0.0,0.00049978,pretrain_full_gpu0_resume_20260905.log,7500,264651,2.6004679999999967
1,2,7520,264651,2.3265,2.3265,0.0,0.00049978,pretrain_full_gpu0_resume_20260905.log,7520,264651,2.5904639999999968
1,2,7540,264651,2.6988,2.6988,0.0,0.00049977,pretrain_full_gpu0_resume_20260905.log,7540,264651,2.5922559999999972
1,2,7560,264651,2.7486,2.7486,0.0,0.00049977,pretrain_full_gpu0_resume_20260905.log,7560,264651,2.597091999999997
1,2,7580,264651,2.6322,2.6322,0.0,0.00049977,pretrain_full_gpu0_resume_20260905.log,7580,264651,2.606395999999996
1,2,7600,264651,2.5896,2.5896,0.0,0.00049977,pretrain_full_gpu0_resume_20260905.log,7600,264651,2.604795999999997
1,2,7620,264651,2.6067,2.6067,0.0,0.00049977,pretrain_full_gpu0_resume_20260905.log,7620,264651,2.605739999999997
1,2,7640,264651,2.5113,2.5113,0.0,0.00049977,pretrain_full_gpu0_resume_20260905.log,7640,264651,2.604683999999997
1,2,7660,264651,2.8132,2.8132,0.0,0.00049977,pretrain_full_gpu0_resume_20260905.log,7660,264651,2.6069359999999966
1,2,7680,264651,2.5363,2.5363,0.0,0.00049977,pretrain_full_gpu0_resume_20260905.log,7680,264651,2.6010559999999963
1,2,7700,264651,2.573,2.573,0.0,0.00049977,pretrain_full_gpu0_resume_20260905.log,7700,264651,2.593323999999996
1,2,7720,264651,2.3077,2.3077,0.0,0.00049976,pretrain_full_gpu0_resume_20260905.log,7720,264651,2.574011999999996
1,2,7740,264651,2.5848,2.5848,0.0,0.00049976,pretrain_full_gpu0_resume_20260905.log,7740,264651,2.582159999999996
1,2,7760,264651,2.5255,2.5255,0.0,0.00049976,pretrain_full_gpu0_resume_20260905.log,7760,264651,2.5786439999999957
1,2,7780,264651,2.5002,2.5002,0.0,0.00049976,pretrain_full_gpu0_resume_20260905.log,7780,264651,2.567671999999996
1,2,7800,264651,2.6189,2.6189,0.0,0.00049976,pretrain_full_gpu0_resume_20260905.log,7800,264651,2.566283999999996
1,2,7820,264651,2.5359,2.5359,0.0,0.00049976,pretrain_full_gpu0_resume_20260905.log,7820,264651,2.565275999999996
1,2,7840,264651,2.6139,2.6139,0.0,0.00049976,pretrain_full_gpu0_resume_20260905.log,7840,264651,2.566091999999996
1,2,7860,264651,2.5674,2.5674,0.0,0.00049976,pretrain_full_gpu0_resume_20260905.log,7860,264651,2.5645159999999962
1,2,7880,264651,2.6257,2.6257,0.0,0.00049975,pretrain_full_gpu0_resume_20260905.log,7880,264651,2.5659879999999964
1,2,7900,264651,2.6166,2.6166,0.0,0.00049975,pretrain_full_gpu0_resume_20260905.log,7900,264651,2.5696759999999967
1,2,7920,264651,2.4887,2.4887,0.0,0.00049975,pretrain_full_gpu0_resume_20260905.log,7920,264651,2.5675439999999963
1,2,7940,264651,2.4457,2.4457,0.0,0.00049975,pretrain_full_gpu0_resume_20260905.log,7940,264651,2.5673919999999963
1,2,7960,264651,2.5407,2.5407,0.0,0.00049975,pretrain_full_gpu0_resume_20260905.log,7960,264651,2.5630759999999966
1,2,7980,264651,2.5344,2.5344,0.0,0.00049975,pretrain_full_gpu0_resume_20260905.log,7980,264651,2.5635599999999967
1,2,8000,264651,2.7503,2.7503,0.0,0.00049975,pretrain_full_gpu0_resume_20260905.log,8000,264651,2.5717039999999964
1,2,8020,264651,2.6616,2.6616,0.0,0.00049975,pretrain_full_gpu0_resume_20260905.log,8020,264651,2.5851079999999964
1,2,8040,264651,2.7574,2.7574,0.0,0.00049974,pretrain_full_gpu0_resume_20260905.log,8040,264651,2.5874519999999963
1,2,8060,264651,2.5533,2.5533,0.0,0.00049974,pretrain_full_gpu0_resume_20260905.log,8060,264651,2.5796399999999964
1,2,8080,264651,2.459,2.459,0.0,0.00049974,pretrain_full_gpu0_resume_20260905.log,8080,264651,2.572711999999997
1,2,8100,264651,2.5817,2.5817,0.0,0.00049974,pretrain_full_gpu0_resume_20260905.log,8100,264651,2.5723959999999964
1,2,8120,264651,2.7671,2.7671,0.0,0.00049974,pretrain_full_gpu0_resume_20260905.log,8120,264651,2.5788119999999966
1,2,8140,264651,2.3746,2.3746,0.0,0.00049974,pretrain_full_gpu0_resume_20260905.log,8140,264651,2.573343999999996
1,2,8160,264651,2.6049,2.6049,0.0,0.00049974,pretrain_full_gpu0_resume_20260905.log,8160,264651,2.5650119999999963
1,2,8180,264651,2.7731,2.7731,0.0,0.00049973,pretrain_full_gpu0_resume_20260905.log,8180,264651,2.5744839999999964
1,2,8200,264651,2.5305,2.5305,0.0,0.00049973,pretrain_full_gpu0_resume_20260905.log,8200,264651,2.572783999999997
1,2,8220,264651,2.4005,2.4005,0.0,0.00049973,pretrain_full_gpu0_resume_20260905.log,8220,264651,2.576495999999997
1,2,8240,264651,2.7081,2.7081,0.0,0.00049973,pretrain_full_gpu0_resume_20260905.log,8240,264651,2.5814279999999967
1,2,8260,264651,2.5198,2.5198,0.0,0.00049973,pretrain_full_gpu0_resume_20260905.log,8260,264651,2.5811999999999973
1,2,8280,264651,2.6861,2.6861,0.0,0.00049973,pretrain_full_gpu0_resume_20260905.log,8280,264651,2.5886359999999966
1,2,8300,264651,2.4581,2.4581,0.0,0.00049973,pretrain_full_gpu0_resume_20260905.log,8300,264651,2.582203999999997
1,2,8320,264651,2.4459,2.4459,0.0,0.00049973,pretrain_full_gpu0_resume_20260905.log,8320,264651,2.578603999999997
1,2,8340,264651,2.5974,2.5974,0.0,0.00049972,pretrain_full_gpu0_resume_20260905.log,8340,264651,2.5779439999999965
1,2,8360,264651,2.4769,2.4769,0.0,0.00049972,pretrain_full_gpu0_resume_20260905.log,8360,264651,2.5743239999999963
1,2,8380,264651,2.5159,2.5159,0.0,0.00049972,pretrain_full_gpu0_resume_20260905.log,8380,264651,2.5699319999999966
1,2,8400,264651,2.3392,2.3392,0.0,0.00049972,pretrain_full_gpu0_resume_20260905.log,8400,264651,2.558835999999997
1,2,8420,264651,2.4065,2.4065,0.0,0.00049972,pretrain_full_gpu0_resume_20260905.log,8420,264651,2.555547999999997
1,2,8440,264651,2.5403,2.5403,0.0,0.00049972,pretrain_full_gpu0_resume_20260905.log,8440,264651,2.5593319999999964
1,2,8460,264651,2.3864,2.3864,0.0,0.00049972,pretrain_full_gpu0_resume_20260905.log,8460,264651,2.5531599999999965
1,2,8480,264651,2.5244,2.5244,0.0,0.00049972,pretrain_full_gpu0_resume_20260905.log,8480,264651,2.5527599999999966
1,2,8500,264651,2.4526,2.4526,0.0,0.00049971,pretrain_full_gpu0_resume_20260905.log,8500,264651,2.540851999999996
1,2,8520,264651,2.4582,2.4582,0.0,0.00049971,pretrain_full_gpu0_resume_20260905.log,8520,264651,2.532715999999996
1,2,8540,264651,2.3839,2.3839,0.0,0.00049971,pretrain_full_gpu0_resume_20260905.log,8540,264651,2.5177759999999965
1,2,8560,264651,2.5121,2.5121,0.0,0.00049971,pretrain_full_gpu0_resume_20260905.log,8560,264651,2.516127999999996
1,2,8580,264651,2.4204,2.4204,0.0,0.00049971,pretrain_full_gpu0_resume_20260905.log,8580,264651,2.5145839999999957
1,2,8600,264651,2.4148,2.4148,0.0,0.00049971,pretrain_full_gpu0_resume_20260905.log,8600,264651,2.507907999999996
1,2,8620,264651,2.389,2.389,0.0,0.00049971,pretrain_full_gpu0_resume_20260905.log,8620,264651,2.492783999999996
1,2,8640,264651,2.4537,2.4537,0.0,0.0004997,pretrain_full_gpu0_resume_20260905.log,8640,264651,2.495947999999996
1,2,8660,264651,2.4249,2.4249,0.0,0.0004997,pretrain_full_gpu0_resume_20260905.log,8660,264651,2.4887479999999953
1,2,8680,264651,2.4854,2.4854,0.0,0.0004997,pretrain_full_gpu0_resume_20260905.log,8680,264651,2.4772399999999952
1,2,8700,264651,2.4226,2.4226,0.0,0.0004997,pretrain_full_gpu0_resume_20260905.log,8700,264651,2.4729239999999955
1,2,8720,264651,2.6232,2.6232,0.0,0.0004997,pretrain_full_gpu0_resume_20260905.log,8720,264651,2.4818319999999954
1,2,8740,264651,2.5207,2.5207,0.0,0.0004997,pretrain_full_gpu0_resume_20260905.log,8740,264651,2.474335999999995
1,2,8760,264651,2.4025,2.4025,0.0,0.0004997,pretrain_full_gpu0_resume_20260905.log,8760,264651,2.469643999999995
1,2,8780,264651,2.6183,2.6183,0.0,0.00049969,pretrain_full_gpu0_resume_20260905.log,8780,264651,2.466931999999995
1,2,8800,264651,2.4934,2.4934,0.0,0.00049969,pretrain_full_gpu0_resume_20260905.log,8800,264651,2.468343999999995
1,2,8820,264651,2.6085,2.6085,0.0,0.00049969,pretrain_full_gpu0_resume_20260905.log,8820,264651,2.4748479999999953
1,2,8840,264651,2.6388,2.6388,0.0,0.00049969,pretrain_full_gpu0_resume_20260905.log,8840,264651,2.476503999999995
1,2,8860,264651,2.4432,2.4432,0.0,0.00049969,pretrain_full_gpu0_resume_20260905.log,8860,264651,2.475155999999995
1,2,8880,264651,2.6711,2.6711,0.0,0.00049969,pretrain_full_gpu0_resume_20260905.log,8880,264651,2.481363999999995
1,2,8900,264651,2.4811,2.4811,0.0,0.00049969,pretrain_full_gpu0_resume_20260905.log,8900,264651,2.4870399999999946
1,2,8920,264651,2.4433,2.4433,0.0,0.00049968,pretrain_full_gpu0_resume_20260905.log,8920,264651,2.4885119999999947
1,2,8940,264651,2.4858,2.4858,0.0,0.00049968,pretrain_full_gpu0_resume_20260905.log,8940,264651,2.4863319999999947
1,2,8960,264651,2.2565,2.2565,0.0,0.00049968,pretrain_full_gpu0_resume_20260905.log,8960,264651,2.481135999999995
1,2,8980,264651,2.5349,2.5349,0.0,0.00049968,pretrain_full_gpu0_resume_20260905.log,8980,264651,2.481555999999995
1,2,9000,264651,2.6204,2.6204,0.0,0.00049968,pretrain_full_gpu0_resume_20260905.log,9000,264651,2.4882679999999953
1,2,9020,264651,2.3456,2.3456,0.0,0.00049968,pretrain_full_gpu0_resume_20260905.log,9020,264651,2.483763999999995
1,2,9040,264651,2.5066,2.5066,0.0,0.00049968,pretrain_full_gpu0_resume_20260905.log,9040,264651,2.4886719999999953
1,2,9060,264651,2.5647,2.5647,0.0,0.00049967,pretrain_full_gpu0_resume_20260905.log,9060,264651,2.490775999999995
1,2,9080,264651,2.6321,2.6321,0.0,0.00049967,pretrain_full_gpu0_resume_20260905.log,9080,264651,2.4992439999999947
1,2,9100,264651,2.3347,2.3347,0.0,0.00049967,pretrain_full_gpu0_resume_20260905.log,9100,264651,2.496039999999995
1,2,9120,264651,2.5984,2.5984,0.0,0.00049967,pretrain_full_gpu0_resume_20260905.log,9120,264651,2.5044159999999946
1,2,9140,264651,2.6321,2.6321,0.0,0.00049967,pretrain_full_gpu0_resume_20260905.log,9140,264651,2.5115519999999947
1,2,9160,264651,2.6589,2.6589,0.0,0.00049967,pretrain_full_gpu0_resume_20260905.log,9160,264651,2.5209119999999947
1,2,9180,264651,2.4636,2.4636,0.0,0.00049967,pretrain_full_gpu0_resume_20260905.log,9180,264651,2.520039999999995
1,2,9200,264651,2.6351,2.6351,0.0,0.00049966,pretrain_full_gpu0_resume_20260905.log,9200,264651,2.5285399999999947
1,2,9220,264651,2.7053,2.7053,0.0,0.00049966,pretrain_full_gpu0_resume_20260905.log,9220,264651,2.5318239999999945
1,2,9240,264651,2.5386,2.5386,0.0,0.00049966,pretrain_full_gpu0_resume_20260905.log,9240,264651,2.5325399999999947
1,2,9260,264651,2.4346,2.4346,0.0,0.00049966,pretrain_full_gpu0_resume_20260905.log,9260,264651,2.5338239999999943
1,2,9280,264651,2.5492,2.5492,0.0,0.00049966,pretrain_full_gpu0_resume_20260905.log,9280,264651,2.5310599999999948
1,2,9300,264651,2.5179,2.5179,0.0,0.00049966,pretrain_full_gpu0_resume_20260905.log,9300,264651,2.5320399999999945
1,2,9320,264651,2.6108,2.6108,0.0,0.00049966,pretrain_full_gpu0_resume_20260905.log,9320,264651,2.532131999999995
1,2,9340,264651,2.3954,2.3954,0.0,0.00049965,pretrain_full_gpu0_resume_20260905.log,9340,264651,2.5223959999999948
1,2,9360,264651,2.2461,2.2461,0.0,0.00049965,pretrain_full_gpu0_resume_20260905.log,9360,264651,2.514511999999995
1,2,9380,264651,2.3151,2.3151,0.0,0.00049965,pretrain_full_gpu0_resume_20260905.log,9380,264651,2.5002719999999945
1,2,9400,264651,2.6448,2.6448,0.0,0.00049965,pretrain_full_gpu0_resume_20260905.log,9400,264651,2.5068199999999945
1,2,9420,264651,2.4018,2.4018,0.0,0.00049965,pretrain_full_gpu0_resume_20260905.log,9420,264651,2.5051599999999943
1,2,9440,264651,2.6657,2.6657,0.0,0.00049965,pretrain_full_gpu0_resume_20260905.log,9440,264651,2.5123559999999943
1,2,9460,264651,2.4517,2.4517,0.0,0.00049965,pretrain_full_gpu0_resume_20260905.log,9460,264651,2.520163999999994
1,2,9480,264651,2.3702,2.3702,0.0,0.00049964,pretrain_full_gpu0_resume_20260905.log,9480,264651,2.513575999999994
1,2,9500,264651,2.3125,2.3125,0.0,0.00049964,pretrain_full_gpu0_resume_20260905.log,9500,264651,2.5012599999999936
1,2,9520,264651,2.6251,2.6251,0.0,0.00049964,pretrain_full_gpu0_resume_20260905.log,9520,264651,2.5124399999999936
1,2,9540,264651,2.3799,2.3799,0.0,0.00049964,pretrain_full_gpu0_resume_20260905.log,9540,264651,2.507371999999994
1,2,9560,264651,2.3984,2.3984,0.0,0.00049964,pretrain_full_gpu0_resume_20260905.log,9560,264651,2.5007199999999936
1,2,9580,264651,2.4374,2.4374,0.0,0.00049964,pretrain_full_gpu0_resume_20260905.log,9580,264651,2.4929319999999935
1,2,9600,264651,2.4053,2.4053,0.0,0.00049963,pretrain_full_gpu0_resume_20260905.log,9600,264651,2.495755999999994
1,2,9620,264651,2.6031,2.6031,0.0,0.00049963,pretrain_full_gpu0_resume_20260905.log,9620,264651,2.495943999999994
1,2,9640,264651,2.4696,2.4696,0.0,0.00049963,pretrain_full_gpu0_resume_20260905.log,9640,264651,2.4894439999999936
1,2,9660,264651,2.5432,2.5432,0.0,0.00049963,pretrain_full_gpu0_resume_20260905.log,9660,264651,2.4848159999999937
1,2,9680,264651,2.3486,2.3486,0.0,0.00049963,pretrain_full_gpu0_resume_20260905.log,9680,264651,2.480215999999994
1,2,9700,264651,2.4538,2.4538,0.0,0.00049963,pretrain_full_gpu0_resume_20260905.log,9700,264651,2.472963999999994
1,2,9720,264651,2.3703,2.3703,0.0,0.00049963,pretrain_full_gpu0_resume_20260905.log,9720,264651,2.4595639999999936
1,2,9740,264651,2.445,2.445,0.0,0.00049962,pretrain_full_gpu0_resume_20260905.log,9740,264651,2.455819999999994
1,2,9760,264651,2.501,2.501,0.0,0.00049962,pretrain_full_gpu0_resume_20260905.log,9760,264651,2.4584759999999934
1,2,9780,264651,2.3773,2.3773,0.0,0.00049962,pretrain_full_gpu0_resume_20260905.log,9780,264651,2.4515999999999933
1,2,9800,264651,2.4654,2.4654,0.0,0.00049962,pretrain_full_gpu0_resume_20260905.log,9800,264651,2.449499999999994
1,2,9820,264651,2.3119,2.3119,0.0,0.00049962,pretrain_full_gpu0_resume_20260905.log,9820,264651,2.4375439999999937
1,2,9840,264651,2.5782,2.5782,0.0,0.00049962,pretrain_full_gpu0_resume_20260905.log,9840,264651,2.444855999999994
1,2,9860,264651,2.4638,2.4638,0.0,0.00049961,pretrain_full_gpu0_resume_20260905.log,9860,264651,2.453563999999994
1,2,9880,264651,2.525,2.525,0.0,0.00049961,pretrain_full_gpu0_resume_20260905.log,9880,264651,2.4619599999999937
1,2,9900,264651,2.4406,2.4406,0.0,0.00049961,pretrain_full_gpu0_resume_20260905.log,9900,264651,2.4537919999999933
1,2,9920,264651,2.4214,2.4214,0.0,0.00049961,pretrain_full_gpu0_resume_20260905.log,9920,264651,2.454575999999993
1,2,9940,264651,2.4646,2.4646,0.0,0.00049961,pretrain_full_gpu0_resume_20260905.log,9940,264651,2.4465319999999933
1,2,9960,264651,2.7073,2.7073,0.0,0.00049961,pretrain_full_gpu0_resume_20260905.log,9960,264651,2.456755999999993
1,2,9980,264651,2.515,2.515,0.0,0.00049961,pretrain_full_gpu0_resume_20260905.log,9980,264651,2.462547999999993
1,2,10000,264651,2.3571,2.3571,0.0,0.0004996,pretrain_full_gpu0_resume_20260905.log,10000,264651,2.464331999999993
1,2,10020,264651,2.7325,2.7325,0.0,0.0004996,pretrain_full_gpu0_resume_20260905.log,10020,264651,2.468627999999993
1,2,10040,264651,2.6177,2.6177,0.0,0.0004996,pretrain_full_gpu0_resume_20260905.log,10040,264651,2.478139999999993
1,2,10060,264651,2.7311,2.7311,0.0,0.0004996,pretrain_full_gpu0_resume_20260905.log,10060,264651,2.491447999999993
1,2,10080,264651,2.4609,2.4609,0.0,0.0004996,pretrain_full_gpu0_resume_20260905.log,10080,264651,2.4923879999999934
1,2,10100,264651,2.4477,2.4477,0.0,0.0004996,pretrain_full_gpu0_resume_20260905.log,10100,264651,2.4940839999999933
1,2,10120,264651,2.4849,2.4849,0.0,0.00049959,pretrain_full_gpu0_resume_20260905.log,10120,264651,2.4893559999999932
1,2,10140,264651,2.4224,2.4224,0.0,0.00049959,pretrain_full_gpu0_resume_20260905.log,10140,264651,2.487467999999993
1,2,10160,264651,2.4896,2.4896,0.0,0.00049959,pretrain_full_gpu0_resume_20260905.log,10160,264651,2.485323999999993
1,2,10180,264651,2.7614,2.7614,0.0,0.00049959,pretrain_full_gpu0_resume_20260905.log,10180,264651,2.501835999999993
1,2,10200,264651,2.4787,2.4787,0.0,0.00049959,pretrain_full_gpu0_resume_20260905.log,10200,264651,2.5028319999999926
1,2,10220,264651,2.4212,2.4212,0.0,0.00049959,pretrain_full_gpu0_resume_20260905.log,10220,264651,2.504867999999993
1,2,10240,264651,2.5378,2.5378,0.0,0.00049958,pretrain_full_gpu0_resume_20260905.log,10240,264651,2.508579999999993
1,2,10260,264651,2.4799,2.4799,0.0,0.00049958,pretrain_full_gpu0_resume_20260905.log,10260,264651,2.507735999999993
1,2,10280,264651,2.2595,2.2595,0.0,0.00049958,pretrain_full_gpu0_resume_20260905.log,10280,264651,2.503023999999993
1,2,10300,264651,2.7003,2.7003,0.0,0.00049958,pretrain_full_gpu0_resume_20260905.log,10300,264651,2.512419999999993
1,2,10320,264651,2.4124,2.4124,0.0,0.00049958,pretrain_full_gpu0_resume_20260905.log,10320,264651,2.516439999999993
1,2,10340,264651,2.4135,2.4135,0.0,0.00049958,pretrain_full_gpu0_resume_20260905.log,10340,264651,2.5098519999999933
1,2,10360,264651,2.1909,2.1909,0.0,0.00049957,pretrain_full_gpu0_resume_20260905.log,10360,264651,2.4989359999999934
1,2,10380,264651,2.4446,2.4446,0.0,0.00049957,pretrain_full_gpu0_resume_20260905.log,10380,264651,2.4957199999999933
1,2,10400,264651,2.429,2.429,0.0,0.00049957,pretrain_full_gpu0_resume_20260905.log,10400,264651,2.4952559999999933
1,2,10420,264651,2.2924,2.2924,0.0,0.00049957,pretrain_full_gpu0_resume_20260905.log,10420,264651,2.490095999999993
1,2,10440,264651,2.4376,2.4376,0.0,0.00049957,pretrain_full_gpu0_resume_20260905.log,10440,264651,2.4890159999999932
1,2,10460,264651,2.3653,2.3653,0.0,0.00049957,pretrain_full_gpu0_resume_20260905.log,10460,264651,2.475335999999993
1,2,10480,264651,2.466,2.466,0.0,0.00049956,pretrain_full_gpu0_resume_20260905.log,10480,264651,2.473375999999993
1,2,10500,264651,2.3921,2.3921,0.0,0.00049956,pretrain_full_gpu0_resume_20260905.log,10500,264651,2.4747759999999928
1,2,10520,264651,2.4132,2.4132,0.0,0.00049956,pretrain_full_gpu0_resume_20260905.log,10520,264651,2.4620039999999928
1,2,10540,264651,2.3459,2.3459,0.0,0.00049956,pretrain_full_gpu0_resume_20260905.log,10540,264651,2.4511319999999928
1,2,10560,264651,2.4889,2.4889,0.0,0.00049956,pretrain_full_gpu0_resume_20260905.log,10560,264651,2.4414439999999926
1,2,10580,264651,2.4733,2.4733,0.0,0.00049956,pretrain_full_gpu0_resume_20260905.log,10580,264651,2.4419399999999927
1,2,10600,264651,2.5937,2.5937,0.0,0.00049955,pretrain_full_gpu0_resume_20260905.log,10600,264651,2.4477799999999927
1,2,10620,264651,2.5403,2.5403,0.0,0.00049955,pretrain_full_gpu0_resume_20260905.log,10620,264651,2.449995999999993
1,2,10640,264651,2.3932,2.3932,0.0,0.00049955,pretrain_full_gpu0_resume_20260905.log,10640,264651,2.4488279999999927
1,2,10660,264651,2.3819,2.3819,0.0,0.00049955,pretrain_full_gpu0_resume_20260905.log,10660,264651,2.4445199999999927
1,2,10680,264651,2.4108,2.4108,0.0,0.00049955,pretrain_full_gpu0_resume_20260905.log,10680,264651,2.4304959999999927
1,2,10700,264651,2.3504,2.3504,0.0,0.00049955,pretrain_full_gpu0_resume_20260905.log,10700,264651,2.425363999999993
1,2,10720,264651,2.7125,2.7125,0.0,0.00049954,pretrain_full_gpu0_resume_20260905.log,10720,264651,2.4370159999999927
1,2,10740,264651,2.4257,2.4257,0.0,0.00049954,pretrain_full_gpu0_resume_20260905.log,10740,264651,2.432531999999993
1,2,10760,264651,2.3343,2.3343,0.0,0.00049954,pretrain_full_gpu0_resume_20260905.log,10760,264651,2.4267079999999925
1,2,10780,264651,2.4018,2.4018,0.0,0.00049954,pretrain_full_gpu0_resume_20260905.log,10780,264651,2.432399999999993
1,2,10800,264651,2.28,2.28,0.0,0.00049954,pretrain_full_gpu0_resume_20260905.log,10800,264651,2.415587999999993
1,2,10820,264651,2.4879,2.4879,0.0,0.00049954,pretrain_full_gpu0_resume_20260905.log,10820,264651,2.4186079999999928
1,2,10840,264651,2.3952,2.3952,0.0,0.00049953,pretrain_full_gpu0_resume_20260905.log,10840,264651,2.417875999999993
1,2,10860,264651,2.3902,2.3902,0.0,0.00049953,pretrain_full_gpu0_resume_20260905.log,10860,264651,2.425847999999993
1,2,10880,264651,2.6312,2.6312,0.0,0.00049953,pretrain_full_gpu0_resume_20260905.log,10880,264651,2.433311999999993
1,2,10900,264651,2.4377,2.4377,0.0,0.00049953,pretrain_full_gpu0_resume_20260905.log,10900,264651,2.4336599999999926
1,2,10920,264651,2.5129,2.5129,0.0,0.00049953,pretrain_full_gpu0_resume_20260905.log,10920,264651,2.4424799999999927
1,2,10940,264651,2.4366,2.4366,0.0,0.00049953,pretrain_full_gpu0_resume_20260905.log,10940,264651,2.4424399999999924
1,2,10960,264651,2.646,2.646,0.0,0.00049952,pretrain_full_gpu0_resume_20260905.log,10960,264651,2.453667999999993
1,2,10980,264651,2.3277,2.3277,0.0,0.00049952,pretrain_full_gpu0_resume_20260905.log,10980,264651,2.4481359999999928
1,2,11000,264651,2.5415,2.5415,0.0,0.00049952,pretrain_full_gpu0_resume_20260905.log,11000,264651,2.4541119999999927
1,2,11020,264651,2.2855,2.2855,0.0,0.00049952,pretrain_full_gpu0_resume_20260905.log,11020,264651,2.4490039999999924
1,2,11040,264651,2.4381,2.4381,0.0,0.00049952,pretrain_full_gpu0_resume_20260905.log,11040,264651,2.4526919999999923
1,2,11060,264651,2.5862,2.5862,0.0,0.00049952,pretrain_full_gpu0_resume_20260905.log,11060,264651,2.4565839999999923
1,2,11080,264651,2.4155,2.4155,0.0,0.00049951,pretrain_full_gpu0_resume_20260905.log,11080,264651,2.4542719999999925
1,2,11100,264651,2.3951,2.3951,0.0,0.00049951,pretrain_full_gpu0_resume_20260905.log,11100,264651,2.4463279999999923
1,2,11120,264651,2.6056,2.6056,0.0,0.00049951,pretrain_full_gpu0_resume_20260905.log,11120,264651,2.4489399999999923
1,2,11140,264651,2.438,2.438,0.0,0.00049951,pretrain_full_gpu0_resume_20260905.log,11140,264651,2.4507319999999924
1,2,11160,264651,2.3174,2.3174,0.0,0.00049951,pretrain_full_gpu0_resume_20260905.log,11160,264651,2.4481519999999923
1,2,11180,264651,2.3569,2.3569,0.0,0.0004995,pretrain_full_gpu0_resume_20260905.log,11180,264651,2.4459959999999925
1,2,11200,264651,2.3596,2.3596,0.0,0.0004995,pretrain_full_gpu0_resume_20260905.log,11200,264651,2.4463639999999924
1,2,11220,264651,2.4857,2.4857,0.0,0.0004995,pretrain_full_gpu0_resume_20260905.log,11220,264651,2.4372919999999927
1,2,11240,264651,2.4669,2.4669,0.0,0.0004995,pretrain_full_gpu0_resume_20260905.log,11240,264651,2.4389399999999926
1,2,11260,264651,2.2703,2.2703,0.0,0.0004995,pretrain_full_gpu0_resume_20260905.log,11260,264651,2.4363799999999927
1,2,11280,264651,2.4446,2.4446,0.0,0.0004995,pretrain_full_gpu0_resume_20260905.log,11280,264651,2.4380919999999926
1,2,11300,264651,2.5705,2.5705,0.0,0.00049949,pretrain_full_gpu0_resume_20260905.log,11300,264651,2.449711999999993
1,2,11320,264651,2.4471,2.4471,0.0,0.00049949,pretrain_full_gpu0_resume_20260905.log,11320,264651,2.4480799999999925
1,2,11340,264651,2.3359,2.3359,0.0,0.00049949,pretrain_full_gpu0_resume_20260905.log,11340,264651,2.4457079999999927
1,2,11360,264651,2.4501,2.4501,0.0,0.00049949,pretrain_full_gpu0_resume_20260905.log,11360,264651,2.4481039999999923
1,2,11380,264651,2.3182,2.3182,0.0,0.00049949,pretrain_full_gpu0_resume_20260905.log,11380,264651,2.4355839999999924
1,2,11400,264651,2.4313,2.4313,0.0,0.00049949,pretrain_full_gpu0_resume_20260905.log,11400,264651,2.4353279999999926
1,2,11420,264651,2.3156,2.3156,0.0,0.00049948,pretrain_full_gpu0_resume_20260905.log,11420,264651,2.427435999999992
1,2,11440,264651,2.3213,2.3213,0.0,0.00049948,pretrain_full_gpu0_resume_20260905.log,11440,264651,2.4228239999999923
1,2,11460,264651,2.3995,2.3995,0.0,0.00049948,pretrain_full_gpu0_resume_20260905.log,11460,264651,2.4129639999999926
1,2,11480,264651,2.5105,2.5105,0.0,0.00049948,pretrain_full_gpu0_resume_20260905.log,11480,264651,2.4202759999999923
1,2,11500,264651,2.5103,2.5103,0.0,0.00049948,pretrain_full_gpu0_resume_20260905.log,11500,264651,2.4190279999999924
1,2,11520,264651,2.5872,2.5872,0.0,0.00049947,pretrain_full_gpu0_resume_20260905.log,11520,264651,2.4310959999999926
1,2,11540,264651,2.3393,2.3393,0.0,0.00049947,pretrain_full_gpu0_resume_20260905.log,11540,264651,2.4271439999999926
1,2,11560,264651,2.6091,2.6091,0.0,0.00049947,pretrain_full_gpu0_resume_20260905.log,11560,264651,2.428059999999993
1,2,11580,264651,2.5117,2.5117,0.0,0.00049947,pretrain_full_gpu0_resume_20260905.log,11580,264651,2.4319079999999924
1,2,11600,264651,2.2801,2.2801,0.0,0.00049947,pretrain_full_gpu0_resume_20260905.log,11600,264651,2.4273079999999925
1,2,11620,264651,2.4855,2.4855,0.0,0.00049947,pretrain_full_gpu0_resume_20260905.log,11620,264651,2.4225039999999924
1,2,11640,264651,2.3415,2.3415,0.0,0.00049946,pretrain_full_gpu0_resume_20260905.log,11640,264651,2.4186439999999925
1,2,11660,264651,2.2968,2.2968,0.0,0.00049946,pretrain_full_gpu0_resume_20260905.log,11660,264651,2.4178199999999923
1,2,11680,264651,2.4946,2.4946,0.0,0.00049946,pretrain_full_gpu0_resume_20260905.log,11680,264651,2.423327999999992
1,2,11700,264651,2.4951,2.4951,0.0,0.00049946,pretrain_full_gpu0_resume_20260905.log,11700,264651,2.428747999999992
1,2,11720,264651,2.5031,2.5031,0.0,0.00049946,pretrain_full_gpu0_resume_20260905.log,11720,264651,2.429443999999992
1,2,11740,264651,2.4074,2.4074,0.0,0.00049945,pretrain_full_gpu0_resume_20260905.log,11740,264651,2.427063999999992
1,2,11760,264651,2.3322,2.3322,0.0,0.00049945,pretrain_full_gpu0_resume_20260905.log,11760,264651,2.4295399999999923
1,2,11780,264651,2.4601,2.4601,0.0,0.00049945,pretrain_full_gpu0_resume_20260905.log,11780,264651,2.430159999999992
1,2,11800,264651,2.4814,2.4814,0.0,0.00049945,pretrain_full_gpu0_resume_20260905.log,11800,264651,2.426595999999992
1,2,11820,264651,2.3566,2.3566,0.0,0.00049945,pretrain_full_gpu0_resume_20260905.log,11820,264651,2.422975999999992
1,2,11840,264651,2.2207,2.2207,0.0,0.00049944,pretrain_full_gpu0_resume_20260905.log,11840,264651,2.418367999999992
1,2,11860,264651,2.4274,2.4274,0.0,0.00049944,pretrain_full_gpu0_resume_20260905.log,11860,264651,2.4174599999999917
1,2,11880,264651,2.4007,2.4007,0.0,0.00049944,pretrain_full_gpu0_resume_20260905.log,11880,264651,2.420759999999992
1,2,11900,264651,2.1458,2.1458,0.0,0.00049944,pretrain_full_gpu0_resume_20260905.log,11900,264651,2.409339999999992
1,2,11920,264651,2.4765,2.4765,0.0,0.00049944,pretrain_full_gpu0_resume_20260905.log,11920,264651,2.415775999999992
1,2,11940,264651,2.2884,2.2884,0.0,0.00049944,pretrain_full_gpu0_resume_20260905.log,11940,264651,2.4144599999999925
1,2,11960,264651,2.4983,2.4983,0.0,0.00049943,pretrain_full_gpu0_resume_20260905.log,11960,264651,2.418411999999992
1,2,11980,264651,2.5016,2.5016,0.0,0.00049943,pretrain_full_gpu0_resume_20260905.log,11980,264651,2.418055999999992
1,2,12000,264651,2.3462,2.3462,0.0,0.00049943,pretrain_full_gpu0_resume_20260905.log,12000,264651,2.411491999999992
1,2,12020,264651,2.2365,2.2365,0.0,0.00049943,pretrain_full_gpu0_resume_20260905.log,12020,264651,2.397463999999992
1,2,12040,264651,2.4921,2.4921,0.0,0.00049943,pretrain_full_gpu0_resume_20260905.log,12040,264651,2.403575999999992
1,2,12060,264651,2.3374,2.3374,0.0,0.00049942,pretrain_full_gpu0_resume_20260905.log,12060,264651,2.3927079999999923
1,2,12080,264651,2.3854,2.3854,0.0,0.00049942,pretrain_full_gpu0_resume_20260905.log,12080,264651,2.3876559999999922
1,2,12100,264651,2.4177,2.4177,0.0,0.00049942,pretrain_full_gpu0_resume_20260905.log,12100,264651,2.393159999999992
1,2,12120,264651,2.2408,2.2408,0.0,0.00049942,pretrain_full_gpu0_resume_20260905.log,12120,264651,2.383371999999992
1,2,12140,264651,2.1908,2.1908,0.0,0.00049942,pretrain_full_gpu0_resume_20260905.log,12140,264651,2.377343999999992
1,2,12160,264651,2.2753,2.2753,0.0,0.00049941,pretrain_full_gpu0_resume_20260905.log,12160,264651,2.376483999999992
1,2,12180,264651,2.1704,2.1704,0.0,0.00049941,pretrain_full_gpu0_resume_20260905.log,12180,264651,2.363515999999992
1,2,12200,264651,2.447,2.447,0.0,0.00049941,pretrain_full_gpu0_resume_20260905.log,12200,264651,2.3615919999999924
1,2,12220,264651,2.2758,2.2758,0.0,0.00049941,pretrain_full_gpu0_resume_20260905.log,12220,264651,2.352499999999992
1,2,12240,264651,2.4002,2.4002,0.0,0.00049941,pretrain_full_gpu0_resume_20260905.log,12240,264651,2.3522119999999918
1,2,12260,264651,2.1305,2.1305,0.0,0.0004994,pretrain_full_gpu0_resume_20260905.log,12260,264651,2.3441439999999916
1,2,12280,264651,2.3035,2.3035,0.0,0.0004994,pretrain_full_gpu0_resume_20260905.log,12280,264651,2.3378799999999917
1,2,12300,264651,2.3221,2.3221,0.0,0.0004994,pretrain_full_gpu0_resume_20260905.log,12300,264651,2.331507999999992
1,2,12320,264651,2.3003,2.3003,0.0,0.0004994,pretrain_full_gpu0_resume_20260905.log,12320,264651,2.329255999999992
1,2,12340,264651,2.3709,2.3709,0.0,0.0004994,pretrain_full_gpu0_resume_20260905.log,12340,264651,2.3352639999999916
1,2,12360,264651,2.4224,2.4224,0.0,0.00049939,pretrain_full_gpu0_resume_20260905.log,12360,264651,2.335063999999992
1,2,12380,264651,2.2887,2.2887,0.0,0.00049939,pretrain_full_gpu0_resume_20260905.log,12380,264651,2.330583999999992
1,2,12400,264651,2.4438,2.4438,0.0,0.00049939,pretrain_full_gpu0_resume_20260905.log,12400,264651,2.342503999999992
1,2,12420,264651,2.3557,2.3557,0.0,0.00049939,pretrain_full_gpu0_resume_20260905.log,12420,264651,2.337671999999992
1,2,12440,264651,2.3989,2.3989,0.0,0.00049939,pretrain_full_gpu0_resume_20260905.log,12440,264651,2.3420919999999916
1,2,12460,264651,2.5391,2.5391,0.0,0.00049938,pretrain_full_gpu0_resume_20260905.log,12460,264651,2.3437239999999915
1,2,12480,264651,2.4374,2.4374,0.0,0.00049938,pretrain_full_gpu0_resume_20260905.log,12480,264651,2.3411559999999914
1,2,12500,264651,2.3578,2.3578,0.0,0.00049938,pretrain_full_gpu0_resume_20260905.log,12500,264651,2.341619999999991
1,2,12520,264651,2.4387,2.4387,0.0,0.00049938,pretrain_full_gpu0_resume_20260905.log,12520,264651,2.349707999999991
1,2,12540,264651,2.2906,2.2906,0.0,0.00049938,pretrain_full_gpu0_resume_20260905.log,12540,264651,2.341647999999991
1,2,12560,264651,2.3678,2.3678,0.0,0.00049938,pretrain_full_gpu0_resume_20260905.log,12560,264651,2.3428639999999907
1,2,12580,264651,2.4704,2.4704,0.0,0.00049937,pretrain_full_gpu0_resume_20260905.log,12580,264651,2.346263999999991
1,2,12600,264651,2.5732,2.5732,0.0,0.00049937,pretrain_full_gpu0_resume_20260905.log,12600,264651,2.352483999999991
1,2,12620,264651,2.4456,2.4456,0.0,0.00049937,pretrain_full_gpu0_resume_20260905.log,12620,264651,2.360675999999991
1,2,12640,264651,2.371,2.371,0.0,0.00049937,pretrain_full_gpu0_resume_20260905.log,12640,264651,2.3678839999999908
1,2,12660,264651,2.482,2.482,0.0,0.00049937,pretrain_full_gpu0_resume_20260905.log,12660,264651,2.376151999999991
1,2,12680,264651,2.45,2.45,0.0,0.00049936,pretrain_full_gpu0_resume_20260905.log,12680,264651,2.387335999999991
1,2,12700,264651,2.4127,2.4127,0.0,0.00049936,pretrain_full_gpu0_resume_20260905.log,12700,264651,2.3859639999999906
1,2,12720,264651,2.4354,2.4354,0.0,0.00049936,pretrain_full_gpu0_resume_20260905.log,12720,264651,2.392347999999991
1,2,12740,264651,2.2738,2.2738,0.0,0.00049936,pretrain_full_gpu0_resume_20260905.log,12740,264651,2.387291999999991
1,2,12760,264651,2.3343,2.3343,0.0,0.00049936,pretrain_full_gpu0_resume_20260905.log,12760,264651,2.395443999999991
1,2,12780,264651,2.3172,2.3172,0.0,0.00049935,pretrain_full_gpu0_resume_20260905.log,12780,264651,2.3959919999999912
1,2,12800,264651,2.3776,2.3776,0.0,0.00049935,pretrain_full_gpu0_resume_20260905.log,12800,264651,2.398211999999991
1,2,12820,264651,2.3416,2.3416,0.0,0.00049935,pretrain_full_gpu0_resume_20260905.log,12820,264651,2.399863999999991
1,2,12840,264651,2.3746,2.3746,0.0,0.00049935,pretrain_full_gpu0_resume_20260905.log,12840,264651,2.4000119999999914
1,2,12860,264651,2.2569,2.2569,0.0,0.00049934,pretrain_full_gpu0_resume_20260905.log,12860,264651,2.393391999999991
1,2,12880,264651,2.5399,2.5399,0.0,0.00049934,pretrain_full_gpu0_resume_20260905.log,12880,264651,2.4034399999999914
1,2,12900,264651,2.4459,2.4459,0.0,0.00049934,pretrain_full_gpu0_resume_20260905.log,12900,264651,2.4035239999999916
1,2,12920,264651,2.3274,2.3274,0.0,0.00049934,pretrain_full_gpu0_resume_20260905.log,12920,264651,2.4023919999999914
1,2,12940,264651,2.2432,2.2432,0.0,0.00049934,pretrain_full_gpu0_resume_20260905.log,12940,264651,2.3961639999999913
1,2,12960,264651,2.4048,2.4048,0.0,0.00049933,pretrain_full_gpu0_resume_20260905.log,12960,264651,2.390791999999992
1,2,12980,264651,2.4926,2.4926,0.0,0.00049933,pretrain_full_gpu0_resume_20260905.log,12980,264651,2.392999999999992
1,2,13000,264651,2.3661,2.3661,0.0,0.00049933,pretrain_full_gpu0_resume_20260905.log,13000,264651,2.393331999999992
1,2,13020,264651,2.4536,2.4536,0.0,0.00049933,pretrain_full_gpu0_resume_20260905.log,13020,264651,2.3939279999999923
1,2,13040,264651,2.2245,2.2245,0.0,0.00049933,pretrain_full_gpu0_resume_20260905.log,13040,264651,2.391283999999992
1,2,13060,264651,2.346,2.346,0.0,0.00049932,pretrain_full_gpu0_resume_20260905.log,13060,264651,2.390411999999992
1,2,13080,264651,2.2828,2.2828,0.0,0.00049932,pretrain_full_gpu0_resume_20260905.log,13080,264651,2.382907999999992
1,2,13100,264651,2.415,2.415,0.0,0.00049932,pretrain_full_gpu0_resume_20260905.log,13100,264651,2.376579999999992
1,2,13120,264651,2.2846,2.2846,0.0,0.00049932,pretrain_full_gpu0_resume_20260905.log,13120,264651,2.370139999999992
1,2,13140,264651,2.605,2.605,0.0,0.00049932,pretrain_full_gpu0_resume_20260905.log,13140,264651,2.3794999999999917
1,2,13160,264651,2.3827,2.3827,0.0,0.00049931,pretrain_full_gpu0_resume_20260905.log,13160,264651,2.375527999999992
1,2,13180,264651,2.5243,2.5243,0.0,0.00049931,pretrain_full_gpu0_resume_20260905.log,13180,264651,2.378499999999992
1,2,13200,264651,2.2476,2.2476,0.0,0.00049931,pretrain_full_gpu0_resume_20260905.log,13200,264651,2.3718959999999916
1,2,13220,264651,2.5179,2.5179,0.0,0.00049931,pretrain_full_gpu0_resume_20260905.log,13220,264651,2.3751959999999914
1,2,13240,264651,2.4557,2.4557,0.0,0.00049931,pretrain_full_gpu0_resume_20260905.log,13240,264651,2.3824719999999915
1,2,13260,264651,2.3143,2.3143,0.0,0.0004993,pretrain_full_gpu0_resume_20260905.log,13260,264651,2.3816719999999916
1,2,13280,264651,2.4712,2.4712,0.0,0.0004993,pretrain_full_gpu0_resume_20260905.log,13280,264651,2.3878319999999915
1,2,13300,264651,2.5756,2.5756,0.0,0.0004993,pretrain_full_gpu0_resume_20260905.log,13300,264651,2.395751999999992
1,2,13320,264651,2.48,2.48,0.0,0.0004993,pretrain_full_gpu0_resume_20260905.log,13320,264651,2.4012879999999917
1,2,13340,264651,2.0334,2.0334,0.0,0.0004993,pretrain_full_gpu0_resume_20260905.log,13340,264651,2.3876399999999918
1,2,13360,264651,2.3241,2.3241,0.0,0.00049929,pretrain_full_gpu0_resume_20260905.log,13360,264651,2.3903279999999913
1,2,13380,264651,2.343,2.343,0.0,0.00049929,pretrain_full_gpu0_resume_20260905.log,13380,264651,2.382451999999992
1,2,13400,264651,2.2548,2.2548,0.0,0.00049929,pretrain_full_gpu0_resume_20260905.log,13400,264651,2.374807999999992
1,2,13420,264651,2.4117,2.4117,0.0,0.00049929,pretrain_full_gpu0_resume_20260905.log,13420,264651,2.378179999999992
1,2,13440,264651,2.2885,2.2885,0.0,0.00049928,pretrain_full_gpu0_resume_20260905.log,13440,264651,2.3799919999999917
1,2,13460,264651,2.3391,2.3391,0.0,0.00049928,pretrain_full_gpu0_resume_20260905.log,13460,264651,2.3773639999999916
1,2,13480,264651,2.2971,2.2971,0.0,0.00049928,pretrain_full_gpu0_resume_20260905.log,13480,264651,2.369543999999992
1,2,13500,264651,2.2744,2.2744,0.0,0.00049928,pretrain_full_gpu0_resume_20260905.log,13500,264651,2.3658759999999917
1,2,13520,264651,2.3332,2.3332,0.0,0.00049928,pretrain_full_gpu0_resume_20260905.log,13520,264651,2.3610599999999913
1,2,13540,264651,2.3927,2.3927,0.0,0.00049927,pretrain_full_gpu0_resume_20260905.log,13540,264651,2.3677879999999916
1,2,13560,264651,2.3215,2.3215,0.0,0.00049927,pretrain_full_gpu0_resume_20260905.log,13560,264651,2.3668079999999914
1,2,13580,264651,2.4992,2.4992,0.0,0.00049927,pretrain_full_gpu0_resume_20260905.log,13580,264651,2.375463999999991
1,2,13600,264651,2.3296,2.3296,0.0,0.00049927,pretrain_full_gpu0_resume_20260905.log,13600,264651,2.372047999999991
1,2,13620,264651,2.1463,2.1463,0.0,0.00049927,pretrain_full_gpu0_resume_20260905.log,13620,264651,2.3665159999999914
1,2,13640,264651,2.4699,2.4699,0.0,0.00049926,pretrain_full_gpu0_resume_20260905.log,13640,264651,2.3611119999999914
1,2,13660,264651,2.2553,2.2553,0.0,0.00049926,pretrain_full_gpu0_resume_20260905.log,13660,264651,2.3560159999999915
1,2,13680,264651,2.2459,2.2459,0.0,0.00049926,pretrain_full_gpu0_resume_20260905.log,13680,264651,2.3448799999999914
1,2,13700,264651,2.3851,2.3851,0.0,0.00049926,pretrain_full_gpu0_resume_20260905.log,13700,264651,2.3503799999999915
1,2,13720,264651,2.2591,2.2591,0.0,0.00049925,pretrain_full_gpu0_resume_20260905.log,13720,264651,2.340027999999992
1,2,13740,264651,2.3498,2.3498,0.0,0.00049925,pretrain_full_gpu0_resume_20260905.log,13740,264651,2.335791999999992
1,2,13760,264651,2.2926,2.2926,0.0,0.00049925,pretrain_full_gpu0_resume_20260905.log,13760,264651,2.334923999999992
1,2,13780,264651,2.2429,2.2429,0.0,0.00049925,pretrain_full_gpu0_resume_20260905.log,13780,264651,2.3257919999999914
1,2,13800,264651,2.4568,2.4568,0.0,0.00049925,pretrain_full_gpu0_resume_20260905.log,13800,264651,2.3210399999999916
1,2,13820,264651,2.3644,2.3644,0.0,0.00049924,pretrain_full_gpu0_resume_20260905.log,13820,264651,2.3164159999999914
1,2,13840,264651,2.3661,2.3661,0.0,0.00049924,pretrain_full_gpu0_resume_20260905.log,13840,264651,2.3297239999999917
1,2,13860,264651,2.3861,2.3861,0.0,0.00049924,pretrain_full_gpu0_resume_20260905.log,13860,264651,2.3322039999999915
1,2,13880,264651,2.4024,2.4024,0.0,0.00049924,pretrain_full_gpu0_resume_20260905.log,13880,264651,2.334579999999992
1,2,13900,264651,2.366,2.366,0.0,0.00049923,pretrain_full_gpu0_resume_20260905.log,13900,264651,2.3390279999999914
1,2,13920,264651,2.4808,2.4808,0.0,0.00049923,pretrain_full_gpu0_resume_20260905.log,13920,264651,2.3417919999999914
1,2,13940,264651,2.6654,2.6654,0.0,0.00049923,pretrain_full_gpu0_resume_20260905.log,13940,264651,2.3568679999999915
1,2,13960,264651,2.3684,2.3684,0.0,0.00049923,pretrain_full_gpu0_resume_20260905.log,13960,264651,2.3580399999999915
1,2,13980,264651,2.386,2.386,0.0,0.00049923,pretrain_full_gpu0_resume_20260905.log,13980,264651,2.3615959999999916
1,2,14000,264651,2.4747,2.4747,0.0,0.00049922,pretrain_full_gpu0_resume_20260905.log,14000,264651,2.3696079999999915
1,2,14020,264651,2.3412,2.3412,0.0,0.00049922,pretrain_full_gpu0_resume_20260905.log,14020,264651,2.369927999999992
1,2,14040,264651,2.2591,2.2591,0.0,0.00049922,pretrain_full_gpu0_resume_20260905.log,14040,264651,2.364583999999992
1,2,14060,264651,2.3916,2.3916,0.0,0.00049922,pretrain_full_gpu0_resume_20260905.log,14060,264651,2.3673879999999916
1,2,14080,264651,2.4474,2.4474,0.0,0.00049921,pretrain_full_gpu0_resume_20260905.log,14080,264651,2.3653159999999915
1,2,14100,264651,2.5777,2.5777,0.0,0.00049921,pretrain_full_gpu0_resume_20260905.log,14100,264651,2.3752399999999914
1,2,14120,264651,2.2599,2.2599,0.0,0.00049921,pretrain_full_gpu0_resume_20260905.log,14120,264651,2.379783999999992
1,2,14140,264651,2.365,2.365,0.0,0.00049921,pretrain_full_gpu0_resume_20260905.log,14140,264651,2.3755879999999916
1,2,14160,264651,2.4088,2.4088,0.0,0.00049921,pretrain_full_gpu0_resume_20260905.log,14160,264651,2.381727999999992
1,2,14180,264651,2.2802,2.2802,0.0,0.0004992,pretrain_full_gpu0_resume_20260905.log,14180,264651,2.383099999999992
1,2,14200,264651,2.2319,2.2319,0.0,0.0004992,pretrain_full_gpu0_resume_20260905.log,14200,264651,2.376971999999992
1,2,14220,264651,2.3817,2.3817,0.0,0.0004992,pretrain_full_gpu0_resume_20260905.log,14220,264651,2.3818759999999917
1,2,14240,264651,2.1695,2.1695,0.0,0.0004992,pretrain_full_gpu0_resume_20260905.log,14240,264651,2.3746639999999917
1,2,14260,264651,2.1807,2.1807,0.0,0.00049919,pretrain_full_gpu0_resume_20260905.log,14260,264651,2.3701879999999917
1,2,14280,264651,2.234,2.234,0.0,0.00049919,pretrain_full_gpu0_resume_20260905.log,14280,264651,2.3698319999999917
1,2,14300,264651,2.5833,2.5833,0.0,0.00049919,pretrain_full_gpu0_resume_20260905.log,14300,264651,2.374891999999992
1,2,14320,264651,2.2985,2.2985,0.0,0.00049919,pretrain_full_gpu0_resume_20260905.log,14320,264651,2.3722559999999917
1,2,14340,264651,2.4244,2.4244,0.0,0.00049919,pretrain_full_gpu0_resume_20260905.log,14340,264651,2.3745879999999917
1,2,14360,264651,2.3354,2.3354,0.0,0.00049918,pretrain_full_gpu0_resume_20260905.log,14360,264651,2.3725599999999916
1,2,14380,264651,2.2964,2.2964,0.0,0.00049918,pretrain_full_gpu0_resume_20260905.log,14380,264651,2.3683199999999918
1,2,14400,264651,2.2021,2.2021,0.0,0.00049918,pretrain_full_gpu0_resume_20260905.log,14400,264651,2.361763999999992
1,2,14420,264651,2.4245,2.4245,0.0,0.00049918,pretrain_full_gpu0_resume_20260905.log,14420,264651,2.3595119999999916
1,2,14440,264651,2.2195,2.2195,0.0,0.00049917,pretrain_full_gpu0_resume_20260905.log,14440,264651,2.3416759999999917
1,2,14460,264651,2.3248,2.3248,0.0,0.00049917,pretrain_full_gpu0_resume_20260905.log,14460,264651,2.3399319999999917
1,2,14480,264651,2.2029,2.2029,0.0,0.00049917,pretrain_full_gpu0_resume_20260905.log,14480,264651,2.3326079999999916
1,2,14500,264651,2.3604,2.3604,0.0,0.00049917,pretrain_full_gpu0_resume_20260905.log,14500,264651,2.3280359999999916
1,2,14520,264651,2.3934,2.3934,0.0,0.00049916,pretrain_full_gpu0_resume_20260905.log,14520,264651,2.3301239999999916
1,2,14540,264651,2.3275,2.3275,0.0,0.00049916,pretrain_full_gpu0_resume_20260905.log,14540,264651,2.3328599999999913
1,2,14560,264651,2.4349,2.4349,0.0,0.00049916,pretrain_full_gpu0_resume_20260905.log,14560,264651,2.334591999999992
1,2,14580,264651,2.5043,2.5043,0.0,0.00049916,pretrain_full_gpu0_resume_20260905.log,14580,264651,2.3368679999999915
1,2,14600,264651,2.3214,2.3214,0.0,0.00049916,pretrain_full_gpu0_resume_20260905.log,14600,264651,2.3266159999999916
1,2,14620,264651,2.2948,2.2948,0.0,0.00049915,pretrain_full_gpu0_resume_20260905.log,14620,264651,2.3280119999999913
1,2,14640,264651,2.433,2.433,0.0,0.00049915,pretrain_full_gpu0_resume_20260905.log,14640,264651,2.3307319999999914
1,2,14660,264651,2.1122,2.1122,0.0,0.00049915,pretrain_full_gpu0_resume_20260905.log,14660,264651,2.3188679999999913
1,2,14680,264651,2.1936,2.1936,0.0,0.00049915,pretrain_full_gpu0_resume_20260905.log,14680,264651,2.3154039999999916
1,2,14700,264651,2.6793,2.6793,0.0,0.00049914,pretrain_full_gpu0_resume_20260905.log,14700,264651,2.3332999999999915
1,2,14720,264651,2.4415,2.4415,0.0,0.00049914,pretrain_full_gpu0_resume_20260905.log,14720,264651,2.335691999999991
1,2,14740,264651,2.3494,2.3494,0.0,0.00049914,pretrain_full_gpu0_resume_20260905.log,14740,264651,2.3428879999999914
1,2,14760,264651,2.2512,2.2512,0.0,0.00049914,pretrain_full_gpu0_resume_20260905.log,14760,264651,2.3457079999999912
1,2,14780,264651,2.4152,2.4152,0.0,0.00049913,pretrain_full_gpu0_resume_20260905.log,14780,264651,2.352955999999991
1,2,14800,264651,2.4207,2.4207,0.0,0.00049913,pretrain_full_gpu0_resume_20260905.log,14800,264651,2.346451999999991
1,2,14820,264651,2.5854,2.5854,0.0,0.00049913,pretrain_full_gpu0_resume_20260905.log,14820,264651,2.3579279999999914
1,2,14840,264651,2.2499,2.2499,0.0,0.00049913,pretrain_full_gpu0_resume_20260905.log,14840,264651,2.350947999999991
1,2,14860,264651,2.5255,2.5255,0.0,0.00049913,pretrain_full_gpu0_resume_20260905.log,14860,264651,2.358551999999991
1,2,14880,264651,2.1859,2.1859,0.0,0.00049912,pretrain_full_gpu0_resume_20260905.log,14880,264651,2.3541319999999915
1,2,14900,264651,2.528,2.528,0.0,0.00049912,pretrain_full_gpu0_resume_20260905.log,14900,264651,2.367167999999991
1,2,14920,264651,2.2801,2.2801,0.0,0.00049912,pretrain_full_gpu0_resume_20260905.log,14920,264651,2.361391999999991
1,2,14940,264651,2.3975,2.3975,0.0,0.00049912,pretrain_full_gpu0_resume_20260905.log,14940,264651,2.368511999999991
1,2,14960,264651,2.5061,2.5061,0.0,0.00049911,pretrain_full_gpu0_resume_20260905.log,14960,264651,2.375763999999991
1,2,14980,264651,2.3125,2.3125,0.0,0.00049911,pretrain_full_gpu0_resume_20260905.log,14980,264651,2.380147999999991
1,2,15000,264651,2.4119,2.4119,0.0,0.00049911,pretrain_full_gpu0_resume_20260905.log,15000,264651,2.382207999999991
1,2,15020,264651,2.474,2.474,0.0,0.00049911,pretrain_full_gpu0_resume_20260905.log,15020,264651,2.385431999999991
1,2,15040,264651,2.2813,2.2813,0.0,0.0004991,pretrain_full_gpu0_resume_20260905.log,15040,264651,2.383583999999991
1,2,15060,264651,2.488,2.488,0.0,0.0004991,pretrain_full_gpu0_resume_20260905.log,15060,264651,2.3857079999999913
1,2,15080,264651,2.4151,2.4151,0.0,0.0004991,pretrain_full_gpu0_resume_20260905.log,15080,264651,2.3821399999999913
1,2,15100,264651,2.3543,2.3543,0.0,0.0004991,pretrain_full_gpu0_resume_20260905.log,15100,264651,2.3834559999999914
1,2,15120,264651,2.2241,2.2241,0.0,0.00049909,pretrain_full_gpu0_resume_20260905.log,15120,264651,2.3806279999999913
1,2,15140,264651,2.1133,2.1133,0.0,0.00049909,pretrain_full_gpu0_resume_20260905.log,15140,264651,2.3678399999999913
1,2,15160,264651,2.3896,2.3896,0.0,0.00049909,pretrain_full_gpu0_resume_20260905.log,15160,264651,2.3789359999999915
1,2,15180,264651,2.414,2.414,0.0,0.00049909,pretrain_full_gpu0_resume_20260905.log,15180,264651,2.3877519999999914
1,2,15200,264651,2.3605,2.3605,0.0,0.00049908,pretrain_full_gpu0_resume_20260905.log,15200,264651,2.3749999999999916
1,2,15220,264651,2.1992,2.1992,0.0,0.00049908,pretrain_full_gpu0_resume_20260905.log,15220,264651,2.3653079999999913
1,2,15240,264651,2.506,2.506,0.0,0.00049908,pretrain_full_gpu0_resume_20260905.log,15240,264651,2.3715719999999916
1,2,15260,264651,2.3345,2.3345,0.0,0.00049908,pretrain_full_gpu0_resume_20260905.log,15260,264651,2.3749039999999915
1,2,15280,264651,2.5311,2.5311,0.0,0.00049908,pretrain_full_gpu0_resume_20260905.log,15280,264651,2.3795399999999916
1,2,15300,264651,2.4338,2.4338,0.0,0.00049907,pretrain_full_gpu0_resume_20260905.log,15300,264651,2.3800639999999915
1,2,15320,264651,2.3174,2.3174,0.0,0.00049907,pretrain_full_gpu0_resume_20260905.log,15320,264651,2.3693439999999915
1,2,15340,264651,2.2451,2.2451,0.0,0.00049907,pretrain_full_gpu0_resume_20260905.log,15340,264651,2.3691519999999913
1,2,15360,264651,2.329,2.329,0.0,0.00049907,pretrain_full_gpu0_resume_20260905.log,15360,264651,2.3612919999999913
1,2,15380,264651,2.4804,2.4804,0.0,0.00049906,pretrain_full_gpu0_resume_20260905.log,15380,264651,2.3730719999999916
1,2,15400,264651,2.1865,2.1865,0.0,0.00049906,pretrain_full_gpu0_resume_20260905.log,15400,264651,2.359411999999992
1,2,15420,264651,2.4318,2.4318,0.0,0.00049906,pretrain_full_gpu0_resume_20260905.log,15420,264651,2.3654799999999923
1,2,15440,264651,2.3832,2.3832,0.0,0.00049906,pretrain_full_gpu0_resume_20260905.log,15440,264651,2.3649079999999922
1,2,15460,264651,2.5712,2.5712,0.0,0.00049905,pretrain_full_gpu0_resume_20260905.log,15460,264651,2.367511999999992
1,2,15480,264651,2.2843,2.2843,0.0,0.00049905,pretrain_full_gpu0_resume_20260905.log,15480,264651,2.366383999999992
1,2,15500,264651,2.2427,2.2427,0.0,0.00049905,pretrain_full_gpu0_resume_20260905.log,15500,264651,2.359615999999992
1,2,15520,264651,2.364,2.364,0.0,0.00049905,pretrain_full_gpu0_resume_20260905.log,15520,264651,2.355215999999992
1,2,15540,264651,2.0619,2.0619,0.0,0.00049904,pretrain_full_gpu0_resume_20260905.log,15540,264651,2.346439999999992
1,2,15560,264651,2.2962,2.2962,0.0,0.00049904,pretrain_full_gpu0_resume_20260905.log,15560,264651,2.338767999999992
1,2,15580,264651,2.2572,2.2572,0.0,0.00049904,pretrain_full_gpu0_resume_20260905.log,15580,264651,2.3324519999999915
1,2,15600,264651,2.3422,2.3422,0.0,0.00049904,pretrain_full_gpu0_resume_20260905.log,15600,264651,2.3319679999999914
1,2,15620,264651,2.3007,2.3007,0.0,0.00049903,pretrain_full_gpu0_resume_20260905.log,15620,264651,2.3350319999999916
1,2,15640,264651,2.1782,2.1782,0.0,0.00049903,pretrain_full_gpu0_resume_20260905.log,15640,264651,2.337627999999991
1,2,15660,264651,1.9453,1.9453,0.0,0.00049903,pretrain_full_gpu0_resume_20260905.log,15660,264651,2.3198559999999913
1,2,15680,264651,2.1133,2.1133,0.0,0.00049903,pretrain_full_gpu0_resume_20260905.log,15680,264651,2.3078279999999913
1,2,15700,264651,2.351,2.351,0.0,0.00049902,pretrain_full_gpu0_resume_20260905.log,15700,264651,2.307447999999991
1,2,15720,264651,2.4733,2.4733,0.0,0.00049902,pretrain_full_gpu0_resume_20260905.log,15720,264651,2.3184119999999915
1,2,15740,264651,2.3911,2.3911,0.0,0.00049902,pretrain_full_gpu0_resume_20260905.log,15740,264651,2.313815999999991
1,2,15760,264651,2.173,2.173,0.0,0.00049902,pretrain_full_gpu0_resume_20260905.log,15760,264651,2.3073559999999915
1,2,15780,264651,2.3614,2.3614,0.0,0.00049901,pretrain_full_gpu0_resume_20260905.log,15780,264651,2.3005679999999917
1,2,15800,264651,2.6315,2.6315,0.0,0.00049901,pretrain_full_gpu0_resume_20260905.log,15800,264651,2.3084759999999918
1,2,15820,264651,2.2641,2.2641,0.0,0.00049901,pretrain_full_gpu0_resume_20260905.log,15820,264651,2.3063439999999917
1,2,15840,264651,2.3623,2.3623,0.0,0.00049901,pretrain_full_gpu0_resume_20260905.log,15840,264651,2.3110319999999915
1,2,15860,264651,2.3464,2.3464,0.0,0.000499,pretrain_full_gpu0_resume_20260905.log,15860,264651,2.3117279999999916
1,2,15880,264651,2.3839,2.3839,0.0,0.000499,pretrain_full_gpu0_resume_20260905.log,15880,264651,2.3078679999999916
1,2,15900,264651,2.2036,2.2036,0.0,0.000499,pretrain_full_gpu0_resume_20260905.log,15900,264651,2.3085519999999913
1,2,15920,264651,2.3005,2.3005,0.0,0.000499,pretrain_full_gpu0_resume_20260905.log,15920,264651,2.3032999999999912
1,2,15940,264651,2.1871,2.1871,0.0,0.00049899,pretrain_full_gpu0_resume_20260905.log,15940,264651,2.2954559999999913
1,2,15960,264651,2.1873,2.1873,0.0,0.00049899,pretrain_full_gpu0_resume_20260905.log,15960,264651,2.2800999999999916
1,2,15980,264651,2.3802,2.3802,0.0,0.00049899,pretrain_full_gpu0_resume_20260905.log,15980,264651,2.2839359999999913
1,2,16000,264651,2.2394,2.2394,0.0,0.00049899,pretrain_full_gpu0_resume_20260905.log,16000,264651,2.2838039999999915
1,2,16020,264651,2.6339,2.6339,0.0,0.00049898,pretrain_full_gpu0_resume_20260905.log,16020,264651,2.2945999999999915
1,2,16040,264651,2.3013,2.3013,0.0,0.00049898,pretrain_full_gpu0_resume_20260905.log,16040,264651,2.3041759999999916
1,2,16060,264651,2.3434,2.3434,0.0,0.00049898,pretrain_full_gpu0_resume_20260905.log,16060,264651,2.3060639999999917
1,2,16080,264651,2.2798,2.2798,0.0,0.00049898,pretrain_full_gpu0_resume_20260905.log,16080,264651,2.306967999999992
1,2,16100,264651,2.3794,2.3794,0.0,0.00049897,pretrain_full_gpu0_resume_20260905.log,16100,264651,2.3084559999999916
1,2,16120,264651,2.2788,2.2788,0.0,0.00049897,pretrain_full_gpu0_resume_20260905.log,16120,264651,2.3075799999999917
1,2,16140,264651,2.3507,2.3507,0.0,0.00049897,pretrain_full_gpu0_resume_20260905.log,16140,264651,2.3144799999999917
1,2,16160,264651,2.4172,2.4172,0.0,0.00049897,pretrain_full_gpu0_resume_20260905.log,16160,264651,2.3333559999999913
1,2,16180,264651,2.3848,2.3848,0.0,0.00049896,pretrain_full_gpu0_resume_20260905.log,16180,264651,2.3442159999999914
1,2,16200,264651,2.1979,2.1979,0.0,0.00049896,pretrain_full_gpu0_resume_20260905.log,16200,264651,2.338091999999991
1,2,16220,264651,2.4682,2.4682,0.0,0.00049896,pretrain_full_gpu0_resume_20260905.log,16220,264651,2.337887999999991
1,2,16240,264651,2.3374,2.3374,0.0,0.00049896,pretrain_full_gpu0_resume_20260905.log,16240,264651,2.3357399999999915
1,2,16260,264651,2.1969,2.1969,0.0,0.00049895,pretrain_full_gpu0_resume_20260905.log,16260,264651,2.336695999999991
1,2,16280,264651,2.2405,2.2405,0.0,0.00049895,pretrain_full_gpu0_resume_20260905.log,16280,264651,2.331859999999991
1,2,16300,264651,2.3513,2.3513,0.0,0.00049895,pretrain_full_gpu0_resume_20260905.log,16300,264651,2.320651999999991
1,2,16320,264651,2.3169,2.3169,0.0,0.00049895,pretrain_full_gpu0_resume_20260905.log,16320,264651,2.322763999999991
1,2,16340,264651,2.2437,2.2437,0.0,0.00049894,pretrain_full_gpu0_resume_20260905.log,16340,264651,2.318019999999991
1,2,16360,264651,2.2937,2.2937,0.0,0.00049894,pretrain_full_gpu0_resume_20260905.log,16360,264651,2.3159119999999906
1,2,16380,264651,2.5247,2.5247,0.0,0.00049894,pretrain_full_gpu0_resume_20260905.log,16380,264651,2.321543999999991
1,2,16400,264651,2.3305,2.3305,0.0,0.00049893,pretrain_full_gpu0_resume_20260905.log,16400,264651,2.326619999999991
1,2,16420,264651,2.3497,2.3497,0.0,0.00049893,pretrain_full_gpu0_resume_20260905.log,16420,264651,2.328587999999991
1,2,16440,264651,2.3709,2.3709,0.0,0.00049893,pretrain_full_gpu0_resume_20260905.log,16440,264651,2.335939999999991
1,2,16460,264651,2.0466,2.0466,0.0,0.00049893,pretrain_full_gpu0_resume_20260905.log,16460,264651,2.330311999999991
1,2,16480,264651,2.252,2.252,0.0,0.00049892,pretrain_full_gpu0_resume_20260905.log,16480,264651,2.325183999999991
1,2,16500,264651,2.2478,2.2478,0.0,0.00049892,pretrain_full_gpu0_resume_20260905.log,16500,264651,2.3255199999999907
1,2,16520,264651,2.2274,2.2274,0.0,0.00049892,pretrain_full_gpu0_resume_20260905.log,16520,264651,2.3092599999999908
1,2,16540,264651,2.2913,2.2913,0.0,0.00049892,pretrain_full_gpu0_resume_20260905.log,16540,264651,2.308859999999991
1,2,16560,264651,2.3601,2.3601,0.0,0.00049891,pretrain_full_gpu0_resume_20260905.log,16560,264651,2.309527999999991
1,2,16580,264651,2.3159,2.3159,0.0,0.00049891,pretrain_full_gpu0_resume_20260905.log,16580,264651,2.3109719999999907
1,2,16600,264651,2.368,2.368,0.0,0.00049891,pretrain_full_gpu0_resume_20260905.log,16600,264651,2.310515999999991
1,2,16620,264651,2.2978,2.2978,0.0,0.00049891,pretrain_full_gpu0_resume_20260905.log,16620,264651,2.311275999999991
1,2,16640,264651,2.2224,2.2224,0.0,0.0004989,pretrain_full_gpu0_resume_20260905.log,16640,264651,2.3061439999999913
1,2,16660,264651,2.2231,2.2231,0.0,0.0004989,pretrain_full_gpu0_resume_20260905.log,16660,264651,2.2983799999999914
1,2,16680,264651,2.3106,2.3106,0.0,0.0004989,pretrain_full_gpu0_resume_20260905.log,16680,264651,2.2954119999999913
1,2,16700,264651,2.2601,2.2601,0.0,0.0004989,pretrain_full_gpu0_resume_20260905.log,16700,264651,2.297899999999992
1,2,16720,264651,2.2875,2.2875,0.0,0.00049889,pretrain_full_gpu0_resume_20260905.log,16720,264651,2.290671999999992
1,2,16740,264651,2.4231,2.4231,0.0,0.00049889,pretrain_full_gpu0_resume_20260905.log,16740,264651,2.2940999999999914
1,2,16760,264651,2.2586,2.2586,0.0,0.00049889,pretrain_full_gpu0_resume_20260905.log,16760,264651,2.2965679999999917
1,2,16780,264651,2.185,2.185,0.0,0.00049889,pretrain_full_gpu0_resume_20260905.log,16780,264651,2.294347999999992
1,2,16800,264651,2.3998,2.3998,0.0,0.00049888,pretrain_full_gpu0_resume_20260905.log,16800,264651,2.2962879999999917
1,2,16820,264651,2.1895,2.1895,0.0,0.00049888,pretrain_full_gpu0_resume_20260905.log,16820,264651,2.2911919999999917
1,2,16840,264651,2.2323,2.2323,0.0,0.00049888,pretrain_full_gpu0_resume_20260905.log,16840,264651,2.290735999999992
1,2,16860,264651,2.2708,2.2708,0.0,0.00049887,pretrain_full_gpu0_resume_20260905.log,16860,264651,2.289819999999992
1,2,16880,264651,2.3436,2.3436,0.0,0.00049887,pretrain_full_gpu0_resume_20260905.log,16880,264651,2.282575999999992
1,2,16900,264651,2.2155,2.2155,0.0,0.00049887,pretrain_full_gpu0_resume_20260905.log,16900,264651,2.277975999999992
1,2,16920,264651,2.1425,2.1425,0.0,0.00049887,pretrain_full_gpu0_resume_20260905.log,16920,264651,2.269687999999992
1,2,16940,264651,2.2426,2.2426,0.0,0.00049886,pretrain_full_gpu0_resume_20260905.log,16940,264651,2.2645559999999922
1,2,16960,264651,2.3254,2.3254,0.0,0.00049886,pretrain_full_gpu0_resume_20260905.log,16960,264651,2.2757079999999923
1,2,16980,264651,2.2097,2.2097,0.0,0.00049886,pretrain_full_gpu0_resume_20260905.log,16980,264651,2.274015999999992
1,2,17000,264651,2.3425,2.3425,0.0,0.00049886,pretrain_full_gpu0_resume_20260905.log,17000,264651,2.277803999999992
1,2,17020,264651,2.2922,2.2922,0.0,0.00049885,pretrain_full_gpu0_resume_20260905.log,17020,264651,2.280395999999992
1,2,17040,264651,2.252,2.252,0.0,0.00049885,pretrain_full_gpu0_resume_20260905.log,17040,264651,2.278823999999992
1,2,17060,264651,2.2382,2.2382,0.0,0.00049885,pretrain_full_gpu0_resume_20260905.log,17060,264651,2.273947999999992
1,2,17080,264651,2.1158,2.1158,0.0,0.00049884,pretrain_full_gpu0_resume_20260905.log,17080,264651,2.265943999999992
1,2,17100,264651,2.1979,2.1979,0.0,0.00049884,pretrain_full_gpu0_resume_20260905.log,17100,264651,2.259139999999992
1,2,17120,264651,2.3857,2.3857,0.0,0.00049884,pretrain_full_gpu0_resume_20260905.log,17120,264651,2.262655999999992
1,2,17140,264651,2.1855,2.1855,0.0,0.00049884,pretrain_full_gpu0_resume_20260905.log,17140,264651,2.2611799999999915
1,2,17160,264651,2.4151,2.4151,0.0,0.00049883,pretrain_full_gpu0_resume_20260905.log,17160,264651,2.2688599999999917
1,2,17180,264651,2.2255,2.2255,0.0,0.00049883,pretrain_full_gpu0_resume_20260905.log,17180,264651,2.2654559999999915
1,2,17200,264651,2.4252,2.4252,0.0,0.00049883,pretrain_full_gpu0_resume_20260905.log,17200,264651,2.2720599999999913
1,2,17220,264651,2.3993,2.3993,0.0,0.00049883,pretrain_full_gpu0_resume_20260905.log,17220,264651,2.2765319999999916
1,2,17240,264651,2.1876,2.1876,0.0,0.00049882,pretrain_full_gpu0_resume_20260905.log,17240,264651,2.2671119999999916
1,2,17260,264651,2.3323,2.3323,0.0,0.00049882,pretrain_full_gpu0_resume_20260905.log,17260,264651,2.270059999999992
1,2,17280,264651,2.1996,2.1996,0.0,0.00049882,pretrain_full_gpu0_resume_20260905.log,17280,264651,2.270643999999992
1,2,17300,264651,2.1671,2.1671,0.0,0.00049881,pretrain_full_gpu0_resume_20260905.log,17300,264651,2.2613359999999916
1,2,17320,264651,2.2169,2.2169,0.0,0.00049881,pretrain_full_gpu0_resume_20260905.log,17320,264651,2.2624319999999916
1,2,17340,264651,2.277,2.277,0.0,0.00049881,pretrain_full_gpu0_resume_20260905.log,17340,264651,2.264219999999992
1,2,17360,264651,2.3505,2.3505,0.0,0.00049881,pretrain_full_gpu0_resume_20260905.log,17360,264651,2.2674079999999917
1,2,17380,264651,2.2385,2.2385,0.0,0.0004988,pretrain_full_gpu0_resume_20260905.log,17380,264651,2.2632039999999916
1,2,17400,264651,2.2283,2.2283,0.0,0.0004988,pretrain_full_gpu0_resume_20260905.log,17400,264651,2.2637159999999916
1,2,17420,264651,2.2943,2.2943,0.0,0.0004988,pretrain_full_gpu0_resume_20260905.log,17420,264651,2.2697879999999917
1,2,17440,264651,2.1258,2.1258,0.0,0.0004988,pretrain_full_gpu0_resume_20260905.log,17440,264651,2.2651159999999915
1,2,17460,264651,2.2857,2.2857,0.0,0.00049879,pretrain_full_gpu0_resume_20260905.log,17460,264651,2.263527999999991
1,2,17480,264651,2.3052,2.3052,0.0,0.00049879,pretrain_full_gpu0_resume_20260905.log,17480,264651,2.2673479999999913
1,2,17500,264651,2.3744,2.3744,0.0,0.00049879,pretrain_full_gpu0_resume_20260905.log,17500,264651,2.268623999999991
1,2,17520,264651,2.2125,2.2125,0.0,0.00049878,pretrain_full_gpu0_resume_20260905.log,17520,264651,2.2654359999999913
1,2,17540,264651,2.2797,2.2797,0.0,0.00049878,pretrain_full_gpu0_resume_20260905.log,17540,264651,2.266543999999991
1,2,17560,264651,2.4213,2.4213,0.0,0.00049878,pretrain_full_gpu0_resume_20260905.log,17560,264651,2.2738679999999913
1,2,17580,264651,2.3585,2.3585,0.0,0.00049878,pretrain_full_gpu0_resume_20260905.log,17580,264651,2.283575999999991
1,2,17600,264651,2.3642,2.3642,0.0,0.00049877,pretrain_full_gpu0_resume_20260905.log,17600,264651,2.290227999999991
1,2,17620,264651,2.1561,2.1561,0.0,0.00049877,pretrain_full_gpu0_resume_20260905.log,17620,264651,2.281043999999991
1,2,17640,264651,2.4583,2.4583,0.0,0.00049877,pretrain_full_gpu0_resume_20260905.log,17640,264651,2.2919559999999914
1,2,17660,264651,2.1921,2.1921,0.0,0.00049877,pretrain_full_gpu0_resume_20260905.log,17660,264651,2.283035999999991
1,2,17680,264651,2.1335,2.1335,0.0,0.00049876,pretrain_full_gpu0_resume_20260905.log,17680,264651,2.2793559999999915
1,2,17700,264651,2.5131,2.5131,0.0,0.00049876,pretrain_full_gpu0_resume_20260905.log,17700,264651,2.282871999999992
1,2,17720,264651,2.3287,2.3287,0.0,0.00049876,pretrain_full_gpu0_resume_20260905.log,17720,264651,2.2800479999999914
1,2,17740,264651,2.4192,2.4192,0.0,0.00049875,pretrain_full_gpu0_resume_20260905.log,17740,264651,2.2893119999999914
1,2,17760,264651,2.2147,2.2147,0.0,0.00049875,pretrain_full_gpu0_resume_20260905.log,17760,264651,2.2846079999999915
1,2,17780,264651,2.3992,2.3992,0.0,0.00049875,pretrain_full_gpu0_resume_20260905.log,17780,264651,2.2925919999999915
1,2,17800,264651,2.3063,2.3063,0.0,0.00049875,pretrain_full_gpu0_resume_20260905.log,17800,264651,2.2981599999999918
1,2,17820,264651,2.28,2.28,0.0,0.00049874,pretrain_full_gpu0_resume_20260905.log,17820,264651,2.3006839999999915
1,2,17840,264651,2.4633,2.4633,0.0,0.00049874,pretrain_full_gpu0_resume_20260905.log,17840,264651,2.3081359999999917
1,2,17860,264651,2.3468,2.3468,0.0,0.00049874,pretrain_full_gpu0_resume_20260905.log,17860,264651,2.307987999999992
1,2,17880,264651,2.5801,2.5801,0.0,0.00049873,pretrain_full_gpu0_resume_20260905.log,17880,264651,2.321651999999992
1,2,17900,264651,2.2869,2.2869,0.0,0.00049873,pretrain_full_gpu0_resume_20260905.log,17900,264651,2.323995999999992
1,2,17920,264651,2.3144,2.3144,0.0,0.00049873,pretrain_full_gpu0_resume_20260905.log,17920,264651,2.3247999999999918
1,2,17940,264651,2.3091,2.3091,0.0,0.00049873,pretrain_full_gpu0_resume_20260905.log,17940,264651,2.332131999999992
1,2,17960,264651,2.18,2.18,0.0,0.00049872,pretrain_full_gpu0_resume_20260905.log,17960,264651,2.327903999999992
1,2,17980,264651,2.375,2.375,0.0,0.00049872,pretrain_full_gpu0_resume_20260905.log,17980,264651,2.330695999999992
1,2,18000,264651,2.2153,2.2153,0.0,0.00049872,pretrain_full_gpu0_resume_20260905.log,18000,264651,2.324331999999992
1,2,18020,264651,2.2566,2.2566,0.0,0.00049871,pretrain_full_gpu0_resume_20260905.log,18020,264651,2.326095999999992
1,2,18040,264651,2.4257,2.4257,0.0,0.00049871,pretrain_full_gpu0_resume_20260905.log,18040,264651,2.3319359999999922
1,2,18060,264651,2.3206,2.3206,0.0,0.00049871,pretrain_full_gpu0_resume_20260905.log,18060,264651,2.327907999999992
1,2,18080,264651,2.1263,2.1263,0.0,0.00049871,pretrain_full_gpu0_resume_20260905.log,18080,264651,2.318619999999992
1,2,18100,264651,2.4212,2.4212,0.0,0.0004987,pretrain_full_gpu0_resume_20260905.log,18100,264651,2.320899999999992
1,2,18120,264651,2.1914,2.1914,0.0,0.0004987,pretrain_full_gpu0_resume_20260905.log,18120,264651,2.322311999999992
1,2,18140,264651,2.3513,2.3513,0.0,0.0004987,pretrain_full_gpu0_resume_20260905.log,18140,264651,2.318031999999992
1,2,18160,264651,2.2366,2.2366,0.0,0.00049869,pretrain_full_gpu0_resume_20260905.log,18160,264651,2.319811999999992
1,2,18180,264651,2.4038,2.4038,0.0,0.00049869,pretrain_full_gpu0_resume_20260905.log,18180,264651,2.330623999999992
1,2,18200,264651,2.2724,2.2724,0.0,0.00049869,pretrain_full_gpu0_resume_20260905.log,18200,264651,2.320995999999992
1,2,18220,264651,2.3339,2.3339,0.0,0.00049869,pretrain_full_gpu0_resume_20260905.log,18220,264651,2.321203999999992
1,2,18240,264651,2.1367,2.1367,0.0,0.00049868,pretrain_full_gpu0_resume_20260905.log,18240,264651,2.3099039999999915
1,2,18260,264651,2.1668,2.1668,0.0,0.00049868,pretrain_full_gpu0_resume_20260905.log,18260,264651,2.307987999999992
1,2,18280,264651,2.2698,2.2698,0.0,0.00049868,pretrain_full_gpu0_resume_20260905.log,18280,264651,2.302811999999992
1,2,18300,264651,2.1723,2.1723,0.0,0.00049867,pretrain_full_gpu0_resume_20260905.log,18300,264651,2.297451999999992
1,2,18320,264651,2.2272,2.2272,0.0,0.00049867,pretrain_full_gpu0_resume_20260905.log,18320,264651,2.295339999999992
1,2,18340,264651,2.5063,2.5063,0.0,0.00049867,pretrain_full_gpu0_resume_20260905.log,18340,264651,2.297059999999992
1,2,18360,264651,2.2222,2.2222,0.0,0.00049867,pretrain_full_gpu0_resume_20260905.log,18360,264651,2.2920759999999922
1,2,18380,264651,2.1728,2.1728,0.0,0.00049866,pretrain_full_gpu0_resume_20260905.log,18380,264651,2.2757839999999923
1,2,18400,264651,2.3452,2.3452,0.0,0.00049866,pretrain_full_gpu0_resume_20260905.log,18400,264651,2.278115999999992
1,2,18420,264651,2.3103,2.3103,0.0,0.00049866,pretrain_full_gpu0_resume_20260905.log,18420,264651,2.277951999999992
1,2,18440,264651,2.2288,2.2288,0.0,0.00049865,pretrain_full_gpu0_resume_20260905.log,18440,264651,2.274739999999992
1,2,18460,264651,2.2266,2.2266,0.0,0.00049865,pretrain_full_gpu0_resume_20260905.log,18460,264651,2.276603999999992
1,2,18480,264651,2.2492,2.2492,0.0,0.00049865,pretrain_full_gpu0_resume_20260905.log,18480,264651,2.271571999999992
1,2,18500,264651,2.1078,2.1078,0.0,0.00049864,pretrain_full_gpu0_resume_20260905.log,18500,264651,2.2672719999999917
1,2,18520,264651,2.3069,2.3069,0.0,0.00049864,pretrain_full_gpu0_resume_20260905.log,18520,264651,2.269283999999992
1,2,18540,264651,2.3502,2.3502,0.0,0.00049864,pretrain_full_gpu0_resume_20260905.log,18540,264651,2.266263999999992
1,2,18560,264651,2.2383,2.2383,0.0,0.00049864,pretrain_full_gpu0_resume_20260905.log,18560,264651,2.262971999999992
1,2,18580,264651,2.2458,2.2458,0.0,0.00049863,pretrain_full_gpu0_resume_20260905.log,18580,264651,2.267751999999992
1,2,18600,264651,2.2933,2.2933,0.0,0.00049863,pretrain_full_gpu0_resume_20260905.log,18600,264651,2.262635999999992
1,2,18620,264651,2.3061,2.3061,0.0,0.00049863,pretrain_full_gpu0_resume_20260905.log,18620,264651,2.267223999999992
1,2,18640,264651,2.3957,2.3957,0.0,0.00049862,pretrain_full_gpu0_resume_20260905.log,18640,264651,2.268999999999992
1,2,18660,264651,2.2522,2.2522,0.0,0.00049862,pretrain_full_gpu0_resume_20260905.log,18660,264651,2.269623999999992
1,2,18680,264651,2.2342,2.2342,0.0,0.00049862,pretrain_full_gpu0_resume_20260905.log,18680,264651,2.262839999999992
1,2,18700,264651,2.2146,2.2146,0.0,0.00049862,pretrain_full_gpu0_resume_20260905.log,18700,264651,2.2605279999999923
1,2,18720,264651,2.379,2.379,0.0,0.00049861,pretrain_full_gpu0_resume_20260905.log,18720,264651,2.2623319999999922
1,2,18740,264651,2.2377,2.2377,0.0,0.00049861,pretrain_full_gpu0_resume_20260905.log,18740,264651,2.266371999999992
1,2,18760,264651,2.0493,2.0493,0.0,0.00049861,pretrain_full_gpu0_resume_20260905.log,18760,264651,2.261671999999992
1,2,18780,264651,2.1227,2.1227,0.0,0.0004986,pretrain_full_gpu0_resume_20260905.log,18780,264651,2.255787999999992
1,2,18800,264651,2.2928,2.2928,0.0,0.0004986,pretrain_full_gpu0_resume_20260905.log,18800,264651,2.260607999999992
1,2,18820,264651,2.2554,2.2554,0.0,0.0004986,pretrain_full_gpu0_resume_20260905.log,18820,264651,2.2617359999999924
1,2,18840,264651,2.316,2.316,0.0,0.00049859,pretrain_full_gpu0_resume_20260905.log,18840,264651,2.254123999999992
1,2,18860,264651,2.332,2.332,0.0,0.00049859,pretrain_full_gpu0_resume_20260905.log,18860,264651,2.258515999999992
1,2,18880,264651,2.1809,2.1809,0.0,0.00049859,pretrain_full_gpu0_resume_20260905.log,18880,264651,2.258839999999992
1,2,18900,264651,2.1076,2.1076,0.0,0.00049859,pretrain_full_gpu0_resume_20260905.log,18900,264651,2.249335999999992
1,2,18920,264651,2.2786,2.2786,0.0,0.00049858,pretrain_full_gpu0_resume_20260905.log,18920,264651,2.248067999999992
1,2,18940,264651,2.2678,2.2678,0.0,0.00049858,pretrain_full_gpu0_resume_20260905.log,18940,264651,2.2496279999999924
1,2,18960,264651,2.0349,2.0349,0.0,0.00049858,pretrain_full_gpu0_resume_20260905.log,18960,264651,2.241959999999992
1,2,18980,264651,2.2362,2.2362,0.0,0.00049857,pretrain_full_gpu0_resume_20260905.log,18980,264651,2.241439999999992
1,2,19000,264651,2.2847,2.2847,0.0,0.00049857,pretrain_full_gpu0_resume_20260905.log,19000,264651,2.2485159999999924
1,2,19020,264651,2.3541,2.3541,0.0,0.00049857,pretrain_full_gpu0_resume_20260905.log,19020,264651,2.2504039999999925
1,2,19040,264651,2.2951,2.2951,0.0,0.00049856,pretrain_full_gpu0_resume_20260905.log,19040,264651,2.248199999999992
1,2,19060,264651,2.3446,2.3446,0.0,0.00049856,pretrain_full_gpu0_resume_20260905.log,19060,264651,2.2524519999999923
1,2,19080,264651,2.1699,2.1699,0.0,0.00049856,pretrain_full_gpu0_resume_20260905.log,19080,264651,2.249415999999992
1,2,19100,264651,2.4965,2.4965,0.0,0.00049856,pretrain_full_gpu0_resume_20260905.log,19100,264651,2.257543999999992
1,2,19120,264651,2.2034,2.2034,0.0,0.00049855,pretrain_full_gpu0_resume_20260905.log,19120,264651,2.253435999999992
1,2,19140,264651,2.4658,2.4658,0.0,0.00049855,pretrain_full_gpu0_resume_20260905.log,19140,264651,2.256239999999992
1,2,19160,264651,2.1775,2.1775,0.0,0.00049855,pretrain_full_gpu0_resume_20260905.log,19160,264651,2.253251999999992
1,2,19180,264651,2.3349,2.3349,0.0,0.00049854,pretrain_full_gpu0_resume_20260905.log,19180,264651,2.2572799999999917
1,2,19200,264651,2.2859,2.2859,0.0,0.00049854,pretrain_full_gpu0_resume_20260905.log,19200,264651,2.260131999999992
1,2,19220,264651,2.3483,2.3483,0.0,0.00049854,pretrain_full_gpu0_resume_20260905.log,19220,264651,2.2589039999999923
1,2,19240,264651,2.44,2.44,0.0,0.00049853,pretrain_full_gpu0_resume_20260905.log,19240,264651,2.2669959999999922
1,2,19260,264651,2.2504,2.2504,0.0,0.00049853,pretrain_full_gpu0_resume_20260905.log,19260,264651,2.2750399999999917
1,2,19280,264651,2.3225,2.3225,0.0,0.00049853,pretrain_full_gpu0_resume_20260905.log,19280,264651,2.283031999999992
1,2,19300,264651,2.2096,2.2096,0.0,0.00049853,pretrain_full_gpu0_resume_20260905.log,19300,264651,2.2797039999999917
1,2,19320,264651,2.1174,2.1174,0.0,0.00049852,pretrain_full_gpu0_resume_20260905.log,19320,264651,2.274183999999992
1,2,19340,264651,2.2009,2.2009,0.0,0.00049852,pretrain_full_gpu0_resume_20260905.log,19340,264651,2.269579999999992
1,2,19360,264651,2.3296,2.3296,0.0,0.00049852,pretrain_full_gpu0_resume_20260905.log,19360,264651,2.269483999999992
1,2,19380,264651,2.2046,2.2046,0.0,0.00049851,pretrain_full_gpu0_resume_20260905.log,19380,264651,2.2704319999999916
1,2,19400,264651,2.434,2.434,0.0,0.00049851,pretrain_full_gpu0_resume_20260905.log,19400,264651,2.2834879999999917
1,2,19420,264651,2.2633,2.2633,0.0,0.00049851,pretrain_full_gpu0_resume_20260905.log,19420,264651,2.282875999999992
1,2,19440,264651,2.2818,2.2818,0.0,0.0004985,pretrain_full_gpu0_resume_20260905.log,19440,264651,2.2834359999999916
1,2,19460,264651,2.2421,2.2421,0.0,0.0004985,pretrain_full_gpu0_resume_20260905.log,19460,264651,2.2917239999999914
1,2,19480,264651,2.2225,2.2225,0.0,0.0004985,pretrain_full_gpu0_resume_20260905.log,19480,264651,2.2911759999999917
1,2,19500,264651,2.3019,2.3019,0.0,0.00049849,pretrain_full_gpu0_resume_20260905.log,19500,264651,2.291863999999992
1,2,19520,264651,2.104,2.104,0.0,0.00049849,pretrain_full_gpu0_resume_20260905.log,19520,264651,2.281859999999992
1,2,19540,264651,2.3282,2.3282,0.0,0.00049849,pretrain_full_gpu0_resume_20260905.log,19540,264651,2.283183999999992
1,2,19560,264651,2.2268,2.2268,0.0,0.00049849,pretrain_full_gpu0_resume_20260905.log,19560,264651,2.278471999999992
1,2,19580,264651,2.6548,2.6548,0.0,0.00049848,pretrain_full_gpu0_resume_20260905.log,19580,264651,2.2978679999999923
1,2,19600,264651,2.5436,2.5436,0.0,0.00049848,pretrain_full_gpu0_resume_20260905.log,19600,264651,2.2997519999999922
1,2,19620,264651,2.3464,2.3464,0.0,0.00049848,pretrain_full_gpu0_resume_20260905.log,19620,264651,2.305471999999992
1,2,19640,264651,2.2229,2.2229,0.0,0.00049847,pretrain_full_gpu0_resume_20260905.log,19640,264651,2.295755999999992
1,2,19660,264651,2.0061,2.0061,0.0,0.00049847,pretrain_full_gpu0_resume_20260905.log,19660,264651,2.2888999999999924
1,2,19680,264651,2.3171,2.3171,0.0,0.00049847,pretrain_full_gpu0_resume_20260905.log,19680,264651,2.2881879999999923
1,2,19700,264651,2.3599,2.3599,0.0,0.00049846,pretrain_full_gpu0_resume_20260905.log,19700,264651,2.2911479999999926
1,2,19720,264651,2.2339,2.2339,0.0,0.00049846,pretrain_full_gpu0_resume_20260905.log,19720,264651,2.2865719999999925
1,2,19740,264651,2.3704,2.3704,0.0,0.00049846,pretrain_full_gpu0_resume_20260905.log,19740,264651,2.283787999999993
1,2,19760,264651,2.3859,2.3859,0.0,0.00049845,pretrain_full_gpu0_resume_20260905.log,19760,264651,2.289207999999993
1,2,19780,264651,2.1279,2.1279,0.0,0.00049845,pretrain_full_gpu0_resume_20260905.log,19780,264651,2.281423999999993
1,2,19800,264651,2.3067,2.3067,0.0,0.00049845,pretrain_full_gpu0_resume_20260905.log,19800,264651,2.2853079999999926
1,2,19820,264651,2.0783,2.0783,0.0,0.00049844,pretrain_full_gpu0_resume_20260905.log,19820,264651,2.2837439999999924
1,2,19840,264651,2.3399,2.3399,0.0,0.00049844,pretrain_full_gpu0_resume_20260905.log,19840,264651,2.2893039999999925
1,2,19860,264651,2.209,2.209,0.0,0.00049844,pretrain_full_gpu0_resume_20260905.log,19860,264651,2.2844799999999927
1,2,19880,264651,2.2727,2.2727,0.0,0.00049844,pretrain_full_gpu0_resume_20260905.log,19880,264651,2.287203999999993
1,2,19900,264651,2.3719,2.3719,0.0,0.00049843,pretrain_full_gpu0_resume_20260905.log,19900,264651,2.284719999999993
1,2,19920,264651,2.1331,2.1331,0.0,0.00049843,pretrain_full_gpu0_resume_20260905.log,19920,264651,2.279511999999993
1,2,19940,264651,2.2384,2.2384,0.0,0.00049843,pretrain_full_gpu0_resume_20260905.log,19940,264651,2.277775999999993
1,2,19960,264651,2.303,2.303,0.0,0.00049842,pretrain_full_gpu0_resume_20260905.log,19960,264651,2.280211999999993
1,2,19980,264651,2.4627,2.4627,0.0,0.00049842,pretrain_full_gpu0_resume_20260905.log,19980,264651,2.289819999999993
1,2,20000,264651,2.2656,2.2656,0.0,0.00049842,pretrain_full_gpu0_resume_20260905.log,20000,264651,2.288367999999993
1,2,20020,264651,2.0013,2.0013,0.0,0.00049841,pretrain_full_gpu0_resume_20260905.log,20020,264651,2.284259999999993
1,2,20040,264651,2.1389,2.1389,0.0,0.00049841,pretrain_full_gpu0_resume_20260905.log,20040,264651,2.276687999999993
1,2,20060,264651,2.2204,2.2204,0.0,0.00049841,pretrain_full_gpu0_resume_20260905.log,20060,264651,2.276431999999993
1,2,20080,264651,2.3255,2.3255,0.0,0.0004984,pretrain_full_gpu0_resume_20260905.log,20080,264651,2.2632599999999927
1,2,20100,264651,2.2297,2.2297,0.0,0.0004984,pretrain_full_gpu0_resume_20260905.log,20100,264651,2.250703999999993
1,2,20120,264651,2.2656,2.2656,0.0,0.0004984,pretrain_full_gpu0_resume_20260905.log,20120,264651,2.247471999999993
1,2,20140,264651,2.3527,2.3527,0.0,0.00049839,pretrain_full_gpu0_resume_20260905.log,20140,264651,2.2526639999999927
1,2,20160,264651,2.4234,2.4234,0.0,0.00049839,pretrain_full_gpu0_resume_20260905.log,20160,264651,2.269355999999993
1,2,20180,264651,2.0271,2.0271,0.0,0.00049839,pretrain_full_gpu0_resume_20260905.log,20180,264651,2.2577559999999925
1,2,20200,264651,2.4216,2.4216,0.0,0.00049838,pretrain_full_gpu0_resume_20260905.log,20200,264651,2.2602239999999925
1,2,20220,264651,2.3174,2.3174,0.0,0.00049838,pretrain_full_gpu0_resume_20260905.log,20220,264651,2.2635639999999926
1,2,20240,264651,2.3914,2.3914,0.0,0.00049838,pretrain_full_gpu0_resume_20260905.log,20240,264651,2.2644039999999923
1,2,20260,264651,2.2549,2.2549,0.0,0.00049838,pretrain_full_gpu0_resume_20260905.log,20260,264651,2.259163999999992
1,2,20280,264651,2.2062,2.2062,0.0,0.00049837,pretrain_full_gpu0_resume_20260905.log,20280,264651,2.2622959999999925
1,2,20300,264651,2.3617,2.3617,0.0,0.00049837,pretrain_full_gpu0_resume_20260905.log,20300,264651,2.2644959999999923
1,2,20320,264651,2.154,2.154,0.0,0.00049837,pretrain_full_gpu0_resume_20260905.log,20320,264651,2.2675239999999923
1,2,20340,264651,2.3271,2.3271,0.0,0.00049836,pretrain_full_gpu0_resume_20260905.log,20340,264651,2.2670119999999923
1,2,20360,264651,2.0476,2.0476,0.0,0.00049836,pretrain_full_gpu0_resume_20260905.log,20360,264651,2.2605559999999922
1,2,20380,264651,2.1136,2.1136,0.0,0.00049836,pretrain_full_gpu0_resume_20260905.log,20380,264651,2.254191999999992
1,2,20400,264651,2.4769,2.4769,0.0,0.00049835,pretrain_full_gpu0_resume_20260905.log,20400,264651,2.258391999999992
1,2,20420,264651,2.119,2.119,0.0,0.00049835,pretrain_full_gpu0_resume_20260905.log,20420,264651,2.257827999999992
1,2,20440,264651,2.2099,2.2099,0.0,0.00049835,pretrain_full_gpu0_resume_20260905.log,20440,264651,2.256687999999992
1,2,20460,264651,2.2413,2.2413,0.0,0.00049834,pretrain_full_gpu0_resume_20260905.log,20460,264651,2.254219999999992
1,2,20480,264651,2.0614,2.0614,0.0,0.00049834,pretrain_full_gpu0_resume_20260905.log,20480,264651,2.2381679999999924
1,2,20500,264651,2.4247,2.4247,0.0,0.00049834,pretrain_full_gpu0_resume_20260905.log,20500,264651,2.2445319999999924
1,2,20520,264651,2.2413,2.2413,0.0,0.00049833,pretrain_full_gpu0_resume_20260905.log,20520,264651,2.2541319999999927
1,2,20540,264651,2.3214,2.3214,0.0,0.00049833,pretrain_full_gpu0_resume_20260905.log,20540,264651,2.2614319999999926
1,2,20560,264651,2.3227,2.3227,0.0,0.00049833,pretrain_full_gpu0_resume_20260905.log,20560,264651,2.2655239999999925
1,2,20580,264651,2.3011,2.3011,0.0,0.00049832,pretrain_full_gpu0_resume_20260905.log,20580,264651,2.2645479999999925
1,2,20600,264651,2.3697,2.3697,0.0,0.00049832,pretrain_full_gpu0_resume_20260905.log,20600,264651,2.2701479999999923
1,2,20620,264651,2.1152,2.1152,0.0,0.00049832,pretrain_full_gpu0_resume_20260905.log,20620,264651,2.2641319999999925
1,2,20640,264651,2.306,2.306,0.0,0.00049831,pretrain_full_gpu0_resume_20260905.log,20640,264651,2.2622639999999925
1,2,20660,264651,2.2166,2.2166,0.0,0.00049831,pretrain_full_gpu0_resume_20260905.log,20660,264651,2.2539919999999922
1,2,20680,264651,2.3441,2.3441,0.0,0.00049831,pretrain_full_gpu0_resume_20260905.log,20680,264651,2.2666719999999922
1,2,20700,264651,2.3145,2.3145,0.0,0.0004983,pretrain_full_gpu0_resume_20260905.log,20700,264651,2.2623879999999925
1,2,20720,264651,2.4385,2.4385,0.0,0.0004983,pretrain_full_gpu0_resume_20260905.log,20720,264651,2.2672319999999924
1,2,20740,264651,2.1782,2.1782,0.0,0.0004983,pretrain_full_gpu0_resume_20260905.log,20740,264651,2.2587039999999927
1,2,20760,264651,2.3362,2.3362,0.0,0.00049829,pretrain_full_gpu0_resume_20260905.log,20760,264651,2.2619559999999925
1,2,20780,264651,2.4,2.4,0.0,0.00049829,pretrain_full_gpu0_resume_20260905.log,20780,264651,2.2697079999999925
1,2,20800,264651,2.1457,2.1457,0.0,0.00049829,pretrain_full_gpu0_resume_20260905.log,20800,264651,2.2610679999999923
1,2,20820,264651,2.1906,2.1906,0.0,0.00049828,pretrain_full_gpu0_resume_20260905.log,20820,264651,2.2625319999999927
1,2,20840,264651,2.4081,2.4081,0.0,0.00049828,pretrain_full_gpu0_resume_20260905.log,20840,264651,2.2657719999999926
1,2,20860,264651,2.2109,2.2109,0.0,0.00049828,pretrain_full_gpu0_resume_20260905.log,20860,264651,2.2723039999999926
1,2,20880,264651,2.1414,2.1414,0.0,0.00049827,pretrain_full_gpu0_resume_20260905.log,20880,264651,2.273415999999992
1,2,20900,264651,2.2257,2.2257,0.0,0.00049827,pretrain_full_gpu0_resume_20260905.log,20900,264651,2.2633679999999923
1,2,20920,264651,2.4266,2.4266,0.0,0.00049827,pretrain_full_gpu0_resume_20260905.log,20920,264651,2.2756719999999926
1,2,20940,264651,2.2125,2.2125,0.0,0.00049826,pretrain_full_gpu0_resume_20260905.log,20940,264651,2.2757759999999925
1,2,20960,264651,2.1843,2.1843,0.0,0.00049826,pretrain_full_gpu0_resume_20260905.log,20960,264651,2.2734959999999926
1,2,20980,264651,2.1093,2.1093,0.0,0.00049826,pretrain_full_gpu0_resume_20260905.log,20980,264651,2.275411999999992
1,2,21000,264651,2.2717,2.2717,0.0,0.00049825,pretrain_full_gpu0_resume_20260905.log,21000,264651,2.2692919999999925
1,2,21020,264651,2.5639,2.5639,0.0,0.00049825,pretrain_full_gpu0_resume_20260905.log,21020,264651,2.2821959999999923
1,2,21040,264651,2.2594,2.2594,0.0,0.00049825,pretrain_full_gpu0_resume_20260905.log,21040,264651,2.279715999999992
1,2,21060,264651,2.2714,2.2714,0.0,0.00049824,pretrain_full_gpu0_resume_20260905.log,21060,264651,2.2776639999999926
1,2,21080,264651,2.1615,2.1615,0.0,0.00049824,pretrain_full_gpu0_resume_20260905.log,21080,264651,2.2720799999999928
1,2,21100,264651,2.3995,2.3995,0.0,0.00049824,pretrain_full_gpu0_resume_20260905.log,21100,264651,2.273271999999993
1,2,21120,264651,2.1336,2.1336,0.0,0.00049823,pretrain_full_gpu0_resume_20260905.log,21120,264651,2.2740079999999927
1,2,21140,264651,2.3352,2.3352,0.0,0.00049823,pretrain_full_gpu0_resume_20260905.log,21140,264651,2.275175999999993
1,2,21160,264651,2.2666,2.2666,0.0,0.00049823,pretrain_full_gpu0_resume_20260905.log,21160,264651,2.2771759999999928
1,2,21180,264651,2.2696,2.2696,0.0,0.00049822,pretrain_full_gpu0_resume_20260905.log,21180,264651,2.274195999999993
1,2,21200,264651,2.3799,2.3799,0.0,0.00049822,pretrain_full_gpu0_resume_20260905.log,21200,264651,2.2768119999999925
1,2,21220,264651,2.2625,2.2625,0.0,0.00049822,pretrain_full_gpu0_resume_20260905.log,21220,264651,2.2697719999999926
1,2,21240,264651,2.0624,2.0624,0.0,0.00049821,pretrain_full_gpu0_resume_20260905.log,21240,264651,2.2651399999999926
1,2,21260,264651,2.331,2.331,0.0,0.00049821,pretrain_full_gpu0_resume_20260905.log,21260,264651,2.264931999999993
1,2,21280,264651,2.1281,2.1281,0.0,0.00049821,pretrain_full_gpu0_resume_20260905.log,21280,264651,2.2540559999999927
1,2,21300,264651,2.0674,2.0674,0.0,0.0004982,pretrain_full_gpu0_resume_20260905.log,21300,264651,2.250923999999993
1,2,21320,264651,2.1606,2.1606,0.0,0.0004982,pretrain_full_gpu0_resume_20260905.log,21320,264651,2.249723999999993
1,2,21340,264651,2.2757,2.2757,0.0,0.0004982,pretrain_full_gpu0_resume_20260905.log,21340,264651,2.2444279999999934
1,2,21360,264651,2.2524,2.2524,0.0,0.00049819,pretrain_full_gpu0_resume_20260905.log,21360,264651,2.246087999999993
1,2,21380,264651,2.2107,2.2107,0.0,0.00049819,pretrain_full_gpu0_resume_20260905.log,21380,264651,2.2488599999999934
1,2,21400,264651,2.1675,2.1675,0.0,0.00049819,pretrain_full_gpu0_resume_20260905.log,21400,264651,2.2465319999999935
1,2,21420,264651,2.2222,2.2222,0.0,0.00049818,pretrain_full_gpu0_resume_20260905.log,21420,264651,2.2383559999999934
1,2,21440,264651,2.4528,2.4528,0.0,0.00049818,pretrain_full_gpu0_resume_20260905.log,21440,264651,2.2479679999999935
1,2,21460,264651,2.2963,2.2963,0.0,0.00049818,pretrain_full_gpu0_resume_20260905.log,21460,264651,2.2524479999999936
1,2,21480,264651,2.2774,2.2774,0.0,0.00049817,pretrain_full_gpu0_resume_20260905.log,21480,264651,2.2591719999999937
1,2,21500,264651,2.1083,2.1083,0.0,0.00049817,pretrain_full_gpu0_resume_20260905.log,21500,264651,2.2526359999999936
1,2,21520,264651,2.2042,2.2042,0.0,0.00049817,pretrain_full_gpu0_resume_20260905.log,21520,264651,2.238247999999994
1,2,21540,264651,2.2144,2.2144,0.0,0.00049816,pretrain_full_gpu0_resume_20260905.log,21540,264651,2.236447999999994
1,2,21560,264651,2.1284,2.1284,0.0,0.00049816,pretrain_full_gpu0_resume_20260905.log,21560,264651,2.230727999999994
1,2,21580,264651,2.0913,2.0913,0.0,0.00049816,pretrain_full_gpu0_resume_20260905.log,21580,264651,2.2279199999999935
1,2,21600,264651,2.3355,2.3355,0.0,0.00049815,pretrain_full_gpu0_resume_20260905.log,21600,264651,2.2253599999999936
1,2,21620,264651,2.1343,2.1343,0.0,0.00049815,pretrain_full_gpu0_resume_20260905.log,21620,264651,2.2253879999999935
1,2,21640,264651,2.2166,2.2166,0.0,0.00049815,pretrain_full_gpu0_resume_20260905.log,21640,264651,2.2206439999999934
1,2,21660,264651,2.2696,2.2696,0.0,0.00049814,pretrain_full_gpu0_resume_20260905.log,21660,264651,2.2207639999999937
1,2,21680,264651,2.409,2.409,0.0,0.00049814,pretrain_full_gpu0_resume_20260905.log,21680,264651,2.2263399999999938
1,2,21700,264651,2.1967,2.1967,0.0,0.00049814,pretrain_full_gpu0_resume_20260905.log,21700,264651,2.2190119999999935
1,2,21720,264651,2.1995,2.1995,0.0,0.00049813,pretrain_full_gpu0_resume_20260905.log,21720,264651,2.2164919999999935
1,2,21740,264651,2.1738,2.1738,0.0,0.00049813,pretrain_full_gpu0_resume_20260905.log,21740,264651,2.2209479999999937
1,2,21760,264651,2.2214,2.2214,0.0,0.00049813,pretrain_full_gpu0_resume_20260905.log,21760,264651,2.2165639999999938
1,2,21780,264651,2.2032,2.2032,0.0,0.00049812,pretrain_full_gpu0_resume_20260905.log,21780,264651,2.2195679999999935
1,2,21800,264651,2.1783,2.1783,0.0,0.00049812,pretrain_full_gpu0_resume_20260905.log,21800,264651,2.2240039999999937
1,2,21820,264651,2.0922,2.0922,0.0,0.00049812,pretrain_full_gpu0_resume_20260905.log,21820,264651,2.2212679999999936
1,2,21840,264651,2.1472,2.1472,0.0,0.00049811,pretrain_full_gpu0_resume_20260905.log,21840,264651,2.216127999999993
1,2,21860,264651,2.1169,2.1169,0.0,0.00049811,pretrain_full_gpu0_resume_20260905.log,21860,264651,2.2107079999999932
1,2,21880,264651,2.1143,2.1143,0.0,0.00049811,pretrain_full_gpu0_resume_20260905.log,21880,264651,2.2068519999999934
1,2,21900,264651,2.4726,2.4726,0.0,0.0004981,pretrain_full_gpu0_resume_20260905.log,21900,264651,2.2190559999999935
1,2,21920,264651,2.224,2.224,0.0,0.0004981,pretrain_full_gpu0_resume_20260905.log,21920,264651,2.2191279999999933
1,2,21940,264651,2.2981,2.2981,0.0,0.00049809,pretrain_full_gpu0_resume_20260905.log,21940,264651,2.212939999999993
1,2,21960,264651,2.3365,2.3365,0.0,0.00049809,pretrain_full_gpu0_resume_20260905.log,21960,264651,2.214547999999993
1,2,21980,264651,2.1874,2.1874,0.0,0.00049809,pretrain_full_gpu0_resume_20260905.log,21980,264651,2.210947999999993
1,2,22000,264651,2.119,2.119,0.0,0.00049808,pretrain_full_gpu0_resume_20260905.log,22000,264651,2.211375999999993
1,2,22020,264651,2.2426,2.2426,0.0,0.00049808,pretrain_full_gpu0_resume_20260905.log,22020,264651,2.212911999999993
1,2,22040,264651,2.1205,2.1205,0.0,0.00049808,pretrain_full_gpu0_resume_20260905.log,22040,264651,2.209155999999993
1,2,22060,264651,2.2016,2.2016,0.0,0.00049807,pretrain_full_gpu0_resume_20260905.log,22060,264651,2.212083999999993
1,2,22080,264651,2.2528,2.2528,0.0,0.00049807,pretrain_full_gpu0_resume_20260905.log,22080,264651,2.218543999999993
1,2,22100,264651,2.2105,2.2105,0.0,0.00049807,pretrain_full_gpu0_resume_20260905.log,22100,264651,2.213543999999993
1,2,22120,264651,2.232,2.232,0.0,0.00049806,pretrain_full_gpu0_resume_20260905.log,22120,264651,2.217451999999993
1,2,22140,264651,2.0632,2.0632,0.0,0.00049806,pretrain_full_gpu0_resume_20260905.log,22140,264651,2.211315999999993
1,2,22160,264651,2.4766,2.4766,0.0,0.00049806,pretrain_full_gpu0_resume_20260905.log,22160,264651,2.219595999999993
1,2,22180,264651,2.1009,2.1009,0.0,0.00049805,pretrain_full_gpu0_resume_20260905.log,22180,264651,2.2072719999999935
1,2,22200,264651,2.1465,2.1465,0.0,0.00049805,pretrain_full_gpu0_resume_20260905.log,22200,264651,2.2052639999999935
1,2,22220,264651,2.2923,2.2923,0.0,0.00049805,pretrain_full_gpu0_resume_20260905.log,22220,264651,2.208975999999993
1,2,22240,264651,2.1771,2.1771,0.0,0.00049804,pretrain_full_gpu0_resume_20260905.log,22240,264651,2.2091079999999934
1,2,22260,264651,2.2746,2.2746,0.0,0.00049804,pretrain_full_gpu0_resume_20260905.log,22260,264651,2.2112359999999933
1,2,22280,264651,2.1174,2.1174,0.0,0.00049804,pretrain_full_gpu0_resume_20260905.log,22280,264651,2.207803999999993
1,2,22300,264651,2.2145,2.2145,0.0,0.00049803,pretrain_full_gpu0_resume_20260905.log,22300,264651,2.2092519999999936
1,2,22320,264651,2.2649,2.2649,0.0,0.00049803,pretrain_full_gpu0_resume_20260905.log,22320,264651,2.2161599999999932
1,2,22340,264651,2.3727,2.3727,0.0,0.00049802,pretrain_full_gpu0_resume_20260905.log,22340,264651,2.2251799999999933
1,2,22360,264651,2.1556,2.1556,0.0,0.00049802,pretrain_full_gpu0_resume_20260905.log,22360,264651,2.2267279999999934
1,2,22380,264651,2.344,2.344,0.0,0.00049802,pretrain_full_gpu0_resume_20260905.log,22380,264651,2.2359159999999934
1,2,22400,264651,2.2556,2.2556,0.0,0.00049801,pretrain_full_gpu0_resume_20260905.log,22400,264651,2.2272359999999933
1,2,22420,264651,2.2194,2.2194,0.0,0.00049801,pretrain_full_gpu0_resume_20260905.log,22420,264651,2.227051999999994
1,2,22440,264651,2.1993,2.1993,0.0,0.00049801,pretrain_full_gpu0_resume_20260905.log,22440,264651,2.223099999999994
1,2,22460,264651,2.1101,2.1101,0.0,0.000498,pretrain_full_gpu0_resume_20260905.log,22460,264651,2.2140439999999937
1,2,22480,264651,2.208,2.208,0.0,0.000498,pretrain_full_gpu0_resume_20260905.log,22480,264651,2.214867999999994
1,2,22500,264651,2.1134,2.1134,0.0,0.000498,pretrain_full_gpu0_resume_20260905.log,22500,264651,2.214643999999994
1,2,22520,264651,2.3193,2.3193,0.0,0.00049799,pretrain_full_gpu0_resume_20260905.log,22520,264651,2.2177119999999935
1,2,22540,264651,2.2887,2.2887,0.0,0.00049799,pretrain_full_gpu0_resume_20260905.log,22540,264651,2.2244399999999938
1,2,22560,264651,2.2207,2.2207,0.0,0.00049799,pretrain_full_gpu0_resume_20260905.log,22560,264651,2.2252039999999935
1,2,22580,264651,2.1967,2.1967,0.0,0.00049798,pretrain_full_gpu0_resume_20260905.log,22580,264651,2.222959999999994
1,2,22600,264651,2.362,2.362,0.0,0.00049798,pretrain_full_gpu0_resume_20260905.log,22600,264651,2.2290199999999936
1,2,22620,264651,2.2434,2.2434,0.0,0.00049798,pretrain_full_gpu0_resume_20260905.log,22620,264651,2.229475999999994
1,2,22640,264651,2.3285,2.3285,0.0,0.00049797,pretrain_full_gpu0_resume_20260905.log,22640,264651,2.2400879999999934
1,2,22660,264651,2.317,2.317,0.0,0.00049797,pretrain_full_gpu0_resume_20260905.log,22660,264651,2.2337039999999937
1,2,22680,264651,2.283,2.283,0.0,0.00049796,pretrain_full_gpu0_resume_20260905.log,22680,264651,2.2409879999999935
1,2,22700,264651,2.0967,2.0967,0.0,0.00049796,pretrain_full_gpu0_resume_20260905.log,22700,264651,2.2389959999999935
1,2,22720,264651,2.2007,2.2007,0.0,0.00049796,pretrain_full_gpu0_resume_20260905.log,22720,264651,2.2353319999999934
1,2,22740,264651,2.2984,2.2984,0.0,0.00049795,pretrain_full_gpu0_resume_20260905.log,22740,264651,2.2401839999999935
1,2,22760,264651,2.3035,2.3035,0.0,0.00049795,pretrain_full_gpu0_resume_20260905.log,22760,264651,2.2413399999999934
1,2,22780,264651,2.396,2.396,0.0,0.00049795,pretrain_full_gpu0_resume_20260905.log,22780,264651,2.2524839999999933
1,2,22800,264651,2.2872,2.2872,0.0,0.00049794,pretrain_full_gpu0_resume_20260905.log,22800,264651,2.255391999999993
1,2,22820,264651,2.3574,2.3574,0.0,0.00049794,pretrain_full_gpu0_resume_20260905.log,22820,264651,2.259091999999993
1,2,22840,264651,2.2849,2.2849,0.0,0.00049794,pretrain_full_gpu0_resume_20260905.log,22840,264651,2.255579999999993
1,2,22860,264651,2.173,2.173,0.0,0.00049793,pretrain_full_gpu0_resume_20260905.log,22860,264651,2.256275999999993
1,2,22880,264651,2.518,2.518,0.0,0.00049793,pretrain_full_gpu0_resume_20260905.log,22880,264651,2.2632359999999934
1,2,22900,264651,2.2862,2.2862,0.0,0.00049792,pretrain_full_gpu0_resume_20260905.log,22900,264651,2.264459999999993
1,2,22920,264651,2.4466,2.4466,0.0,0.00049792,pretrain_full_gpu0_resume_20260905.log,22920,264651,2.273547999999993
1,2,22940,264651,2.3666,2.3666,0.0,0.00049792,pretrain_full_gpu0_resume_20260905.log,22940,264651,2.280239999999993
1,2,22960,264651,2.1954,2.1954,0.0,0.00049791,pretrain_full_gpu0_resume_20260905.log,22960,264651,2.283651999999993
1,2,22980,264651,2.1339,2.1339,0.0,0.00049791,pretrain_full_gpu0_resume_20260905.log,22980,264651,2.2806879999999925
1,2,23000,264651,2.1973,2.1973,0.0,0.00049791,pretrain_full_gpu0_resume_20260905.log,23000,264651,2.2840439999999926
1,2,23020,264651,2.3426,2.3426,0.0,0.0004979,pretrain_full_gpu0_resume_20260905.log,23020,264651,2.284975999999993
1,2,23040,264651,2.2463,2.2463,0.0,0.0004979,pretrain_full_gpu0_resume_20260905.log,23040,264651,2.2832799999999924
1,2,23060,264651,2.4523,2.4523,0.0,0.0004979,pretrain_full_gpu0_resume_20260905.log,23060,264651,2.292543999999993
1,2,23080,264651,2.0828,2.0828,0.0,0.00049789,pretrain_full_gpu0_resume_20260905.log,23080,264651,2.287987999999993
1,2,23100,264651,2.155,2.155,0.0,0.00049789,pretrain_full_gpu0_resume_20260905.log,23100,264651,2.2797079999999927
1,2,23120,264651,2.5158,2.5158,0.0,0.00049788,pretrain_full_gpu0_resume_20260905.log,23120,264651,2.2906039999999925
1,2,23140,264651,2.3259,2.3259,0.0,0.00049788,pretrain_full_gpu0_resume_20260905.log,23140,264651,2.2904999999999927
1,2,23160,264651,2.3304,2.3304,0.0,0.00049788,pretrain_full_gpu0_resume_20260905.log,23160,264651,2.2910359999999925
1,2,23180,264651,2.2836,2.2836,0.0,0.00049787,pretrain_full_gpu0_resume_20260905.log,23180,264651,2.2910599999999923
1,2,23200,264651,2.1979,2.1979,0.0,0.00049787,pretrain_full_gpu0_resume_20260905.log,23200,264651,2.2951079999999924
1,2,23220,264651,2.3152,2.3152,0.0,0.00049787,pretrain_full_gpu0_resume_20260905.log,23220,264651,2.299687999999992
1,2,23240,264651,2.4154,2.4154,0.0,0.00049786,pretrain_full_gpu0_resume_20260905.log,23240,264651,2.304367999999992
1,2,23260,264651,2.3272,2.3272,0.0,0.00049786,pretrain_full_gpu0_resume_20260905.log,23260,264651,2.305315999999992
1,2,23280,264651,2.2854,2.2854,0.0,0.00049786,pretrain_full_gpu0_resume_20260905.log,23280,264651,2.300891999999992
1,2,23300,264651,2.2974,2.2974,0.0,0.00049785,pretrain_full_gpu0_resume_20260905.log,23300,264651,2.3012999999999924
1,2,23320,264651,2.0569,2.0569,0.0,0.00049785,pretrain_full_gpu0_resume_20260905.log,23320,264651,2.289279999999992
1,2,23340,264651,2.1385,2.1385,0.0,0.00049784,pretrain_full_gpu0_resume_20260905.log,23340,264651,2.283423999999992
1,2,23360,264651,2.4393,2.4393,0.0,0.00049784,pretrain_full_gpu0_resume_20260905.log,23360,264651,2.2940759999999925
1,2,23380,264651,2.2526,2.2526,0.0,0.00049784,pretrain_full_gpu0_resume_20260905.log,23380,264651,2.2834599999999923
1,2,23400,264651,2.1367,2.1367,0.0,0.00049783,pretrain_full_gpu0_resume_20260905.log,23400,264651,2.277479999999992
1,2,23420,264651,2.3192,2.3192,0.0,0.00049783,pretrain_full_gpu0_resume_20260905.log,23420,264651,2.272383999999992
1,2,23440,264651,2.2428,2.2428,0.0,0.00049783,pretrain_full_gpu0_resume_20260905.log,23440,264651,2.2674319999999923
1,2,23460,264651,2.1532,2.1532,0.0,0.00049782,pretrain_full_gpu0_resume_20260905.log,23460,264651,2.265743999999992
1,2,23480,264651,2.173,2.173,0.0,0.00049782,pretrain_full_gpu0_resume_20260905.log,23480,264651,2.2673079999999923
1,2,23500,264651,2.1992,2.1992,0.0,0.00049781,pretrain_full_gpu0_resume_20260905.log,23500,264651,2.2673839999999923
1,2,23520,264651,2.1886,2.1886,0.0,0.00049781,pretrain_full_gpu0_resume_20260905.log,23520,264651,2.261223999999993
1,2,23540,264651,2.2333,2.2333,0.0,0.00049781,pretrain_full_gpu0_resume_20260905.log,23540,264651,2.2607039999999925
1,2,23560,264651,2.2064,2.2064,0.0,0.0004978,pretrain_full_gpu0_resume_20260905.log,23560,264651,2.2508679999999925
1,2,23580,264651,2.0769,2.0769,0.0,0.0004978,pretrain_full_gpu0_resume_20260905.log,23580,264651,2.250631999999993
1,2,23600,264651,2.3159,2.3159,0.0,0.0004978,pretrain_full_gpu0_resume_20260905.log,23600,264651,2.2570679999999927
1,2,23620,264651,2.3622,2.3622,0.0,0.00049779,pretrain_full_gpu0_resume_20260905.log,23620,264651,2.250923999999993
1,2,23640,264651,2.0543,2.0543,0.0,0.00049779,pretrain_full_gpu0_resume_20260905.log,23640,264651,2.240059999999993
1,2,23660,264651,2.3161,2.3161,0.0,0.00049779,pretrain_full_gpu0_resume_20260905.log,23660,264651,2.239487999999993
1,2,23680,264651,2.1387,2.1387,0.0,0.00049778,pretrain_full_gpu0_resume_20260905.log,23680,264651,2.233691999999993
1,2,23700,264651,2.3176,2.3176,0.0,0.00049778,pretrain_full_gpu0_resume_20260905.log,23700,264651,2.238479999999993
1,2,23720,264651,2.1783,2.1783,0.0,0.00049777,pretrain_full_gpu0_resume_20260905.log,23720,264651,2.233003999999993
1,2,23740,264651,2.277,2.277,0.0,0.00049777,pretrain_full_gpu0_resume_20260905.log,23740,264651,2.2274679999999933
1,2,23760,264651,2.0406,2.0406,0.0,0.00049777,pretrain_full_gpu0_resume_20260905.log,23760,264651,2.216003999999993
1,2,23780,264651,2.2836,2.2836,0.0,0.00049776,pretrain_full_gpu0_resume_20260905.log,23780,264651,2.2159319999999934
1,2,23800,264651,2.0765,2.0765,0.0,0.00049776,pretrain_full_gpu0_resume_20260905.log,23800,264651,2.2070959999999933
1,2,23820,264651,2.1644,2.1644,0.0,0.00049776,pretrain_full_gpu0_resume_20260905.log,23820,264651,2.211395999999993
1,2,23840,264651,2.0146,2.0146,0.0,0.00049775,pretrain_full_gpu0_resume_20260905.log,23840,264651,2.206439999999993
1,2,23860,264651,2.2561,2.2561,0.0,0.00049775,pretrain_full_gpu0_resume_20260905.log,23860,264651,2.1991119999999933
1,2,23880,264651,2.4801,2.4801,0.0,0.00049774,pretrain_full_gpu0_resume_20260905.log,23880,264651,2.2082119999999934
1,2,23900,264651,2.4355,2.4355,0.0,0.00049774,pretrain_full_gpu0_resume_20260905.log,23900,264651,2.2201639999999934
1,2,23920,264651,2.1683,2.1683,0.0,0.00049774,pretrain_full_gpu0_resume_20260905.log,23920,264651,2.2141279999999934
1,2,23940,264651,2.1182,2.1182,0.0,0.00049773,pretrain_full_gpu0_resume_20260905.log,23940,264651,2.209143999999993
1,2,23960,264651,2.4715,2.4715,0.0,0.00049773,pretrain_full_gpu0_resume_20260905.log,23960,264651,2.2218759999999933
1,2,23980,264651,2.1443,2.1443,0.0,0.00049772,pretrain_full_gpu0_resume_20260905.log,23980,264651,2.220727999999993
1,2,24000,264651,2.3398,2.3398,0.0,0.00049772,pretrain_full_gpu0_resume_20260905.log,24000,264651,2.2263519999999932
1,2,24020,264651,2.2468,2.2468,0.0,0.00049772,pretrain_full_gpu0_resume_20260905.log,24020,264651,2.228679999999993
1,2,24040,264651,2.2327,2.2327,0.0,0.00049771,pretrain_full_gpu0_resume_20260905.log,24040,264651,2.2286559999999933
1,2,24060,264651,2.1534,2.1534,0.0,0.00049771,pretrain_full_gpu0_resume_20260905.log,24060,264651,2.226535999999993
1,2,24080,264651,2.1359,2.1359,0.0,0.00049771,pretrain_full_gpu0_resume_20260905.log,24080,264651,2.228895999999993
1,2,24100,264651,2.1676,2.1676,0.0,0.0004977,pretrain_full_gpu0_resume_20260905.log,24100,264651,2.222963999999993
1,2,24120,264651,2.2844,2.2844,0.0,0.0004977,pretrain_full_gpu0_resume_20260905.log,24120,264651,2.219851999999993
1,2,24140,264651,2.1984,2.1984,0.0,0.00049769,pretrain_full_gpu0_resume_20260905.log,24140,264651,2.225615999999993
1,2,24160,264651,2.1754,2.1754,0.0,0.00049769,pretrain_full_gpu0_resume_20260905.log,24160,264651,2.219987999999993
1,2,24180,264651,2.2106,2.2106,0.0,0.00049769,pretrain_full_gpu0_resume_20260905.log,24180,264651,2.222863999999993
1,2,24200,264651,2.2088,2.2088,0.0,0.00049768,pretrain_full_gpu0_resume_20260905.log,24200,264651,2.2185119999999934
1,2,24220,264651,2.2683,2.2683,0.0,0.00049768,pretrain_full_gpu0_resume_20260905.log,24220,264651,2.222111999999993
1,2,24240,264651,2.2568,2.2568,0.0,0.00049768,pretrain_full_gpu0_resume_20260905.log,24240,264651,2.221303999999993
1,2,24260,264651,2.1398,2.1398,0.0,0.00049767,pretrain_full_gpu0_resume_20260905.log,24260,264651,2.2252719999999933
1,2,24280,264651,2.2285,2.2285,0.0,0.00049767,pretrain_full_gpu0_resume_20260905.log,24280,264651,2.223067999999993
1,2,24300,264651,2.1039,2.1039,0.0,0.00049766,pretrain_full_gpu0_resume_20260905.log,24300,264651,2.224163999999993
1,2,24320,264651,2.2291,2.2291,0.0,0.00049766,pretrain_full_gpu0_resume_20260905.log,24320,264651,2.226751999999993
1,2,24340,264651,2.0649,2.0649,0.0,0.00049766,pretrain_full_gpu0_resume_20260905.log,24340,264651,2.228763999999993
1,2,24360,264651,2.2649,2.2649,0.0,0.00049765,pretrain_full_gpu0_resume_20260905.log,24360,264651,2.2291159999999928
1,2,24380,264651,2.0151,2.0151,0.0,0.00049765,pretrain_full_gpu0_resume_20260905.log,24380,264651,2.2105159999999926
1,2,24400,264651,2.1433,2.1433,0.0,0.00049764,pretrain_full_gpu0_resume_20260905.log,24400,264651,2.1988279999999927
1,2,24420,264651,2.1981,2.1981,0.0,0.00049764,pretrain_full_gpu0_resume_20260905.log,24420,264651,2.2000199999999928
1,2,24440,264651,2.1879,2.1879,0.0,0.00049764,pretrain_full_gpu0_resume_20260905.log,24440,264651,2.2028079999999925
1,2,24460,264651,2.4059,2.4059,0.0,0.00049763,pretrain_full_gpu0_resume_20260905.log,24460,264651,2.2001839999999926
1,2,24480,264651,2.1018,2.1018,0.0,0.00049763,pretrain_full_gpu0_resume_20260905.log,24480,264651,2.1984839999999926
1,2,24500,264651,2.0341,2.0341,0.0,0.00049763,pretrain_full_gpu0_resume_20260905.log,24500,264651,2.1862559999999926
1,2,24520,264651,2.4706,2.4706,0.0,0.00049762,pretrain_full_gpu0_resume_20260905.log,24520,264651,2.1952079999999925
1,2,24540,264651,2.2195,2.2195,0.0,0.00049762,pretrain_full_gpu0_resume_20260905.log,24540,264651,2.1946799999999924
1,2,24560,264651,1.9436,1.9436,0.0,0.00049761,pretrain_full_gpu0_resume_20260905.log,24560,264651,2.1862879999999922
1,2,24580,264651,2.1737,2.1737,0.0,0.00049761,pretrain_full_gpu0_resume_20260905.log,24580,264651,2.1877999999999926
1,2,24600,264651,2.1068,2.1068,0.0,0.00049761,pretrain_full_gpu0_resume_20260905.log,24600,264651,2.1853679999999924
1,2,24620,264651,1.9509,1.9509,0.0,0.0004976,pretrain_full_gpu0_resume_20260905.log,24620,264651,2.1720279999999925
1,2,24640,264651,2.2077,2.2077,0.0,0.0004976,pretrain_full_gpu0_resume_20260905.log,24640,264651,2.1723999999999926
1,2,24660,264651,2.1925,2.1925,0.0,0.00049759,pretrain_full_gpu0_resume_20260905.log,24660,264651,2.1730839999999927
1,2,24680,264651,2.1563,2.1563,0.0,0.00049759,pretrain_full_gpu0_resume_20260905.log,24680,264651,2.170911999999993
1,2,24700,264651,2.159,2.159,0.0,0.00049759,pretrain_full_gpu0_resume_20260905.log,24700,264651,2.1689199999999924
1,2,24720,264651,2.1733,2.1733,0.0,0.00049758,pretrain_full_gpu0_resume_20260905.log,24720,264651,2.165119999999993
1,2,24740,264651,2.0541,2.0541,0.0,0.00049758,pretrain_full_gpu0_resume_20260905.log,24740,264651,2.157011999999993
1,2,24760,264651,2.1358,2.1358,0.0,0.00049757,pretrain_full_gpu0_resume_20260905.log,24760,264651,2.1568519999999927
1,2,24780,264651,2.3663,2.3663,0.0,0.00049757,pretrain_full_gpu0_resume_20260905.log,24780,264651,2.162363999999993
1,2,24800,264651,2.1416,2.1416,0.0,0.00049757,pretrain_full_gpu0_resume_20260905.log,24800,264651,2.1638719999999925
1,2,24820,264651,2.1362,2.1362,0.0,0.00049756,pretrain_full_gpu0_resume_20260905.log,24820,264651,2.1601559999999926
1,2,24840,264651,2.2745,2.2745,0.0,0.00049756,pretrain_full_gpu0_resume_20260905.log,24840,264651,2.1685399999999926
1,2,24860,264651,2.269,2.269,0.0,0.00049756,pretrain_full_gpu0_resume_20260905.log,24860,264651,2.168703999999993
1,2,24880,264651,2.3059,2.3059,0.0,0.00049755,pretrain_full_gpu0_resume_20260905.log,24880,264651,2.180335999999993
1,2,24900,264651,2.2142,2.2142,0.0,0.00049755,pretrain_full_gpu0_resume_20260905.log,24900,264651,2.183171999999993
1,2,24920,264651,2.1987,2.1987,0.0,0.00049754,pretrain_full_gpu0_resume_20260905.log,24920,264651,2.183195999999993
1,2,24940,264651,2.3358,2.3358,0.0,0.00049754,pretrain_full_gpu0_resume_20260905.log,24940,264651,2.189111999999993
1,2,24960,264651,2.1443,2.1443,0.0,0.00049754,pretrain_full_gpu0_resume_20260905.log,24960,264651,2.178647999999993
1,2,24980,264651,2.1419,2.1419,0.0,0.00049753,pretrain_full_gpu0_resume_20260905.log,24980,264651,2.180251999999993
1,2,25000,264651,2.2184,2.2184,0.0,0.00049753,pretrain_full_gpu0_resume_20260905.log,25000,264651,2.187623999999993
1,2,25020,264651,2.1353,2.1353,0.0,0.00049752,pretrain_full_gpu0_resume_20260926.log,25020,264651,2.174211999999993
1,2,25040,264651,2.1535,2.1535,0.0,0.00049752,pretrain_full_gpu0_resume_20260926.log,25040,264651,2.171571999999993
1,2,25060,264651,2.321,2.321,0.0,0.00049752,pretrain_full_gpu0_resume_20260926.log,25060,264651,2.186667999999993
1,2,25080,264651,2.0342,2.0342,0.0,0.00049751,pretrain_full_gpu0_resume_20260926.log,25080,264651,2.181087999999993
1,2,25100,264651,2.1241,2.1241,0.0,0.00049751,pretrain_full_gpu0_resume_20260926.log,25100,264651,2.1817799999999927
1,2,25120,264651,2.3207,2.3207,0.0,0.0004975,pretrain_full_gpu0_resume_20260926.log,25120,264651,2.196571999999993
1,2,25140,264651,2.0765,2.0765,0.0,0.0004975,pretrain_full_gpu0_resume_20260926.log,25140,264651,2.191323999999993
1,2,25160,264651,2.1883,2.1883,0.0,0.0004975,pretrain_full_gpu0_resume_20260926.log,25160,264651,2.1911559999999928
1,2,25180,264651,2.1779,2.1779,0.0,0.00049749,pretrain_full_gpu0_resume_20260926.log,25180,264651,2.1920199999999928
1,2,25200,264651,2.4804,2.4804,0.0,0.00049749,pretrain_full_gpu0_resume_20260926.log,25200,264651,2.204875999999993
1,2,25220,264651,2.3074,2.3074,0.0,0.00049748,pretrain_full_gpu0_resume_20260926.log,25220,264651,2.210239999999993
1,2,25240,264651,2.0834,2.0834,0.0,0.00049748,pretrain_full_gpu0_resume_20260926.log,25240,264651,2.211411999999993
1,2,25260,264651,2.2322,2.2322,0.0,0.00049748,pretrain_full_gpu0_resume_20260926.log,25260,264651,2.215267999999993
1,2,25280,264651,2.1704,2.1704,0.0,0.00049747,pretrain_full_gpu0_resume_20260926.log,25280,264651,2.2074319999999927
1,2,25300,264651,1.9617,1.9617,0.0,0.00049747,pretrain_full_gpu0_resume_20260926.log,25300,264651,2.200235999999993
1,2,25320,264651,2.0796,2.0796,0.0,0.00049746,pretrain_full_gpu0_resume_20260926.log,25320,264651,2.197971999999993
1,2,25340,264651,2.3646,2.3646,0.0,0.00049746,pretrain_full_gpu0_resume_20260926.log,25340,264651,2.201575999999993
1,2,25360,264651,2.208,2.208,0.0,0.00049746,pretrain_full_gpu0_resume_20260926.log,25360,264651,2.199135999999993
1,2,25380,264651,2.1011,2.1011,0.0,0.00049745,pretrain_full_gpu0_resume_20260926.log,25380,264651,2.190943999999993
1,2,25400,264651,2.1793,2.1793,0.0,0.00049745,pretrain_full_gpu0_resume_20260926.log,25400,264651,2.189547999999993
1,2,25420,264651,2.0739,2.0739,0.0,0.00049744,pretrain_full_gpu0_resume_20260926.log,25420,264651,2.184555999999993
1,2,25440,264651,2.1918,2.1918,0.0,0.00049744,pretrain_full_gpu0_resume_20260926.log,25440,264651,2.178795999999993
1,2,25460,264651,2.0719,2.0719,0.0,0.00049744,pretrain_full_gpu0_resume_20260926.log,25460,264651,2.175899999999993
1,2,25480,264651,2.426,2.426,0.0,0.00049743,pretrain_full_gpu0_resume_20260926.log,25480,264651,2.187263999999993
1,2,25500,264651,2.2915,2.2915,0.0,0.00049743,pretrain_full_gpu0_resume_20260926.log,25500,264651,2.190187999999993
1,2,25520,264651,2.1824,2.1824,0.0,0.00049742,pretrain_full_gpu0_resume_20260926.log,25520,264651,2.192071999999993
1,2,25540,264651,2.0248,2.0248,0.0,0.00049742,pretrain_full_gpu0_resume_20260926.log,25540,264651,2.1869239999999928
1,2,25560,264651,2.2119,2.2119,0.0,0.00049742,pretrain_full_gpu0_resume_20260926.log,25560,264651,2.182559999999993
1,2,25580,264651,2.2306,2.2306,0.0,0.00049741,pretrain_full_gpu0_resume_20260926.log,25580,264651,2.1904159999999933
1,2,25600,264651,2.2019,2.2019,0.0,0.00049741,pretrain_full_gpu0_resume_20260926.log,25600,264651,2.193527999999993
1,2,25620,264651,2.2557,2.2557,0.0,0.0004974,pretrain_full_gpu0_resume_20260926.log,25620,264651,2.190927999999993
1,2,25640,264651,2.2063,2.2063,0.0,0.0004974,pretrain_full_gpu0_resume_20260926.log,25640,264651,2.196119999999993
1,2,25660,264651,2.3107,2.3107,0.0,0.0004974,pretrain_full_gpu0_resume_20260926.log,25660,264651,2.201015999999993
1,2,25680,264651,2.2337,2.2337,0.0,0.00049739,pretrain_full_gpu0_resume_20260926.log,25680,264651,2.2032479999999928
1,2,25700,264651,2.2265,2.2265,0.0,0.00049739,pretrain_full_gpu0_resume_20260926.log,25700,264651,2.1930919999999925
1,2,25720,264651,2.1049,2.1049,0.0,0.00049738,pretrain_full_gpu0_resume_20260926.log,25720,264651,2.1849919999999927
1,2,25740,264651,2.2249,2.2249,0.0,0.00049738,pretrain_full_gpu0_resume_20260926.log,25740,264651,2.1906519999999925
1,2,25760,264651,2.3341,2.3341,0.0,0.00049738,pretrain_full_gpu0_resume_20260926.log,25760,264651,2.1947279999999925
1,2,25780,264651,2.1143,2.1143,0.0,0.00049737,pretrain_full_gpu0_resume_20260926.log,25780,264651,2.1924839999999928
1,2,25800,264651,2.2621,2.2621,0.0,0.00049737,pretrain_full_gpu0_resume_20260926.log,25800,264651,2.204499999999993
1,2,25820,264651,2.2707,2.2707,0.0,0.00049736,pretrain_full_gpu0_resume_20260926.log,25820,264651,2.212143999999993
1,2,25840,264651,1.9568,1.9568,0.0,0.00049736,pretrain_full_gpu0_resume_20260926.log,25840,264651,2.1958319999999927
1,2,25860,264651,2.2369,2.2369,0.0,0.00049735,pretrain_full_gpu0_resume_20260926.log,25860,264651,2.1969879999999926
1,2,25880,264651,2.1584,2.1584,0.0,0.00049735,pretrain_full_gpu0_resume_20260926.log,25880,264651,2.199279999999993
1,2,25900,264651,2.2931,2.2931,0.0,0.00049735,pretrain_full_gpu0_resume_20260926.log,25900,264651,2.2038319999999927
1,2,25920,264651,2.2921,2.2921,0.0,0.00049734,pretrain_full_gpu0_resume_20260926.log,25920,264651,2.2125599999999928
1,2,25940,264651,2.0697,2.0697,0.0,0.00049734,pretrain_full_gpu0_resume_20260926.log,25940,264651,2.2076759999999926
1,2,25960,264651,2.1613,2.1613,0.0,0.00049733,pretrain_full_gpu0_resume_20260926.log,25960,264651,2.2112519999999924
1,2,25980,264651,2.2707,2.2707,0.0,0.00049733,pretrain_full_gpu0_resume_20260926.log,25980,264651,2.2050399999999923
1,2,26000,264651,2.0861,2.0861,0.0,0.00049733,pretrain_full_gpu0_resume_20260926.log,26000,264651,2.1968239999999923
1,2,26020,264651,2.1502,2.1502,0.0,0.00049732,pretrain_full_gpu0_resume_20260926.log,26020,264651,2.195535999999992
1,2,26040,264651,2.3606,2.3606,0.0,0.00049732,pretrain_full_gpu0_resume_20260926.log,26040,264651,2.208967999999992
1,2,26060,264651,2.0737,2.0737,0.0,0.00049731,pretrain_full_gpu0_resume_20260926.log,26060,264651,2.203439999999992
1,2,26080,264651,2.2201,2.2201,0.0,0.00049731,pretrain_full_gpu0_resume_20260926.log,26080,264651,2.2030199999999924
1,2,26100,264651,2.2715,2.2715,0.0,0.00049731,pretrain_full_gpu0_resume_20260926.log,26100,264651,2.205803999999992
1,2,26120,264651,2.3034,2.3034,0.0,0.0004973,pretrain_full_gpu0_resume_20260926.log,26120,264651,2.2077119999999923
1,2,26140,264651,2.0896,2.0896,0.0,0.0004973,pretrain_full_gpu0_resume_20260926.log,26140,264651,2.2030439999999927
1,2,26160,264651,2.2113,2.2113,0.0,0.00049729,pretrain_full_gpu0_resume_20260926.log,26160,264651,2.1990679999999925
1,2,26180,264651,2.0915,2.0915,0.0,0.00049729,pretrain_full_gpu0_resume_20260926.log,26180,264651,2.193379999999993
1,2,26200,264651,2.2235,2.2235,0.0,0.00049728,pretrain_full_gpu0_resume_20260926.log,26200,264651,2.193259999999993
1,2,26220,264651,2.2271,2.2271,0.0,0.00049728,pretrain_full_gpu0_resume_20260926.log,26220,264651,2.1981479999999927
1,2,26240,264651,2.2309,2.2309,0.0,0.00049728,pretrain_full_gpu0_resume_20260926.log,26240,264651,2.198387999999993
1,2,26260,264651,2.18,2.18,0.0,0.00049727,pretrain_full_gpu0_resume_20260926.log,26260,264651,2.192223999999993
1,2,26280,264651,2.2738,2.2738,0.0,0.00049727,pretrain_full_gpu0_resume_20260926.log,26280,264651,2.198603999999993
1,2,26300,264651,2.2506,2.2506,0.0,0.00049726,pretrain_full_gpu0_resume_20260926.log,26300,264651,2.198143999999993
1,2,26320,264651,2.2088,2.2088,0.0,0.00049726,pretrain_full_gpu0_resume_20260926.log,26320,264651,2.195667999999993
1,2,26340,264651,2.0778,2.0778,0.0,0.00049726,pretrain_full_gpu0_resume_20260926.log,26340,264651,2.200507999999993
1,2,26360,264651,2.1101,2.1101,0.0,0.00049725,pretrain_full_gpu0_resume_20260926.log,26360,264651,2.1954359999999933
1,2,26380,264651,2.1266,2.1266,0.0,0.00049725,pretrain_full_gpu0_resume_20260926.log,26380,264651,2.194163999999993
1,2,26400,264651,2.2668,2.2668,0.0,0.00049724,pretrain_full_gpu0_resume_20260926.log,26400,264651,2.1931119999999935
1,2,26420,264651,2.1298,2.1298,0.0,0.00049724,pretrain_full_gpu0_resume_20260926.log,26420,264651,2.1866199999999933
1,2,26440,264651,2.1052,2.1052,0.0,0.00049724,pretrain_full_gpu0_resume_20260926.log,26440,264651,2.1880399999999933
1,2,26460,264651,2.1981,2.1981,0.0,0.00049723,pretrain_full_gpu0_resume_20260926.log,26460,264651,2.1895119999999935
1,2,26480,264651,2.1596,2.1596,0.0,0.00049723,pretrain_full_gpu0_resume_20260926.log,26480,264651,2.1850679999999936
1,2,26500,264651,2.2631,2.2631,0.0,0.00049722,pretrain_full_gpu0_resume_20260926.log,26500,264651,2.1921479999999933
1,2,26520,264651,1.9802,1.9802,0.0,0.00049722,pretrain_full_gpu0_resume_20260926.log,26520,264651,2.185347999999993
1,2,26540,264651,2.3155,2.3155,0.0,0.00049721,pretrain_full_gpu0_resume_20260926.log,26540,264651,2.1835439999999933
1,2,26560,264651,2.131,2.131,0.0,0.00049721,pretrain_full_gpu0_resume_20260926.log,26560,264651,2.1858359999999935
1,2,26580,264651,2.0527,2.0527,0.0,0.00049721,pretrain_full_gpu0_resume_20260926.log,26580,264651,2.179139999999993
1,2,26600,264651,2.381,2.381,0.0,0.0004972,pretrain_full_gpu0_resume_20260926.log,26600,264651,2.183519999999993
1,2,26620,264651,2.1789,2.1789,0.0,0.0004972,pretrain_full_gpu0_resume_20260926.log,26620,264651,2.178539999999993
1,2,26640,264651,2.28,2.28,0.0,0.00049719,pretrain_full_gpu0_resume_20260926.log,26640,264651,2.1861559999999933
1,2,26660,264651,2.181,2.181,0.0,0.00049719,pretrain_full_gpu0_resume_20260926.log,26660,264651,2.184943999999993
1,2,26680,264651,2.2902,2.2902,0.0,0.00049718,pretrain_full_gpu0_resume_20260926.log,26680,264651,2.192891999999993
1,2,26700,264651,2.2998,2.2998,0.0,0.00049718,pretrain_full_gpu0_resume_20260926.log,26700,264651,2.195943999999993
1,2,26720,264651,2.4773,2.4773,0.0,0.00049718,pretrain_full_gpu0_resume_20260926.log,26720,264651,2.205951999999993
1,2,26740,264651,2.0705,2.0705,0.0,0.00049717,pretrain_full_gpu0_resume_20260926.log,26740,264651,2.199535999999993
1,2,26760,264651,2.1059,2.1059,0.0,0.00049717,pretrain_full_gpu0_resume_20260926.log,26760,264651,2.196571999999993
1,2,26780,264651,2.1462,2.1462,0.0,0.00049716,pretrain_full_gpu0_resume_20260926.log,26780,264651,2.191467999999993
1,2,26800,264651,2.0663,2.0663,0.0,0.00049716,pretrain_full_gpu0_resume_20260926.log,26800,264651,2.184095999999993
1,2,26820,264651,2.2289,2.2289,0.0,0.00049716,pretrain_full_gpu0_resume_20260926.log,26820,264651,2.184899999999993
1,2,26840,264651,2.0591,2.0591,0.0,0.00049715,pretrain_full_gpu0_resume_20260926.log,26840,264651,2.1841519999999934
1,2,26860,264651,2.1224,2.1224,0.0,0.00049715,pretrain_full_gpu0_resume_20260926.log,26860,264651,2.1846439999999934
1,2,26880,264651,2.1559,2.1559,0.0,0.00049714,pretrain_full_gpu0_resume_20260926.log,26880,264651,2.1858159999999938
1,2,26900,264651,2.1573,2.1573,0.0,0.00049714,pretrain_full_gpu0_resume_20260926.log,26900,264651,2.1814359999999935
1,2,26920,264651,2.188,2.188,0.0,0.00049713,pretrain_full_gpu0_resume_20260926.log,26920,264651,2.183763999999994
1,2,26940,264651,2.081,2.081,0.0,0.00049713,pretrain_full_gpu0_resume_20260926.log,26940,264651,2.182795999999994
1,2,26960,264651,2.528,2.528,0.0,0.00049713,pretrain_full_gpu0_resume_20260926.log,26960,264651,2.1959919999999937
1,2,26980,264651,2.2292,2.2292,0.0,0.00049712,pretrain_full_gpu0_resume_20260926.log,26980,264651,2.198775999999994
1,2,27000,264651,2.4256,2.4256,0.0,0.00049712,pretrain_full_gpu0_resume_20260926.log,27000,264651,2.205275999999994
1,2,27020,264651,1.9619,1.9619,0.0,0.00049711,pretrain_full_gpu0_resume_20260926.log,27020,264651,2.204543999999994
1,2,27040,264651,2.3094,2.3094,0.0,0.00049711,pretrain_full_gpu0_resume_20260926.log,27040,264651,2.2042999999999937
1,2,27060,264651,2.1998,2.1998,0.0,0.0004971,pretrain_full_gpu0_resume_20260926.log,27060,264651,2.207051999999994
1,2,27080,264651,2.1843,2.1843,0.0,0.0004971,pretrain_full_gpu0_resume_20260926.log,27080,264651,2.2123159999999937
1,2,27100,264651,2.1136,2.1136,0.0,0.0004971,pretrain_full_gpu0_resume_20260926.log,27100,264651,2.201619999999994
1,2,27120,264651,2.1486,2.1486,0.0,0.00049709,pretrain_full_gpu0_resume_20260926.log,27120,264651,2.200407999999994
1,2,27140,264651,2.5055,2.5055,0.0,0.00049709,pretrain_full_gpu0_resume_20260926.log,27140,264651,2.2094279999999937
1,2,27160,264651,2.2169,2.2169,0.0,0.00049708,pretrain_full_gpu0_resume_20260926.log,27160,264651,2.210863999999994
1,2,27180,264651,2.0643,2.0643,0.0,0.00049708,pretrain_full_gpu0_resume_20260926.log,27180,264651,2.201827999999994
1,2,27200,264651,2.1741,2.1741,0.0,0.00049707,pretrain_full_gpu0_resume_20260926.log,27200,264651,2.1967999999999943
1,2,27220,264651,2.1327,2.1327,0.0,0.00049707,pretrain_full_gpu0_resume_20260926.log,27220,264651,2.1830159999999945
1,2,27240,264651,2.1032,2.1032,0.0,0.00049707,pretrain_full_gpu0_resume_20260926.log,27240,264651,2.1843239999999944
1,2,27260,264651,2.0841,2.0841,0.0,0.00049706,pretrain_full_gpu0_resume_20260926.log,27260,264651,2.183451999999994
1,2,27280,264651,2.2972,2.2972,0.0,0.00049706,pretrain_full_gpu0_resume_20260926.log,27280,264651,2.189491999999994
1,2,27300,264651,2.1711,2.1711,0.0,0.00049705,pretrain_full_gpu0_resume_20260926.log,27300,264651,2.1936839999999944
1,2,27320,264651,2.2222,2.2222,0.0,0.00049705,pretrain_full_gpu0_resume_20260926.log,27320,264651,2.1934159999999943
1,2,27340,264651,1.9627,1.9627,0.0,0.00049704,pretrain_full_gpu0_resume_20260926.log,27340,264651,2.1895599999999944
1,2,27360,264651,2.0632,2.0632,0.0,0.00049704,pretrain_full_gpu0_resume_20260926.log,27360,264651,2.1871919999999943
1,2,27380,264651,2.2094,2.2094,0.0,0.00049704,pretrain_full_gpu0_resume_20260926.log,27380,264651,2.1893319999999945
1,2,27400,264651,2.3718,2.3718,0.0,0.00049703,pretrain_full_gpu0_resume_20260926.log,27400,264651,2.1979119999999943
1,2,27420,264651,2.0035,2.0035,0.0,0.00049703,pretrain_full_gpu0_resume_20260926.log,27420,264651,2.1905319999999944
1,2,27440,264651,2.1628,2.1628,0.0,0.00049702,pretrain_full_gpu0_resume_20260926.log,27440,264651,2.1938039999999943
1,2,27460,264651,2.2621,2.2621,0.0,0.00049702,pretrain_full_gpu0_resume_20260926.log,27460,264651,2.183167999999994
1,2,27480,264651,2.2888,2.2888,0.0,0.00049701,pretrain_full_gpu0_resume_20260926.log,27480,264651,2.185551999999994
1,2,27500,264651,2.2266,2.2266,0.0,0.00049701,pretrain_full_gpu0_resume_20260926.log,27500,264651,2.177591999999994
1,2,27520,264651,2.2894,2.2894,0.0,0.00049701,pretrain_full_gpu0_resume_20260926.log,27520,264651,2.190691999999994
1,2,27540,264651,2.1305,2.1305,0.0,0.000497,pretrain_full_gpu0_resume_20260926.log,27540,264651,2.183535999999994
1,2,27560,264651,2.1791,2.1791,0.0,0.000497,pretrain_full_gpu0_resume_20260926.log,27560,264651,2.1827079999999937
1,2,27580,264651,2.1075,2.1075,0.0,0.00049699,pretrain_full_gpu0_resume_20260926.log,27580,264651,2.1796359999999937
1,2,27600,264651,2.1054,2.1054,0.0,0.00049699,pretrain_full_gpu0_resume_20260926.log,27600,264651,2.179307999999994
1,2,27620,264651,2.1357,2.1357,0.0,0.00049698,pretrain_full_gpu0_resume_20260926.log,27620,264651,2.178791999999994
1,2,27640,264651,2.2162,2.2162,0.0,0.00049698,pretrain_full_gpu0_resume_20260926.log,27640,264651,2.167219999999994
1,2,27660,264651,2.1969,2.1969,0.0,0.00049697,pretrain_full_gpu0_resume_20260926.log,27660,264651,2.166419999999994
1,2,27680,264651,2.1405,2.1405,0.0,0.00049697,pretrain_full_gpu0_resume_20260926.log,27680,264651,2.169467999999994
1,2,27700,264651,2.2572,2.2572,0.0,0.00049697,pretrain_full_gpu0_resume_20260926.log,27700,264651,2.1727919999999936
1,2,27720,264651,2.2026,2.2026,0.0,0.00049696,pretrain_full_gpu0_resume_20260926.log,27720,264651,2.1755879999999936
1,2,27740,264651,2.3704,2.3704,0.0,0.00049696,pretrain_full_gpu0_resume_20260926.log,27740,264651,2.1862759999999937
1,2,27760,264651,2.3023,2.3023,0.0,0.00049695,pretrain_full_gpu0_resume_20260926.log,27760,264651,2.1950039999999937
1,2,27780,264651,2.1058,2.1058,0.0,0.00049695,pretrain_full_gpu0_resume_20260926.log,27780,264651,2.187347999999994
1,2,27800,264651,2.2984,2.2984,0.0,0.00049694,pretrain_full_gpu0_resume_20260926.log,27800,264651,2.1924399999999937
1,2,27820,264651,2.1776,2.1776,0.0,0.00049694,pretrain_full_gpu0_resume_20260926.log,27820,264651,2.1906559999999935
1,2,27840,264651,2.0915,2.0915,0.0,0.00049694,pretrain_full_gpu0_resume_20260926.log,27840,264651,2.1958079999999938
1,2,27860,264651,2.1555,2.1555,0.0,0.00049693,pretrain_full_gpu0_resume_20260926.log,27860,264651,2.199499999999994
1,2,27880,264651,2.3735,2.3735,0.0,0.00049693,pretrain_full_gpu0_resume_20260926.log,27880,264651,2.206063999999994
1,2,27900,264651,2.1407,2.1407,0.0,0.00049692,pretrain_full_gpu0_resume_20260926.log,27900,264651,2.196819999999994
1,2,27920,264651,2.1897,2.1897,0.0,0.00049692,pretrain_full_gpu0_resume_20260926.log,27920,264651,2.2042679999999937
1,2,27940,264651,2.1219,2.1219,0.0,0.00049691,pretrain_full_gpu0_resume_20260926.log,27940,264651,2.2026319999999937
1,2,27960,264651,2.0565,2.0565,0.0,0.00049691,pretrain_full_gpu0_resume_20260926.log,27960,264651,2.194407999999994
1,2,27980,264651,2.1348,2.1348,0.0,0.0004969,pretrain_full_gpu0_resume_20260926.log,27980,264651,2.188247999999994
1,2,28000,264651,2.1009,2.1009,0.0,0.0004969,pretrain_full_gpu0_resume_20260926.log,28000,264651,2.183219999999994
1,2,28020,264651,1.9699,1.9699,0.0,0.0004969,pretrain_full_gpu0_resume_20260926.log,28020,264651,2.170439999999994
1,2,28040,264651,2.3188,2.3188,0.0,0.00049689,pretrain_full_gpu0_resume_20260926.log,28040,264651,2.1779719999999942
1,2,28060,264651,2.104,2.104,0.0,0.00049689,pretrain_full_gpu0_resume_20260926.log,28060,264651,2.1749679999999945
1,2,28080,264651,2.1679,2.1679,0.0,0.00049688,pretrain_full_gpu0_resume_20260926.log,28080,264651,2.1773839999999947
1,2,28100,264651,2.0071,2.0071,0.0,0.00049688,pretrain_full_gpu0_resume_20260926.log,28100,264651,2.1734519999999944
1,2,28120,264651,2.2038,2.2038,0.0,0.00049687,pretrain_full_gpu0_resume_20260926.log,28120,264651,2.1761759999999946
1,2,28140,264651,2.5279,2.5279,0.0,0.00049687,pretrain_full_gpu0_resume_20260926.log,28140,264651,2.1886439999999947
1,2,28160,264651,2.1492,2.1492,0.0,0.00049686,pretrain_full_gpu0_resume_20260926.log,28160,264651,2.1867359999999945
1,2,28180,264651,2.0955,2.0955,0.0,0.00049686,pretrain_full_gpu0_resume_20260926.log,28180,264651,2.1849359999999947
1,2,28200,264651,2.2659,2.2659,0.0,0.00049686,pretrain_full_gpu0_resume_20260926.log,28200,264651,2.1852839999999945
1,2,28220,264651,2.1162,2.1162,0.0,0.00049685,pretrain_full_gpu0_resume_20260926.log,28220,264651,2.1818279999999945
1,2,28240,264651,2.1734,2.1734,0.0,0.00049685,pretrain_full_gpu0_resume_20260926.log,28240,264651,2.1739479999999944
1,2,28260,264651,2.1622,2.1622,0.0,0.00049684,pretrain_full_gpu0_resume_20260926.log,28260,264651,2.1683439999999945
1,2,28280,264651,2.1777,2.1777,0.0,0.00049684,pretrain_full_gpu0_resume_20260926.log,28280,264651,2.1712199999999946
1,2,28300,264651,2.2258,2.2258,0.0,0.00049683,pretrain_full_gpu0_resume_20260926.log,28300,264651,2.1683159999999946
1,2,28320,264651,2.2809,2.2809,0.0,0.00049683,pretrain_full_gpu0_resume_20260926.log,28320,264651,2.1724479999999944
1,2,28340,264651,2.2083,2.2083,0.0,0.00049682,pretrain_full_gpu0_resume_20260926.log,28340,264651,2.1771199999999946
1,2,28360,264651,2.0327,2.0327,0.0,0.00049682,pretrain_full_gpu0_resume_20260926.log,28360,264651,2.172207999999995
1,2,28380,264651,2.1287,2.1287,0.0,0.00049682,pretrain_full_gpu0_resume_20260926.log,28380,264651,2.162415999999995
1,2,28400,264651,2.4072,2.4072,0.0,0.00049681,pretrain_full_gpu0_resume_20260926.log,28400,264651,2.173075999999995
1,2,28420,264651,2.092,2.092,0.0,0.00049681,pretrain_full_gpu0_resume_20260926.log,28420,264651,2.1691679999999947
1,2,28440,264651,2.3182,2.3182,0.0,0.0004968,pretrain_full_gpu0_resume_20260926.log,28440,264651,2.177019999999995
1,2,28460,264651,2.5519,2.5519,0.0,0.0004968,pretrain_full_gpu0_resume_20260926.log,28460,264651,2.196835999999995
1,2,28480,264651,2.1396,2.1396,0.0,0.00049679,pretrain_full_gpu0_resume_20260926.log,28480,264651,2.197027999999995
1,2,28500,264651,2.182,2.182,0.0,0.00049679,pretrain_full_gpu0_resume_20260926.log,28500,264651,2.200271999999995
1,2,28520,264651,2.2762,2.2762,0.0,0.00049678,pretrain_full_gpu0_resume_20260926.log,28520,264651,2.2125239999999953
1,2,28540,264651,2.0458,2.0458,0.0,0.00049678,pretrain_full_gpu0_resume_20260926.log,28540,264651,2.201603999999995
1,2,7140,66163,2.1975,2.1975,0.0,0.00049678,pretrain_full_4gpu_20260926.log,28560,264651,2.205343999999995
1,2,28580,264651,2.4047,2.4047,0.0,0.00049677,pretrain_full_gpu0_resume_20260926.log,28580,264651,2.2148159999999946
1,2,28600,264651,2.0006,2.0006,0.0,0.00049677,pretrain_full_gpu0_resume_20260926.log,28600,264651,2.2145559999999946
1,2,28620,264651,2.1314,2.1314,0.0,0.00049676,pretrain_full_gpu0_resume_20260926.log,28620,264651,2.2116599999999944
1,2,7160,66163,2.1712,2.1712,0.0,0.00049676,pretrain_full_4gpu_20260926.log,28640,264651,2.1973919999999945
1,2,28660,264651,1.8783,1.8783,0.0,0.00049675,pretrain_full_gpu0_resume_20260926.log,28660,264651,2.1865559999999946
1,2,28680,264651,2.1314,2.1314,0.0,0.00049675,pretrain_full_gpu0_resume_20260926.log,28680,264651,2.1879919999999946
1,2,28700,264651,2.113,2.113,0.0,0.00049674,pretrain_full_gpu0_resume_20260926.log,28700,264651,2.181875999999994
1,2,7180,66163,2.0997,2.0997,0.0,0.00049674,pretrain_full_4gpu_20260926.log,28720,264651,2.1812159999999943
1,2,7200,66163,2.0779,2.0779,0.0,0.00049672,pretrain_full_4gpu_20260926.log,28800,264651,2.177395999999994
1,2,7220,66163,2.1882,2.1882,0.0,0.0004967,pretrain_full_4gpu_20260926.log,28880,264651,2.1784359999999943
1,2,7240,66163,2.2234,2.2234,0.0,0.00049668,pretrain_full_4gpu_20260926.log,28960,264651,2.1802639999999944
1,2,7260,66163,2.1538,2.1538,0.0,0.00049667,pretrain_full_4gpu_20260926.log,29040,264651,2.177383999999994
1,2,7280,66163,2.171,2.171,0.0,0.00049665,pretrain_full_4gpu_20260926.log,29120,264651,2.172987999999994
1,2,7300,66163,2.2959,2.2959,0.0,0.00049663,pretrain_full_4gpu_20260926.log,29200,264651,2.1764919999999943
1,2,7320,66163,2.2503,2.2503,0.0,0.00049661,pretrain_full_4gpu_20260926.log,29280,264651,2.185195999999994
1,2,7340,66163,2.1135,2.1135,0.0,0.00049659,pretrain_full_4gpu_20260926.log,29360,264651,2.1845879999999944
1,2,7360,66163,2.1947,2.1947,0.0,0.00049657,pretrain_full_4gpu_20260926.log,29440,264651,2.1760879999999942
1,2,7380,66163,2.1311,2.1311,0.0,0.00049656,pretrain_full_4gpu_20260926.log,29520,264651,2.1776519999999944
1,2,7400,66163,2.2164,2.2164,0.0,0.00049654,pretrain_full_4gpu_20260926.log,29600,264651,2.1735799999999945
1,2,7420,66163,2.0474,2.0474,0.0,0.00049652,pretrain_full_4gpu_20260926.log,29680,264651,2.1533999999999947
1,2,7440,66163,2.154,2.154,0.0,0.0004965,pretrain_full_4gpu_20260926.log,29760,264651,2.1539759999999943
1,2,7460,66163,2.1754,2.1754,0.0,0.00049648,pretrain_full_4gpu_20260926.log,29840,264651,2.1537119999999943
1,2,7480,66163,2.1756,2.1756,0.0,0.00049646,pretrain_full_4gpu_20260926.log,29920,264651,2.149687999999994
1,2,7500,66163,2.0855,2.0855,0.0,0.00049644,pretrain_full_4gpu_20260926.log,30000,264651,2.1512759999999944
1,2,7520,66163,2.1689,2.1689,0.0,0.00049642,pretrain_full_4gpu_20260926.log,30080,264651,2.1501319999999944
1,2,7540,66163,2.1687,2.1687,0.0,0.0004964,pretrain_full_4gpu_20260926.log,30160,264651,2.1406919999999947
1,2,7560,66163,2.2218,2.2218,0.0,0.00049639,pretrain_full_4gpu_20260926.log,30240,264651,2.1495399999999947
1,2,7580,66163,2.1833,2.1833,0.0,0.00049637,pretrain_full_4gpu_20260926.log,30320,264651,2.151615999999995
1,2,7600,66163,2.2253,2.2253,0.0,0.00049635,pretrain_full_4gpu_20260926.log,30400,264651,2.153779999999995
1,2,7620,66163,2.1077,2.1077,0.0,0.00049633,pretrain_full_4gpu_20260926.log,30480,264651,2.1629559999999945
1,2,7640,66163,2.0424,2.0424,0.0,0.00049631,pretrain_full_4gpu_20260926.log,30560,264651,2.1593959999999948
1,2,7660,66163,2.2567,2.2567,0.0,0.00049629,pretrain_full_4gpu_20260926.log,30640,264651,2.165143999999995
1,2,7680,66163,2.1,2.1,0.0,0.00049627,pretrain_full_4gpu_20260926.log,30720,264651,2.1651559999999948
1,2,7700,66163,2.2077,2.2077,0.0,0.00049625,pretrain_full_4gpu_20260926.log,30800,264651,2.1703479999999953
1,2,7720,66163,2.1684,2.1684,0.0,0.00049623,pretrain_full_4gpu_20260926.log,30880,264651,2.1695559999999947
1,2,7740,66163,2.126,2.126,0.0,0.00049621,pretrain_full_4gpu_20260926.log,30960,264651,2.165659999999995
1,2,7760,66163,2.0929,2.0929,0.0,0.00049619,pretrain_full_4gpu_20260926.log,31040,264651,2.163223999999995
1,2,7780,66163,2.308,2.308,0.0,0.00049617,pretrain_full_4gpu_20260926.log,31120,264651,2.168703999999995
1,2,7800,66163,2.1036,2.1036,0.0,0.00049615,pretrain_full_4gpu_20260926.log,31200,264651,2.161011999999995
1,2,7820,66163,2.2208,2.2208,0.0,0.00049613,pretrain_full_4gpu_20260926.log,31280,264651,2.159831999999995
1,2,7840,66163,2.1717,2.1717,0.0,0.00049611,pretrain_full_4gpu_20260926.log,31360,264651,2.1621599999999948
1,2,7860,66163,2.2264,2.2264,0.0,0.00049609,pretrain_full_4gpu_20260926.log,31440,264651,2.163427999999995
1,2,7880,66163,2.1442,2.1442,0.0,0.00049607,pretrain_full_4gpu_20260926.log,31520,264651,2.1639519999999948
1,2,7900,66163,2.1879,2.1879,0.0,0.00049605,pretrain_full_4gpu_20260926.log,31600,264651,2.162811999999995
1,2,7920,66163,2.1744,2.1744,0.0,0.00049603,pretrain_full_4gpu_20260926.log,31680,264651,2.1678919999999944
1,2,7940,66163,2.1749,2.1749,0.0,0.00049601,pretrain_full_4gpu_20260926.log,31760,264651,2.168727999999995
1,2,7960,66163,2.1319,2.1319,0.0,0.00049599,pretrain_full_4gpu_20260926.log,31840,264651,2.166987999999995
1,2,7980,66163,2.1512,2.1512,0.0,0.00049597,pretrain_full_4gpu_20260926.log,31920,264651,2.166011999999995
1,2,8000,66163,2.1128,2.1128,0.0,0.00049595,pretrain_full_4gpu_20260926.log,32000,264651,2.167103999999995
1,2,8020,66163,2.1454,2.1454,0.0,0.00049593,pretrain_full_4gpu_20260926.log,32080,264651,2.166163999999995
1,2,8040,66163,2.2548,2.2548,0.0,0.00049591,pretrain_full_4gpu_20260926.log,32160,264651,2.169607999999995
1,2,8060,66163,2.0818,2.0818,0.0,0.00049589,pretrain_full_4gpu_20260926.log,32240,264651,2.164007999999995
1,2,8080,66163,2.1914,2.1914,0.0,0.00049587,pretrain_full_4gpu_20260926.log,32320,264651,2.164331999999995
1,2,8100,66163,2.0501,2.0501,0.0,0.00049585,pretrain_full_4gpu_20260926.log,32400,264651,2.157323999999995
1,2,8120,66163,2.1721,2.1721,0.0,0.00049583,pretrain_full_4gpu_20260926.log,32480,264651,2.159899999999995
1,2,8140,66163,2.0408,2.0408,0.0,0.00049581,pretrain_full_4gpu_20260926.log,32560,264651,2.159835999999995
1,2,8160,66163,2.1352,2.1352,0.0,0.00049579,pretrain_full_4gpu_20260926.log,32640,264651,2.1549759999999947
1,2,8180,66163,2.1253,2.1253,0.0,0.00049577,pretrain_full_4gpu_20260926.log,32720,264651,2.155987999999995
1,2,8200,66163,2.0975,2.0975,0.0,0.00049575,pretrain_full_4gpu_20260926.log,32800,264651,2.1515799999999943
1,2,8220,66163,2.0236,2.0236,0.0,0.00049573,pretrain_full_4gpu_20260926.log,32880,264651,2.1457879999999947
1,2,8240,66163,2.0608,2.0608,0.0,0.00049571,pretrain_full_4gpu_20260926.log,32960,264651,2.1431799999999948
1,2,8260,66163,2.1049,2.1049,0.0,0.00049569,pretrain_full_4gpu_20260926.log,33040,264651,2.143659999999995
1,2,8280,66163,2.0939,2.0939,0.0,0.00049567,pretrain_full_4gpu_20260926.log,33120,264651,2.1350959999999946
1,2,8300,66163,2.1548,2.1548,0.0,0.00049565,pretrain_full_4gpu_20260926.log,33200,264651,2.137143999999995
1,2,8320,66163,2.0647,2.0647,0.0,0.00049562,pretrain_full_4gpu_20260926.log,33280,264651,2.130899999999995
1,2,8340,66163,2.0945,2.0945,0.0,0.0004956,pretrain_full_4gpu_20260926.log,33360,264651,2.127811999999995
1,2,8360,66163,2.1335,2.1335,0.0,0.00049558,pretrain_full_4gpu_20260926.log,33440,264651,2.124095999999995
1,2,8380,66163,2.1166,2.1166,0.0,0.00049556,pretrain_full_4gpu_20260926.log,33520,264651,2.122991999999995
1,2,8400,66163,2.0802,2.0802,0.0,0.00049554,pretrain_full_4gpu_20260926.log,33600,264651,2.118683999999995
1,2,8420,66163,2.1687,2.1687,0.0,0.00049552,pretrain_full_4gpu_20260926.log,33680,264651,2.1184559999999952
1,2,8440,66163,2.0987,2.0987,0.0,0.0004955,pretrain_full_4gpu_20260926.log,33760,264651,2.115407999999995
1,2,8460,66163,2.0375,2.0375,0.0,0.00049548,pretrain_full_4gpu_20260926.log,33840,264651,2.111631999999995
1,2,8480,66163,2.0532,2.0532,0.0,0.00049546,pretrain_full_4gpu_20260926.log,33920,264651,2.107711999999995
1,2,8500,66163,2.1125,2.1125,0.0,0.00049543,pretrain_full_4gpu_20260926.log,34000,264651,2.1076999999999946
1,2,8520,66163,2.1958,2.1958,0.0,0.00049541,pretrain_full_4gpu_20260926.log,34080,264651,2.1097159999999944
1,2,8540,66163,2.1257,2.1257,0.0,0.00049539,pretrain_full_4gpu_20260926.log,34160,264651,2.1045519999999946
1,2,8560,66163,2.0925,2.0925,0.0,0.00049537,pretrain_full_4gpu_20260926.log,34240,264651,2.1049799999999945
1,2,8580,66163,2.0913,2.0913,0.0,0.00049535,pretrain_full_4gpu_20260926.log,34320,264651,2.1009759999999944
1,2,8600,66163,2.1605,2.1605,0.0,0.00049533,pretrain_full_4gpu_20260926.log,34400,264651,2.1053919999999944
1,2,8620,66163,2.0462,2.0462,0.0,0.0004953,pretrain_full_4gpu_20260926.log,34480,264651,2.1003559999999943
1,2,8640,66163,2.0577,2.0577,0.0,0.00049528,pretrain_full_4gpu_20260926.log,34560,264651,2.1010319999999942
1,2,8660,66163,2.1403,2.1403,0.0,0.00049526,pretrain_full_4gpu_20260926.log,34640,264651,2.1012359999999943
1,2,8680,66163,2.0966,2.0966,0.0,0.00049524,pretrain_full_4gpu_20260926.log,34720,264651,2.100087999999994
1,2,8700,66163,1.9845,1.9845,0.0,0.00049522,pretrain_full_4gpu_20260926.log,34800,264651,2.0955679999999943
1,2,8720,66163,2.0324,2.0324,0.0,0.0004952,pretrain_full_4gpu_20260926.log,34880,264651,2.0959199999999942
1,2,8740,66163,2.125,2.125,0.0,0.00049517,pretrain_full_4gpu_20260926.log,34960,264651,2.0984879999999944
1,2,8760,66163,2.1625,2.1625,0.0,0.00049515,pretrain_full_4gpu_20260926.log,35040,264651,2.1007919999999944
1,2,8780,66163,2.112,2.112,0.0,0.00049513,pretrain_full_4gpu_20260926.log,35120,264651,2.101515999999995
1,2,8800,66163,2.0827,2.0827,0.0,0.00049511,pretrain_full_4gpu_20260926.log,35200,264651,2.0986319999999945
1,2,8820,66163,2.0498,2.0498,0.0,0.00049509,pretrain_full_4gpu_20260926.log,35280,264651,2.0980359999999947
1,2,8840,66163,2.131,2.131,0.0,0.00049506,pretrain_full_4gpu_20260926.log,35360,264651,2.0994959999999945
1,2,8860,66163,2.1223,2.1223,0.0,0.00049504,pretrain_full_4gpu_20260926.log,35440,264651,2.099047999999995
1,2,8880,66163,2.0978,2.0978,0.0,0.00049502,pretrain_full_4gpu_20260926.log,35520,264651,2.098295999999995
1,2,8900,66163,2.1692,2.1692,0.0,0.000495,pretrain_full_4gpu_20260926.log,35600,264651,2.101855999999995
1,2,8920,66163,2.0337,2.0337,0.0,0.00049497,pretrain_full_4gpu_20260926.log,35680,264651,2.096455999999995
1,2,8940,66163,2.0915,2.0915,0.0,0.00049495,pretrain_full_4gpu_20260926.log,35760,264651,2.0961679999999947
1,2,8960,66163,2.0551,2.0551,0.0,0.00049493,pretrain_full_4gpu_20260926.log,35840,264651,2.096871999999995
1,2,8980,66163,2.0447,2.0447,0.0,0.00049491,pretrain_full_4gpu_20260926.log,35920,264651,2.096531999999995
1,2,9000,66163,2.0454,2.0454,0.0,0.00049488,pretrain_full_4gpu_20260926.log,36000,264651,2.093847999999995
1,2,9020,66163,2.1661,2.1661,0.0,0.00049486,pretrain_full_4gpu_20260926.log,36080,264651,2.092659999999995
1,2,9040,66163,2.1628,2.1628,0.0,0.00049484,pretrain_full_4gpu_20260926.log,36160,264651,2.0941439999999947
1,2,9060,66163,2.0647,2.0647,0.0,0.00049482,pretrain_full_4gpu_20260926.log,36240,264651,2.093031999999995
1,2,9080,66163,1.9568,1.9568,0.0,0.00049479,pretrain_full_4gpu_20260926.log,36320,264651,2.087651999999995
1,2,9100,66163,2.158,2.158,0.0,0.00049477,pretrain_full_4gpu_20260926.log,36400,264651,2.087551999999995
1,2,9120,66163,2.1352,2.1352,0.0,0.00049475,pretrain_full_4gpu_20260926.log,36480,264651,2.091111999999995
1,2,9140,66163,2.105,2.105,0.0,0.00049472,pretrain_full_4gpu_20260926.log,36560,264651,2.093003999999995
1,2,9160,66163,2.0475,2.0475,0.0,0.0004947,pretrain_full_4gpu_20260926.log,36640,264651,2.089291999999995
1,2,9180,66163,1.9878,1.9878,0.0,0.00049468,pretrain_full_4gpu_20260926.log,36720,264651,2.084939999999995
1,2,9200,66163,2.2072,2.2072,0.0,0.00049465,pretrain_full_4gpu_20260926.log,36800,264651,2.0938479999999955
1,2,9220,66163,2.1155,2.1155,0.0,0.00049463,pretrain_full_4gpu_20260926.log,36880,264651,2.097171999999995
1,2,9240,66163,2.0433,2.0433,0.0,0.00049461,pretrain_full_4gpu_20260926.log,36960,264651,2.0939039999999953
1,2,9260,66163,2.1847,2.1847,0.0,0.00049458,pretrain_full_4gpu_20260926.log,37040,264651,2.094791999999995
1,2,9280,66163,1.9955,1.9955,0.0,0.00049456,pretrain_full_4gpu_20260926.log,37120,264651,2.090131999999995
1,2,9300,66163,2.0917,2.0917,0.0,0.00049454,pretrain_full_4gpu_20260926.log,37200,264651,2.090491999999995
1,2,9320,66163,2.1354,2.1354,0.0,0.00049451,pretrain_full_4gpu_20260926.log,37280,264651,2.093915999999995
1,2,9340,66163,2.1051,2.1051,0.0,0.00049449,pretrain_full_4gpu_20260926.log,37360,264651,2.092879999999995
1,2,9360,66163,2.1721,2.1721,0.0,0.00049447,pretrain_full_4gpu_20260926.log,37440,264651,2.0948719999999947
1,2,9380,66163,2.133,2.133,0.0,0.00049444,pretrain_full_4gpu_20260926.log,37520,264651,2.096279999999995
1,2,9400,66163,2.0847,2.0847,0.0,0.00049442,pretrain_full_4gpu_20260926.log,37600,264651,2.092899999999995
1,2,9420,66163,2.1994,2.1994,0.0,0.0004944,pretrain_full_4gpu_20260926.log,37680,264651,2.099527999999995
1,2,9440,66163,2.1341,2.1341,0.0,0.00049437,pretrain_full_4gpu_20260926.log,37760,264651,2.1012319999999947
1,2,9460,66163,2.1215,2.1215,0.0,0.00049435,pretrain_full_4gpu_20260926.log,37840,264651,2.1038879999999947
1,2,9480,66163,2.1732,2.1732,0.0,0.00049433,pretrain_full_4gpu_20260926.log,37920,264651,2.1090279999999946
1,2,9500,66163,2.0637,2.0637,0.0,0.0004943,pretrain_full_4gpu_20260926.log,38000,264651,2.1097599999999948
1,2,9520,66163,2.1397,2.1397,0.0,0.00049428,pretrain_full_4gpu_20260926.log,38080,264651,2.1087039999999946
1,2,9540,66163,2.0381,2.0381,0.0,0.00049425,pretrain_full_4gpu_20260926.log,38160,264651,2.1037159999999946
1,2,9560,66163,2.1689,2.1689,0.0,0.00049423,pretrain_full_4gpu_20260926.log,38240,264651,2.1078839999999945
1,2,9580,66163,2.1094,2.1094,0.0,0.00049421,pretrain_full_4gpu_20260926.log,38320,264651,2.1139879999999946
1,2,9600,66163,2.1283,2.1283,0.0,0.00049418,pretrain_full_4gpu_20260926.log,38400,264651,2.1127999999999947
1,2,9620,66163,2.1511,2.1511,0.0,0.00049416,pretrain_full_4gpu_20260926.log,38480,264651,2.1134359999999948
1,2,9640,66163,2.0977,2.0977,0.0,0.00049413,pretrain_full_4gpu_20260926.log,38560,264651,2.113143999999995
1,2,9660,66163,2.1702,2.1702,0.0,0.00049411,pretrain_full_4gpu_20260926.log,38640,264651,2.118051999999995
1,2,9680,66163,2.1696,2.1696,0.0,0.00049408,pretrain_full_4gpu_20260926.log,38720,264651,2.125323999999995
1,2,9700,66163,2.056,2.056,0.0,0.00049406,pretrain_full_4gpu_20260926.log,38800,264651,2.119275999999995
1,2,9720,66163,2.0311,2.0311,0.0,0.00049404,pretrain_full_4gpu_20260926.log,38880,264651,2.115899999999995
1,2,9740,66163,2.0169,2.0169,0.0,0.00049401,pretrain_full_4gpu_20260926.log,38960,264651,2.1148439999999953
1,2,9760,66163,2.1132,2.1132,0.0,0.00049399,pretrain_full_4gpu_20260926.log,39040,264651,2.111983999999995
1,2,9780,66163,2.0222,2.0222,0.0,0.00049396,pretrain_full_4gpu_20260926.log,39120,264651,2.113051999999995
1,2,9800,66163,2.2215,2.2215,0.0,0.00049394,pretrain_full_4gpu_20260926.log,39200,264651,2.118243999999995
1,2,9820,66163,2.0818,2.0818,0.0,0.00049391,pretrain_full_4gpu_20260926.log,39280,264651,2.116099999999995
1,2,9840,66163,2.0024,2.0024,0.0,0.00049389,pretrain_full_4gpu_20260926.log,39360,264651,2.111991999999995
1,2,9860,66163,2.1057,2.1057,0.0,0.00049386,pretrain_full_4gpu_20260926.log,39440,264651,2.109335999999995
1,2,9880,66163,2.11,2.11,0.0,0.00049384,pretrain_full_4gpu_20260926.log,39520,264651,2.1084159999999947
1,2,9900,66163,2.0158,2.0158,0.0,0.00049381,pretrain_full_4gpu_20260926.log,39600,264651,2.105659999999995
1,2,9920,66163,1.9777,1.9777,0.0,0.00049379,pretrain_full_4gpu_20260926.log,39680,264651,2.096791999999995
1,2,9940,66163,2.042,2.042,0.0,0.00049376,pretrain_full_4gpu_20260926.log,39760,264651,2.093107999999995
1,2,9960,66163,2.0725,2.0725,0.0,0.00049374,pretrain_full_4gpu_20260926.log,39840,264651,2.091147999999995
1,2,9980,66163,2.0579,2.0579,0.0,0.00049371,pretrain_full_4gpu_20260926.log,39920,264651,2.086535999999995
1,2,10000,66163,2.2146,2.2146,0.0,0.00049369,pretrain_full_4gpu_20260926.log,40000,264651,2.092571999999995
1,2,10020,66163,2.0854,2.0854,0.0,0.00049366,pretrain_full_4gpu_20260926.log,40080,264651,2.090399999999995
1,2,10040,66163,2.1852,2.1852,0.0,0.00049364,pretrain_full_4gpu_20260926.log,40160,264651,2.0962839999999954
1,2,10060,66163,2.1177,2.1177,0.0,0.00049361,pretrain_full_4gpu_20260926.log,40240,264651,2.094235999999995
1,2,10080,66163,2.0529,2.0529,0.0,0.00049359,pretrain_full_4gpu_20260926.log,40320,264651,2.091975999999995
1,2,10100,66163,2.0699,2.0699,0.0,0.00049356,pretrain_full_4gpu_20260926.log,40400,264651,2.089639999999995
1,2,10120,66163,2.0336,2.0336,0.0,0.00049354,pretrain_full_4gpu_20260926.log,40480,264651,2.0849399999999947
1,2,10140,66163,2.1378,2.1378,0.0,0.00049351,pretrain_full_4gpu_20260926.log,40560,264651,2.0865439999999946
1,2,10160,66163,2.1454,2.1454,0.0,0.00049349,pretrain_full_4gpu_20260926.log,40640,264651,2.0855519999999945
1,2,10180,66163,2.0647,2.0647,0.0,0.00049346,pretrain_full_4gpu_20260926.log,40720,264651,2.0813559999999947
1,2,10200,66163,2.1132,2.1132,0.0,0.00049343,pretrain_full_4gpu_20260926.log,40800,264651,2.0836439999999947
1,2,10220,66163,2.0944,2.0944,0.0,0.00049341,pretrain_full_4gpu_20260926.log,40880,264651,2.0861759999999947
1,2,10240,66163,2.0242,2.0242,0.0,0.00049338,pretrain_full_4gpu_20260926.log,40960,264651,2.0864679999999947
1,2,10260,66163,2.1065,2.1065,0.0,0.00049336,pretrain_full_4gpu_20260926.log,41040,264651,2.0861999999999945
1,2,10280,66163,2.097,2.097,0.0,0.00049333,pretrain_full_4gpu_20260926.log,41120,264651,2.089191999999995
1,2,10300,66163,2.035,2.035,0.0,0.00049331,pretrain_full_4gpu_20260926.log,41200,264651,2.081731999999995
1,2,10320,66163,1.9985,1.9985,0.0,0.00049328,pretrain_full_4gpu_20260926.log,41280,264651,2.0783999999999945
1,2,10340,66163,1.9945,1.9945,0.0,0.00049325,pretrain_full_4gpu_20260926.log,41360,264651,2.0780839999999947
1,2,10360,66163,2.0818,2.0818,0.0,0.00049323,pretrain_full_4gpu_20260926.log,41440,264651,2.0771279999999948
1,2,10380,66163,2.0447,2.0447,0.0,0.0004932,pretrain_full_4gpu_20260926.log,41520,264651,2.0745159999999947
1,2,10400,66163,2.1177,2.1177,0.0,0.00049318,pretrain_full_4gpu_20260926.log,41600,264651,2.0785919999999947
1,2,10420,66163,2.0165,2.0165,0.0,0.00049315,pretrain_full_4gpu_20260926.log,41680,264651,2.080143999999995
1,2,10440,66163,2.1703,2.1703,0.0,0.00049312,pretrain_full_4gpu_20260926.log,41760,264651,2.0852759999999946
1,2,10460,66163,2.1035,2.1035,0.0,0.0004931,pretrain_full_4gpu_20260926.log,41840,264651,2.0865159999999947
1,2,10480,66163,2.0928,2.0928,0.0,0.00049307,pretrain_full_4gpu_20260926.log,41920,264651,2.0879119999999944
1,2,10500,66163,2.0724,2.0724,0.0,0.00049305,pretrain_full_4gpu_20260926.log,42000,264651,2.0822239999999947
1,2,10520,66163,2.203,2.203,0.0,0.00049302,pretrain_full_4gpu_20260926.log,42080,264651,2.0869279999999946
1,2,10540,66163,2.0354,2.0354,0.0,0.00049299,pretrain_full_4gpu_20260926.log,42160,264651,2.0809359999999946
1,2,10560,66163,2.0951,2.0951,0.0,0.00049297,pretrain_full_4gpu_20260926.log,42240,264651,2.0800319999999948
1,2,10580,66163,2.1138,2.1138,0.0,0.00049294,pretrain_full_4gpu_20260926.log,42320,264651,2.0824679999999947
1,2,10600,66163,2.1537,2.1537,0.0,0.00049291,pretrain_full_4gpu_20260926.log,42400,264651,2.0858199999999947
1,2,10620,66163,2.1676,2.1676,0.0,0.00049289,pretrain_full_4gpu_20260926.log,42480,264651,2.0911799999999947
1,2,10640,66163,2.1481,2.1481,0.0,0.00049286,pretrain_full_4gpu_20260926.log,42560,264651,2.091591999999995
1,2,10660,66163,1.9154,1.9154,0.0,0.00049283,pretrain_full_4gpu_20260926.log,42640,264651,2.0823919999999947
1,2,10680,66163,2.1285,2.1285,0.0,0.00049281,pretrain_full_4gpu_20260926.log,42720,264651,2.084943999999995
1,2,10700,66163,2.0542,2.0542,0.0,0.00049278,pretrain_full_4gpu_20260926.log,42800,264651,2.082583999999995
1,2,10720,66163,1.9987,1.9987,0.0,0.00049275,pretrain_full_4gpu_20260926.log,42880,264651,2.078755999999995
1,2,10740,66163,2.0435,2.0435,0.0,0.00049273,pretrain_full_4gpu_20260926.log,42960,264651,2.079527999999995
1,2,10760,66163,2.0586,2.0586,0.0,0.0004927,pretrain_full_4gpu_20260926.log,43040,264651,2.077611999999995
1,2,10780,66163,2.1621,2.1621,0.0,0.00049267,pretrain_full_4gpu_20260926.log,43120,264651,2.0802159999999947
1,2,10800,66163,2.0817,2.0817,0.0,0.00049264,pretrain_full_4gpu_20260926.log,43200,264651,2.0820839999999947
1,2,10820,66163,2.1779,2.1779,0.0,0.00049262,pretrain_full_4gpu_20260926.log,43280,264651,2.0892599999999946
1,2,10840,66163,2.081,2.081,0.0,0.00049259,pretrain_full_4gpu_20260926.log,43360,264651,2.0927199999999946
1,2,10860,66163,2.0656,2.0656,0.0,0.00049256,pretrain_full_4gpu_20260926.log,43440,264651,2.092071999999995
1,2,10880,66163,2.0856,2.0856,0.0,0.00049254,pretrain_full_4gpu_20260926.log,43520,264651,2.093707999999995
1,2,10900,66163,2.0716,2.0716,0.0,0.00049251,pretrain_full_4gpu_20260926.log,43600,264651,2.091863999999995
1,2,10920,66163,2.0649,2.0649,0.0,0.00049248,pretrain_full_4gpu_20260926.log,43680,264651,2.093799999999995
1,2,10940,66163,2.018,2.018,0.0,0.00049245,pretrain_full_4gpu_20260926.log,43760,264651,2.087707999999995
1,2,10960,66163,2.0315,2.0315,0.0,0.00049243,pretrain_full_4gpu_20260926.log,43840,264651,2.084827999999995
1,2,10980,66163,2.0864,2.0864,0.0,0.0004924,pretrain_full_4gpu_20260926.log,43920,264651,2.084571999999995
1,2,11000,66163,2.1291,2.1291,0.0,0.00049237,pretrain_full_4gpu_20260926.log,44000,264651,2.086839999999995
1,2,11020,66163,1.9972,1.9972,0.0,0.00049234,pretrain_full_4gpu_20260926.log,44080,264651,2.078607999999995
1,2,11040,66163,2.0962,2.0962,0.0,0.00049232,pretrain_full_4gpu_20260926.log,44160,264651,2.081039999999995
1,2,11060,66163,1.9643,1.9643,0.0,0.00049229,pretrain_full_4gpu_20260926.log,44240,264651,2.075807999999995
1,2,11080,66163,2.0123,2.0123,0.0,0.00049226,pretrain_full_4gpu_20260926.log,44320,264651,2.071747999999995
1,2,11100,66163,2.0476,2.0476,0.0,0.00049223,pretrain_full_4gpu_20260926.log,44400,264651,2.067503999999995
1,2,11120,66163,2.1511,2.1511,0.0,0.0004922,pretrain_full_4gpu_20260926.log,44480,264651,2.0668439999999952
1,2,11140,66163,2.0673,2.0673,0.0,0.00049218,pretrain_full_4gpu_20260926.log,44560,264651,2.0636119999999956
1,2,11160,66163,2.1557,2.1557,0.0,0.00049215,pretrain_full_4gpu_20260926.log,44640,264651,2.0732239999999957
1,2,11180,66163,1.9731,1.9731,0.0,0.00049212,pretrain_full_4gpu_20260926.log,44720,264651,2.0670079999999955
1,2,11200,66163,2.113,2.113,0.0,0.00049209,pretrain_full_4gpu_20260926.log,44800,264651,2.0693599999999956
1,2,11220,66163,1.9403,1.9403,0.0,0.00049206,pretrain_full_4gpu_20260926.log,44880,264651,2.0670239999999955
1,2,11240,66163,2.04,2.04,0.0,0.00049204,pretrain_full_4gpu_20260926.log,44960,264651,2.0668839999999955
1,2,11260,66163,2.132,2.132,0.0,0.00049201,pretrain_full_4gpu_20260926.log,45040,264651,2.0698199999999956
1,2,11280,66163,2.1078,2.1078,0.0,0.00049198,pretrain_full_4gpu_20260926.log,45120,264651,2.0676479999999953
1,2,11300,66163,1.9759,1.9759,0.0,0.00049195,pretrain_full_4gpu_20260926.log,45200,264651,2.0634159999999953
1,2,11320,66163,2.0816,2.0816,0.0,0.00049192,pretrain_full_4gpu_20260926.log,45280,264651,2.0595639999999955
1,2,11340,66163,2.0258,2.0258,0.0,0.00049189,pretrain_full_4gpu_20260926.log,45360,264651,2.057355999999995
1,2,11360,66163,2.0715,2.0715,0.0,0.00049187,pretrain_full_4gpu_20260926.log,45440,264651,2.057591999999995
1,2,11380,66163,2.0017,2.0017,0.0,0.00049184,pretrain_full_4gpu_20260926.log,45520,264651,2.054235999999995
1,2,11400,66163,2.0621,2.0621,0.0,0.00049181,pretrain_full_4gpu_20260926.log,45600,264651,2.053855999999995
1,2,11420,66163,2.1569,2.1569,0.0,0.00049178,pretrain_full_4gpu_20260926.log,45680,264651,2.057535999999995
1,2,11440,66163,2.1046,2.1046,0.0,0.00049175,pretrain_full_4gpu_20260926.log,45760,264651,2.0609999999999946
1,2,11460,66163,2.0846,2.0846,0.0,0.00049172,pretrain_full_4gpu_20260926.log,45840,264651,2.063123999999995
1,2,11480,66163,2.0254,2.0254,0.0,0.00049169,pretrain_full_4gpu_20260926.log,45920,264651,2.060683999999995
1,2,11500,66163,2.0691,2.0691,0.0,0.00049167,pretrain_full_4gpu_20260926.log,46000,264651,2.0582839999999947
1,2,11520,66163,2.1175,2.1175,0.0,0.00049164,pretrain_full_4gpu_20260926.log,46080,264651,2.063095999999995
1,2,11540,66163,2.0215,2.0215,0.0,0.00049161,pretrain_full_4gpu_20260926.log,46160,264651,2.0601079999999947
1,2,11560,66163,2.0461,2.0461,0.0,0.00049158,pretrain_full_4gpu_20260926.log,46240,264651,2.0633799999999947
1,2,11580,66163,2.0967,2.0967,0.0,0.00049155,pretrain_full_4gpu_20260926.log,46320,264651,2.0667559999999945
1,2,11600,66163,2.0339,2.0339,0.0,0.00049152,pretrain_full_4gpu_20260926.log,46400,264651,2.0662079999999947
1,2,11620,66163,2.0524,2.0524,0.0,0.00049149,pretrain_full_4gpu_20260926.log,46480,264651,2.0622599999999944
1,2,11640,66163,2.0194,2.0194,0.0,0.00049146,pretrain_full_4gpu_20260926.log,46560,264651,2.0603439999999944
1,2,11660,66163,2.0995,2.0995,0.0,0.00049143,pretrain_full_4gpu_20260926.log,46640,264651,2.058095999999994
1,2,11680,66163,2.0296,2.0296,0.0,0.0004914,pretrain_full_4gpu_20260926.log,46720,264651,2.0603559999999943
1,2,11700,66163,1.9868,1.9868,0.0,0.00049138,pretrain_full_4gpu_20260926.log,46800,264651,2.0553079999999944
1,2,11720,66163,2.0698,2.0698,0.0,0.00049135,pretrain_full_4gpu_20260926.log,46880,264651,2.060487999999994
1,2,11740,66163,2.0364,2.0364,0.0,0.00049132,pretrain_full_4gpu_20260926.log,46960,264651,2.0603439999999944
1,2,11760,66163,2.1242,2.1242,0.0,0.00049129,pretrain_full_4gpu_20260926.log,47040,264651,2.0600319999999943
1,2,11780,66163,2.1541,2.1541,0.0,0.00049126,pretrain_full_4gpu_20260926.log,47120,264651,2.0618839999999947
1,2,11800,66163,2.0814,2.0814,0.0,0.00049123,pretrain_full_4gpu_20260926.log,47200,264651,2.0661039999999944
1,2,11820,66163,2.1521,2.1521,0.0,0.0004912,pretrain_full_4gpu_20260926.log,47280,264651,2.068923999999994
1,2,11840,66163,2.147,2.147,0.0,0.00049117,pretrain_full_4gpu_20260926.log,47360,264651,2.0737719999999946
1,2,11860,66163,2.0657,2.0657,0.0,0.00049114,pretrain_full_4gpu_20260926.log,47440,264651,2.0735399999999946
1,2,11880,66163,1.9289,1.9289,0.0,0.00049111,pretrain_full_4gpu_20260926.log,47520,264651,2.0706279999999944
1,2,11900,66163,2.1072,2.1072,0.0,0.00049108,pretrain_full_4gpu_20260926.log,47600,264651,2.0724319999999943
1,2,11920,66163,2.013,2.013,0.0,0.00049105,pretrain_full_4gpu_20260926.log,47680,264651,2.0666759999999944
1,2,11940,66163,2.0513,2.0513,0.0,0.00049102,pretrain_full_4gpu_20260926.log,47760,264651,2.0645439999999944
1,2,11960,66163,2.1355,2.1355,0.0,0.00049099,pretrain_full_4gpu_20260926.log,47840,264651,2.0665799999999943
1,2,11980,66163,1.9613,1.9613,0.0,0.00049096,pretrain_full_4gpu_20260926.log,47920,264651,2.0640159999999943
1,2,12000,66163,2.0623,2.0623,0.0,0.00049093,pretrain_full_4gpu_20260926.log,48000,264651,2.0637439999999945
1,2,12020,66163,2.0866,2.0866,0.0,0.0004909,pretrain_full_4gpu_20260926.log,48080,264651,2.0625079999999945
1,2,12040,66163,2.0038,2.0038,0.0,0.00049087,pretrain_full_4gpu_20260926.log,48160,264651,2.061799999999994
1,2,12060,66163,2.0024,2.0024,0.0,0.00049084,pretrain_full_4gpu_20260926.log,48240,264651,2.060051999999994
1,2,12080,66163,2.0726,2.0726,0.0,0.00049081,pretrain_full_4gpu_20260926.log,48320,264651,2.0590879999999943
1,2,12100,66163,2.0257,2.0257,0.0,0.00049078,pretrain_full_4gpu_20260926.log,48400,264651,2.058759999999994
1,2,12120,66163,2.1186,2.1186,0.0,0.00049075,pretrain_full_4gpu_20260926.log,48480,264651,2.0614079999999944
1,2,12140,66163,2.055,2.055,0.0,0.00049072,pretrain_full_4gpu_20260926.log,48560,264651,2.0628319999999944
1,2,12160,66163,1.9419,1.9419,0.0,0.00049069,pretrain_full_4gpu_20260926.log,48640,264651,2.0565279999999944
1,2,12180,66163,2.0653,2.0653,0.0,0.00049066,pretrain_full_4gpu_20260926.log,48720,264651,2.057955999999994
1,2,12200,66163,2.0123,2.0123,0.0,0.00049063,pretrain_full_4gpu_20260926.log,48800,264651,2.058975999999994
1,2,12220,66163,2.0024,2.0024,0.0,0.0004906,pretrain_full_4gpu_20260926.log,48880,264651,2.0562799999999943
1,2,12240,66163,2.0366,2.0366,0.0,0.00049057,pretrain_full_4gpu_20260926.log,48960,264651,2.056287999999994
1,2,12260,66163,2.1197,2.1197,0.0,0.00049054,pretrain_full_4gpu_20260926.log,49040,264651,2.0561079999999943
1,2,12280,66163,2.0407,2.0407,0.0,0.00049051,pretrain_full_4gpu_20260926.log,49120,264651,2.0515719999999944
1,2,12300,66163,2.0662,2.0662,0.0,0.00049047,pretrain_full_4gpu_20260926.log,49200,264651,2.0509639999999942
1,2,12320,66163,2.0261,2.0261,0.0,0.00049044,pretrain_full_4gpu_20260926.log,49280,264651,2.045923999999994
1,2,12340,66163,2.1342,2.1342,0.0,0.00049041,pretrain_full_4gpu_20260926.log,49360,264651,2.0454119999999945
1,2,12360,66163,2.0657,2.0657,0.0,0.00049038,pretrain_full_4gpu_20260926.log,49440,264651,2.0454119999999945
1,2,12380,66163,2.0704,2.0704,0.0,0.00049035,pretrain_full_4gpu_20260926.log,49520,264651,2.0510719999999942
1,2,12400,66163,2.0075,2.0075,0.0,0.00049032,pretrain_full_4gpu_20260926.log,49600,264651,2.0470839999999946
1,2,12420,66163,2.0387,2.0387,0.0,0.00049029,pretrain_full_4gpu_20260926.log,49680,264651,2.0481119999999944
1,2,12440,66163,2.0488,2.0488,0.0,0.00049026,pretrain_full_4gpu_20260926.log,49760,264651,2.0480119999999946
1,2,12460,66163,2.0296,2.0296,0.0,0.00049023,pretrain_full_4gpu_20260926.log,49840,264651,2.0437759999999945
1,2,12480,66163,2.0298,2.0298,0.0,0.0004902,pretrain_full_4gpu_20260926.log,49920,264651,2.0465159999999947
1,2,12500,66163,2.0858,2.0858,0.0,0.00049016,pretrain_full_4gpu_20260926.log,50000,264651,2.0474559999999946
1,2,12520,66163,2.0614,2.0614,0.0,0.00049013,pretrain_full_4gpu_20260926.log,50080,264651,2.0464479999999945
1,2,12540,66163,2.025,2.025,0.0,0.0004901,pretrain_full_4gpu_20260926.log,50160,264651,2.0472959999999945
1,2,12560,66163,1.9748,1.9748,0.0,0.00049007,pretrain_full_4gpu_20260926.log,50240,264651,2.0461919999999947
1,2,12580,66163,2.0665,2.0665,0.0,0.00049004,pretrain_full_4gpu_20260926.log,50320,264651,2.0459479999999943
1,2,12600,66163,2.121,2.121,0.0,0.00049001,pretrain_full_4gpu_20260926.log,50400,264651,2.0497599999999947
1,2,12620,66163,2.0216,2.0216,0.0,0.00048998,pretrain_full_4gpu_20260926.log,50480,264651,2.0458799999999946
1,2,12640,66163,2.0907,2.0907,0.0,0.00048994,pretrain_full_4gpu_20260926.log,50560,264651,2.0473079999999944
1,2,12660,66163,2.0389,2.0389,0.0,0.00048991,pretrain_full_4gpu_20260926.log,50640,264651,2.0511879999999945
1,2,12680,66163,2.0383,2.0383,0.0,0.00048988,pretrain_full_4gpu_20260926.log,50720,264651,2.0501079999999945
1,2,12700,66163,2.1059,2.1059,0.0,0.00048985,pretrain_full_4gpu_20260926.log,50800,264651,2.0538519999999942
1,2,12720,66163,2.1191,2.1191,0.0,0.00048982,pretrain_full_4gpu_20260926.log,50880,264651,2.0585199999999944
1,2,12740,66163,2.0381,2.0381,0.0,0.00048979,pretrain_full_4gpu_20260926.log,50960,264651,2.0585799999999943
1,2,12760,66163,2.2227,2.2227,0.0,0.00048975,pretrain_full_4gpu_20260926.log,51040,264651,2.062699999999994
1,2,12780,66163,2.0179,2.0179,0.0,0.00048972,pretrain_full_4gpu_20260926.log,51120,264651,2.061787999999994
1,2,12800,66163,2.0312,2.0312,0.0,0.00048969,pretrain_full_4gpu_20260926.log,51200,264651,2.0603879999999943
1,2,12820,66163,2.0133,2.0133,0.0,0.00048966,pretrain_full_4gpu_20260926.log,51280,264651,2.0598759999999943
1,2,12840,66163,2.0406,2.0406,0.0,0.00048963,pretrain_full_4gpu_20260926.log,51360,264651,2.056131999999994
1,2,12860,66163,2.0043,2.0043,0.0,0.00048959,pretrain_full_4gpu_20260926.log,51440,264651,2.053675999999994
1,2,12880,66163,2.1037,2.1037,0.0,0.00048956,pretrain_full_4gpu_20260926.log,51520,264651,2.055007999999994
1,2,12900,66163,1.9125,1.9125,0.0,0.00048953,pretrain_full_4gpu_20260926.log,51600,264651,2.051207999999994
1,2,12920,66163,2.118,2.118,0.0,0.0004895,pretrain_full_4gpu_20260926.log,51680,264651,2.0543799999999943
1,2,12940,66163,2.0376,2.0376,0.0,0.00048947,pretrain_full_4gpu_20260926.log,51760,264651,2.0539319999999943
1,2,12960,66163,2.0775,2.0775,0.0,0.00048943,pretrain_full_4gpu_20260926.log,51840,264651,2.0558479999999943
1,2,12980,66163,2.0321,2.0321,0.0,0.0004894,pretrain_full_4gpu_20260926.log,51920,264651,2.0559399999999943
1,2,13000,66163,1.9942,1.9942,0.0,0.00048937,pretrain_full_4gpu_20260926.log,52000,264651,2.052275999999994
1,2,13020,66163,1.9927,1.9927,0.0,0.00048934,pretrain_full_4gpu_20260926.log,52080,264651,2.0495279999999942
1,2,13040,66163,2.1394,2.1394,0.0,0.0004893,pretrain_full_4gpu_20260926.log,52160,264651,2.0541039999999944
1,2,13060,66163,2.0755,2.0755,0.0,0.00048927,pretrain_full_4gpu_20260926.log,52240,264651,2.0581319999999943
1,2,13080,66163,2.0055,2.0055,0.0,0.00048924,pretrain_full_4gpu_20260926.log,52320,264651,2.0556919999999943
1,2,13100,66163,1.937,1.937,0.0,0.00048921,pretrain_full_4gpu_20260926.log,52400,264651,2.048331999999994
1,2,13120,66163,2.1003,2.1003,0.0,0.00048917,pretrain_full_4gpu_20260926.log,52480,264651,2.051479999999994
1,2,13140,66163,1.9706,1.9706,0.0,0.00048914,pretrain_full_4gpu_20260926.log,52560,264651,2.046675999999994
1,2,13160,66163,2.0549,2.0549,0.0,0.00048911,pretrain_full_4gpu_20260926.log,52640,264651,2.0473159999999937
1,2,13180,66163,1.9756,1.9756,0.0,0.00048907,pretrain_full_4gpu_20260926.log,52720,264651,2.044807999999994
1,2,13200,66163,2.1152,2.1152,0.0,0.00048904,pretrain_full_4gpu_20260926.log,52800,264651,2.045179999999994
1,2,13220,66163,1.935,1.935,0.0,0.00048901,pretrain_full_4gpu_20260926.log,52880,264651,2.037815999999994
1,2,13240,66163,2.083,2.083,0.0,0.00048898,pretrain_full_4gpu_20260926.log,52960,264651,2.0396119999999938
1,2,13260,66163,2.1009,2.1009,0.0,0.00048894,pretrain_full_4gpu_20260926.log,53040,264651,2.034739999999994
1,2,13280,66163,2.0799,2.0799,0.0,0.00048891,pretrain_full_4gpu_20260926.log,53120,264651,2.0372199999999943
1,2,13300,66163,1.9834,1.9834,0.0,0.00048888,pretrain_full_4gpu_20260926.log,53200,264651,2.0353079999999943
1,2,13320,66163,2.0619,2.0619,0.0,0.00048884,pretrain_full_4gpu_20260926.log,53280,264651,2.0372519999999943
1,2,13340,66163,2.0601,2.0601,0.0,0.00048881,pretrain_full_4gpu_20260926.log,53360,264651,2.0380319999999945
1,2,13360,66163,1.9962,1.9962,0.0,0.00048878,pretrain_full_4gpu_20260926.log,53440,264651,2.0377079999999945
1,2,13380,66163,2.0325,2.0325,0.0,0.00048874,pretrain_full_4gpu_20260926.log,53520,264651,2.0348599999999943
1,2,13400,66163,1.9975,1.9975,0.0,0.00048871,pretrain_full_4gpu_20260926.log,53600,264651,2.0382599999999944
1,2,13420,66163,2.0324,2.0324,0.0,0.00048868,pretrain_full_4gpu_20260926.log,53680,264651,2.034835999999994
1,2,13440,66163,2.1351,2.1351,0.0,0.00048864,pretrain_full_4gpu_20260926.log,53760,264651,2.0387359999999943
1,2,13460,66163,2.0733,2.0733,0.0,0.00048861,pretrain_full_4gpu_20260926.log,53840,264651,2.0385679999999944
1,2,13480,66163,2.0071,2.0071,0.0,0.00048858,pretrain_full_4gpu_20260926.log,53920,264651,2.0375679999999945
1,2,13500,66163,2.0274,2.0274,0.0,0.00048854,pretrain_full_4gpu_20260926.log,54000,264651,2.0388959999999945
1,2,13520,66163,1.9579,1.9579,0.0,0.00048851,pretrain_full_4gpu_20260926.log,54080,264651,2.037503999999995
1,2,13540,66163,2.0839,2.0839,0.0,0.00048847,pretrain_full_4gpu_20260926.log,54160,264651,2.0352839999999945
1,2,13560,66163,2.072,2.072,0.0,0.00048844,pretrain_full_4gpu_20260926.log,54240,264651,2.035143999999995
1,2,13580,66163,2.0608,2.0608,0.0,0.00048841,pretrain_full_4gpu_20260926.log,54320,264651,2.037355999999995
1,2,13600,66163,2.0333,2.0333,0.0,0.00048837,pretrain_full_4gpu_20260926.log,54400,264651,2.041207999999995
1,2,13620,66163,2.0069,2.0069,0.0,0.00048834,pretrain_full_4gpu_20260926.log,54480,264651,2.0374719999999953
1,2,13640,66163,2.0024,2.0024,0.0,0.00048831,pretrain_full_4gpu_20260926.log,54560,264651,2.0387439999999954
1,2,13660,66163,2.1525,2.1525,0.0,0.00048827,pretrain_full_4gpu_20260926.log,54640,264651,2.0426479999999954
1,2,13680,66163,1.9959,1.9959,0.0,0.00048824,pretrain_full_4gpu_20260926.log,54720,264651,2.043459999999995
1,2,13700,66163,2.0807,2.0807,0.0,0.0004882,pretrain_full_4gpu_20260926.log,54800,264651,2.042079999999995
1,2,13720,66163,2.0078,2.0078,0.0,0.00048817,pretrain_full_4gpu_20260926.log,54880,264651,2.0449919999999953
1,2,13740,66163,2.0327,2.0327,0.0,0.00048813,pretrain_full_4gpu_20260926.log,54960,264651,2.042979999999995
1,2,13760,66163,2.0119,2.0119,0.0,0.0004881,pretrain_full_4gpu_20260926.log,55040,264651,2.039419999999995
1,2,13780,66163,1.9747,1.9747,0.0,0.00048807,pretrain_full_4gpu_20260926.log,55120,264651,2.0352119999999947
1,2,13800,66163,2.0582,2.0582,0.0,0.00048803,pretrain_full_4gpu_20260926.log,55200,264651,2.0382039999999946
1,2,13820,66163,2.048,2.048,0.0,0.000488,pretrain_full_4gpu_20260926.log,55280,264651,2.0376479999999946
1,2,13840,66163,2.0774,2.0774,0.0,0.00048796,pretrain_full_4gpu_20260926.log,55360,264651,2.0383399999999945
1,2,13860,66163,2.0972,2.0972,0.0,0.00048793,pretrain_full_4gpu_20260926.log,55440,264651,2.0423799999999948
1,2,13880,66163,1.978,1.978,0.0,0.00048789,pretrain_full_4gpu_20260926.log,55520,264651,2.0401999999999947
1,2,13900,66163,2.0203,2.0203,0.0,0.00048786,pretrain_full_4gpu_20260926.log,55600,264651,2.0411119999999947
1,2,13920,66163,2.1113,2.1113,0.0,0.00048782,pretrain_full_4gpu_20260926.log,55680,264651,2.0442679999999944
1,2,13940,66163,2.0079,2.0079,0.0,0.00048779,pretrain_full_4gpu_20260926.log,55760,264651,2.039179999999994
1,2,13960,66163,1.9022,1.9022,0.0,0.00048776,pretrain_full_4gpu_20260926.log,55840,264651,2.032335999999994
1,2,13980,66163,2.0668,2.0668,0.0,0.00048772,pretrain_full_4gpu_20260926.log,55920,264651,2.0347239999999944
1,2,14000,66163,2.0056,2.0056,0.0,0.00048769,pretrain_full_4gpu_20260926.log,56000,264651,2.033851999999994
1,2,14020,66163,2.0239,2.0239,0.0,0.00048765,pretrain_full_4gpu_20260926.log,56080,264651,2.036491999999994
1,2,14040,66163,2.0068,2.0068,0.0,0.00048762,pretrain_full_4gpu_20260926.log,56160,264651,2.033407999999994
1,2,14060,66163,1.9453,1.9453,0.0,0.00048758,pretrain_full_4gpu_20260926.log,56240,264651,2.0283399999999943
1,2,14080,66163,1.9322,1.9322,0.0,0.00048755,pretrain_full_4gpu_20260926.log,56320,264651,2.023195999999994
1,2,14100,66163,1.9803,1.9803,0.0,0.00048751,pretrain_full_4gpu_20260926.log,56400,264651,2.021075999999994
1,2,14120,66163,1.9868,1.9868,0.0,0.00048748,pretrain_full_4gpu_20260926.log,56480,264651,2.020271999999994
1,2,14140,66163,2.088,2.088,0.0,0.00048744,pretrain_full_4gpu_20260926.log,56560,264651,2.0236959999999944
1,2,14160,66163,2.0033,2.0033,0.0,0.00048741,pretrain_full_4gpu_20260926.log,56640,264651,2.0177279999999946
1,2,14180,66163,2.0849,2.0849,0.0,0.00048737,pretrain_full_4gpu_20260926.log,56720,264651,2.0212879999999944
1,2,14200,66163,1.9334,1.9334,0.0,0.00048733,pretrain_full_4gpu_20260926.log,56800,264651,2.015395999999994
1,2,14220,66163,1.9642,1.9642,0.0,0.0004873,pretrain_full_4gpu_20260926.log,56880,264651,2.0136519999999942
1,2,14240,66163,1.9808,1.9808,0.0,0.00048726,pretrain_full_4gpu_20260926.log,56960,264651,2.0115759999999945
1,2,14260,66163,2.0096,2.0096,0.0,0.00048723,pretrain_full_4gpu_20260926.log,57040,264651,2.0114839999999945
1,2,14280,66163,2.0147,2.0147,0.0,0.00048719,pretrain_full_4gpu_20260926.log,57120,264651,2.0130839999999943
1,2,14300,66163,2.0784,2.0784,0.0,0.00048716,pretrain_full_4gpu_20260926.log,57200,264651,2.0138919999999945
1,2,14320,66163,1.9909,1.9909,0.0,0.00048712,pretrain_full_4gpu_20260926.log,57280,264651,2.011607999999994
1,2,14340,66163,1.9081,1.9081,0.0,0.00048709,pretrain_full_4gpu_20260926.log,57360,264651,2.0048359999999943
1,2,14360,66163,2.0497,2.0497,0.0,0.00048705,pretrain_full_4gpu_20260926.log,57440,264651,2.0029359999999943
1,2,14380,66163,2.051,2.051,0.0,0.00048701,pretrain_full_4gpu_20260926.log,57520,264651,2.0058559999999943
1,2,14400,66163,2.0382,2.0382,0.0,0.00048698,pretrain_full_4gpu_20260926.log,57600,264651,2.0065719999999945
1,2,14420,66163,2.0245,2.0245,0.0,0.00048694,pretrain_full_4gpu_20260926.log,57680,264651,2.0030999999999946
1,2,14440,66163,1.9768,1.9768,0.0,0.00048691,pretrain_full_4gpu_20260926.log,57760,264651,2.0018559999999948
1,2,14460,66163,2.0076,2.0076,0.0,0.00048687,pretrain_full_4gpu_20260926.log,57840,264651,2.0060719999999943
1,2,14480,66163,2.0491,2.0491,0.0,0.00048684,pretrain_full_4gpu_20260926.log,57920,264651,2.0053639999999944
1,2,14500,66163,2.0363,2.0363,0.0,0.0004868,pretrain_full_4gpu_20260926.log,58000,264651,2.006591999999994
1,2,14520,66163,2.0079,2.0079,0.0,0.00048676,pretrain_full_4gpu_20260926.log,58080,264651,2.0059519999999944
1,2,14540,66163,2.0414,2.0414,0.0,0.00048673,pretrain_full_4gpu_20260926.log,58160,264651,2.0073359999999947
1,2,14560,66163,2.0905,2.0905,0.0,0.00048669,pretrain_full_4gpu_20260926.log,58240,264651,2.0131439999999943
1,2,14580,66163,2.091,2.091,0.0,0.00048665,pretrain_full_4gpu_20260926.log,58320,264651,2.0194959999999944
1,2,14600,66163,1.9878,1.9878,0.0,0.00048662,pretrain_full_4gpu_20260926.log,58400,264651,2.019795999999994
1,2,14620,66163,1.9789,1.9789,0.0,0.00048658,pretrain_full_4gpu_20260926.log,58480,264651,2.0194799999999944
1,2,14640,66163,1.9586,1.9586,0.0,0.00048655,pretrain_full_4gpu_20260926.log,58560,264651,2.0143039999999943
1,2,14660,66163,2.0583,2.0583,0.0,0.00048651,pretrain_full_4gpu_20260926.log,58640,264651,2.016503999999994
1,2,14680,66163,1.9723,1.9723,0.0,0.00048647,pretrain_full_4gpu_20260926.log,58720,264651,2.0119999999999942
1,2,14700,66163,2.0495,2.0495,0.0,0.00048644,pretrain_full_4gpu_20260926.log,58800,264651,2.016643999999994
1,2,14720,66163,2.0509,2.0509,0.0,0.0004864,pretrain_full_4gpu_20260926.log,58880,264651,2.0201119999999944
1,2,14740,66163,2.0322,2.0322,0.0,0.00048636,pretrain_full_4gpu_20260926.log,58960,264651,2.0221679999999944
1,2,14760,66163,1.9435,1.9435,0.0,0.00048633,pretrain_full_4gpu_20260926.log,59040,264651,2.0195239999999943
1,2,14780,66163,2.0937,2.0937,0.0,0.00048629,pretrain_full_4gpu_20260926.log,59120,264651,2.0226839999999946
1,2,14800,66163,1.9852,1.9852,0.0,0.00048625,pretrain_full_4gpu_20260926.log,59200,264651,2.0189559999999944
1,2,14820,66163,1.9717,1.9717,0.0,0.00048622,pretrain_full_4gpu_20260926.log,59280,264651,2.0181879999999945
1,2,14840,66163,2.0128,2.0128,0.0,0.00048618,pretrain_full_4gpu_20260926.log,59360,264651,2.0223759999999946
1,2,14860,66163,2.0444,2.0444,0.0,0.00048614,pretrain_full_4gpu_20260926.log,59440,264651,2.0221639999999947
1,2,14880,66163,2.0019,2.0019,0.0,0.00048611,pretrain_full_4gpu_20260926.log,59520,264651,2.0201999999999942
1,2,14900,66163,2.0276,2.0276,0.0,0.00048607,pretrain_full_4gpu_20260926.log,59600,264651,2.0197759999999945
1,2,14920,66163,2.0491,2.0491,0.0,0.00048603,pretrain_full_4gpu_20260926.log,59680,264651,2.0207599999999943
1,2,14940,66163,2.0568,2.0568,0.0,0.00048599,pretrain_full_4gpu_20260926.log,59760,264651,2.0239599999999944
1,2,14960,66163,1.9531,1.9531,0.0,0.00048596,pretrain_full_4gpu_20260926.log,59840,264651,2.0217799999999944
1,2,14980,66163,2.0211,2.0211,0.0,0.00048592,pretrain_full_4gpu_20260926.log,59920,264651,2.020659999999994
1,2,15000,66163,1.9654,1.9654,0.0,0.00048588,pretrain_full_4gpu_20260926.log,60000,264651,2.0178239999999943
1,2,15020,66163,2.0055,2.0055,0.0,0.00048585,pretrain_full_4gpu_20260926.log,60080,264651,2.017727999999994
1,2,15040,66163,2.0825,2.0825,0.0,0.00048581,pretrain_full_4gpu_20260926.log,60160,264651,2.0193719999999944
1,2,15060,66163,2.0674,2.0674,0.0,0.00048577,pretrain_full_4gpu_20260926.log,60240,264651,2.018447999999994
1,2,15080,66163,1.9373,1.9373,0.0,0.00048573,pretrain_full_4gpu_20260926.log,60320,264651,2.0122999999999944
1,2,15100,66163,2.0596,2.0596,0.0,0.0004857,pretrain_full_4gpu_20260926.log,60400,264651,2.0151719999999944
1,2,15120,66163,2.0461,2.0461,0.0,0.00048566,pretrain_full_4gpu_20260926.log,60480,264651,2.0178599999999944
1,2,15140,66163,1.9445,1.9445,0.0,0.00048562,pretrain_full_4gpu_20260926.log,60560,264651,2.017295999999994
1,2,15160,66163,2.0427,2.0427,0.0,0.00048558,pretrain_full_4gpu_20260926.log,60640,264651,2.016671999999994
1,2,15180,66163,2.0669,2.0669,0.0,0.00048555,pretrain_full_4gpu_20260926.log,60720,264651,2.020455999999994
1,2,15200,66163,1.9448,1.9448,0.0,0.00048551,pretrain_full_4gpu_20260926.log,60800,264651,2.016267999999994
1,2,15220,66163,2.0348,2.0348,0.0,0.00048547,pretrain_full_4gpu_20260926.log,60880,264651,2.015623999999994
1,2,15240,66163,1.9953,1.9953,0.0,0.00048543,pretrain_full_4gpu_20260926.log,60960,264651,2.014147999999994
1,2,15260,66163,2.0068,2.0068,0.0,0.00048539,pretrain_full_4gpu_20260926.log,61040,264651,2.016679999999994
1,2,15280,66163,1.9246,1.9246,0.0,0.00048536,pretrain_full_4gpu_20260926.log,61120,264651,2.009915999999994
1,2,15300,66163,2.0558,2.0558,0.0,0.00048532,pretrain_full_4gpu_20260926.log,61200,264651,2.0127399999999938
1,2,15320,66163,1.9808,1.9808,0.0,0.00048528,pretrain_full_4gpu_20260926.log,61280,264651,2.013103999999994
1,2,15340,66163,1.9913,1.9913,0.0,0.00048524,pretrain_full_4gpu_20260926.log,61360,264651,2.012243999999994
1,2,15360,66163,1.8762,1.8762,0.0,0.0004852,pretrain_full_4gpu_20260926.log,61440,264651,2.005515999999994
1,2,15380,66163,1.9938,1.9938,0.0,0.00048517,pretrain_full_4gpu_20260926.log,61520,264651,2.005191999999994
1,2,15400,66163,2.0071,2.0071,0.0,0.00048513,pretrain_full_4gpu_20260926.log,61600,264651,2.004371999999994
1,2,15420,66163,2.0439,2.0439,0.0,0.00048509,pretrain_full_4gpu_20260926.log,61680,264651,2.004163999999994
1,2,15440,66163,2.0094,2.0094,0.0,0.00048505,pretrain_full_4gpu_20260926.log,61760,264651,2.0022679999999937
1,2,15460,66163,2.0415,2.0415,0.0,0.00048501,pretrain_full_4gpu_20260926.log,61840,264651,2.0058039999999937
1,2,15480,66163,2.0523,2.0523,0.0,0.00048498,pretrain_full_4gpu_20260926.log,61920,264651,2.007051999999994
1,2,15500,66163,2.0607,2.0607,0.0,0.00048494,pretrain_full_4gpu_20260926.log,62000,264651,2.0108639999999935
1,2,15520,66163,1.9818,1.9818,0.0,0.0004849,pretrain_full_4gpu_20260926.log,62080,264651,2.009915999999994
1,2,15540,66163,2.0295,2.0295,0.0,0.00048486,pretrain_full_4gpu_20260926.log,62160,264651,2.0077959999999937
1,2,15560,66163,1.8805,1.8805,0.0,0.00048482,pretrain_full_4gpu_20260926.log,62240,264651,2.0003199999999937
1,2,15580,66163,2.0535,2.0535,0.0,0.00048478,pretrain_full_4gpu_20260926.log,62320,264651,2.0049679999999936
1,2,15600,66163,1.9593,1.9593,0.0,0.00048474,pretrain_full_4gpu_20260926.log,62400,264651,2.0009559999999933
1,2,15620,66163,2.1026,2.1026,0.0,0.00048471,pretrain_full_4gpu_20260926.log,62480,264651,2.0032159999999934
1,2,15640,66163,1.9132,1.9132,0.0,0.00048467,pretrain_full_4gpu_20260926.log,62560,264651,2.0019639999999934
1,2,15660,66163,2.0035,2.0035,0.0,0.00048463,pretrain_full_4gpu_20260926.log,62640,264651,2.0003959999999936
1,2,15680,66163,1.9696,1.9696,0.0,0.00048459,pretrain_full_4gpu_20260926.log,62720,264651,1.9965039999999938
1,2,15700,66163,1.9056,1.9056,0.0,0.00048455,pretrain_full_4gpu_20260926.log,62800,264651,1.9949359999999938
1,2,15720,66163,2.0217,2.0217,0.0,0.00048451,pretrain_full_4gpu_20260926.log,62880,264651,1.994411999999994
1,2,15740,66163,1.9672,1.9672,0.0,0.00048447,pretrain_full_4gpu_20260926.log,62960,264651,1.993287999999994
1,2,15760,66163,2.0088,2.0088,0.0,0.00048443,pretrain_full_4gpu_20260926.log,63040,264651,1.993367999999994
1,2,15780,66163,1.9853,1.9853,0.0,0.00048439,pretrain_full_4gpu_20260926.log,63120,264651,1.9957959999999944
1,2,15800,66163,2.0011,2.0011,0.0,0.00048435,pretrain_full_4gpu_20260926.log,63200,264651,1.9936079999999945
1,2,15820,66163,2.064,2.064,0.0,0.00048432,pretrain_full_4gpu_20260926.log,63280,264651,1.9969359999999943
1,2,15840,66163,2.0934,2.0934,0.0,0.00048428,pretrain_full_4gpu_20260926.log,63360,264651,2.0010199999999942
1,2,15860,66163,1.9544,1.9544,0.0,0.00048424,pretrain_full_4gpu_20260926.log,63440,264651,2.0041479999999945
1,2,15880,66163,1.9846,1.9846,0.0,0.0004842,pretrain_full_4gpu_20260926.log,63520,264651,2.0037799999999946
1,2,15900,66163,2.1008,2.1008,0.0,0.00048416,pretrain_full_4gpu_20260926.log,63600,264651,2.0075279999999944
1,2,15920,66163,2.0379,2.0379,0.0,0.00048412,pretrain_full_4gpu_20260926.log,63680,264651,2.007287999999994
1,2,15940,66163,1.9536,1.9536,0.0,0.00048408,pretrain_full_4gpu_20260926.log,63760,264651,2.0050559999999944
1,2,15960,66163,2.0388,2.0388,0.0,0.00048404,pretrain_full_4gpu_20260926.log,63840,264651,2.0049479999999944
1,2,15980,66163,1.9398,1.9398,0.0,0.000484,pretrain_full_4gpu_20260926.log,63920,264651,2.0004479999999942
1,2,16000,66163,2.0474,2.0474,0.0,0.00048396,pretrain_full_4gpu_20260926.log,64000,264651,1.9999159999999947
1,2,16020,66163,2.0628,2.0628,0.0,0.00048392,pretrain_full_4gpu_20260926.log,64080,264651,2.003155999999995
1,2,16040,66163,1.953,1.953,0.0,0.00048388,pretrain_full_4gpu_20260926.log,64160,264651,2.0000959999999948
1,2,16060,66163,2.0359,2.0359,0.0,0.00048384,pretrain_full_4gpu_20260926.log,64240,264651,2.006311999999995
1,2,16080,66163,2.0606,2.0606,0.0,0.0004838,pretrain_full_4gpu_20260926.log,64320,264651,2.006595999999995
1,2,16100,66163,1.9359,1.9359,0.0,0.00048376,pretrain_full_4gpu_20260926.log,64400,264651,2.005659999999995
1,2,16120,66163,2.0254,2.0254,0.0,0.00048372,pretrain_full_4gpu_20260926.log,64480,264651,2.002571999999995
1,2,16140,66163,1.988,1.988,0.0,0.00048368,pretrain_full_4gpu_20260926.log,64560,264651,2.0055639999999944
1,2,16160,66163,1.9296,1.9296,0.0,0.00048364,pretrain_full_4gpu_20260926.log,64640,264651,2.0026079999999946
1,2,16180,66163,2.0399,2.0399,0.0,0.0004836,pretrain_full_4gpu_20260926.log,64720,264651,2.0054199999999947
1,2,16200,66163,2.0285,2.0285,0.0,0.00048356,pretrain_full_4gpu_20260926.log,64800,264651,2.010335999999995
1,2,16220,66163,1.9938,1.9938,0.0,0.00048352,pretrain_full_4gpu_20260926.log,64880,264651,2.0092199999999947
1,2,16240,66163,2.0735,2.0735,0.0,0.00048348,pretrain_full_4gpu_20260926.log,64960,264651,2.013471999999995
1,2,16260,66163,2.0234,2.0234,0.0,0.00048344,pretrain_full_4gpu_20260926.log,65040,264651,2.0140559999999947
1,2,16280,66163,2.0053,2.0053,0.0,0.0004834,pretrain_full_4gpu_20260926.log,65120,264651,2.0148559999999947
1,2,16300,66163,1.9753,1.9753,0.0,0.00048336,pretrain_full_4gpu_20260926.log,65200,264651,2.0138239999999943
1,2,16320,66163,1.9465,1.9465,0.0,0.00048332,pretrain_full_4gpu_20260926.log,65280,264651,2.0091239999999946
1,2,16340,66163,2.0223,2.0223,0.0,0.00048328,pretrain_full_4gpu_20260926.log,65360,264651,2.0062799999999945
1,2,16360,66163,1.8779,1.8779,0.0,0.00048324,pretrain_full_4gpu_20260926.log,65440,264651,2.0032199999999944
1,2,16380,66163,1.9238,1.9238,0.0,0.0004832,pretrain_full_4gpu_20260926.log,65520,264651,2.0007879999999942
1,2,16400,66163,2.0767,2.0767,0.0,0.00048316,pretrain_full_4gpu_20260926.log,65600,264651,1.9998239999999945
1,2,16420,66163,1.9263,1.9263,0.0,0.00048312,pretrain_full_4gpu_20260926.log,65680,264651,1.9953599999999942
1,2,16440,66163,2.068,2.068,0.0,0.00048308,pretrain_full_4gpu_20260926.log,65760,264651,1.9999359999999942
1,2,16460,66163,1.9846,1.9846,0.0,0.00048304,pretrain_full_4gpu_20260926.log,65840,264651,1.9977679999999942
1,2,16480,66163,1.9479,1.9479,0.0,0.000483,pretrain_full_4gpu_20260926.log,65920,264651,1.998091999999994
1,2,16500,66163,2.04,2.04,0.0,0.00048296,pretrain_full_4gpu_20260926.log,66000,264651,1.997795999999994
1,2,16520,66163,2.0175,2.0175,0.0,0.00048292,pretrain_full_4gpu_20260926.log,66080,264651,1.9959839999999938
1,2,16540,66163,1.9452,1.9452,0.0,0.00048287,pretrain_full_4gpu_20260926.log,66160,264651,1.9956719999999937
1,2,16560,66163,1.9284,1.9284,0.0,0.00048283,pretrain_full_4gpu_20260926.log,66240,264651,1.991371999999994
1,2,16580,66163,1.9372,1.9372,0.0,0.00048279,pretrain_full_4gpu_20260926.log,66320,264651,1.9864359999999937
1,2,16600,66163,1.9498,1.9498,0.0,0.00048275,pretrain_full_4gpu_20260926.log,66400,264651,1.9869919999999939
1,2,16620,66163,1.9151,1.9151,0.0,0.00048271,pretrain_full_4gpu_20260926.log,66480,264651,1.9825799999999942
1,2,16640,66163,1.8618,1.8618,0.0,0.00048267,pretrain_full_4gpu_20260926.log,66560,264651,1.9775319999999943
1,2,16660,66163,1.9777,1.9777,0.0,0.00048263,pretrain_full_4gpu_20260926.log,66640,264651,1.979455999999994
1,2,16680,66163,1.953,1.953,0.0,0.00048259,pretrain_full_4gpu_20260926.log,66720,264651,1.975979999999994
1,2,16700,66163,2.0098,2.0098,0.0,0.00048255,pretrain_full_4gpu_20260926.log,66800,264651,1.975231999999994
1,2,16720,66163,2.1396,2.1396,0.0,0.0004825,pretrain_full_4gpu_20260926.log,66880,264651,1.9810639999999942
1,2,16740,66163,2.0692,2.0692,0.0,0.00048246,pretrain_full_4gpu_20260926.log,66960,264651,1.980891999999994
1,2,16760,66163,1.983,1.983,0.0,0.00048242,pretrain_full_4gpu_20260926.log,67040,264651,1.9792759999999938
1,2,16780,66163,1.9848,1.9848,0.0,0.00048238,pretrain_full_4gpu_20260926.log,67120,264651,1.978455999999994
1,2,16800,66163,2.0301,2.0301,0.0,0.00048234,pretrain_full_4gpu_20260926.log,67200,264651,1.980647999999994
1,2,16820,66163,2.0381,2.0381,0.0,0.0004823,pretrain_full_4gpu_20260926.log,67280,264651,1.9843119999999939
1,2,16840,66163,1.9843,1.9843,0.0,0.00048226,pretrain_full_4gpu_20260926.log,67360,264651,1.9827919999999937
1,2,16860,66163,1.9396,1.9396,0.0,0.00048221,pretrain_full_4gpu_20260926.log,67440,264651,1.9852599999999938
1,2,16880,66163,1.9982,1.9982,0.0,0.00048217,pretrain_full_4gpu_20260926.log,67520,264651,1.9882359999999937
1,2,16900,66163,1.8982,1.8982,0.0,0.00048213,pretrain_full_4gpu_20260926.log,67600,264651,1.9810959999999938
1,2,16920,66163,1.9694,1.9694,0.0,0.00048209,pretrain_full_4gpu_20260926.log,67680,264651,1.9828199999999938
1,2,16940,66163,1.9834,1.9834,0.0,0.00048205,pretrain_full_4gpu_20260926.log,67760,264651,1.979435999999994
1,2,16960,66163,2.0038,2.0038,0.0,0.00048201,pretrain_full_4gpu_20260926.log,67840,264651,1.980203999999994
1,2,16980,66163,2.0593,2.0593,0.0,0.00048196,pretrain_full_4gpu_20260926.log,67920,264651,1.984659999999994
1,2,17000,66163,1.9392,1.9392,0.0,0.00048192,pretrain_full_4gpu_20260926.log,68000,264651,1.980627999999994
1,2,17020,66163,2.0489,2.0489,0.0,0.00048188,pretrain_full_4gpu_20260926.log,68080,264651,1.9818839999999944
1,2,17040,66163,2.0287,2.0287,0.0,0.00048184,pretrain_full_4gpu_20260926.log,68160,264651,1.9852239999999943
1,2,17060,66163,2.0564,2.0564,0.0,0.0004818,pretrain_full_4gpu_20260926.log,68240,264651,1.9903439999999943
1,2,17080,66163,1.9034,1.9034,0.0,0.00048175,pretrain_full_4gpu_20260926.log,68320,264651,1.9889919999999943
1,2,17100,66163,1.9646,1.9646,0.0,0.00048171,pretrain_full_4gpu_20260926.log,68400,264651,1.9895839999999942
1,2,17120,66163,1.9526,1.9526,0.0,0.00048167,pretrain_full_4gpu_20260926.log,68480,264651,1.9910839999999939
1,2,17140,66163,1.97,1.97,0.0,0.00048163,pretrain_full_4gpu_20260926.log,68560,264651,1.9954119999999937
1,2,17160,66163,2.028,2.028,0.0,0.00048158,pretrain_full_4gpu_20260926.log,68640,264651,1.9974239999999939
1,2,17180,66163,2.0179,2.0179,0.0,0.00048154,pretrain_full_4gpu_20260926.log,68720,264651,2.0000199999999935
1,2,17200,66163,2.0061,2.0061,0.0,0.0004815,pretrain_full_4gpu_20260926.log,68800,264651,1.9998719999999934
1,2,17220,66163,1.9762,1.9762,0.0,0.00048146,pretrain_full_4gpu_20260926.log,68880,264651,1.9933359999999933
1,2,17240,66163,2.0782,2.0782,0.0,0.00048141,pretrain_full_4gpu_20260926.log,68960,264651,1.9936959999999935
1,2,17260,66163,2.0617,2.0617,0.0,0.00048137,pretrain_full_4gpu_20260926.log,69040,264651,1.9968439999999936
1,2,17280,66163,1.9407,1.9407,0.0,0.00048133,pretrain_full_4gpu_20260926.log,69120,264651,1.9950799999999935
1,2,17300,66163,1.9542,1.9542,0.0,0.00048129,pretrain_full_4gpu_20260926.log,69200,264651,1.9920439999999937
1,2,17320,66163,1.9242,1.9242,0.0,0.00048124,pretrain_full_4gpu_20260926.log,69280,264651,1.9874879999999937
1,2,17340,66163,2.0338,2.0338,0.0,0.0004812,pretrain_full_4gpu_20260926.log,69360,264651,1.9894679999999938
1,2,17360,66163,1.9662,1.9662,0.0,0.00048116,pretrain_full_4gpu_20260926.log,69440,264651,1.9905319999999938
1,2,17380,66163,1.9733,1.9733,0.0,0.00048112,pretrain_full_4gpu_20260926.log,69520,264651,1.989535999999994
1,2,17400,66163,1.9493,1.9493,0.0,0.00048107,pretrain_full_4gpu_20260926.log,69600,264651,1.991579999999994
1,2,17420,66163,1.9967,1.9967,0.0,0.00048103,pretrain_full_4gpu_20260926.log,69680,264651,1.9926719999999938
1,2,17440,66163,2.0408,2.0408,0.0,0.00048099,pretrain_full_4gpu_20260926.log,69760,264651,1.9949679999999936
1,2,17460,66163,1.9599,1.9599,0.0,0.00048094,pretrain_full_4gpu_20260926.log,69840,264651,1.9932119999999935
1,2,17480,66163,2.0934,2.0934,0.0,0.0004809,pretrain_full_4gpu_20260926.log,69920,264651,1.9945759999999937
1,2,17500,66163,2.0323,2.0323,0.0,0.00048086,pretrain_full_4gpu_20260926.log,70000,264651,1.9982999999999935
1,2,17520,66163,1.9644,1.9644,0.0,0.00048082,pretrain_full_4gpu_20260926.log,70080,264651,1.9949199999999934
1,2,17540,66163,2.0493,2.0493,0.0,0.00048077,pretrain_full_4gpu_20260926.log,70160,264651,1.9957439999999935
1,2,17560,66163,1.9158,1.9158,0.0,0.00048073,pretrain_full_4gpu_20260926.log,70240,264651,1.9901199999999932
1,2,17580,66163,1.9623,1.9623,0.0,0.00048069,pretrain_full_4gpu_20260926.log,70320,264651,1.9924759999999933
1,2,17600,66163,1.9545,1.9545,0.0,0.00048064,pretrain_full_4gpu_20260926.log,70400,264651,1.9920719999999934
1,2,17620,66163,1.9939,1.9939,0.0,0.0004806,pretrain_full_4gpu_20260926.log,70480,264651,1.9937239999999938
1,2,17640,66163,2.0076,2.0076,0.0,0.00048056,pretrain_full_4gpu_20260926.log,70560,264651,1.995227999999994
1,2,17660,66163,2.0211,2.0211,0.0,0.00048051,pretrain_full_4gpu_20260926.log,70640,264651,1.9949519999999938
1,2,17680,66163,1.9793,1.9793,0.0,0.00048047,pretrain_full_4gpu_20260926.log,70720,264651,1.993407999999994
1,2,17700,66163,2.0074,2.0074,0.0,0.00048042,pretrain_full_4gpu_20260926.log,70800,264651,1.9934599999999938
1,2,17720,66163,1.9388,1.9388,0.0,0.00048038,pretrain_full_4gpu_20260926.log,70880,264651,1.9919639999999939
1,2,17740,66163,1.9151,1.9151,0.0,0.00048034,pretrain_full_4gpu_20260926.log,70960,264651,1.9854399999999939
1,2,17760,66163,1.9556,1.9556,0.0,0.00048029,pretrain_full_4gpu_20260926.log,71040,264651,1.9811959999999937
1,2,17780,66163,2.037,2.037,0.0,0.00048025,pretrain_full_4gpu_20260926.log,71120,264651,1.9850479999999937
1,2,17800,66163,1.9512,1.9512,0.0,0.00048021,pretrain_full_4gpu_20260926.log,71200,264651,1.9849279999999936
1,2,17820,66163,2.0232,2.0232,0.0,0.00048016,pretrain_full_4gpu_20260926.log,71280,264651,1.9888879999999938
1,2,17840,66163,1.9392,1.9392,0.0,0.00048012,pretrain_full_4gpu_20260926.log,71360,264651,1.9851039999999938
1,2,17860,66163,1.9411,1.9411,0.0,0.00048007,pretrain_full_4gpu_20260926.log,71440,264651,1.9840999999999938
1,2,17880,66163,2.0041,2.0041,0.0,0.00048003,pretrain_full_4gpu_20260926.log,71520,264651,1.9853319999999937
1,2,17900,66163,1.9752,1.9752,0.0,0.00047999,pretrain_full_4gpu_20260926.log,71600,264651,1.9863679999999937
1,2,17920,66163,1.9949,1.9949,0.0,0.00047994,pretrain_full_4gpu_20260926.log,71680,264651,1.9862959999999938
1,2,17940,66163,1.9833,1.9833,0.0,0.0004799,pretrain_full_4gpu_20260926.log,71760,264651,1.9839959999999939
1,2,17960,66163,1.8956,1.8956,0.0,0.00047985,pretrain_full_4gpu_20260926.log,71840,264651,1.981423999999994
1,2,17980,66163,2.0069,2.0069,0.0,0.00047981,pretrain_full_4gpu_20260926.log,71920,264651,1.977963999999994
1,2,18000,66163,1.922,1.922,0.0,0.00047977,pretrain_full_4gpu_20260926.log,72000,264651,1.973551999999994
1,2,18020,66163,1.9316,1.9316,0.0,0.00047972,pretrain_full_4gpu_20260926.log,72080,264651,1.9722399999999942
1,2,18040,66163,1.9828,1.9828,0.0,0.00047968,pretrain_full_4gpu_20260926.log,72160,264651,1.9695799999999941
1,2,18060,66163,1.9026,1.9026,0.0,0.00047963,pretrain_full_4gpu_20260926.log,72240,264651,1.969051999999994
1,2,18080,66163,1.9722,1.9722,0.0,0.00047959,pretrain_full_4gpu_20260926.log,72320,264651,1.969447999999994
1,2,18100,66163,1.9762,1.9762,0.0,0.00047954,pretrain_full_4gpu_20260926.log,72400,264651,1.970315999999994
1,2,18120,66163,2.0471,2.0471,0.0,0.0004795,pretrain_full_4gpu_20260926.log,72480,264651,1.972443999999994
1,2,18140,66163,1.9175,1.9175,0.0,0.00047945,pretrain_full_4gpu_20260926.log,72560,264651,1.968839999999994
1,2,18160,66163,2.0254,2.0254,0.0,0.00047941,pretrain_full_4gpu_20260926.log,72640,264651,1.969011999999994
1,2,18180,66163,2.0367,2.0367,0.0,0.00047937,pretrain_full_4gpu_20260926.log,72720,264651,1.971307999999994
1,2,18200,66163,2.0235,2.0235,0.0,0.00047932,pretrain_full_4gpu_20260926.log,72800,264651,1.971951999999994
1,2,18220,66163,1.9207,1.9207,0.0,0.00047928,pretrain_full_4gpu_20260926.log,72880,264651,1.9712279999999942
1,2,18240,66163,1.9987,1.9987,0.0,0.00047923,pretrain_full_4gpu_20260926.log,72960,264651,1.974571999999994
1,2,18260,66163,1.891,1.891,0.0,0.00047919,pretrain_full_4gpu_20260926.log,73040,264651,1.971987999999994
1,2,18280,66163,1.968,1.968,0.0,0.00047914,pretrain_full_4gpu_20260926.log,73120,264651,1.969227999999994
1,2,18300,66163,1.9072,1.9072,0.0,0.0004791,pretrain_full_4gpu_20260926.log,73200,264651,1.967467999999994
1,2,18320,66163,1.9218,1.9218,0.0,0.00047905,pretrain_full_4gpu_20260926.log,73280,264651,1.963411999999994
1,2,18340,66163,1.8753,1.8753,0.0,0.00047901,pretrain_full_4gpu_20260926.log,73360,264651,1.960855999999994
1,2,18360,66163,2.0135,2.0135,0.0,0.00047896,pretrain_full_4gpu_20260926.log,73440,264651,1.9637519999999942
1,2,18380,66163,1.9933,1.9933,0.0,0.00047892,pretrain_full_4gpu_20260926.log,73520,264651,1.963319999999994
1,2,18400,66163,2.0801,2.0801,0.0,0.00047887,pretrain_full_4gpu_20260926.log,73600,264651,1.967515999999994
1,2,18420,66163,2.0032,2.0032,0.0,0.00047883,pretrain_full_4gpu_20260926.log,73680,264651,1.9678479999999938
1,2,18440,66163,1.9611,1.9611,0.0,0.00047878,pretrain_full_4gpu_20260926.log,73760,264651,1.966959999999994
1,2,18460,66163,1.9287,1.9287,0.0,0.00047874,pretrain_full_4gpu_20260926.log,73840,264651,1.968283999999994
1,2,18480,66163,1.8958,1.8958,0.0,0.00047869,pretrain_full_4gpu_20260926.log,73920,264651,1.9638399999999938
1,2,18500,66163,1.9487,1.9487,0.0,0.00047864,pretrain_full_4gpu_20260926.log,74000,264651,1.964907999999994
1,2,18520,66163,2.0228,2.0228,0.0,0.0004786,pretrain_full_4gpu_20260926.log,74080,264651,1.9685559999999942
1,2,18540,66163,1.9099,1.9099,0.0,0.00047855,pretrain_full_4gpu_20260926.log,74160,264651,1.9656399999999943
1,2,18560,66163,1.8502,1.8502,0.0,0.00047851,pretrain_full_4gpu_20260926.log,74240,264651,1.9635439999999944
1,2,18580,66163,1.926,1.926,0.0,0.00047846,pretrain_full_4gpu_20260926.log,74320,264651,1.9616959999999943
1,2,18600,66163,1.9055,1.9055,0.0,0.00047842,pretrain_full_4gpu_20260926.log,74400,264651,1.9588679999999945
1,2,18620,66163,2.0511,2.0511,0.0,0.00047837,pretrain_full_4gpu_20260926.log,74480,264651,1.9590279999999944
1,2,18640,66163,1.8465,1.8465,0.0,0.00047833,pretrain_full_4gpu_20260926.log,74560,264651,1.9561879999999945
1,2,18660,66163,1.9968,1.9968,0.0,0.00047828,pretrain_full_4gpu_20260926.log,74640,264651,1.9550439999999947
1,2,18680,66163,2.0807,2.0807,0.0,0.00047823,pretrain_full_4gpu_20260926.log,74720,264651,1.9568039999999944
1,2,18700,66163,1.9254,1.9254,0.0,0.00047819,pretrain_full_4gpu_20260926.log,74800,264651,1.9528799999999946
1,2,18720,66163,2.0186,2.0186,0.0,0.00047814,pretrain_full_4gpu_20260926.log,74880,264651,1.9567959999999949
1,2,18740,66163,1.915,1.915,0.0,0.0004781,pretrain_full_4gpu_20260926.log,74960,264651,1.9534479999999947
1,2,18760,66163,1.9657,1.9657,0.0,0.00047805,pretrain_full_4gpu_20260926.log,75040,264651,1.9564359999999947
1,2,18780,66163,2.0386,2.0386,0.0,0.000478,pretrain_full_4gpu_20260926.log,75120,264651,1.9592599999999947
1,2,18800,66163,1.932,1.932,0.0,0.00047796,pretrain_full_4gpu_20260926.log,75200,264651,1.9602519999999948
1,2,18820,66163,2.0158,2.0158,0.0,0.00047791,pretrain_full_4gpu_20260926.log,75280,264651,1.9640119999999948
1,2,18840,66163,1.9879,1.9879,0.0,0.00047787,pretrain_full_4gpu_20260926.log,75360,264651,1.9685159999999948
1,2,18860,66163,1.973,1.973,0.0,0.00047782,pretrain_full_4gpu_20260926.log,75440,264651,1.9668959999999946
1,2,18880,66163,1.9708,1.9708,0.0,0.00047777,pretrain_full_4gpu_20260926.log,75520,264651,1.9659959999999947
1,2,18900,66163,1.8542,1.8542,0.0,0.00047773,pretrain_full_4gpu_20260926.log,75600,264651,1.9569599999999945
1,2,18920,66163,1.9233,1.9233,0.0,0.00047768,pretrain_full_4gpu_20260926.log,75680,264651,1.9537639999999945
1,2,18940,66163,1.9462,1.9462,0.0,0.00047763,pretrain_full_4gpu_20260926.log,75760,264651,1.9531679999999942
1,2,18960,66163,2.02,2.02,0.0,0.00047759,pretrain_full_4gpu_20260926.log,75840,264651,1.9568199999999945
1,2,18980,66163,1.9332,1.9332,0.0,0.00047754,pretrain_full_4gpu_20260926.log,75920,264651,1.9583159999999944
1,2,19000,66163,2.0285,2.0285,0.0,0.00047749,pretrain_full_4gpu_20260926.log,76000,264651,1.9615079999999943
1,2,19020,66163,1.9748,1.9748,0.0,0.00047745,pretrain_full_4gpu_20260926.log,76080,264651,1.9595879999999943
1,2,19040,66163,1.9486,1.9486,0.0,0.0004774,pretrain_full_4gpu_20260926.log,76160,264651,1.9611359999999942
1,2,19060,66163,1.9051,1.9051,0.0,0.00047735,pretrain_full_4gpu_20260926.log,76240,264651,1.963331999999994
1,2,19080,66163,2.0313,2.0313,0.0,0.00047731,pretrain_full_4gpu_20260926.log,76320,264651,1.967543999999994
1,2,19100,66163,1.987,1.987,0.0,0.00047726,pretrain_full_4gpu_20260926.log,76400,264651,1.9708039999999942
1,2,19120,66163,1.9245,1.9245,0.0,0.00047721,pretrain_full_4gpu_20260926.log,76480,264651,1.9657399999999945
1,2,19140,66163,1.8764,1.8764,0.0,0.00047717,pretrain_full_4gpu_20260926.log,76560,264651,1.9669359999999942
1,2,19160,66163,1.9785,1.9785,0.0,0.00047712,pretrain_full_4gpu_20260926.log,76640,264651,1.9662039999999943
1,2,19180,66163,1.8871,1.8871,0.0,0.00047707,pretrain_full_4gpu_20260926.log,76720,264651,1.958459999999994
1,2,19200,66163,1.9002,1.9002,0.0,0.00047703,pretrain_full_4gpu_20260926.log,76800,264651,1.9574519999999938
1,2,19220,66163,1.9297,1.9297,0.0,0.00047698,pretrain_full_4gpu_20260926.log,76880,264651,1.9538959999999939
1,2,19240,66163,1.9471,1.9471,0.0,0.00047693,pretrain_full_4gpu_20260926.log,76960,264651,1.9551799999999937
1,2,19260,66163,1.9458,1.9458,0.0,0.00047688,pretrain_full_4gpu_20260926.log,77040,264651,1.9543839999999937
1,2,19280,66163,1.9769,1.9769,0.0,0.00047684,pretrain_full_4gpu_20260926.log,77120,264651,1.9519159999999938
1,2,19300,66163,2.025,2.025,0.0,0.00047679,pretrain_full_4gpu_20260926.log,77200,264651,1.9556359999999935
1,2,19320,66163,2.0567,2.0567,0.0,0.00047674,pretrain_full_4gpu_20260926.log,77280,264651,1.9572719999999935
1,2,19340,66163,2.0352,2.0352,0.0,0.0004767,pretrain_full_4gpu_20260926.log,77360,264651,1.9591639999999935
1,2,19360,66163,1.9261,1.9261,0.0,0.00047665,pretrain_full_4gpu_20260926.log,77440,264651,1.9572879999999935
1,2,19380,66163,2.0004,2.0004,0.0,0.0004766,pretrain_full_4gpu_20260926.log,77520,264651,1.9584719999999936
1,2,19400,66163,1.8687,1.8687,0.0,0.00047655,pretrain_full_4gpu_20260926.log,77600,264651,1.9590519999999936
1,2,19420,66163,1.9696,1.9696,0.0,0.00047651,pretrain_full_4gpu_20260926.log,77680,264651,1.9609039999999935
1,2,19440,66163,1.9217,1.9217,0.0,0.00047646,pretrain_full_4gpu_20260926.log,77760,264651,1.9599239999999938
1,2,19460,66163,2.0415,2.0415,0.0,0.00047641,pretrain_full_4gpu_20260926.log,77840,264651,1.9607839999999936
1,2,19480,66163,2.0034,2.0034,0.0,0.00047636,pretrain_full_4gpu_20260926.log,77920,264651,1.9635919999999936
1,2,19500,66163,1.8623,1.8623,0.0,0.00047632,pretrain_full_4gpu_20260926.log,78000,264651,1.9569439999999936
1,2,19520,66163,2.0558,2.0558,0.0,0.00047627,pretrain_full_4gpu_20260926.log,78080,264651,1.9601839999999933
1,2,19540,66163,1.9643,1.9643,0.0,0.00047622,pretrain_full_4gpu_20260926.log,78160,264651,1.9608119999999933
1,2,19560,66163,1.9445,1.9445,0.0,0.00047617,pretrain_full_4gpu_20260926.log,78240,264651,1.9623879999999934
1,2,19580,66163,1.8923,1.8923,0.0,0.00047612,pretrain_full_4gpu_20260926.log,78320,264651,1.9568279999999934
1,2,19600,66163,1.8948,1.8948,0.0,0.00047608,pretrain_full_4gpu_20260926.log,78400,264651,1.9531399999999932
1,2,19620,66163,1.9431,1.9431,0.0,0.00047603,pretrain_full_4gpu_20260926.log,78480,264651,1.953883999999993
1,2,19640,66163,1.9837,1.9837,0.0,0.00047598,pretrain_full_4gpu_20260926.log,78560,264651,1.9581759999999933
1,2,19660,66163,1.9462,1.9462,0.0,0.00047593,pretrain_full_4gpu_20260926.log,78640,264651,1.9568839999999932
1,2,19680,66163,1.9989,1.9989,0.0,0.00047588,pretrain_full_4gpu_20260926.log,78720,264651,1.9613559999999932
1,2,19700,66163,1.951,1.951,0.0,0.00047584,pretrain_full_4gpu_20260926.log,78800,264651,1.9633879999999935
1,2,19720,66163,1.9791,1.9791,0.0,0.00047579,pretrain_full_4gpu_20260926.log,78880,264651,1.9653639999999937
1,2,19740,66163,1.9834,1.9834,0.0,0.00047574,pretrain_full_4gpu_20260926.log,78960,264651,1.9668159999999937
1,2,19760,66163,2.0285,2.0285,0.0,0.00047569,pretrain_full_4gpu_20260926.log,79040,264651,1.970123999999994
1,2,19780,66163,1.8983,1.8983,0.0,0.00047564,pretrain_full_4gpu_20260926.log,79120,264651,1.9669799999999937
1,2,19800,66163,1.9959,1.9959,0.0,0.00047559,pretrain_full_4gpu_20260926.log,79200,264651,1.9658159999999938
1,2,19820,66163,1.8188,1.8188,0.0,0.00047555,pretrain_full_4gpu_20260926.log,79280,264651,1.956299999999994
1,2,19840,66163,1.9833,1.9833,0.0,0.0004755,pretrain_full_4gpu_20260926.log,79360,264651,1.9542239999999937
1,2,19860,66163,1.9197,1.9197,0.0,0.00047545,pretrain_full_4gpu_20260926.log,79440,264651,1.953967999999994
1,2,19880,66163,1.9336,1.9336,0.0,0.0004754,pretrain_full_4gpu_20260926.log,79520,264651,1.951295999999994
1,2,19900,66163,1.9297,1.9297,0.0,0.00047535,pretrain_full_4gpu_20260926.log,79600,264651,1.953735999999994
1,2,19920,66163,1.9174,1.9174,0.0,0.0004753,pretrain_full_4gpu_20260926.log,79680,264651,1.9516479999999938
1,2,19940,66163,1.9134,1.9134,0.0,0.00047526,pretrain_full_4gpu_20260926.log,79760,264651,1.951315999999994
1,2,19960,66163,2.0089,2.0089,0.0,0.00047521,pretrain_full_4gpu_20260926.log,79840,264651,1.9500119999999939
1,2,19980,66163,1.8418,1.8418,0.0,0.00047516,pretrain_full_4gpu_20260926.log,79920,264651,1.9435479999999938
1,2,20000,66163,1.9908,1.9908,0.0,0.00047511,pretrain_full_4gpu_20260926.log,80000,264651,1.948687999999994
1,2,20020,66163,1.8729,1.8729,0.0,0.00047506,pretrain_full_4gpu_20260926.log,80080,264651,1.941371999999994
1,2,20040,66163,1.9235,1.9235,0.0,0.00047501,pretrain_full_4gpu_20260926.log,80160,264651,1.939739999999994
1,2,20060,66163,1.9874,1.9874,0.0,0.00047496,pretrain_full_4gpu_20260926.log,80240,264651,1.941455999999994
1,2,20080,66163,1.9165,1.9165,0.0,0.00047491,pretrain_full_4gpu_20260926.log,80320,264651,1.9424239999999942
1,2,20100,66163,2.0165,2.0165,0.0,0.00047486,pretrain_full_4gpu_20260926.log,80400,264651,1.9472919999999942
1,2,20120,66163,1.9413,1.9413,0.0,0.00047481,pretrain_full_4gpu_20260926.log,80480,264651,1.9472199999999942
1,2,20140,66163,1.8911,1.8911,0.0,0.00047477,pretrain_full_4gpu_20260926.log,80560,264651,1.9435159999999942
1,2,20160,66163,2.0371,2.0371,0.0,0.00047472,pretrain_full_4gpu_20260926.log,80640,264651,1.9471519999999944
1,2,20180,66163,1.9077,1.9077,0.0,0.00047467,pretrain_full_4gpu_20260926.log,80720,264651,1.9435039999999943
1,2,20200,66163,2.0519,2.0519,0.0,0.00047462,pretrain_full_4gpu_20260926.log,80800,264651,1.9475399999999943
1,2,20220,66163,1.823,1.823,0.0,0.00047457,pretrain_full_4gpu_20260926.log,80880,264651,1.9412959999999941
1,2,20240,66163,1.8736,1.8736,0.0,0.00047452,pretrain_full_4gpu_20260926.log,80960,264651,1.9369039999999942
1,2,20260,66163,1.9482,1.9482,0.0,0.00047447,pretrain_full_4gpu_20260926.log,81040,264651,1.9336919999999942
1,2,20280,66163,1.9802,1.9802,0.0,0.00047442,pretrain_full_4gpu_20260926.log,81120,264651,1.936967999999994
1,2,20300,66163,2.011,2.011,0.0,0.00047437,pretrain_full_4gpu_20260926.log,81200,264651,1.937571999999994
1,2,20320,66163,2.0043,2.0043,0.0,0.00047432,pretrain_full_4gpu_20260926.log,81280,264651,1.944991999999994
1,2,20340,66163,1.9891,1.9891,0.0,0.00047427,pretrain_full_4gpu_20260926.log,81360,264651,1.945223999999994
1,2,20360,66163,1.9152,1.9152,0.0,0.00047422,pretrain_full_4gpu_20260926.log,81440,264651,1.945043999999994
1,2,20380,66163,2.0064,2.0064,0.0,0.00047417,pretrain_full_4gpu_20260926.log,81520,264651,1.947955999999994
1,2,20400,66163,2.0538,2.0538,0.0,0.00047412,pretrain_full_4gpu_20260926.log,81600,264651,1.9529199999999944
1,2,20420,66163,1.9521,1.9521,0.0,0.00047407,pretrain_full_4gpu_20260926.log,81680,264651,1.9543079999999944
1,2,20440,66163,1.8997,1.8997,0.0,0.00047402,pretrain_full_4gpu_20260926.log,81760,264651,1.9537599999999944
1,2,20460,66163,1.9794,1.9794,0.0,0.00047397,pretrain_full_4gpu_20260926.log,81840,264651,1.9525799999999944
1,2,20480,66163,1.893,1.893,0.0,0.00047392,pretrain_full_4gpu_20260926.log,81920,264651,1.9546279999999945
1,2,20500,66163,2.0636,2.0636,0.0,0.00047387,pretrain_full_4gpu_20260926.log,82000,264651,1.9575399999999945
1,2,20520,66163,1.9846,1.9846,0.0,0.00047382,pretrain_full_4gpu_20260926.log,82080,264651,1.9620079999999944
1,2,20540,66163,1.8807,1.8807,0.0,0.00047377,pretrain_full_4gpu_20260926.log,82160,264651,1.9602959999999945
1,2,20560,66163,1.9467,1.9467,0.0,0.00047372,pretrain_full_4gpu_20260926.log,82240,264651,1.9586679999999945
1,2,20580,66163,1.9246,1.9246,0.0,0.00047367,pretrain_full_4gpu_20260926.log,82320,264651,1.9589919999999943
1,2,20600,66163,1.8799,1.8799,0.0,0.00047362,pretrain_full_4gpu_20260926.log,82400,264651,1.9535279999999944
1,2,20620,66163,1.9324,1.9324,0.0,0.00047357,pretrain_full_4gpu_20260926.log,82480,264651,1.9531719999999944
1,2,20640,66163,1.9436,1.9436,0.0,0.00047352,pretrain_full_4gpu_20260926.log,82560,264651,1.9552719999999946
1,2,20660,66163,1.9668,1.9668,0.0,0.00047347,pretrain_full_4gpu_20260926.log,82640,264651,1.9524599999999943
1,2,20680,66163,1.9144,1.9144,0.0,0.00047342,pretrain_full_4gpu_20260926.log,82720,264651,1.9527279999999945
1,2,20700,66163,1.9106,1.9106,0.0,0.00047337,pretrain_full_4gpu_20260926.log,82800,264651,1.9470759999999945
1,2,20720,66163,2.0215,2.0215,0.0,0.00047332,pretrain_full_4gpu_20260926.log,82880,264651,1.9550159999999945
1,2,20740,66163,1.8989,1.8989,0.0,0.00047327,pretrain_full_4gpu_20260926.log,82960,264651,1.9560279999999943
1,2,20760,66163,1.8691,1.8691,0.0,0.00047322,pretrain_full_4gpu_20260926.log,83040,264651,1.9528639999999944
1,2,20780,66163,1.9679,1.9679,0.0,0.00047317,pretrain_full_4gpu_20260926.log,83120,264651,1.9523719999999947
1,2,20800,66163,1.9173,1.9173,0.0,0.00047312,pretrain_full_4gpu_20260926.log,83200,264651,1.9486239999999944
1,2,20820,66163,1.9223,1.9223,0.0,0.00047307,pretrain_full_4gpu_20260926.log,83280,264651,1.9453439999999944
1,2,20840,66163,1.9347,1.9347,0.0,0.00047302,pretrain_full_4gpu_20260926.log,83360,264651,1.9431679999999942
1,2,20860,66163,1.9822,1.9822,0.0,0.00047297,pretrain_full_4gpu_20260926.log,83440,264651,1.9458479999999942
1,2,20880,66163,1.9219,1.9219,0.0,0.00047292,pretrain_full_4gpu_20260926.log,83520,264651,1.9424679999999943
1,2,20900,66163,1.9794,1.9794,0.0,0.00047287,pretrain_full_4gpu_20260926.log,83600,264651,1.9394919999999942
1,2,20920,66163,2.0282,2.0282,0.0,0.00047281,pretrain_full_4gpu_20260926.log,83680,264651,1.942535999999994
1,2,20940,66163,1.8249,1.8249,0.0,0.00047276,pretrain_full_4gpu_20260926.log,83760,264651,1.939543999999994
1,2,20960,66163,1.873,1.873,0.0,0.00047271,pretrain_full_4gpu_20260926.log,83840,264651,1.935287999999994
1,2,20980,66163,1.9041,1.9041,0.0,0.00047266,pretrain_full_4gpu_20260926.log,83920,264651,1.9357319999999938
1,2,21000,66163,1.9768,1.9768,0.0,0.00047261,pretrain_full_4gpu_20260926.log,84000,264651,1.9322599999999936
1,2,21020,66163,2.0395,2.0395,0.0,0.00047256,pretrain_full_4gpu_20260926.log,84080,264651,1.9344559999999935
1,2,21040,66163,1.9449,1.9449,0.0,0.00047251,pretrain_full_4gpu_20260926.log,84160,264651,1.9370239999999936
1,2,21060,66163,1.8537,1.8537,0.0,0.00047246,pretrain_full_4gpu_20260926.log,84240,264651,1.9333039999999935
1,2,21080,66163,1.9385,1.9385,0.0,0.00047241,pretrain_full_4gpu_20260926.log,84320,264651,1.9338599999999935
1,2,21100,66163,1.9097,1.9097,0.0,0.00047235,pretrain_full_4gpu_20260926.log,84400,264651,1.9350519999999936
1,2,21120,66163,1.8288,1.8288,0.0,0.0004723,pretrain_full_4gpu_20260926.log,84480,264651,1.9309079999999934
1,2,21140,66163,1.9396,1.9396,0.0,0.00047225,pretrain_full_4gpu_20260926.log,84560,264651,1.9307479999999935
1,2,21160,66163,1.9785,1.9785,0.0,0.0004722,pretrain_full_4gpu_20260926.log,84640,264651,1.9312159999999934
1,2,21180,66163,1.8404,1.8404,0.0,0.00047215,pretrain_full_4gpu_20260926.log,84720,264651,1.9282559999999935
1,2,21200,66163,1.9652,1.9652,0.0,0.0004721,pretrain_full_4gpu_20260926.log,84800,264651,1.9304399999999935
1,2,21220,66163,1.9012,1.9012,0.0,0.00047205,pretrain_full_4gpu_20260926.log,84880,264651,1.9256279999999935
1,2,21240,66163,1.933,1.933,0.0,0.00047199,pretrain_full_4gpu_20260926.log,84960,264651,1.9269919999999936
1,2,21260,66163,1.9347,1.9347,0.0,0.00047194,pretrain_full_4gpu_20260926.log,85040,264651,1.9296159999999936
1,2,21280,66163,1.9432,1.9432,0.0,0.00047189,pretrain_full_4gpu_20260926.log,85120,264651,1.9286279999999933
1,2,21300,66163,1.9073,1.9073,0.0,0.00047184,pretrain_full_4gpu_20260926.log,85200,264651,1.9282279999999934
1,2,21320,66163,1.9389,1.9389,0.0,0.00047179,pretrain_full_4gpu_20260926.log,85280,264651,1.9288919999999934
1,2,21340,66163,1.9438,1.9438,0.0,0.00047174,pretrain_full_4gpu_20260926.log,85360,264651,1.9292559999999934
1,2,21360,66163,1.9985,1.9985,0.0,0.00047168,pretrain_full_4gpu_20260926.log,85440,264651,1.9299079999999935
1,2,21380,66163,2.0087,2.0087,0.0,0.00047163,pretrain_full_4gpu_20260926.log,85520,264651,1.9333799999999934
1,2,21400,66163,1.9951,1.9951,0.0,0.00047158,pretrain_full_4gpu_20260926.log,85600,264651,1.9340079999999935
1,2,21420,66163,1.8964,1.8964,0.0,0.00047153,pretrain_full_4gpu_20260926.log,85680,264651,1.9287359999999936
1,2,21440,66163,1.973,1.973,0.0,0.00047148,pretrain_full_4gpu_20260926.log,85760,264651,1.9346599999999936
1,2,21460,66163,1.8989,1.8989,0.0,0.00047142,pretrain_full_4gpu_20260926.log,85840,264651,1.9356959999999936
1,2,21480,66163,1.8741,1.8741,0.0,0.00047137,pretrain_full_4gpu_20260926.log,85920,264651,1.9344959999999936
1,2,21500,66163,2.0448,2.0448,0.0,0.00047132,pretrain_full_4gpu_20260926.log,86000,264651,1.9372159999999936
1,2,21520,66163,1.8584,1.8584,0.0,0.00047127,pretrain_full_4gpu_20260926.log,86080,264651,1.929971999999994
1,2,21540,66163,1.9743,1.9743,0.0,0.00047121,pretrain_full_4gpu_20260926.log,86160,264651,1.931147999999994
1,2,21560,66163,1.957,1.957,0.0,0.00047116,pretrain_full_4gpu_20260926.log,86240,264651,1.935279999999994
1,2,21580,66163,1.9731,1.9731,0.0,0.00047111,pretrain_full_4gpu_20260926.log,86320,264651,1.9366639999999942
1,2,21600,66163,1.9497,1.9497,0.0,0.00047106,pretrain_full_4gpu_20260926.log,86400,264651,1.938263999999994
1,2,21620,66163,1.9177,1.9177,0.0,0.00047101,pretrain_full_4gpu_20260926.log,86480,264651,1.9418199999999939
1,2,21640,66163,1.9785,1.9785,0.0,0.00047095,pretrain_full_4gpu_20260926.log,86560,264651,1.9433759999999938
1,2,21660,66163,1.9673,1.9673,0.0,0.0004709,pretrain_full_4gpu_20260926.log,86640,264651,1.942927999999994
1,2,21680,66163,1.8359,1.8359,0.0,0.00047085,pretrain_full_4gpu_20260926.log,86720,264651,1.942747999999994
1,2,21700,66163,1.8349,1.8349,0.0,0.0004708,pretrain_full_4gpu_20260926.log,86800,264651,1.9375359999999937
1,2,21720,66163,1.8432,1.8432,0.0,0.00047074,pretrain_full_4gpu_20260926.log,86880,264651,1.9352159999999938
1,2,21740,66163,1.9525,1.9525,0.0,0.00047069,pretrain_full_4gpu_20260926.log,86960,264651,1.9359959999999938
1,2,21760,66163,1.9399,1.9399,0.0,0.00047064,pretrain_full_4gpu_20260926.log,87040,264651,1.9362039999999938
1,2,21780,66163,1.9604,1.9604,0.0,0.00047058,pretrain_full_4gpu_20260926.log,87120,264651,1.936891999999994
1,2,21800,66163,1.9005,1.9005,0.0,0.00047053,pretrain_full_4gpu_20260926.log,87200,264651,1.936619999999994
1,2,21820,66163,1.9111,1.9111,0.0,0.00047048,pretrain_full_4gpu_20260926.log,87280,264651,1.9355079999999942
1,2,21840,66163,1.8785,1.8785,0.0,0.00047043,pretrain_full_4gpu_20260926.log,87360,264651,1.9328959999999942
1,2,21860,66163,1.9479,1.9479,0.0,0.00047037,pretrain_full_4gpu_20260926.log,87440,264651,1.930871999999994
1,2,21880,66163,1.8851,1.8851,0.0,0.00047032,pretrain_full_4gpu_20260926.log,87520,264651,1.925927999999994
1,2,21900,66163,1.937,1.937,0.0,0.00047027,pretrain_full_4gpu_20260926.log,87600,264651,1.923603999999994
1,2,21920,66163,1.9287,1.9287,0.0,0.00047021,pretrain_full_4gpu_20260926.log,87680,264651,1.924895999999994
1,2,21940,66163,1.9857,1.9857,0.0,0.00047016,pretrain_full_4gpu_20260926.log,87760,264651,1.9254039999999941
1,2,21960,66163,2.0209,2.0209,0.0,0.00047011,pretrain_full_4gpu_20260926.log,87840,264651,1.9302839999999941
1,2,21980,66163,1.9696,1.9696,0.0,0.00047005,pretrain_full_4gpu_20260926.log,87920,264651,1.934103999999994
1,2,22000,66163,1.9651,1.9651,0.0,0.00047,pretrain_full_4gpu_20260926.log,88000,264651,1.930915999999994
1,2,22020,66163,1.9555,1.9555,0.0,0.00046995,pretrain_full_4gpu_20260926.log,88080,264651,1.9347999999999939
1,2,22040,66163,1.8982,1.8982,0.0,0.00046989,pretrain_full_4gpu_20260926.log,88160,264651,1.931755999999994
1,2,22060,66163,1.8677,1.8677,0.0,0.00046984,pretrain_full_4gpu_20260926.log,88240,264651,1.928183999999994
1,2,22080,66163,1.8873,1.8873,0.0,0.00046979,pretrain_full_4gpu_20260926.log,88320,264651,1.924751999999994
1,2,22100,66163,1.851,1.851,0.0,0.00046973,pretrain_full_4gpu_20260926.log,88400,264651,1.920803999999994
1,2,22120,66163,1.998,1.998,0.0,0.00046968,pretrain_full_4gpu_20260926.log,88480,264651,1.924015999999994
1,2,22140,66163,1.9718,1.9718,0.0,0.00046963,pretrain_full_4gpu_20260926.log,88560,264651,1.9237479999999942
1,2,22160,66163,1.962,1.962,0.0,0.00046957,pretrain_full_4gpu_20260926.log,88640,264651,1.9235359999999944
1,2,22180,66163,1.9799,1.9799,0.0,0.00046952,pretrain_full_4gpu_20260926.log,88720,264651,1.9292959999999943
1,2,22200,66163,1.9447,1.9447,0.0,0.00046947,pretrain_full_4gpu_20260926.log,88800,264651,1.9336879999999943
1,2,22220,66163,1.8594,1.8594,0.0,0.00046941,pretrain_full_4gpu_20260926.log,88880,264651,1.934335999999994
1,2,22240,66163,1.9224,1.9224,0.0,0.00046936,pretrain_full_4gpu_20260926.log,88960,264651,1.9331319999999943
1,2,22260,66163,1.8843,1.8843,0.0,0.0004693,pretrain_full_4gpu_20260926.log,89040,264651,1.9309079999999943
1,2,22280,66163,1.8881,1.8881,0.0,0.00046925,pretrain_full_4gpu_20260926.log,89120,264651,1.9280159999999944
1,2,22300,66163,1.9347,1.9347,0.0,0.0004692,pretrain_full_4gpu_20260926.log,89200,264651,1.9293839999999944
1,2,22320,66163,1.8709,1.8709,0.0,0.00046914,pretrain_full_4gpu_20260926.log,89280,264651,1.9277759999999944
1,2,22340,66163,1.9936,1.9936,0.0,0.00046909,pretrain_full_4gpu_20260926.log,89360,264651,1.9323799999999942
1,2,22360,66163,1.9972,1.9972,0.0,0.00046903,pretrain_full_4gpu_20260926.log,89440,264651,1.9343519999999943
1,2,22380,66163,1.9309,1.9309,0.0,0.00046898,pretrain_full_4gpu_20260926.log,89520,264651,1.9361839999999944
1,2,22400,66163,1.8814,1.8814,0.0,0.00046893,pretrain_full_4gpu_20260926.log,89600,264651,1.9339599999999946
1,2,22420,66163,1.8707,1.8707,0.0,0.00046887,pretrain_full_4gpu_20260926.log,89680,264651,1.9316399999999945
1,2,22440,66163,1.9167,1.9167,0.0,0.00046882,pretrain_full_4gpu_20260926.log,89760,264651,1.9288799999999944
1,2,22460,66163,1.9112,1.9112,0.0,0.00046876,pretrain_full_4gpu_20260926.log,89840,264651,1.9244919999999945
1,2,22480,66163,1.926,1.926,0.0,0.00046871,pretrain_full_4gpu_20260926.log,89920,264651,1.9227479999999946
1,2,22500,66163,1.9846,1.9846,0.0,0.00046865,pretrain_full_4gpu_20260926.log,90000,264651,1.9235279999999946
1,2,22520,66163,1.9638,1.9638,0.0,0.0004686,pretrain_full_4gpu_20260926.log,90080,264651,1.9238599999999946
1,2,22540,66163,1.9125,1.9125,0.0,0.00046855,pretrain_full_4gpu_20260926.log,90160,264651,1.9244319999999946
1,2,22560,66163,1.9894,1.9894,0.0,0.00046849,pretrain_full_4gpu_20260926.log,90240,264651,1.9292999999999947
1,2,22580,66163,1.9948,1.9948,0.0,0.00046844,pretrain_full_4gpu_20260926.log,90320,264651,1.9335999999999944
1,2,22600,66163,1.9665,1.9665,0.0,0.00046838,pretrain_full_4gpu_20260926.log,90400,264651,1.9382199999999943
1,2,22620,66163,1.97,1.97,0.0,0.00046833,pretrain_full_4gpu_20260926.log,90480,264651,1.9370999999999945
1,2,22640,66163,2.0636,2.0636,0.0,0.00046827,pretrain_full_4gpu_20260926.log,90560,264651,1.9407719999999944
1,2,22660,66163,1.8921,1.8921,0.0,0.00046822,pretrain_full_4gpu_20260926.log,90640,264651,1.9379759999999941
1,2,22680,66163,1.9508,1.9508,0.0,0.00046816,pretrain_full_4gpu_20260926.log,90720,264651,1.9368119999999942
1,2,22700,66163,1.9517,1.9517,0.0,0.00046811,pretrain_full_4gpu_20260926.log,90800,264651,1.9370919999999945
1,2,22720,66163,1.8364,1.8364,0.0,0.00046805,pretrain_full_4gpu_20260926.log,90880,264651,1.9361719999999942
1,2,22740,66163,1.8762,1.8762,0.0,0.000468,pretrain_full_4gpu_20260926.log,90960,264651,1.934323999999994
1,2,22760,66163,1.9529,1.9529,0.0,0.00046794,pretrain_full_4gpu_20260926.log,91040,264651,1.9370679999999938
1,2,22780,66163,1.9078,1.9078,0.0,0.00046789,pretrain_full_4gpu_20260926.log,91120,264651,1.9378559999999938
1,2,22800,66163,1.9176,1.9176,0.0,0.00046783,pretrain_full_4gpu_20260926.log,91200,264651,1.937171999999994
1,2,22820,66163,1.9221,1.9221,0.0,0.00046778,pretrain_full_4gpu_20260926.log,91280,264651,1.939219999999994
1,2,22840,66163,1.9287,1.9287,0.0,0.00046772,pretrain_full_4gpu_20260926.log,91360,264651,1.936623999999994
1,2,22860,66163,1.8886,1.8886,0.0,0.00046767,pretrain_full_4gpu_20260926.log,91440,264651,1.9322799999999938
1,2,22880,66163,1.8825,1.8825,0.0,0.00046761,pretrain_full_4gpu_20260926.log,91520,264651,1.9303439999999938
1,2,22900,66163,1.8752,1.8752,0.0,0.00046756,pretrain_full_4gpu_20260926.log,91600,264651,1.9300959999999938
1,2,22920,66163,1.8865,1.8865,0.0,0.0004675,pretrain_full_4gpu_20260926.log,91680,264651,1.9307279999999938
1,2,22940,66163,1.9617,1.9617,0.0,0.00046745,pretrain_full_4gpu_20260926.log,91760,264651,1.9325279999999938
1,2,22960,66163,1.9972,1.9972,0.0,0.00046739,pretrain_full_4gpu_20260926.log,91840,264651,1.9359679999999937
1,2,22980,66163,1.9196,1.9196,0.0,0.00046734,pretrain_full_4gpu_20260926.log,91920,264651,1.9357119999999939
1,2,23000,66163,1.9462,1.9462,0.0,0.00046728,pretrain_full_4gpu_20260926.log,92000,264651,1.9341759999999937
1,2,23020,66163,1.9106,1.9106,0.0,0.00046723,pretrain_full_4gpu_20260926.log,92080,264651,1.9320479999999938
1,2,23040,66163,1.9168,1.9168,0.0,0.00046717,pretrain_full_4gpu_20260926.log,92160,264651,1.9322199999999938
1,2,23060,66163,1.9707,1.9707,0.0,0.00046711,pretrain_full_4gpu_20260926.log,92240,264651,1.9314719999999936
1,2,23080,66163,1.8801,1.8801,0.0,0.00046706,pretrain_full_4gpu_20260926.log,92320,264651,1.9268839999999938
1,2,23100,66163,1.9034,1.9034,0.0,0.000467,pretrain_full_4gpu_20260926.log,92400,264651,1.9243599999999936
1,2,23120,66163,1.9558,1.9558,0.0,0.00046695,pretrain_full_4gpu_20260926.log,92480,264651,1.9237919999999935
1,2,23140,66163,2.0087,2.0087,0.0,0.00046689,pretrain_full_4gpu_20260926.log,92560,264651,1.9215959999999932
1,2,23160,66163,1.9343,1.9343,0.0,0.00046684,pretrain_full_4gpu_20260926.log,92640,264651,1.9232839999999933
1,2,23180,66163,1.8917,1.8917,0.0,0.00046678,pretrain_full_4gpu_20260926.log,92720,264651,1.9209199999999933
1,2,23200,66163,1.9847,1.9847,0.0,0.00046672,pretrain_full_4gpu_20260926.log,92800,264651,1.922239999999993
1,2,23220,66163,1.8665,1.8665,0.0,0.00046667,pretrain_full_4gpu_20260926.log,92880,264651,1.9234439999999933
1,2,23240,66163,1.9546,1.9546,0.0,0.00046661,pretrain_full_4gpu_20260926.log,92960,264651,1.9265799999999933
1,2,23260,66163,1.8524,1.8524,0.0,0.00046656,pretrain_full_4gpu_20260926.log,93040,264651,1.9225599999999934
1,2,23280,66163,1.8999,1.8999,0.0,0.0004665,pretrain_full_4gpu_20260926.log,93120,264651,1.9222439999999934
1,2,23300,66163,2.0084,2.0084,0.0,0.00046644,pretrain_full_4gpu_20260926.log,93200,264651,1.9258759999999935
1,2,23320,66163,1.9315,1.9315,0.0,0.00046639,pretrain_full_4gpu_20260926.log,93280,264651,1.9262519999999936
1,2,23340,66163,1.9263,1.9263,0.0,0.00046633,pretrain_full_4gpu_20260926.log,93360,264651,1.9261559999999935
1,2,23360,66163,1.915,1.915,0.0,0.00046628,pretrain_full_4gpu_20260926.log,93440,264651,1.9272119999999935
1,2,23380,66163,1.913,1.913,0.0,0.00046622,pretrain_full_4gpu_20260926.log,93520,264651,1.9284319999999935
1,2,23400,66163,1.9506,1.9506,0.0,0.00046616,pretrain_full_4gpu_20260926.log,93600,264651,1.9314479999999934
1,2,23420,66163,2.0445,2.0445,0.0,0.00046611,pretrain_full_4gpu_20260926.log,93680,264651,1.9377679999999935
1,2,23440,66163,1.9797,1.9797,0.0,0.00046605,pretrain_full_4gpu_20260926.log,93760,264651,1.9384879999999935
1,2,23460,66163,1.9324,1.9324,0.0,0.00046599,pretrain_full_4gpu_20260926.log,93840,264651,1.9358959999999936
1,2,23480,66163,1.9304,1.9304,0.0,0.00046594,pretrain_full_4gpu_20260926.log,93920,264651,1.9363279999999934
1,2,23500,66163,2.0346,2.0346,0.0,0.00046588,pretrain_full_4gpu_20260926.log,94000,264651,1.9398639999999936
1,2,23520,66163,1.9659,1.9659,0.0,0.00046582,pretrain_full_4gpu_20260926.log,94080,264651,1.9420759999999933
1,2,23540,66163,1.8403,1.8403,0.0,0.00046577,pretrain_full_4gpu_20260926.log,94160,264651,1.9390159999999932
1,2,23560,66163,1.8875,1.8875,0.0,0.00046571,pretrain_full_4gpu_20260926.log,94240,264651,1.9356879999999932
1,2,23580,66163,1.8841,1.8841,0.0,0.00046565,pretrain_full_4gpu_20260926.log,94320,264651,1.9358479999999936
1,2,23600,66163,1.8785,1.8785,0.0,0.0004656,pretrain_full_4gpu_20260926.log,94400,264651,1.9348519999999936
1,2,23620,66163,1.9972,1.9972,0.0,0.00046554,pretrain_full_4gpu_20260926.log,94480,264651,1.9365079999999937
1,2,23640,66163,1.8386,1.8386,0.0,0.00046548,pretrain_full_4gpu_20260926.log,94560,264651,1.9297039999999939
1,2,23660,66163,2.0337,2.0337,0.0,0.00046543,pretrain_full_4gpu_20260926.log,94640,264651,1.933679999999994
1,2,23680,66163,1.9384,1.9384,0.0,0.00046537,pretrain_full_4gpu_20260926.log,94720,264651,1.935547999999994
1,2,23700,66163,1.8028,1.8028,0.0,0.00046531,pretrain_full_4gpu_20260926.log,94800,264651,1.928271999999994
1,2,23720,66163,1.9337,1.9337,0.0,0.00046526,pretrain_full_4gpu_20260926.log,94880,264651,1.930959999999994
1,2,23740,66163,1.9226,1.9226,0.0,0.0004652,pretrain_full_4gpu_20260926.log,94960,264651,1.9296799999999943
1,2,23760,66163,1.989,1.989,0.0,0.00046514,pretrain_full_4gpu_20260926.log,95040,264651,1.935143999999994
1,2,23780,66163,1.9194,1.9194,0.0,0.00046508,pretrain_full_4gpu_20260926.log,95120,264651,1.935923999999994
1,2,23800,66163,1.9055,1.9055,0.0,0.00046503,pretrain_full_4gpu_20260926.log,95200,264651,1.9318079999999938
1,2,23820,66163,1.9458,1.9458,0.0,0.00046497,pretrain_full_4gpu_20260926.log,95280,264651,1.9323799999999938
1,2,23840,66163,1.9414,1.9414,0.0,0.00046491,pretrain_full_4gpu_20260926.log,95360,264651,1.9329839999999938
1,2,23860,66163,1.8301,1.8301,0.0,0.00046486,pretrain_full_4gpu_20260926.log,95440,264651,1.929587999999994
1,2,23880,66163,1.9323,1.9323,0.0,0.0004648,pretrain_full_4gpu_20260926.log,95520,264651,1.930359999999994
1,2,23900,66163,1.9067,1.9067,0.0,0.00046474,pretrain_full_4gpu_20260926.log,95600,264651,1.928603999999994
1,2,23920,66163,1.8681,1.8681,0.0,0.00046468,pretrain_full_4gpu_20260926.log,95680,264651,1.921547999999994
1,2,23940,66163,1.9506,1.9506,0.0,0.00046463,pretrain_full_4gpu_20260926.log,95760,264651,1.920383999999994
1,2,23960,66163,1.9137,1.9137,0.0,0.00046457,pretrain_full_4gpu_20260926.log,95840,264651,1.919635999999994
1,2,23980,66163,1.8748,1.8748,0.0,0.00046451,pretrain_full_4gpu_20260926.log,95920,264651,1.917411999999994
1,2,24000,66163,1.8275,1.8275,0.0,0.00046445,pretrain_full_4gpu_20260926.log,96000,264651,1.9091279999999942
1,2,24020,66163,1.8794,1.8794,0.0,0.0004644,pretrain_full_4gpu_20260926.log,96080,264651,1.9056679999999941
1,2,24040,66163,1.9221,1.9221,0.0,0.00046434,pretrain_full_4gpu_20260926.log,96160,264651,1.908939999999994
1,2,24060,66163,2.0042,2.0042,0.0,0.00046428,pretrain_full_4gpu_20260926.log,96240,264651,1.9136079999999938
1,2,24080,66163,1.8299,1.8299,0.0,0.00046422,pretrain_full_4gpu_20260926.log,96320,264651,1.9114399999999938
1,2,24100,66163,2.0174,2.0174,0.0,0.00046416,pretrain_full_4gpu_20260926.log,96400,264651,1.9169959999999937
1,2,24120,66163,1.9301,1.9301,0.0,0.00046411,pretrain_full_4gpu_20260926.log,96480,264651,1.914311999999994
1,2,24140,66163,1.8755,1.8755,0.0,0.00046405,pretrain_full_4gpu_20260926.log,96560,264651,1.915787999999994
1,2,24160,66163,1.936,1.936,0.0,0.00046399,pretrain_full_4gpu_20260926.log,96640,264651,1.9118799999999938
1,2,24180,66163,1.961,1.961,0.0,0.00046393,pretrain_full_4gpu_20260926.log,96720,264651,1.9127839999999938
1,2,24200,66163,1.889,1.889,0.0,0.00046387,pretrain_full_4gpu_20260926.log,96800,264651,1.916231999999994
1,2,24220,66163,1.9037,1.9037,0.0,0.00046382,pretrain_full_4gpu_20260926.log,96880,264651,1.9150319999999939
1,2,24240,66163,1.8882,1.8882,0.0,0.00046376,pretrain_full_4gpu_20260926.log,96960,264651,1.9136559999999938
1,2,24260,66163,1.9346,1.9346,0.0,0.0004637,pretrain_full_4gpu_20260926.log,97040,264651,1.911479999999994
1,2,24280,66163,1.8674,1.8674,0.0,0.00046364,pretrain_full_4gpu_20260926.log,97120,264651,1.909399999999994
1,2,24300,66163,1.871,1.871,0.0,0.00046358,pretrain_full_4gpu_20260926.log,97200,264651,1.908019999999994
1,2,24320,66163,1.9207,1.9207,0.0,0.00046353,pretrain_full_4gpu_20260926.log,97280,264651,1.9070159999999938
1,2,24340,66163,1.944,1.944,0.0,0.00046347,pretrain_full_4gpu_20260926.log,97360,264651,1.907119999999994
1,2,24360,66163,1.8333,1.8333,0.0,0.00046341,pretrain_full_4gpu_20260926.log,97440,264651,1.9072479999999938
1,2,24380,66163,1.879,1.879,0.0,0.00046335,pretrain_full_4gpu_20260926.log,97520,264651,1.9051159999999938
1,2,24400,66163,1.9665,1.9665,0.0,0.00046329,pretrain_full_4gpu_20260926.log,97600,264651,1.907507999999994
1,2,24420,66163,1.8614,1.8614,0.0,0.00046323,pretrain_full_4gpu_20260926.log,97680,264651,1.9072399999999943
1,2,24440,66163,1.876,1.876,0.0,0.00046317,pretrain_full_4gpu_20260926.log,97760,264651,1.904255999999994
1,2,24460,66163,1.8834,1.8834,0.0,0.00046312,pretrain_full_4gpu_20260926.log,97840,264651,1.9030439999999942
1,2,24480,66163,1.9651,1.9651,0.0,0.00046306,pretrain_full_4gpu_20260926.log,97920,264651,1.9066559999999941
1,2,24500,66163,1.9125,1.9125,0.0,0.000463,pretrain_full_4gpu_20260926.log,98000,264651,1.9100559999999942
1,2,24520,66163,1.9186,1.9186,0.0,0.00046294,pretrain_full_4gpu_20260926.log,98080,264651,1.9116239999999942
1,2,24540,66163,1.8709,1.8709,0.0,0.00046288,pretrain_full_4gpu_20260926.log,98160,264651,1.9095759999999942
1,2,24560,66163,1.8542,1.8542,0.0,0.00046282,pretrain_full_4gpu_20260926.log,98240,264651,1.9035759999999942
1,2,24580,66163,1.9354,1.9354,0.0,0.00046276,pretrain_full_4gpu_20260926.log,98320,264651,1.9077959999999943
1,2,24600,66163,1.9222,1.9222,0.0,0.0004627,pretrain_full_4gpu_20260926.log,98400,264651,1.903987999999994
1,2,24620,66163,1.9703,1.9703,0.0,0.00046265,pretrain_full_4gpu_20260926.log,98480,264651,1.9055959999999939
1,2,24640,66163,1.8259,1.8259,0.0,0.00046259,pretrain_full_4gpu_20260926.log,98560,264651,1.9036119999999936
1,2,24660,66163,1.8313,1.8313,0.0,0.00046253,pretrain_full_4gpu_20260926.log,98640,264651,1.8994239999999936
1,2,24680,66163,1.9488,1.9488,0.0,0.00046247,pretrain_full_4gpu_20260926.log,98720,264651,1.8989359999999937
1,2,24700,66163,1.8381,1.8381,0.0,0.00046241,pretrain_full_4gpu_20260926.log,98800,264651,1.8968999999999934
1,2,24720,66163,1.9833,1.9833,0.0,0.00046235,pretrain_full_4gpu_20260926.log,98880,264651,1.9000839999999934
1,2,24740,66163,1.8962,1.8962,0.0,0.00046229,pretrain_full_4gpu_20260926.log,98960,264651,1.9004039999999935
1,2,24760,66163,1.9086,1.9086,0.0,0.00046223,pretrain_full_4gpu_20260926.log,99040,264651,1.8993639999999934
1,2,24780,66163,1.9339,1.9339,0.0,0.00046217,pretrain_full_4gpu_20260926.log,99120,264651,1.9020239999999933
1,2,24800,66163,1.8863,1.8863,0.0,0.00046211,pretrain_full_4gpu_20260926.log,99200,264651,1.902635999999993
1,2,24820,66163,1.8805,1.8805,0.0,0.00046205,pretrain_full_4gpu_20260926.log,99280,264651,1.9010279999999933
1,2,24840,66163,1.9633,1.9633,0.0,0.00046199,pretrain_full_4gpu_20260926.log,99360,264651,1.901799999999993
1,2,24860,66163,1.9541,1.9541,0.0,0.00046194,pretrain_full_4gpu_20260926.log,99440,264651,1.9066319999999928
1,2,24880,66163,1.8848,1.8848,0.0,0.00046188,pretrain_full_4gpu_20260926.log,99520,264651,1.9068639999999928
1,2,24900,66163,2.0297,2.0297,0.0,0.00046182,pretrain_full_4gpu_20260926.log,99600,264651,1.9093919999999929
1,2,24920,66163,1.8161,1.8161,0.0,0.00046176,pretrain_full_4gpu_20260926.log,99680,264651,1.9075799999999927
1,2,24940,66163,1.8994,1.8994,0.0,0.0004617,pretrain_full_4gpu_20260926.log,99760,264651,1.9085159999999928
1,2,24960,66163,1.9211,1.9211,0.0,0.00046164,pretrain_full_4gpu_20260926.log,99840,264651,1.9100239999999928
1,2,24980,66163,1.8697,1.8697,0.0,0.00046158,pretrain_full_4gpu_20260926.log,99920,264651,1.906207999999993
1,2,25000,66163,1.8153,1.8153,0.0,0.00046152,pretrain_full_4gpu_20260926.log,100000,264651,1.902319999999993
1,2,25020,66163,1.9333,1.9333,0.0,0.00046146,pretrain_full_4gpu_20260926.log,100080,264651,1.9029079999999932
1,2,25040,66163,1.9829,1.9829,0.0,0.0004614,pretrain_full_4gpu_20260926.log,100160,264651,1.9073879999999932
1,2,25060,66163,1.9747,1.9747,0.0,0.00046134,pretrain_full_4gpu_20260926.log,100240,264651,1.9122079999999932
1,2,25080,66163,1.8435,1.8435,0.0,0.00046128,pretrain_full_4gpu_20260926.log,100320,264651,1.908531999999993
1,2,25100,66163,1.8125,1.8125,0.0,0.00046122,pretrain_full_4gpu_20260926.log,100400,264651,1.9041439999999932
1,2,25120,66163,1.8986,1.8986,0.0,0.00046116,pretrain_full_4gpu_20260926.log,100480,264651,1.901275999999993
1,2,25140,66163,1.8355,1.8355,0.0,0.0004611,pretrain_full_4gpu_20260926.log,100560,264651,1.9016599999999935
1,2,25160,66163,1.8581,1.8581,0.0,0.00046104,pretrain_full_4gpu_20260926.log,100640,264651,1.9027319999999934
1,2,25180,66163,1.9183,1.9183,0.0,0.00046098,pretrain_full_4gpu_20260926.log,100720,264651,1.9015119999999937
1,2,25200,66163,1.8666,1.8666,0.0,0.00046092,pretrain_full_4gpu_20260926.log,100800,264651,1.9026519999999936
1,2,25220,66163,1.8591,1.8591,0.0,0.00046086,pretrain_full_4gpu_20260926.log,100880,264651,1.8976839999999937
1,2,25240,66163,1.8846,1.8846,0.0,0.0004608,pretrain_full_4gpu_20260926.log,100960,264651,1.8972199999999935
1,2,25260,66163,1.8766,1.8766,0.0,0.00046074,pretrain_full_4gpu_20260926.log,101040,264651,1.8959399999999937
1,2,25280,66163,2.0009,2.0009,0.0,0.00046068,pretrain_full_4gpu_20260926.log,101120,264651,1.8986199999999938
1,2,25300,66163,1.7965,1.7965,0.0,0.00046062,pretrain_full_4gpu_20260926.log,101200,264651,1.8950279999999937
1,2,25320,66163,1.9848,1.9848,0.0,0.00046056,pretrain_full_4gpu_20260926.log,101280,264651,1.899199999999994
1,2,25340,66163,2.0988,2.0988,0.0,0.0004605,pretrain_full_4gpu_20260926.log,101360,264651,1.904619999999994
1,2,25360,66163,1.8618,1.8618,0.0,0.00046044,pretrain_full_4gpu_20260926.log,101440,264651,1.9009279999999942
1,2,25380,66163,1.8354,1.8354,0.0,0.00046038,pretrain_full_4gpu_20260926.log,101520,264651,1.8989519999999942
1,2,25400,66163,1.9963,1.9963,0.0,0.00046031,pretrain_full_4gpu_20260926.log,101600,264651,1.8976159999999942
1,2,25420,66163,1.9138,1.9138,0.0,0.00046025,pretrain_full_4gpu_20260926.log,101680,264651,1.9015239999999942
1,2,25440,66163,1.9142,1.9142,0.0,0.00046019,pretrain_full_4gpu_20260926.log,101760,264651,1.9021159999999944
1,2,25460,66163,1.9039,1.9039,0.0,0.00046013,pretrain_full_4gpu_20260926.log,101840,264651,1.9014279999999943
1,2,25480,66163,1.8955,1.8955,0.0,0.00046007,pretrain_full_4gpu_20260926.log,101920,264651,1.902459999999994
1,2,25500,66163,1.8879,1.8879,0.0,0.00046001,pretrain_full_4gpu_20260926.log,102000,264651,1.9053639999999943
1,2,25520,66163,2.0018,2.0018,0.0,0.00045995,pretrain_full_4gpu_20260926.log,102080,264651,1.9081039999999942
1,2,25540,66163,1.9213,1.9213,0.0,0.00045989,pretrain_full_4gpu_20260926.log,102160,264651,1.9056399999999942
1,2,25560,66163,1.909,1.909,0.0,0.00045983,pretrain_full_4gpu_20260926.log,102240,264651,1.9030119999999942
1,2,25580,66163,1.9851,1.9851,0.0,0.00045977,pretrain_full_4gpu_20260926.log,102320,264651,1.9086759999999945
1,2,25600,66163,1.9366,1.9366,0.0,0.00045971,pretrain_full_4gpu_20260926.log,102400,264651,1.9136399999999945
1,2,25620,66163,1.9185,1.9185,0.0,0.00045965,pretrain_full_4gpu_20260926.log,102480,264651,1.9144359999999943
1,2,25640,66163,1.9367,1.9367,0.0,0.00045958,pretrain_full_4gpu_20260926.log,102560,264651,1.9184839999999943
1,2,25660,66163,1.9439,1.9439,0.0,0.00045952,pretrain_full_4gpu_20260926.log,102640,264651,1.9219159999999942
1,2,25680,66163,1.8696,1.8696,0.0,0.00045946,pretrain_full_4gpu_20260926.log,102720,264651,1.9199679999999941
1,2,25700,66163,1.9145,1.9145,0.0,0.0004594,pretrain_full_4gpu_20260926.log,102800,264651,1.9218839999999942
1,2,25720,66163,2.0419,2.0419,0.0,0.00045934,pretrain_full_4gpu_20260926.log,102880,264651,1.9291959999999941
1,2,25740,66163,1.9148,1.9148,0.0,0.00045928,pretrain_full_4gpu_20260926.log,102960,264651,1.930403999999994
1,2,25760,66163,1.99,1.99,0.0,0.00045922,pretrain_full_4gpu_20260926.log,103040,264651,1.934939999999994
1,2,25780,66163,1.9408,1.9408,0.0,0.00045916,pretrain_full_4gpu_20260926.log,103120,264651,1.932535999999994
1,2,25800,66163,1.9449,1.9449,0.0,0.00045909,pretrain_full_4gpu_20260926.log,103200,264651,1.938471999999994
1,2,25820,66163,1.8926,1.8926,0.0,0.00045903,pretrain_full_4gpu_20260926.log,103280,264651,1.934783999999994
1,2,25840,66163,1.8958,1.8958,0.0,0.00045897,pretrain_full_4gpu_20260926.log,103360,264651,1.9266639999999942
1,2,25860,66163,1.9439,1.9439,0.0,0.00045891,pretrain_full_4gpu_20260926.log,103440,264651,1.929947999999994
1,2,25880,66163,1.9754,1.9754,0.0,0.00045885,pretrain_full_4gpu_20260926.log,103520,264651,1.935547999999994
1,2,25900,66163,1.9244,1.9244,0.0,0.00045879,pretrain_full_4gpu_20260926.log,103600,264651,1.932671999999994
1,2,25920,66163,1.904,1.904,0.0,0.00045873,pretrain_full_4gpu_20260926.log,103680,264651,1.9322799999999942
1,2,25940,66163,1.8964,1.8964,0.0,0.00045866,pretrain_full_4gpu_20260926.log,103760,264651,1.9315679999999942
1,2,25960,66163,1.9089,1.9089,0.0,0.0004586,pretrain_full_4gpu_20260926.log,103840,264651,1.9317679999999942
1,2,25980,66163,1.8312,1.8312,0.0,0.00045854,pretrain_full_4gpu_20260926.log,103920,264651,1.9291959999999944
1,2,26000,66163,1.9303,1.9303,0.0,0.00045848,pretrain_full_4gpu_20260926.log,104000,264651,1.9308919999999943
1,2,26020,66163,1.8772,1.8772,0.0,0.00045842,pretrain_full_4gpu_20260926.log,104080,264651,1.9259079999999944
1,2,26040,66163,1.8945,1.8945,0.0,0.00045835,pretrain_full_4gpu_20260926.log,104160,264651,1.9248359999999942
1,2,26060,66163,1.9178,1.9178,0.0,0.00045829,pretrain_full_4gpu_20260926.log,104240,264651,1.9251879999999943
1,2,26080,66163,2.0431,2.0431,0.0,0.00045823,pretrain_full_4gpu_20260926.log,104320,264651,1.9275079999999942
1,2,26100,66163,1.8371,1.8371,0.0,0.00045817,pretrain_full_4gpu_20260926.log,104400,264651,1.9235279999999944
1,2,26120,66163,1.9425,1.9425,0.0,0.00045811,pretrain_full_4gpu_20260926.log,104480,264651,1.9244879999999944
1,2,26140,66163,2.0183,2.0183,0.0,0.00045804,pretrain_full_4gpu_20260926.log,104560,264651,1.9277519999999941
1,2,26160,66163,1.894,1.894,0.0,0.00045798,pretrain_full_4gpu_20260926.log,104640,264651,1.925755999999994
1,2,26180,66163,1.9617,1.9617,0.0,0.00045792,pretrain_full_4gpu_20260926.log,104720,264651,1.9294399999999943
1,2,26200,66163,1.9377,1.9377,0.0,0.00045786,pretrain_full_4gpu_20260926.log,104800,264651,1.9303679999999943
1,2,26220,66163,1.9199,1.9199,0.0,0.0004578,pretrain_full_4gpu_20260926.log,104880,264651,1.9254879999999943
1,2,26240,66163,1.8313,1.8313,0.0,0.00045773,pretrain_full_4gpu_20260926.log,104960,264651,1.9221479999999942
1,2,26260,66163,1.964,1.964,0.0,0.00045767,pretrain_full_4gpu_20260926.log,105040,264651,1.921107999999994
1,2,26280,66163,1.8482,1.8482,0.0,0.00045761,pretrain_full_4gpu_20260926.log,105120,264651,1.917403999999994
1,2,26300,66163,1.784,1.784,0.0,0.00045755,pretrain_full_4gpu_20260926.log,105200,264651,1.910967999999994
1,2,26320,66163,1.7737,1.7737,0.0,0.00045748,pretrain_full_4gpu_20260926.log,105280,264651,1.9062119999999938
1,2,26340,66163,1.8938,1.8938,0.0,0.00045742,pretrain_full_4gpu_20260926.log,105360,264651,1.9061319999999937
1,2,26360,66163,1.9299,1.9299,0.0,0.00045736,pretrain_full_4gpu_20260926.log,105440,264651,1.905571999999994
1,2,26380,66163,1.9474,1.9474,0.0,0.0004573,pretrain_full_4gpu_20260926.log,105520,264651,1.904451999999994
1,2,26400,66163,1.9645,1.9645,0.0,0.00045723,pretrain_full_4gpu_20260926.log,105600,264651,1.9060559999999942
1,2,26420,66163,1.9491,1.9491,0.0,0.00045717,pretrain_full_4gpu_20260926.log,105680,264651,1.9078599999999943
1,2,26440,66163,1.9326,1.9326,0.0,0.00045711,pretrain_full_4gpu_20260926.log,105760,264651,1.9093079999999945
1,2,26460,66163,1.8206,1.8206,0.0,0.00045705,pretrain_full_4gpu_20260926.log,105840,264651,1.9057759999999941
1,2,26480,66163,1.8977,1.8977,0.0,0.00045698,pretrain_full_4gpu_20260926.log,105920,264651,1.908435999999994
1,2,26500,66163,1.9048,1.9048,0.0,0.00045692,pretrain_full_4gpu_20260926.log,106000,264651,1.907415999999994
1,2,26520,66163,1.8929,1.8929,0.0,0.00045686,pretrain_full_4gpu_20260926.log,106080,264651,1.9080439999999939
1,2,26540,66163,1.9476,1.9476,0.0,0.00045679,pretrain_full_4gpu_20260926.log,106160,264651,1.9101679999999939
1,2,26560,66163,1.8886,1.8886,0.0,0.00045673,pretrain_full_4gpu_20260926.log,106240,264651,1.9089999999999938
1,2,26580,66163,1.9505,1.9505,0.0,0.00045667,pretrain_full_4gpu_20260926.log,106320,264651,1.9052959999999937
1,2,26600,66163,1.8895,1.8895,0.0,0.0004566,pretrain_full_4gpu_20260926.log,106400,264651,1.9073919999999935
1,2,26620,66163,1.9362,1.9362,0.0,0.00045654,pretrain_full_4gpu_20260926.log,106480,264651,1.9071399999999934
1,2,26640,66163,1.8864,1.8864,0.0,0.00045648,pretrain_full_4gpu_20260926.log,106560,264651,1.9018639999999936
1,2,26660,66163,1.9135,1.9135,0.0,0.00045642,pretrain_full_4gpu_20260926.log,106640,264651,1.9026439999999938
1,2,26680,66163,1.9182,1.9182,0.0,0.00045635,pretrain_full_4gpu_20260926.log,106720,264651,1.9009039999999937
1,2,26700,66163,1.8751,1.8751,0.0,0.00045629,pretrain_full_4gpu_20260926.log,106800,264651,1.8983999999999939
1,2,26720,66163,1.8749,1.8749,0.0,0.00045623,pretrain_full_4gpu_20260926.log,106880,264651,1.8965999999999936
1,2,26740,66163,1.8649,1.8649,0.0,0.00045616,pretrain_full_4gpu_20260926.log,106960,264651,1.8979439999999936
1,2,26760,66163,1.9704,1.9704,0.0,0.0004561,pretrain_full_4gpu_20260926.log,107040,264651,1.8981999999999937
1,2,26780,66163,1.8935,1.8935,0.0,0.00045604,pretrain_full_4gpu_20260926.log,107120,264651,1.9000119999999938
1,2,26800,66163,1.9068,1.9068,0.0,0.00045597,pretrain_full_4gpu_20260926.log,107200,264651,1.9049239999999938
1,2,26820,66163,1.9238,1.9238,0.0,0.00045591,pretrain_full_4gpu_20260926.log,107280,264651,1.910927999999994
1,2,26840,66163,1.9195,1.9195,0.0,0.00045584,pretrain_full_4gpu_20260926.log,107360,264651,1.9119559999999938
1,2,26860,66163,1.9166,1.9166,0.0,0.00045578,pretrain_full_4gpu_20260926.log,107440,264651,1.9114239999999938
1,2,26880,66163,1.7548,1.7548,0.0,0.00045572,pretrain_full_4gpu_20260926.log,107520,264651,1.9037199999999939
1,2,26900,66163,1.9425,1.9425,0.0,0.00045565,pretrain_full_4gpu_20260926.log,107600,264651,1.9028399999999939
1,2,26920,66163,1.9254,1.9254,0.0,0.00045559,pretrain_full_4gpu_20260926.log,107680,264651,1.901891999999994
1,2,26940,66163,1.9166,1.9166,0.0,0.00045553,pretrain_full_4gpu_20260926.log,107760,264651,1.9012519999999942
1,2,26960,66163,1.92,1.92,0.0,0.00045546,pretrain_full_4gpu_20260926.log,107840,264651,1.9052279999999941
1,2,26980,66163,1.9421,1.9421,0.0,0.0004554,pretrain_full_4gpu_20260926.log,107920,264651,1.9070039999999944
1,2,27000,66163,1.8291,1.8291,0.0,0.00045534,pretrain_full_4gpu_20260926.log,108000,264651,1.9039759999999941
1,2,27020,66163,1.9402,1.9402,0.0,0.00045527,pretrain_full_4gpu_20260926.log,108080,264651,1.9058679999999941
1,2,27040,66163,1.9513,1.9513,0.0,0.00045521,pretrain_full_4gpu_20260926.log,108160,264651,1.9060159999999942
1,2,27060,66163,1.9332,1.9332,0.0,0.00045514,pretrain_full_4gpu_20260926.log,108240,264651,1.9077999999999944
1,2,27080,66163,1.8714,1.8714,0.0,0.00045508,pretrain_full_4gpu_20260926.log,108320,264651,1.9046359999999944
1,2,27100,66163,1.9039,1.9039,0.0,0.00045502,pretrain_full_4gpu_20260926.log,108400,264651,1.9052119999999946
1,2,27120,66163,1.9005,1.9005,0.0,0.00045495,pretrain_full_4gpu_20260926.log,108480,264651,1.9037839999999946
1,2,27140,66163,1.8477,1.8477,0.0,0.00045489,pretrain_full_4gpu_20260926.log,108560,264651,1.9022359999999947
1,2,27160,66163,1.8312,1.8312,0.0,0.00045482,pretrain_full_4gpu_20260926.log,108640,264651,1.8989439999999949
1,2,27180,66163,1.8704,1.8704,0.0,0.00045476,pretrain_full_4gpu_20260926.log,108720,264651,1.8970319999999947
1,2,27200,66163,1.8418,1.8418,0.0,0.00045469,pretrain_full_4gpu_20260926.log,108800,264651,1.8956999999999946
1,2,27220,66163,1.9693,1.9693,0.0,0.00045463,pretrain_full_4gpu_20260926.log,108880,264651,1.8994759999999946
1,2,27240,66163,1.94,1.94,0.0,0.00045457,pretrain_full_4gpu_20260926.log,108960,264651,1.9024799999999944
1,2,27260,66163,1.8692,1.8692,0.0,0.0004545,pretrain_full_4gpu_20260926.log,109040,264651,1.8984319999999946
1,2,27280,66163,1.8487,1.8487,0.0,0.00045444,pretrain_full_4gpu_20260926.log,109120,264651,1.8966399999999946
1,2,27300,66163,2.0199,2.0199,0.0,0.00045437,pretrain_full_4gpu_20260926.log,109200,264651,1.9011639999999945
1,2,27320,66163,1.8867,1.8867,0.0,0.00045431,pretrain_full_4gpu_20260926.log,109280,264651,1.8996799999999945
1,2,27340,66163,1.9622,1.9622,0.0,0.00045424,pretrain_full_4gpu_20260926.log,109360,264651,1.9013879999999945
1,2,27360,66163,1.8789,1.8789,0.0,0.00045418,pretrain_full_4gpu_20260926.log,109440,264651,1.8998799999999947
1,2,27380,66163,1.8829,1.8829,0.0,0.00045411,pretrain_full_4gpu_20260926.log,109520,264651,1.9050039999999944
1,2,27400,66163,1.8375,1.8375,0.0,0.00045405,pretrain_full_4gpu_20260926.log,109600,264651,1.9008039999999944
1,2,27420,66163,1.9587,1.9587,0.0,0.00045398,pretrain_full_4gpu_20260926.log,109680,264651,1.9021359999999943
1,2,27440,66163,1.7944,1.7944,0.0,0.00045392,pretrain_full_4gpu_20260926.log,109760,264651,1.8972479999999943
1,2,27460,66163,1.7863,1.7863,0.0,0.00045385,pretrain_full_4gpu_20260926.log,109840,264651,1.891899999999994
1,2,27480,66163,1.859,1.859,0.0,0.00045379,pretrain_full_4gpu_20260926.log,109920,264651,1.8885759999999943
1,2,27500,66163,1.8685,1.8685,0.0,0.00045373,pretrain_full_4gpu_20260926.log,110000,264651,1.8901519999999943
1,2,27520,66163,1.8782,1.8782,0.0,0.00045366,pretrain_full_4gpu_20260926.log,110080,264651,1.8876719999999942
1,2,27540,66163,1.8455,1.8455,0.0,0.0004536,pretrain_full_4gpu_20260926.log,110160,264651,1.8834399999999942
1,2,27560,66163,1.8702,1.8702,0.0,0.00045353,pretrain_full_4gpu_20260926.log,110240,264651,1.8809199999999942
1,2,27580,66163,1.8808,1.8808,0.0,0.00045347,pretrain_full_4gpu_20260926.log,110320,264651,1.881295999999994
1,2,27600,66163,1.9161,1.9161,0.0,0.0004534,pretrain_full_4gpu_20260926.log,110400,264651,1.8817839999999941
1,2,27620,66163,1.9315,1.9315,0.0,0.00045333,pretrain_full_4gpu_20260926.log,110480,264651,1.883023999999994
1,2,27640,66163,1.883,1.883,0.0,0.00045327,pretrain_full_4gpu_20260926.log,110560,264651,1.884435999999994
1,2,27660,66163,1.869,1.869,0.0,0.0004532,pretrain_full_4gpu_20260926.log,110640,264651,1.885947999999994
1,2,27680,66163,1.8365,1.8365,0.0,0.00045314,pretrain_full_4gpu_20260926.log,110720,264651,1.8845919999999938
1,2,27700,66163,1.9208,1.9208,0.0,0.00045307,pretrain_full_4gpu_20260926.log,110800,264651,1.8877519999999939
1,2,27720,66163,1.8512,1.8512,0.0,0.00045301,pretrain_full_4gpu_20260926.log,110880,264651,1.883027999999994
1,2,27740,66163,1.8273,1.8273,0.0,0.00045294,pretrain_full_4gpu_20260926.log,110960,264651,1.878519999999994
1,2,27760,66163,1.9963,1.9963,0.0,0.00045288,pretrain_full_4gpu_20260926.log,111040,264651,1.883603999999994
1,2,27780,66163,1.8166,1.8166,0.0,0.00045281,pretrain_full_4gpu_20260926.log,111120,264651,1.882319999999994
1,2,27800,66163,1.8075,1.8075,0.0,0.00045275,pretrain_full_4gpu_20260926.log,111200,264651,1.873823999999994
1,2,27820,66163,1.9384,1.9384,0.0,0.00045268,pretrain_full_4gpu_20260926.log,111280,264651,1.8758919999999941
1,2,27840,66163,1.884,1.884,0.0,0.00045262,pretrain_full_4gpu_20260926.log,111360,264651,1.8727639999999939
1,2,27860,66163,1.9111,1.9111,0.0,0.00045255,pretrain_full_4gpu_20260926.log,111440,264651,1.8740519999999938
1,2,27880,66163,1.8608,1.8608,0.0,0.00045248,pretrain_full_4gpu_20260926.log,111520,264651,1.8731679999999937
1,2,27900,66163,1.9565,1.9565,0.0,0.00045242,pretrain_full_4gpu_20260926.log,111600,264651,1.8779279999999938
1,2,27920,66163,1.8578,1.8578,0.0,0.00045235,pretrain_full_4gpu_20260926.log,111680,264651,1.8738919999999937
1,2,27940,66163,1.8965,1.8965,0.0,0.00045229,pretrain_full_4gpu_20260926.log,111760,264651,1.8779759999999937
1,2,27960,66163,1.9444,1.9444,0.0,0.00045222,pretrain_full_4gpu_20260926.log,111840,264651,1.8842999999999939
1,2,27980,66163,1.9247,1.9247,0.0,0.00045216,pretrain_full_4gpu_20260926.log,111920,264651,1.8869279999999937
1,2,28000,66163,1.8497,1.8497,0.0,0.00045209,pretrain_full_4gpu_20260926.log,112000,264651,1.8861759999999939
1,2,28020,66163,1.9028,1.9028,0.0,0.00045202,pretrain_full_4gpu_20260926.log,112080,264651,1.8871599999999937
1,2,28040,66163,1.8104,1.8104,0.0,0.00045196,pretrain_full_4gpu_20260926.log,112160,264651,1.8857559999999938
1,2,28060,66163,1.9196,1.9196,0.0,0.00045189,pretrain_full_4gpu_20260926.log,112240,264651,1.887731999999994
1,2,28080,66163,1.9195,1.9195,0.0,0.00045183,pretrain_full_4gpu_20260926.log,112320,264651,1.889279999999994
1,2,28100,66163,1.9924,1.9924,0.0,0.00045176,pretrain_full_4gpu_20260926.log,112400,264651,1.892331999999994
1,2,28120,66163,1.9072,1.9072,0.0,0.00045169,pretrain_full_4gpu_20260926.log,112480,264651,1.891359999999994
1,2,28140,66163,1.8675,1.8675,0.0,0.00045163,pretrain_full_4gpu_20260926.log,112560,264651,1.8907399999999939
1,2,28160,66163,1.9159,1.9159,0.0,0.00045156,pretrain_full_4gpu_20260926.log,112640,264651,1.8926159999999939
1,2,28180,66163,1.8617,1.8617,0.0,0.0004515,pretrain_full_4gpu_20260926.log,112720,264651,1.8936239999999938
1,2,28200,66163,1.9491,1.9491,0.0,0.00045143,pretrain_full_4gpu_20260926.log,112800,264651,1.894755999999994
1,2,28220,66163,1.8948,1.8948,0.0,0.00045136,pretrain_full_4gpu_20260926.log,112880,264651,1.8964999999999939
1,2,28240,66163,1.8978,1.8978,0.0,0.0004513,pretrain_full_4gpu_20260926.log,112960,264651,1.8993199999999937
1,2,28260,66163,1.8791,1.8791,0.0,0.00045123,pretrain_full_4gpu_20260926.log,113040,264651,1.8946319999999937
1,2,28280,66163,1.8958,1.8958,0.0,0.00045116,pretrain_full_4gpu_20260926.log,113120,264651,1.8977999999999937
1,2,28300,66163,1.89,1.89,0.0,0.0004511,pretrain_full_4gpu_20260926.log,113200,264651,1.9010999999999938
1,2,28320,66163,1.8688,1.8688,0.0,0.00045103,pretrain_full_4gpu_20260926.log,113280,264651,1.898315999999994
1,2,28340,66163,1.8154,1.8154,0.0,0.00045096,pretrain_full_4gpu_20260926.log,113360,264651,1.8955719999999936
1,2,28360,66163,1.8398,1.8398,0.0,0.0004509,pretrain_full_4gpu_20260926.log,113440,264651,1.8927199999999937
1,2,28380,66163,1.885,1.885,0.0,0.00045083,pretrain_full_4gpu_20260926.log,113520,264651,1.8936879999999936
1,2,28400,66163,1.8355,1.8355,0.0,0.00045076,pretrain_full_4gpu_20260926.log,113600,264651,1.8888479999999939
1,2,28420,66163,1.9322,1.9322,0.0,0.0004507,pretrain_full_4gpu_20260926.log,113680,264651,1.891823999999994
1,2,28440,66163,1.9559,1.9559,0.0,0.00045063,pretrain_full_4gpu_20260926.log,113760,264651,1.8941999999999939
1,2,28460,66163,1.8945,1.8945,0.0,0.00045056,pretrain_full_4gpu_20260926.log,113840,264651,1.8922039999999938
1,2,28480,66163,1.9809,1.9809,0.0,0.0004505,pretrain_full_4gpu_20260926.log,113920,264651,1.8944519999999938
1,2,28500,66163,1.9183,1.9183,0.0,0.00045043,pretrain_full_4gpu_20260926.log,114000,264651,1.8971959999999939
1,2,28520,66163,1.8151,1.8151,0.0,0.00045036,pretrain_full_4gpu_20260926.log,114080,264651,1.893687999999994
1,2,28540,66163,1.8502,1.8502,0.0,0.0004503,pretrain_full_4gpu_20260926.log,114160,264651,1.8952799999999939
1,2,28560,66163,1.8728,1.8728,0.0,0.00045023,pretrain_full_4gpu_20260926.log,114240,264651,1.8934079999999938
1,2,28580,66163,1.9825,1.9825,0.0,0.00045016,pretrain_full_4gpu_20260926.log,114320,264651,1.8959279999999938
1,2,28600,66163,1.9049,1.9049,0.0,0.0004501,pretrain_full_4gpu_20260926.log,114400,264651,1.8924279999999936
1,2,28620,66163,1.7905,1.7905,0.0,0.00045003,pretrain_full_4gpu_20260926.log,114480,264651,1.8877599999999937
1,2,28640,66163,1.8947,1.8947,0.0,0.00044996,pretrain_full_4gpu_20260926.log,114560,264651,1.8888479999999936
1,2,28660,66163,1.8144,1.8144,0.0,0.00044989,pretrain_full_4gpu_20260926.log,114640,264651,1.8847879999999935
1,2,28680,66163,1.9626,1.9626,0.0,0.00044983,pretrain_full_4gpu_20260926.log,114720,264651,1.8888239999999936
1,2,28700,66163,1.9621,1.9621,0.0,0.00044976,pretrain_full_4gpu_20260926.log,114800,264651,1.8893439999999935
1,2,28720,66163,1.9643,1.9643,0.0,0.00044969,pretrain_full_4gpu_20260926.log,114880,264651,1.8921239999999937
1,2,28740,66163,1.7841,1.7841,0.0,0.00044962,pretrain_full_4gpu_20260926.log,114960,264651,1.887575999999994
1,2,28760,66163,1.8683,1.8683,0.0,0.00044956,pretrain_full_4gpu_20260926.log,115040,264651,1.887143999999994
1,2,28780,66163,1.872,1.872,0.0,0.00044949,pretrain_full_4gpu_20260926.log,115120,264651,1.8861919999999939
1,2,28800,66163,1.8951,1.8951,0.0,0.00044942,pretrain_full_4gpu_20260926.log,115200,264651,1.8863959999999937
1,2,28820,66163,1.8234,1.8234,0.0,0.00044935,pretrain_full_4gpu_20260926.log,115280,264651,1.8845799999999937
1,2,28840,66163,1.8895,1.8895,0.0,0.00044929,pretrain_full_4gpu_20260926.log,115360,264651,1.887543999999994
1,2,28860,66163,1.8071,1.8071,0.0,0.00044922,pretrain_full_4gpu_20260926.log,115440,264651,1.8862359999999938
1,2,28880,66163,1.8496,1.8496,0.0,0.00044915,pretrain_full_4gpu_20260926.log,115520,264651,1.884819999999994
1,2,28900,66163,1.7976,1.7976,0.0,0.00044908,pretrain_full_4gpu_20260926.log,115600,264651,1.883303999999994
1,2,28920,66163,1.9094,1.9094,0.0,0.00044902,pretrain_full_4gpu_20260926.log,115680,264651,1.8823919999999938
1,2,28940,66163,1.9199,1.9199,0.0,0.00044895,pretrain_full_4gpu_20260926.log,115760,264651,1.8809519999999937
1,2,28960,66163,1.9746,1.9746,0.0,0.00044888,pretrain_full_4gpu_20260926.log,115840,264651,1.884155999999994
1,2,28980,66163,1.873,1.873,0.0,0.00044881,pretrain_full_4gpu_20260926.log,115920,264651,1.8798399999999937
1,2,29000,66163,1.8855,1.8855,0.0,0.00044875,pretrain_full_4gpu_20260926.log,116000,264651,1.8785279999999938
1,2,29020,66163,1.9066,1.9066,0.0,0.00044868,pretrain_full_4gpu_20260926.log,116080,264651,1.8821879999999935
1,2,29040,66163,1.882,1.882,0.0,0.00044861,pretrain_full_4gpu_20260926.log,116160,264651,1.8834599999999935
1,2,29060,66163,1.8171,1.8171,0.0,0.00044854,pretrain_full_4gpu_20260926.log,116240,264651,1.8812319999999938
1,2,29080,66163,1.8492,1.8492,0.0,0.00044847,pretrain_full_4gpu_20260926.log,116320,264651,1.8758999999999937
1,2,29100,66163,1.9561,1.9561,0.0,0.00044841,pretrain_full_4gpu_20260926.log,116400,264651,1.8779479999999937
1,2,29120,66163,1.8161,1.8161,0.0,0.00044834,pretrain_full_4gpu_20260926.log,116480,264651,1.8789719999999936
1,2,29140,66163,1.9564,1.9564,0.0,0.00044827,pretrain_full_4gpu_20260926.log,116560,264651,1.8814399999999938
1,2,29160,66163,1.8829,1.8829,0.0,0.0004482,pretrain_full_4gpu_20260926.log,116640,264651,1.8841799999999937
1,2,29180,66163,1.8859,1.8859,0.0,0.00044813,pretrain_full_4gpu_20260926.log,116720,264651,1.8811119999999937
1,2,29200,66163,1.8799,1.8799,0.0,0.00044806,pretrain_full_4gpu_20260926.log,116800,264651,1.8778239999999937
1,2,29220,66163,1.9032,1.9032,0.0,0.000448,pretrain_full_4gpu_20260926.log,116880,264651,1.8753799999999936
1,2,29240,66163,1.841,1.841,0.0,0.00044793,pretrain_full_4gpu_20260926.log,116960,264651,1.8776559999999936
1,2,29260,66163,1.858,1.858,0.0,0.00044786,pretrain_full_4gpu_20260926.log,117040,264651,1.8772439999999935
1,2,29280,66163,1.8829,1.8829,0.0,0.00044779,pretrain_full_4gpu_20260926.log,117120,264651,1.8776799999999936
1,2,29300,66163,1.8365,1.8365,0.0,0.00044772,pretrain_full_4gpu_20260926.log,117200,264651,1.8753359999999935
1,2,29320,66163,1.8888,1.8888,0.0,0.00044765,pretrain_full_4gpu_20260926.log,117280,264651,1.8779519999999936
1,2,29340,66163,1.8085,1.8085,0.0,0.00044759,pretrain_full_4gpu_20260926.log,117360,264651,1.874711999999994
1,2,29360,66163,1.876,1.876,0.0,0.00044752,pretrain_full_4gpu_20260926.log,117440,264651,1.877467999999994
1,2,29380,66163,1.9235,1.9235,0.0,0.00044745,pretrain_full_4gpu_20260926.log,117520,264651,1.8804239999999937
1,2,29400,66163,1.8974,1.8974,0.0,0.00044738,pretrain_full_4gpu_20260926.log,117600,264651,1.8844159999999934
1,2,29420,66163,1.9425,1.9425,0.0,0.00044731,pretrain_full_4gpu_20260926.log,117680,264651,1.8857399999999935
1,2,29440,66163,1.8431,1.8431,0.0,0.00044724,pretrain_full_4gpu_20260926.log,117760,264651,1.8826679999999936
1,2,29460,66163,1.8948,1.8948,0.0,0.00044717,pretrain_full_4gpu_20260926.log,117840,264651,1.8794759999999937
1,2,29480,66163,1.8982,1.8982,0.0,0.0004471,pretrain_full_4gpu_20260926.log,117920,264651,1.8804839999999938
1,2,29500,66163,1.9301,1.9301,0.0,0.00044704,pretrain_full_4gpu_20260926.log,118000,264651,1.882267999999994
1,2,29520,66163,1.8416,1.8416,0.0,0.00044697,pretrain_full_4gpu_20260926.log,118080,264651,1.8796679999999941
1,2,29540,66163,1.8169,1.8169,0.0,0.0004469,pretrain_full_4gpu_20260926.log,118160,264651,1.877063999999994
1,2,29560,66163,1.8282,1.8282,0.0,0.00044683,pretrain_full_4gpu_20260926.log,118240,264651,1.877507999999994
1,2,29580,66163,1.8975,1.8975,0.0,0.00044676,pretrain_full_4gpu_20260926.log,118320,264651,1.879439999999994
1,2,29600,66163,1.8224,1.8224,0.0,0.00044669,pretrain_full_4gpu_20260926.log,118400,264651,1.874091999999994
1,2,29620,66163,1.8835,1.8835,0.0,0.00044662,pretrain_full_4gpu_20260926.log,118480,264651,1.876787999999994
1,2,29640,66163,1.8676,1.8676,0.0,0.00044655,pretrain_full_4gpu_20260926.log,118560,264651,1.8732359999999941
1,2,29660,66163,1.8396,1.8396,0.0,0.00044648,pretrain_full_4gpu_20260926.log,118640,264651,1.8715039999999938
1,2,29680,66163,1.8694,1.8694,0.0,0.00044641,pretrain_full_4gpu_20260926.log,118720,264651,1.870843999999994
1,2,29700,66163,1.7881,1.7881,0.0,0.00044635,pretrain_full_4gpu_20260926.log,118800,264651,1.8671719999999938
1,2,29720,66163,1.8313,1.8313,0.0,0.00044628,pretrain_full_4gpu_20260926.log,118880,264651,1.864295999999994
1,2,29740,66163,1.8782,1.8782,0.0,0.00044621,pretrain_full_4gpu_20260926.log,118960,264651,1.865783999999994
1,2,29760,66163,1.9245,1.9245,0.0,0.00044614,pretrain_full_4gpu_20260926.log,119040,264651,1.868443999999994
1,2,29780,66163,1.8625,1.8625,0.0,0.00044607,pretrain_full_4gpu_20260926.log,119120,264651,1.867627999999994
1,2,29800,66163,1.8025,1.8025,0.0,0.000446,pretrain_full_4gpu_20260926.log,119200,264651,1.866267999999994
1,2,29820,66163,1.9403,1.9403,0.0,0.00044593,pretrain_full_4gpu_20260926.log,119280,264651,1.868327999999994
1,2,29840,66163,1.8094,1.8094,0.0,0.00044586,pretrain_full_4gpu_20260926.log,119360,264651,1.8683639999999937
1,2,29860,66163,1.9257,1.9257,0.0,0.00044579,pretrain_full_4gpu_20260926.log,119440,264651,1.8703519999999938
1,2,29880,66163,1.9009,1.9009,0.0,0.00044572,pretrain_full_4gpu_20260926.log,119520,264651,1.869447999999994
1,2,29900,66163,1.8748,1.8748,0.0,0.00044565,pretrain_full_4gpu_20260926.log,119600,264651,1.868543999999994
1,2,29920,66163,1.9018,1.9018,0.0,0.00044558,pretrain_full_4gpu_20260926.log,119680,264651,1.866915999999994
1,2,29940,66163,1.7836,1.7836,0.0,0.00044551,pretrain_full_4gpu_20260926.log,119760,264651,1.864535999999994
1,2,29960,66163,1.8661,1.8661,0.0,0.00044544,pretrain_full_4gpu_20260926.log,119840,264651,1.8633879999999943
1,2,29980,66163,1.8725,1.8725,0.0,0.00044537,pretrain_full_4gpu_20260926.log,119920,264651,1.8623599999999942
1,2,30000,66163,1.8216,1.8216,0.0,0.0004453,pretrain_full_4gpu_20260926.log,120000,264651,1.8580199999999942
1,2,30020,66163,1.9213,1.9213,0.0,0.00044523,pretrain_full_4gpu_20260926.log,120080,264651,1.8612079999999944
1,2,30040,66163,1.8898,1.8898,0.0,0.00044516,pretrain_full_4gpu_20260926.log,120160,264651,1.8641239999999946
1,2,30060,66163,1.9027,1.9027,0.0,0.00044509,pretrain_full_4gpu_20260926.log,120240,264651,1.8671039999999945
1,2,30080,66163,1.896,1.896,0.0,0.00044502,pretrain_full_4gpu_20260926.log,120320,264651,1.8670439999999946
1,2,30100,66163,1.8952,1.8952,0.0,0.00044495,pretrain_full_4gpu_20260926.log,120400,264651,1.8699559999999946
1,2,30120,66163,1.9142,1.9142,0.0,0.00044488,pretrain_full_4gpu_20260926.log,120480,264651,1.8711839999999946
1,2,30140,66163,1.8177,1.8177,0.0,0.00044481,pretrain_full_4gpu_20260926.log,120560,264651,1.8691879999999947
1,2,30160,66163,1.9251,1.9251,0.0,0.00044474,pretrain_full_4gpu_20260926.log,120640,264651,1.8726079999999947
1,2,30180,66163,1.7706,1.7706,0.0,0.00044467,pretrain_full_4gpu_20260926.log,120720,264651,1.868655999999995
1,2,30200,66163,1.9064,1.9064,0.0,0.0004446,pretrain_full_4gpu_20260926.log,120800,264651,1.8733879999999947
1,2,30220,66163,2.0019,2.0019,0.0,0.00044453,pretrain_full_4gpu_20260926.log,120880,264651,1.8802119999999949
1,2,30240,66163,1.9438,1.9438,0.0,0.00044446,pretrain_full_4gpu_20260926.log,120960,264651,1.8828359999999948
1,2,30260,66163,1.9492,1.9492,0.0,0.00044439,pretrain_full_4gpu_20260926.log,121040,264651,1.8838239999999948
1,2,30280,66163,1.8775,1.8775,0.0,0.00044432,pretrain_full_4gpu_20260926.log,121120,264651,1.8844239999999948
1,2,30300,66163,1.9477,1.9477,0.0,0.00044425,pretrain_full_4gpu_20260926.log,121200,264651,1.8902319999999946
1,2,30320,66163,1.8897,1.8897,0.0,0.00044418,pretrain_full_4gpu_20260926.log,121280,264651,1.8882079999999946
1,2,30340,66163,1.8416,1.8416,0.0,0.00044411,pretrain_full_4gpu_20260926.log,121360,264651,1.8894959999999947
1,2,30360,66163,1.9114,1.9114,0.0,0.00044404,pretrain_full_4gpu_20260926.log,121440,264651,1.8889239999999947
1,2,30380,66163,1.8814,1.8814,0.0,0.00044397,pretrain_full_4gpu_20260926.log,121520,264651,1.8881439999999947
1,2,30400,66163,1.8697,1.8697,0.0,0.0004439,pretrain_full_4gpu_20260926.log,121600,264651,1.8879399999999946
1,2,30420,66163,1.9003,1.9003,0.0,0.00044383,pretrain_full_4gpu_20260926.log,121680,264651,1.8878799999999947
1,2,30440,66163,1.9607,1.9607,0.0,0.00044376,pretrain_full_4gpu_20260926.log,121760,264651,1.8949639999999948
1,2,30460,66163,1.8529,1.8529,0.0,0.00044369,pretrain_full_4gpu_20260926.log,121840,264651,1.8944359999999947
1,2,30480,66163,1.8727,1.8727,0.0,0.00044362,pretrain_full_4gpu_20260926.log,121920,264651,1.8944439999999947
1,2,30500,66163,1.8782,1.8782,0.0,0.00044355,pretrain_full_4gpu_20260926.log,122000,264651,1.8967079999999947
1,2,30520,66163,1.9883,1.9883,0.0,0.00044347,pretrain_full_4gpu_20260926.log,122080,264651,1.8993879999999947
1,2,30540,66163,1.8758,1.8758,0.0,0.0004434,pretrain_full_4gpu_20260926.log,122160,264651,1.8988279999999946
1,2,30560,66163,1.9179,1.9179,0.0,0.00044333,pretrain_full_4gpu_20260926.log,122240,264651,1.8994359999999946
1,2,30580,66163,1.8778,1.8778,0.0,0.00044326,pretrain_full_4gpu_20260926.log,122320,264651,1.8987079999999947
1,2,30600,66163,1.8808,1.8808,0.0,0.00044319,pretrain_full_4gpu_20260926.log,122400,264651,1.8981319999999946
1,2,30620,66163,1.9383,1.9383,0.0,0.00044312,pretrain_full_4gpu_20260926.log,122480,264651,1.8990959999999943
1,2,30640,66163,1.8905,1.8905,0.0,0.00044305,pretrain_full_4gpu_20260926.log,122560,264651,1.9020079999999944
1,2,30660,66163,1.8526,1.8526,0.0,0.00044298,pretrain_full_4gpu_20260926.log,122640,264651,1.8991079999999945
1,2,30680,66163,1.9006,1.9006,0.0,0.00044291,pretrain_full_4gpu_20260926.log,122720,264651,1.9043079999999943
1,2,30700,66163,1.9189,1.9189,0.0,0.00044284,pretrain_full_4gpu_20260926.log,122800,264651,1.9048079999999945
1,2,30720,66163,1.7849,1.7849,0.0,0.00044276,pretrain_full_4gpu_20260926.log,122880,264651,1.8961279999999945
1,2,30740,66163,1.8681,1.8681,0.0,0.00044269,pretrain_full_4gpu_20260926.log,122960,264651,1.8930999999999942
1,2,30760,66163,1.8148,1.8148,0.0,0.00044262,pretrain_full_4gpu_20260926.log,123040,264651,1.8877239999999944
1,2,30780,66163,1.8921,1.8921,0.0,0.00044255,pretrain_full_4gpu_20260926.log,123120,264651,1.8883079999999943
1,2,30800,66163,1.9186,1.9186,0.0,0.00044248,pretrain_full_4gpu_20260926.log,123200,264651,1.8871439999999944
1,2,30820,66163,1.8402,1.8402,0.0,0.00044241,pretrain_full_4gpu_20260926.log,123280,264651,1.8851639999999947
1,2,30840,66163,1.8139,1.8139,0.0,0.00044234,pretrain_full_4gpu_20260926.log,123360,264651,1.8840559999999946
1,2,30860,66163,1.8804,1.8804,0.0,0.00044227,pretrain_full_4gpu_20260926.log,123440,264651,1.8828159999999945
1,2,30880,66163,1.834,1.834,0.0,0.00044219,pretrain_full_4gpu_20260926.log,123520,264651,1.8809199999999948
1,2,30900,66163,1.8466,1.8466,0.0,0.00044212,pretrain_full_4gpu_20260926.log,123600,264651,1.8799959999999947
1,2,30920,66163,1.9678,1.9678,0.0,0.00044205,pretrain_full_4gpu_20260926.log,123680,264651,1.8826959999999946
1,2,30940,66163,1.8119,1.8119,0.0,0.00044198,pretrain_full_4gpu_20260926.log,123760,264651,1.8767439999999944
1,2,30960,66163,1.908,1.908,0.0,0.00044191,pretrain_full_4gpu_20260926.log,123840,264651,1.8789479999999947
1,2,30980,66163,1.885,1.885,0.0,0.00044184,pretrain_full_4gpu_20260926.log,123920,264651,1.8794399999999944
1,2,31000,66163,1.8999,1.8999,0.0,0.00044176,pretrain_full_4gpu_20260926.log,124000,264651,1.8803079999999945
1,2,31020,66163,1.9104,1.9104,0.0,0.00044169,pretrain_full_4gpu_20260926.log,124080,264651,1.8771919999999946
1,2,31040,66163,1.9508,1.9508,0.0,0.00044162,pretrain_full_4gpu_20260926.log,124160,264651,1.8801919999999948
1,2,31060,66163,1.8274,1.8274,0.0,0.00044155,pretrain_full_4gpu_20260926.log,124240,264651,1.8765719999999946
1,2,31080,66163,1.8876,1.8876,0.0,0.00044148,pretrain_full_4gpu_20260926.log,124320,264651,1.8769639999999945
1,2,31100,66163,1.8135,1.8135,0.0,0.0004414,pretrain_full_4gpu_20260926.log,124400,264651,1.8742719999999944
1,2,31120,66163,1.8691,1.8691,0.0,0.00044133,pretrain_full_4gpu_20260926.log,124480,264651,1.8715039999999945
1,2,31140,66163,1.8431,1.8431,0.0,0.00044126,pretrain_full_4gpu_20260926.log,124560,264651,1.8696079999999944
1,2,31160,66163,1.8026,1.8026,0.0,0.00044119,pretrain_full_4gpu_20260926.log,124640,264651,1.8676079999999942
1,2,31180,66163,1.811,1.811,0.0,0.00044112,pretrain_full_4gpu_20260926.log,124720,264651,1.8640239999999944
1,2,31200,66163,1.965,1.965,0.0,0.00044104,pretrain_full_4gpu_20260926.log,124800,264651,1.8658679999999945
1,2,31220,66163,1.8603,1.8603,0.0,0.00044097,pretrain_full_4gpu_20260926.log,124880,264651,1.8688839999999944
1,2,31240,66163,1.9843,1.9843,0.0,0.0004409,pretrain_full_4gpu_20260926.log,124960,264651,1.8735319999999944
1,2,31260,66163,1.8985,1.8985,0.0,0.00044083,pretrain_full_4gpu_20260926.log,125040,264651,1.8768799999999946
1,2,31280,66163,1.8337,1.8337,0.0,0.00044076,pretrain_full_4gpu_20260926.log,125120,264651,1.8745439999999944
1,2,31300,66163,1.9192,1.9192,0.0,0.00044068,pretrain_full_4gpu_20260926.log,125200,264651,1.8745679999999947
1,2,31320,66163,1.9212,1.9212,0.0,0.00044061,pretrain_full_4gpu_20260926.log,125280,264651,1.8778079999999946
1,2,31340,66163,1.9355,1.9355,0.0,0.00044054,pretrain_full_4gpu_20260926.log,125360,264651,1.8826719999999946
1,2,31360,66163,1.8607,1.8607,0.0,0.00044047,pretrain_full_4gpu_20260926.log,125440,264651,1.8818839999999946
1,2,31380,66163,1.8868,1.8868,0.0,0.00044039,pretrain_full_4gpu_20260926.log,125520,264651,1.8839959999999945
1,2,31400,66163,1.8737,1.8737,0.0,0.00044032,pretrain_full_4gpu_20260926.log,125600,264651,1.8850799999999943
1,2,31420,66163,1.9505,1.9505,0.0,0.00044025,pretrain_full_4gpu_20260926.log,125680,264651,1.8843879999999944
1,2,31440,66163,1.9459,1.9459,0.0,0.00044018,pretrain_full_4gpu_20260926.log,125760,264651,1.8897479999999944
1,2,31460,66163,1.95,1.95,0.0,0.0004401,pretrain_full_4gpu_20260926.log,125840,264651,1.8914279999999946
1,2,31480,66163,1.8656,1.8656,0.0,0.00044003,pretrain_full_4gpu_20260926.log,125920,264651,1.8906519999999947
1,2,31500,66163,1.8895,1.8895,0.0,0.00043996,pretrain_full_4gpu_20260926.log,126000,264651,1.8902359999999945
1,2,31520,66163,1.897,1.897,0.0,0.00043989,pretrain_full_4gpu_20260926.log,126080,264651,1.8896999999999944
1,2,31540,66163,1.8563,1.8563,0.0,0.00043981,pretrain_full_4gpu_20260926.log,126160,264651,1.8859199999999943
1,2,31560,66163,1.9464,1.9464,0.0,0.00043974,pretrain_full_4gpu_20260926.log,126240,264651,1.8906799999999941
1,2,31580,66163,1.7283,1.7283,0.0,0.00043967,pretrain_full_4gpu_20260926.log,126320,264651,1.884307999999994
1,2,31600,66163,1.8645,1.8645,0.0,0.0004396,pretrain_full_4gpu_20260926.log,126400,264651,1.8863479999999941
1,2,31620,66163,1.9548,1.9548,0.0,0.00043952,pretrain_full_4gpu_20260926.log,126480,264651,1.889775999999994
1,2,31640,66163,1.8814,1.8814,0.0,0.00043945,pretrain_full_4gpu_20260926.log,126560,264651,1.891307999999994
1,2,31660,66163,1.9843,1.9843,0.0,0.00043938,pretrain_full_4gpu_20260926.log,126640,264651,1.898575999999994
1,2,31680,66163,1.7354,1.7354,0.0,0.0004393,pretrain_full_4gpu_20260926.log,126720,264651,1.895551999999994
1,2,31700,66163,1.9095,1.9095,0.0,0.00043923,pretrain_full_4gpu_20260926.log,126800,264651,1.8933319999999938
1,2,31720,66163,1.7732,1.7732,0.0,0.00043916,pretrain_full_4gpu_20260926.log,126880,264651,1.8898479999999938
1,2,31740,66163,1.8782,1.8782,0.0,0.00043908,pretrain_full_4gpu_20260926.log,126960,264651,1.8856039999999938
1,2,31760,66163,1.8194,1.8194,0.0,0.00043901,pretrain_full_4gpu_20260926.log,127040,264651,1.8824399999999941
1,2,31780,66163,1.8583,1.8583,0.0,0.00043894,pretrain_full_4gpu_20260926.log,127120,264651,1.883423999999994
1,2,31800,66163,1.8235,1.8235,0.0,0.00043887,pretrain_full_4gpu_20260926.log,127200,264651,1.879595999999994
1,2,31820,66163,1.8342,1.8342,0.0,0.00043879,pretrain_full_4gpu_20260926.log,127280,264651,1.8761159999999941
1,2,31840,66163,1.8188,1.8188,0.0,0.00043872,pretrain_full_4gpu_20260926.log,127360,264651,1.8714479999999944
1,2,31860,66163,1.8256,1.8256,0.0,0.00043865,pretrain_full_4gpu_20260926.log,127440,264651,1.8700439999999943
1,2,31880,66163,1.877,1.877,0.0,0.00043857,pretrain_full_4gpu_20260926.log,127520,264651,1.8696519999999943
1,2,31900,66163,1.8325,1.8325,0.0,0.0004385,pretrain_full_4gpu_20260926.log,127600,264651,1.8680039999999947
1,2,31920,66163,1.8451,1.8451,0.0,0.00043843,pretrain_full_4gpu_20260926.log,127680,264651,1.8637879999999947
1,2,31940,66163,1.8712,1.8712,0.0,0.00043835,pretrain_full_4gpu_20260926.log,127760,264651,1.8607999999999947
1,2,31960,66163,1.788,1.788,0.0,0.00043828,pretrain_full_4gpu_20260926.log,127840,264651,1.8543199999999944
1,2,31980,66163,1.9053,1.9053,0.0,0.0004382,pretrain_full_4gpu_20260926.log,127920,264651,1.8559079999999943
1,2,32000,66163,1.8351,1.8351,0.0,0.00043813,pretrain_full_4gpu_20260926.log,128000,264651,1.8537319999999944
1,2,32020,66163,1.8006,1.8006,0.0,0.00043806,pretrain_full_4gpu_20260926.log,128080,264651,1.8498759999999945
1,2,32040,66163,1.8743,1.8743,0.0,0.00043798,pretrain_full_4gpu_20260926.log,128160,264651,1.8505959999999946
1,2,32060,66163,1.7914,1.7914,0.0,0.00043791,pretrain_full_4gpu_20260926.log,128240,264651,1.8443959999999948
1,2,32080,66163,1.8305,1.8305,0.0,0.00043784,pretrain_full_4gpu_20260926.log,128320,264651,1.848483999999995
1,2,32100,66163,1.8531,1.8531,0.0,0.00043776,pretrain_full_4gpu_20260926.log,128400,264651,1.848027999999995
1,2,32120,66163,1.8492,1.8492,0.0,0.00043769,pretrain_full_4gpu_20260926.log,128480,264651,1.843803999999995
1,2,32140,66163,1.8942,1.8942,0.0,0.00043762,pretrain_full_4gpu_20260926.log,128560,264651,1.844315999999995
1,2,32160,66163,1.9394,1.9394,0.0,0.00043754,pretrain_full_4gpu_20260926.log,128640,264651,1.842519999999995
1,2,32180,66163,1.9411,1.9411,0.0,0.00043747,pretrain_full_4gpu_20260926.log,128720,264651,1.850747999999995
1,2,32200,66163,1.8987,1.8987,0.0,0.00043739,pretrain_full_4gpu_20260926.log,128800,264651,1.850315999999995
1,2,32220,66163,1.8542,1.8542,0.0,0.00043732,pretrain_full_4gpu_20260926.log,128880,264651,1.8535559999999947
1,2,32240,66163,1.8451,1.8451,0.0,0.00043725,pretrain_full_4gpu_20260926.log,128960,264651,1.8522319999999948
1,2,32260,66163,1.8401,1.8401,0.0,0.00043717,pretrain_full_4gpu_20260926.log,129040,264651,1.8530599999999948
1,2,32280,66163,1.7608,1.7608,0.0,0.0004371,pretrain_full_4gpu_20260926.log,129120,264651,1.8491599999999948
1,2,32300,66163,1.8112,1.8112,0.0,0.00043702,pretrain_full_4gpu_20260926.log,129200,264651,1.8486679999999946
1,2,32320,66163,1.9513,1.9513,0.0,0.00043695,pretrain_full_4gpu_20260926.log,129280,264651,1.8533519999999948
1,2,32340,66163,1.8217,1.8217,0.0,0.00043688,pretrain_full_4gpu_20260926.log,129360,264651,1.8534679999999946
1,2,32360,66163,1.8577,1.8577,0.0,0.0004368,pretrain_full_4gpu_20260926.log,129440,264651,1.8547519999999946
1,2,32380,66163,1.8289,1.8289,0.0,0.00043673,pretrain_full_4gpu_20260926.log,129520,264651,1.8528279999999944
1,2,32400,66163,1.8338,1.8338,0.0,0.00043665,pretrain_full_4gpu_20260926.log,129600,264651,1.852879999999994
1,2,32420,66163,1.9147,1.9147,0.0,0.00043658,pretrain_full_4gpu_20260926.log,129680,264651,1.8556639999999942
1,2,32440,66163,1.7977,1.7977,0.0,0.0004365,pretrain_full_4gpu_20260926.log,129760,264651,1.852723999999994
1,2,32460,66163,1.8993,1.8993,0.0,0.00043643,pretrain_full_4gpu_20260926.log,129840,264651,1.8571759999999942
1,2,32480,66163,1.8024,1.8024,0.0,0.00043635,pretrain_full_4gpu_20260926.log,129920,264651,1.8530599999999942
1,2,32500,66163,1.8945,1.8945,0.0,0.00043628,pretrain_full_4gpu_20260926.log,130000,264651,1.8554359999999943
1,2,32520,66163,1.8536,1.8536,0.0,0.00043621,pretrain_full_4gpu_20260926.log,130080,264651,1.8575559999999942
1,2,32540,66163,1.8779,1.8779,0.0,0.00043613,pretrain_full_4gpu_20260926.log,130160,264651,1.8576999999999941
1,2,32560,66163,2.0015,2.0015,0.0,0.00043606,pretrain_full_4gpu_20260926.log,130240,264651,1.866103999999994
1,2,32580,66163,1.9783,1.9783,0.0,0.00043598,pretrain_full_4gpu_20260926.log,130320,264651,1.872015999999994
1,2,32600,66163,1.9311,1.9311,0.0,0.00043591,pretrain_full_4gpu_20260926.log,130400,264651,1.875135999999994
1,2,32620,66163,1.8088,1.8088,0.0,0.00043583,pretrain_full_4gpu_20260926.log,130480,264651,1.8735199999999939
1,2,32640,66163,1.855,1.855,0.0,0.00043576,pretrain_full_4gpu_20260926.log,130560,264651,1.8719519999999938
1,2,32660,66163,1.9109,1.9109,0.0,0.00043568,pretrain_full_4gpu_20260926.log,130640,264651,1.8708119999999937
1,2,32680,66163,1.9287,1.9287,0.0,0.00043561,pretrain_full_4gpu_20260926.log,130720,264651,1.8703159999999937
1,2,32700,66163,1.8269,1.8269,0.0,0.00043553,pretrain_full_4gpu_20260926.log,130800,264651,1.8674439999999939
1,2,32720,66163,1.8522,1.8522,0.0,0.00043546,pretrain_full_4gpu_20260926.log,130880,264651,1.867363999999994
1,2,32740,66163,1.8356,1.8356,0.0,0.00043538,pretrain_full_4gpu_20260926.log,130960,264651,1.866983999999994
1,2,32760,66163,1.7743,1.7743,0.0,0.00043531,pretrain_full_4gpu_20260926.log,131040,264651,1.8643519999999938
1,2,32780,66163,1.802,1.802,0.0,0.00043523,pretrain_full_4gpu_20260926.log,131120,264651,1.8659999999999937
1,2,32800,66163,1.8304,1.8304,0.0,0.00043516,pretrain_full_4gpu_20260926.log,131200,264651,1.8667679999999935
1,2,32820,66163,1.8161,1.8161,0.0,0.00043508,pretrain_full_4gpu_20260926.log,131280,264651,1.8613599999999935
1,2,32840,66163,1.8631,1.8631,0.0,0.00043501,pretrain_full_4gpu_20260926.log,131360,264651,1.8630159999999936
1,2,32860,66163,1.8569,1.8569,0.0,0.00043493,pretrain_full_4gpu_20260926.log,131440,264651,1.8629839999999935
1,2,32880,66163,1.8503,1.8503,0.0,0.00043486,pretrain_full_4gpu_20260926.log,131520,264651,1.8638399999999935
1,2,32900,66163,1.96,1.96,0.0,0.00043478,pretrain_full_4gpu_20260926.log,131600,264651,1.8688879999999939
1,2,32920,66163,1.8319,1.8319,0.0,0.00043471,pretrain_full_4gpu_20260926.log,131680,264651,1.8655759999999935
1,2,32940,66163,1.8655,1.8655,0.0,0.00043463,pretrain_full_4gpu_20260926.log,131760,264651,1.8682879999999935
1,2,32960,66163,1.9693,1.9693,0.0,0.00043456,pretrain_full_4gpu_20260926.log,131840,264651,1.8710879999999934
1,2,32980,66163,1.8622,1.8622,0.0,0.00043448,pretrain_full_4gpu_20260926.log,131920,264651,1.8734799999999936
1,2,33000,66163,1.9463,1.9463,0.0,0.00043441,pretrain_full_4gpu_20260926.log,132000,264651,1.8755519999999937
1,2,33020,66163,1.8578,1.8578,0.0,0.00043433,pretrain_full_4gpu_20260926.log,132080,264651,1.8757199999999934
1,2,33040,66163,1.8964,1.8964,0.0,0.00043426,pretrain_full_4gpu_20260926.log,132160,264651,1.8764599999999936
1,2,33060,66163,1.8401,1.8401,0.0,0.00043418,pretrain_full_4gpu_20260926.log,132240,264651,1.8700039999999936
1,2,33080,66163,1.7934,1.7934,0.0,0.0004341,pretrain_full_4gpu_20260926.log,132320,264651,1.8626079999999936
1,2,33100,66163,1.8992,1.8992,0.0,0.00043403,pretrain_full_4gpu_20260926.log,132399,264651,1.8613319999999935
1,2,33120,66163,1.8689,1.8689,0.0,0.00043395,pretrain_full_4gpu_20260926.log,132479,264651,1.8637359999999936
1,2,33140,66163,1.7895,1.7895,0.0,0.00043388,pretrain_full_4gpu_20260926.log,132559,264651,1.8611159999999936
1,2,33160,66163,1.89,1.89,0.0,0.0004338,pretrain_full_4gpu_20260926.log,132639,264651,1.8602799999999937
1,2,33180,66163,1.8712,1.8712,0.0,0.00043373,pretrain_full_4gpu_20260926.log,132719,264651,1.8579799999999937
1,2,33200,66163,1.9403,1.9403,0.0,0.00043365,pretrain_full_4gpu_20260926.log,132799,264651,1.8625159999999936
1,2,33220,66163,1.8722,1.8722,0.0,0.00043358,pretrain_full_4gpu_20260926.log,132879,264651,1.8633159999999935
1,2,33240,66163,1.8769,1.8769,0.0,0.0004335,pretrain_full_4gpu_20260926.log,132959,264651,1.8649679999999935
1,2,33260,66163,1.8914,1.8914,0.0,0.00043342,pretrain_full_4gpu_20260926.log,133039,264651,1.8696519999999937
1,2,33280,66163,1.8383,1.8383,0.0,0.00043335,pretrain_full_4gpu_20260926.log,133119,264651,1.8711039999999934
1,2,33300,66163,1.7928,1.7928,0.0,0.00043327,pretrain_full_4gpu_20260926.log,133199,264651,1.8695999999999935
1,2,33320,66163,1.8059,1.8059,0.0,0.0004332,pretrain_full_4gpu_20260926.log,133279,264651,1.8691919999999937
1,2,33340,66163,1.886,1.886,0.0,0.00043312,pretrain_full_4gpu_20260926.log,133359,264651,1.8701079999999937
1,2,33360,66163,1.8348,1.8348,0.0,0.00043304,pretrain_full_4gpu_20260926.log,133439,264651,1.8692239999999936
1,2,33380,66163,1.8416,1.8416,0.0,0.00043297,pretrain_full_4gpu_20260926.log,133519,264651,1.8688759999999938
1,2,33400,66163,1.8658,1.8658,0.0,0.00043289,pretrain_full_4gpu_20260926.log,133599,264651,1.8651079999999935
1,2,33420,66163,1.8837,1.8837,0.0,0.00043282,pretrain_full_4gpu_20260926.log,133679,264651,1.8671799999999936
1,2,33440,66163,1.8525,1.8525,0.0,0.00043274,pretrain_full_4gpu_20260926.log,133759,264651,1.8666599999999938
1,2,33460,66163,1.8007,1.8007,0.0,0.00043266,pretrain_full_4gpu_20260926.log,133839,264651,1.859915999999994
1,2,33480,66163,1.8818,1.8818,0.0,0.00043259,pretrain_full_4gpu_20260926.log,133919,264651,1.8606999999999936
1,2,33500,66163,1.8417,1.8417,0.0,0.00043251,pretrain_full_4gpu_20260926.log,133999,264651,1.8565159999999938
1,2,33520,66163,1.8516,1.8516,0.0,0.00043243,pretrain_full_4gpu_20260926.log,134079,264651,1.8562679999999938
1,2,33540,66163,1.7583,1.7583,0.0,0.00043236,pretrain_full_4gpu_20260926.log,134159,264651,1.8507439999999937
1,2,33560,66163,1.856,1.856,0.0,0.00043228,pretrain_full_4gpu_20260926.log,134239,264651,1.8513799999999938
1,2,33580,66163,1.834,1.834,0.0,0.0004322,pretrain_full_4gpu_20260926.log,134319,264651,1.853003999999994
1,2,33600,66163,1.856,1.856,0.0,0.00043213,pretrain_full_4gpu_20260926.log,134399,264651,1.8512759999999941
1,2,33620,66163,1.8508,1.8508,0.0,0.00043205,pretrain_full_4gpu_20260926.log,134479,264651,1.850551999999994
1,2,33640,66163,1.9023,1.9023,0.0,0.00043198,pretrain_full_4gpu_20260926.log,134559,264651,1.8550639999999938
1,2,33660,66163,1.8375,1.8375,0.0,0.0004319,pretrain_full_4gpu_20260926.log,134639,264651,1.8529639999999938
1,2,33680,66163,1.8323,1.8323,0.0,0.00043182,pretrain_full_4gpu_20260926.log,134719,264651,1.851407999999994
1,2,33700,66163,1.8711,1.8711,0.0,0.00043175,pretrain_full_4gpu_20260926.log,134799,264651,1.8486399999999938
1,2,33720,66163,1.8578,1.8578,0.0,0.00043167,pretrain_full_4gpu_20260926.log,134879,264651,1.8480639999999937
1,2,33740,66163,1.8267,1.8267,0.0,0.00043159,pretrain_full_4gpu_20260926.log,134959,264651,1.846055999999994
1,2,33760,66163,1.8444,1.8444,0.0,0.00043152,pretrain_full_4gpu_20260926.log,135039,264651,1.844175999999994
1,2,33780,66163,1.8285,1.8285,0.0,0.00043144,pretrain_full_4gpu_20260926.log,135119,264651,1.843783999999994
1,2,33800,66163,1.946,1.946,0.0,0.00043136,pretrain_full_4gpu_20260926.log,135199,264651,1.849911999999994
1,2,33820,66163,1.8674,1.8674,0.0,0.00043129,pretrain_full_4gpu_20260926.log,135279,264651,1.8523719999999937
1,2,33840,66163,1.8073,1.8073,0.0,0.00043121,pretrain_full_4gpu_20260926.log,135359,264651,1.8492239999999935
1,2,33860,66163,1.8444,1.8444,0.0,0.00043113,pretrain_full_4gpu_20260926.log,135439,264651,1.8496079999999935
1,2,33880,66163,1.8769,1.8769,0.0,0.00043105,pretrain_full_4gpu_20260926.log,135519,264651,1.8510199999999934
1,2,33900,66163,1.8164,1.8164,0.0,0.00043098,pretrain_full_4gpu_20260926.log,135599,264651,1.8490439999999935
1,2,33920,66163,1.7656,1.7656,0.0,0.0004309,pretrain_full_4gpu_20260926.log,135679,264651,1.8443199999999935
1,2,33940,66163,1.8188,1.8188,0.0,0.00043082,pretrain_full_4gpu_20260926.log,135759,264651,1.8429719999999938
1,2,33960,66163,1.808,1.808,0.0,0.00043075,pretrain_full_4gpu_20260926.log,135839,264651,1.8432639999999938
1,2,33980,66163,1.9316,1.9316,0.0,0.00043067,pretrain_full_4gpu_20260926.log,135919,264651,1.845255999999994
1,2,34000,66163,1.8255,1.8255,0.0,0.00043059,pretrain_full_4gpu_20260926.log,135999,264651,1.8446079999999938
1,2,34020,66163,1.8162,1.8162,0.0,0.00043051,pretrain_full_4gpu_20260926.log,136079,264651,1.843191999999994
1,2,34040,66163,1.9807,1.9807,0.0,0.00043044,pretrain_full_4gpu_20260926.log,136159,264651,1.852087999999994
1,2,34060,66163,1.9071,1.9071,0.0,0.00043036,pretrain_full_4gpu_20260926.log,136239,264651,1.854131999999994
1,2,34080,66163,1.8264,1.8264,0.0,0.00043028,pretrain_full_4gpu_20260926.log,136319,264651,1.8538279999999938
1,2,34100,66163,1.8585,1.8585,0.0,0.00043021,pretrain_full_4gpu_20260926.log,136399,264651,1.8539279999999936
1,2,34120,66163,1.8548,1.8548,0.0,0.00043013,pretrain_full_4gpu_20260926.log,136479,264651,1.8540879999999935
1,2,34140,66163,1.878,1.878,0.0,0.00043005,pretrain_full_4gpu_20260926.log,136559,264651,1.8531159999999938
1,2,34160,66163,1.8424,1.8424,0.0,0.00042997,pretrain_full_4gpu_20260926.log,136639,264651,1.8533119999999936
1,2,34180,66163,1.8862,1.8862,0.0,0.0004299,pretrain_full_4gpu_20260926.log,136719,264651,1.855467999999994
1,2,34200,66163,1.8782,1.8782,0.0,0.00042982,pretrain_full_4gpu_20260926.log,136799,264651,1.855751999999994
1,2,34220,66163,1.8659,1.8659,0.0,0.00042974,pretrain_full_4gpu_20260926.log,136879,264651,1.8560759999999943
1,2,34240,66163,1.8768,1.8768,0.0,0.00042966,pretrain_full_4gpu_20260926.log,136959,264651,1.8580799999999942
1,2,34260,66163,1.8571,1.8571,0.0,0.00042959,pretrain_full_4gpu_20260926.log,137039,264651,1.8585879999999944
1,2,34280,66163,1.8326,1.8326,0.0,0.00042951,pretrain_full_4gpu_20260926.log,137119,264651,1.8587519999999944
1,2,34300,66163,1.8155,1.8155,0.0,0.00042943,pretrain_full_4gpu_20260926.log,137199,264651,1.8535319999999944
1,2,34320,66163,1.9229,1.9229,0.0,0.00042935,pretrain_full_4gpu_20260926.log,137279,264651,1.8557519999999943
1,2,34340,66163,1.7944,1.7944,0.0,0.00042928,pretrain_full_4gpu_20260926.log,137359,264651,1.8552359999999946
1,2,34360,66163,1.8885,1.8885,0.0,0.0004292,pretrain_full_4gpu_20260926.log,137439,264651,1.8569999999999944
1,2,34380,66163,1.896,1.896,0.0,0.00042912,pretrain_full_4gpu_20260926.log,137519,264651,1.8577639999999946
1,2,34400,66163,1.7899,1.7899,0.0,0.00042904,pretrain_full_4gpu_20260926.log,137599,264651,1.8567039999999946
1,2,34420,66163,1.9107,1.9107,0.0,0.00042896,pretrain_full_4gpu_20260926.log,137679,264651,1.8625079999999945
1,2,34440,66163,1.8292,1.8292,0.0,0.00042889,pretrain_full_4gpu_20260926.log,137759,264651,1.8629239999999945
1,2,34460,66163,1.9051,1.9051,0.0,0.00042881,pretrain_full_4gpu_20260926.log,137839,264651,1.8668079999999945
1,2,34480,66163,1.8523,1.8523,0.0,0.00042873,pretrain_full_4gpu_20260926.log,137919,264651,1.8636359999999943
1,2,34500,66163,1.845,1.845,0.0,0.00042865,pretrain_full_4gpu_20260926.log,137999,264651,1.8644159999999943
1,2,34520,66163,1.9282,1.9282,0.0,0.00042857,pretrain_full_4gpu_20260926.log,138079,264651,1.8688959999999941
1,2,34540,66163,1.8989,1.8989,0.0,0.0004285,pretrain_full_4gpu_20260926.log,138159,264651,1.865623999999994
1,2,34560,66163,1.866,1.866,0.0,0.00042842,pretrain_full_4gpu_20260926.log,138239,264651,1.863979999999994
1,2,34580,66163,2.0004,2.0004,0.0,0.00042834,pretrain_full_4gpu_20260926.log,138319,264651,1.870939999999994
1,2,34600,66163,1.9205,1.9205,0.0,0.00042826,pretrain_full_4gpu_20260926.log,138399,264651,1.8734199999999939
1,2,34620,66163,1.9615,1.9615,0.0,0.00042818,pretrain_full_4gpu_20260926.log,138479,264651,1.877687999999994
1,2,34640,66163,1.9356,1.9356,0.0,0.0004281,pretrain_full_4gpu_20260926.log,138559,264651,1.8799919999999941
1,2,34660,66163,1.9155,1.9155,0.0,0.00042803,pretrain_full_4gpu_20260926.log,138639,264651,1.8829159999999943
1,2,34680,66163,1.8597,1.8597,0.0,0.00042795,pretrain_full_4gpu_20260926.log,138719,264651,1.881855999999994
1,2,34700,66163,1.8303,1.8303,0.0,0.00042787,pretrain_full_4gpu_20260926.log,138799,264651,1.879939999999994
1,2,34720,66163,1.9044,1.9044,0.0,0.00042779,pretrain_full_4gpu_20260926.log,138879,264651,1.881479999999994
1,2,34740,66163,1.8804,1.8804,0.0,0.00042771,pretrain_full_4gpu_20260926.log,138959,264651,1.881623999999994
1,2,34760,66163,1.7916,1.7916,0.0,0.00042763,pretrain_full_4gpu_20260926.log,139039,264651,1.879003999999994
1,2,34780,66163,1.9218,1.9218,0.0,0.00042756,pretrain_full_4gpu_20260926.log,139119,264651,1.882571999999994
1,2,34800,66163,1.7861,1.7861,0.0,0.00042748,pretrain_full_4gpu_20260926.log,139199,264651,1.8813959999999939
1,2,34820,66163,1.8269,1.8269,0.0,0.0004274,pretrain_full_4gpu_20260926.log,139279,264651,1.877555999999994
1,2,34840,66163,1.8837,1.8837,0.0,0.00042732,pretrain_full_4gpu_20260926.log,139359,264651,1.8811279999999937
1,2,34860,66163,1.8431,1.8431,0.0,0.00042724,pretrain_full_4gpu_20260926.log,139439,264651,1.8793119999999937
1,2,34880,66163,1.8687,1.8687,0.0,0.00042716,pretrain_full_4gpu_20260926.log,139519,264651,1.8782199999999936
1,2,34900,66163,1.9521,1.9521,0.0,0.00042708,pretrain_full_4gpu_20260926.log,139599,264651,1.8847079999999934
1,2,34920,66163,1.8224,1.8224,0.0,0.00042701,pretrain_full_4gpu_20260926.log,139679,264651,1.8811759999999935
1,2,34940,66163,1.8455,1.8455,0.0,0.00042693,pretrain_full_4gpu_20260926.log,139759,264651,1.8818279999999936
1,2,34960,66163,1.8552,1.8552,0.0,0.00042685,pretrain_full_4gpu_20260926.log,139839,264651,1.8798319999999935
1,2,34980,66163,1.85,1.85,0.0,0.00042677,pretrain_full_4gpu_20260926.log,139919,264651,1.8797399999999937
1,2,35000,66163,1.8324,1.8324,0.0,0.00042669,pretrain_full_4gpu_20260926.log,139999,264651,1.8792359999999937
1,2,35020,66163,1.8233,1.8233,0.0,0.00042661,pretrain_full_4gpu_20260926.log,140079,264651,1.875039999999994
1,2,35040,66163,1.8892,1.8892,0.0,0.00042653,pretrain_full_4gpu_20260926.log,140159,264651,1.8746519999999942
1,2,35060,66163,1.8066,1.8066,0.0,0.00042645,pretrain_full_4gpu_20260926.log,140239,264651,1.8722759999999943
1,2,35080,66163,1.9083,1.9083,0.0,0.00042637,pretrain_full_4gpu_20260926.log,140319,264651,1.8685919999999943
1,2,35100,66163,1.8065,1.8065,0.0,0.00042629,pretrain_full_4gpu_20260926.log,140399,264651,1.8640319999999944
1,2,35120,66163,1.8453,1.8453,0.0,0.00042622,pretrain_full_4gpu_20260926.log,140479,264651,1.8593839999999944
1,2,35140,66163,1.7823,1.7823,0.0,0.00042614,pretrain_full_4gpu_20260926.log,140559,264651,1.8532519999999943
1,2,35160,66163,1.8121,1.8121,0.0,0.00042606,pretrain_full_4gpu_20260926.log,140639,264651,1.8491159999999942
1,2,35180,66163,1.9458,1.9458,0.0,0.00042598,pretrain_full_4gpu_20260926.log,140719,264651,1.8525599999999942
1,2,35200,66163,1.8121,1.8121,0.0,0.0004259,pretrain_full_4gpu_20260926.log,140799,264651,1.8518319999999944
1,2,35220,66163,1.8099,1.8099,0.0,0.00042582,pretrain_full_4gpu_20260926.log,140879,264651,1.8480519999999943
1,2,35240,66163,1.9331,1.9331,0.0,0.00042574,pretrain_full_4gpu_20260926.log,140959,264651,1.8501599999999943
1,2,35260,66163,1.969,1.969,0.0,0.00042566,pretrain_full_4gpu_20260926.log,141039,264651,1.8572559999999942
1,2,35280,66163,1.8044,1.8044,0.0,0.00042558,pretrain_full_4gpu_20260926.log,141119,264651,1.8525599999999942
1,2,35300,66163,1.8652,1.8652,0.0,0.0004255,pretrain_full_4gpu_20260926.log,141199,264651,1.8557239999999944
1,2,35320,66163,1.7796,1.7796,0.0,0.00042542,pretrain_full_4gpu_20260926.log,141279,264651,1.8538319999999944
1,2,35340,66163,1.9098,1.9098,0.0,0.00042534,pretrain_full_4gpu_20260926.log,141359,264651,1.8548759999999944
1,2,35360,66163,1.8697,1.8697,0.0,0.00042526,pretrain_full_4gpu_20260926.log,141439,264651,1.8559399999999946
1,2,35380,66163,1.9341,1.9341,0.0,0.00042518,pretrain_full_4gpu_20260926.log,141519,264651,1.8585559999999948
1,2,35400,66163,1.8265,1.8265,0.0,0.00042511,pretrain_full_4gpu_20260926.log,141599,264651,1.8535319999999949
1,2,35420,66163,1.8071,1.8071,0.0,0.00042503,pretrain_full_4gpu_20260926.log,141679,264651,1.8529199999999946
1,2,35440,66163,1.9356,1.9356,0.0,0.00042495,pretrain_full_4gpu_20260926.log,141759,264651,1.8565239999999945
1,2,35460,66163,1.8391,1.8391,0.0,0.00042487,pretrain_full_4gpu_20260926.log,141839,264651,1.8558799999999946
1,2,35480,66163,1.8576,1.8576,0.0,0.00042479,pretrain_full_4gpu_20260926.log,141919,264651,1.8561839999999945
1,2,35500,66163,1.8292,1.8292,0.0,0.00042471,pretrain_full_4gpu_20260926.log,141999,264651,1.8560559999999944
1,2,35520,66163,1.9276,1.9276,0.0,0.00042463,pretrain_full_4gpu_20260926.log,142079,264651,1.8602279999999942
1,2,35540,66163,1.8675,1.8675,0.0,0.00042455,pretrain_full_4gpu_20260926.log,142159,264651,1.8593599999999941
1,2,35560,66163,1.8101,1.8101,0.0,0.00042447,pretrain_full_4gpu_20260926.log,142239,264651,1.859499999999994
1,2,35580,66163,1.836,1.836,0.0,0.00042439,pretrain_full_4gpu_20260926.log,142319,264651,1.856607999999994
1,2,35600,66163,1.8401,1.8401,0.0,0.00042431,pretrain_full_4gpu_20260926.log,142399,264651,1.857951999999994
1,2,35620,66163,1.9609,1.9609,0.0,0.00042423,pretrain_full_4gpu_20260926.log,142479,264651,1.862575999999994
1,2,35640,66163,1.9089,1.9089,0.0,0.00042415,pretrain_full_4gpu_20260926.log,142559,264651,1.8676399999999942
1,2,35660,66163,1.8918,1.8918,0.0,0.00042407,pretrain_full_4gpu_20260926.log,142639,264651,1.870827999999994
1,2,35680,66163,1.835,1.835,0.0,0.00042399,pretrain_full_4gpu_20260926.log,142719,264651,1.866395999999994
1,2,35700,66163,1.881,1.881,0.0,0.00042391,pretrain_full_4gpu_20260926.log,142799,264651,1.869151999999994
1,2,35720,66163,1.8665,1.8665,0.0,0.00042383,pretrain_full_4gpu_20260926.log,142879,264651,1.8714159999999942
1,2,35740,66163,1.96,1.96,0.0,0.00042375,pretrain_full_4gpu_20260926.log,142959,264651,1.872491999999994
1,2,35760,66163,1.9233,1.9233,0.0,0.00042367,pretrain_full_4gpu_20260926.log,143039,264651,1.8706639999999939
1,2,35780,66163,1.838,1.838,0.0,0.00042359,pretrain_full_4gpu_20260926.log,143119,264651,1.872007999999994
1,2,35800,66163,1.7849,1.7849,0.0,0.00042351,pretrain_full_4gpu_20260926.log,143199,264651,1.868795999999994
1,2,35820,66163,1.7734,1.7734,0.0,0.00042343,pretrain_full_4gpu_20260926.log,143279,264651,1.8685479999999939
1,2,35840,66163,1.8732,1.8732,0.0,0.00042335,pretrain_full_4gpu_20260926.log,143359,264651,1.867083999999994
1,2,35860,66163,1.758,1.758,0.0,0.00042327,pretrain_full_4gpu_20260926.log,143439,264651,1.8626159999999938
1,2,35880,66163,1.8655,1.8655,0.0,0.00042319,pretrain_full_4gpu_20260926.log,143519,264651,1.8598719999999938
1,2,35900,66163,1.8967,1.8967,0.0,0.0004231,pretrain_full_4gpu_20260926.log,143599,264651,1.8626799999999937
1,2,35920,66163,1.8732,1.8732,0.0,0.00042302,pretrain_full_4gpu_20260926.log,143679,264651,1.8653239999999938
1,2,35940,66163,1.8792,1.8792,0.0,0.00042294,pretrain_full_4gpu_20260926.log,143759,264651,1.8630679999999935
1,2,35960,66163,1.8308,1.8308,0.0,0.00042286,pretrain_full_4gpu_20260926.log,143839,264651,1.8627359999999937
1,2,35980,66163,1.8874,1.8874,0.0,0.00042278,pretrain_full_4gpu_20260926.log,143919,264651,1.8639279999999936
1,2,36000,66163,1.8117,1.8117,0.0,0.0004227,pretrain_full_4gpu_20260926.log,143999,264651,1.8632279999999937
1,2,36020,66163,1.7919,1.7919,0.0,0.00042262,pretrain_full_4gpu_20260926.log,144079,264651,1.8577999999999937
1,2,36040,66163,1.8795,1.8795,0.0,0.00042254,pretrain_full_4gpu_20260926.log,144159,264651,1.8582799999999937
1,2,36060,66163,1.8213,1.8213,0.0,0.00042246,pretrain_full_4gpu_20260926.log,144239,264651,1.858727999999994
1,2,36080,66163,1.8009,1.8009,0.0,0.00042238,pretrain_full_4gpu_20260926.log,144319,264651,1.857323999999994
1,2,36100,66163,1.8189,1.8189,0.0,0.0004223,pretrain_full_4gpu_20260926.log,144399,264651,1.8564759999999938
1,2,36120,66163,1.8056,1.8056,0.0,0.00042222,pretrain_full_4gpu_20260926.log,144479,264651,1.8502639999999937
1,2,36140,66163,1.829,1.829,0.0,0.00042214,pretrain_full_4gpu_20260926.log,144559,264651,1.8470679999999937
1,2,36160,66163,1.8489,1.8489,0.0,0.00042206,pretrain_full_4gpu_20260926.log,144639,264651,1.8453519999999934
1,2,36180,66163,1.8115,1.8115,0.0,0.00042198,pretrain_full_4gpu_20260926.log,144719,264651,1.8444119999999935
1,2,36200,66163,1.9024,1.9024,0.0,0.00042189,pretrain_full_4gpu_20260926.log,144799,264651,1.8452679999999935
1,2,36220,66163,1.8219,1.8219,0.0,0.00042181,pretrain_full_4gpu_20260926.log,144879,264651,1.8434839999999935
1,2,36240,66163,1.8667,1.8667,0.0,0.00042173,pretrain_full_4gpu_20260926.log,144959,264651,1.8397519999999934
1,2,36260,66163,1.9861,1.9861,0.0,0.00042165,pretrain_full_4gpu_20260926.log,145039,264651,1.8422639999999937
1,2,36280,66163,1.7845,1.7845,0.0,0.00042157,pretrain_full_4gpu_20260926.log,145119,264651,1.8401239999999937
1,2,36300,66163,1.8662,1.8662,0.0,0.00042149,pretrain_full_4gpu_20260926.log,145199,264651,1.8433759999999935
1,2,36320,66163,1.8367,1.8367,0.0,0.00042141,pretrain_full_4gpu_20260926.log,145279,264651,1.8459079999999934
1,2,36340,66163,1.7954,1.7954,0.0,0.00042133,pretrain_full_4gpu_20260926.log,145359,264651,1.8427959999999937
1,2,36360,66163,1.8329,1.8329,0.0,0.00042125,pretrain_full_4gpu_20260926.log,145439,264651,1.8457919999999937
1,2,36380,66163,1.8342,1.8342,0.0,0.00042117,pretrain_full_4gpu_20260926.log,145519,264651,1.8445399999999939
1,2,36400,66163,1.8127,1.8127,0.0,0.00042108,pretrain_full_4gpu_20260926.log,145599,264651,1.8411799999999936
1,2,36420,66163,1.8116,1.8116,0.0,0.000421,pretrain_full_4gpu_20260926.log,145679,264651,1.8387159999999938
1,2,36440,66163,1.8602,1.8602,0.0,0.00042092,pretrain_full_4gpu_20260926.log,145759,264651,1.837955999999994
1,2,36460,66163,1.8953,1.8953,0.0,0.00042084,pretrain_full_4gpu_20260926.log,145839,264651,1.840535999999994
1,2,36480,66163,1.8802,1.8802,0.0,0.00042076,pretrain_full_4gpu_20260926.log,145919,264651,1.840247999999994
1,2,36500,66163,1.9093,1.9093,0.0,0.00042068,pretrain_full_4gpu_20260926.log,145999,264651,1.844151999999994
1,2,36520,66163,1.7805,1.7805,0.0,0.0004206,pretrain_full_4gpu_20260926.log,146079,264651,1.8436959999999942
1,2,36540,66163,1.7803,1.7803,0.0,0.00042051,pretrain_full_4gpu_20260926.log,146159,264651,1.839727999999994
1,2,36560,66163,1.7989,1.7989,0.0,0.00042043,pretrain_full_4gpu_20260926.log,146239,264651,1.8388319999999942
1,2,36580,66163,1.8187,1.8187,0.0,0.00042035,pretrain_full_4gpu_20260926.log,146319,264651,1.8395439999999943
1,2,36600,66163,1.9118,1.9118,0.0,0.00042027,pretrain_full_4gpu_20260926.log,146399,264651,1.8432599999999943
1,2,36620,66163,1.8904,1.8904,0.0,0.00042019,pretrain_full_4gpu_20260926.log,146479,264651,1.8466519999999944
1,2,36640,66163,1.8742,1.8742,0.0,0.00042011,pretrain_full_4gpu_20260926.log,146559,264651,1.8484599999999944
1,2,36660,66163,1.8965,1.8965,0.0,0.00042002,pretrain_full_4gpu_20260926.log,146639,264651,1.8503639999999946
1,2,36680,66163,1.8447,1.8447,0.0,0.00041994,pretrain_full_4gpu_20260926.log,146719,264651,1.8516919999999946
1,2,36700,66163,1.9298,1.9298,0.0,0.00041986,pretrain_full_4gpu_20260926.log,146799,264651,1.8527879999999946
1,2,36720,66163,1.9088,1.9088,0.0,0.00041978,pretrain_full_4gpu_20260926.log,146879,264651,1.8562639999999946
1,2,36740,66163,1.8546,1.8546,0.0,0.0004197,pretrain_full_4gpu_20260926.log,146959,264651,1.8557799999999944
1,2,36760,66163,1.8863,1.8863,0.0,0.00041962,pretrain_full_4gpu_20260926.log,147039,264651,1.8517879999999942
1,2,36780,66163,1.8035,1.8035,0.0,0.00041953,pretrain_full_4gpu_20260926.log,147119,264651,1.8525479999999943
1,2,36800,66163,1.8216,1.8216,0.0,0.00041945,pretrain_full_4gpu_20260926.log,147199,264651,1.8507639999999943
1,2,36820,66163,1.8024,1.8024,0.0,0.00041937,pretrain_full_4gpu_20260926.log,147279,264651,1.8493919999999944
1,2,36840,66163,1.8373,1.8373,0.0,0.00041929,pretrain_full_4gpu_20260926.log,147359,264651,1.8510679999999942
1,2,36860,66163,1.7179,1.7179,0.0,0.00041921,pretrain_full_4gpu_20260926.log,147439,264651,1.8464679999999942
1,2,36880,66163,1.7964,1.7964,0.0,0.00041912,pretrain_full_4gpu_20260926.log,147519,264651,1.844955999999994
1,2,36900,66163,1.8125,1.8125,0.0,0.00041904,pretrain_full_4gpu_20260926.log,147599,264651,1.844947999999994
1,2,36920,66163,1.8125,1.8125,0.0,0.00041896,pretrain_full_4gpu_20260926.log,147679,264651,1.844983999999994
1,2,36940,66163,1.8486,1.8486,0.0,0.00041888,pretrain_full_4gpu_20260926.log,147759,264651,1.844519999999994
1,2,36960,66163,1.9388,1.9388,0.0,0.0004188,pretrain_full_4gpu_20260926.log,147839,264651,1.846259999999994
1,2,36980,66163,1.9169,1.9169,0.0,0.00041871,pretrain_full_4gpu_20260926.log,147919,264651,1.8477279999999938
1,2,37000,66163,1.8316,1.8316,0.0,0.00041863,pretrain_full_4gpu_20260926.log,147999,264651,1.844619999999994
1,2,37020,66163,1.9138,1.9138,0.0,0.00041855,pretrain_full_4gpu_20260926.log,148079,264651,1.8499519999999938
1,2,37040,66163,1.9144,1.9144,0.0,0.00041847,pretrain_full_4gpu_20260926.log,148159,264651,1.855315999999994
1,2,37060,66163,1.9061,1.9061,0.0,0.00041838,pretrain_full_4gpu_20260926.log,148239,264651,1.859603999999994
1,2,37080,66163,1.8088,1.8088,0.0,0.0004183,pretrain_full_4gpu_20260926.log,148319,264651,1.859207999999994
1,2,37100,66163,1.8649,1.8649,0.0,0.00041822,pretrain_full_4gpu_20260926.log,148399,264651,1.8573319999999938
1,2,37120,66163,1.8522,1.8522,0.0,0.00041814,pretrain_full_4gpu_20260926.log,148479,264651,1.855803999999994
1,2,37140,66163,1.742,1.742,0.0,0.00041805,pretrain_full_4gpu_20260926.log,148559,264651,1.8505159999999938
1,2,37160,66163,1.8228,1.8228,0.0,0.00041797,pretrain_full_4gpu_20260926.log,148639,264651,1.8475679999999937
1,2,37180,66163,1.8314,1.8314,0.0,0.00041789,pretrain_full_4gpu_20260926.log,148719,264651,1.8470359999999937
1,2,37200,66163,1.9084,1.9084,0.0,0.00041781,pretrain_full_4gpu_20260926.log,148799,264651,1.8461799999999937
1,2,37220,66163,1.7743,1.7743,0.0,0.00041772,pretrain_full_4gpu_20260926.log,148879,264651,1.8407999999999936
1,2,37240,66163,1.8716,1.8716,0.0,0.00041764,pretrain_full_4gpu_20260926.log,148959,264651,1.8414799999999938
1,2,37260,66163,1.8783,1.8783,0.0,0.00041756,pretrain_full_4gpu_20260926.log,149039,264651,1.841159999999994
1,2,37280,66163,1.791,1.791,0.0,0.00041748,pretrain_full_4gpu_20260926.log,149119,264651,1.8406599999999937
1,2,37300,66163,1.7941,1.7941,0.0,0.00041739,pretrain_full_4gpu_20260926.log,149199,264651,1.8395599999999939
1,2,37320,66163,1.9353,1.9353,0.0,0.00041731,pretrain_full_4gpu_20260926.log,149279,264651,1.844875999999994
1,2,37340,66163,1.9104,1.9104,0.0,0.00041723,pretrain_full_4gpu_20260926.log,149359,264651,1.8477999999999941
1,2,37360,66163,1.805,1.805,0.0,0.00041715,pretrain_full_4gpu_20260926.log,149439,264651,1.851283999999994
1,2,37380,66163,1.9244,1.9244,0.0,0.00041706,pretrain_full_4gpu_20260926.log,149519,264651,1.856403999999994
1,2,37400,66163,1.7624,1.7624,0.0,0.00041698,pretrain_full_4gpu_20260926.log,149599,264651,1.854399999999994
1,2,37420,66163,1.8973,1.8973,0.0,0.0004169,pretrain_full_4gpu_20260926.log,149679,264651,1.8577919999999941
1,2,37440,66163,1.8815,1.8815,0.0,0.00041681,pretrain_full_4gpu_20260926.log,149759,264651,1.8591079999999942
1,2,37460,66163,1.8064,1.8064,0.0,0.00041673,pretrain_full_4gpu_20260926.log,149839,264651,1.853811999999994
1,2,37480,66163,1.8027,1.8027,0.0,0.00041665,pretrain_full_4gpu_20260926.log,149919,264651,1.8492439999999943
1,2,37500,66163,1.7846,1.7846,0.0,0.00041657,pretrain_full_4gpu_20260926.log,149999,264651,1.847363999999994
1,2,37520,66163,1.8681,1.8681,0.0,0.00041648,pretrain_full_4gpu_20260926.log,150079,264651,1.8455359999999938
1,2,37540,66163,1.8984,1.8984,0.0,0.0004164,pretrain_full_4gpu_20260926.log,150159,264651,1.844895999999994
1,2,37560,66163,1.8309,1.8309,0.0,0.00041632,pretrain_full_4gpu_20260926.log,150239,264651,1.841887999999994
1,2,37580,66163,1.8084,1.8084,0.0,0.00041623,pretrain_full_4gpu_20260926.log,150319,264651,1.841871999999994
1,2,37600,66163,1.8655,1.8655,0.0,0.00041615,pretrain_full_4gpu_20260926.log,150399,264651,1.841895999999994
1,2,37620,66163,1.8941,1.8941,0.0,0.00041607,pretrain_full_4gpu_20260926.log,150479,264651,1.8435719999999938
1,2,37640,66163,1.7951,1.7951,0.0,0.00041598,pretrain_full_4gpu_20260926.log,150559,264651,1.8456959999999938
1,2,37660,66163,1.8691,1.8691,0.0,0.0004159,pretrain_full_4gpu_20260926.log,150639,264651,1.847547999999994
1,2,37680,66163,1.8989,1.8989,0.0,0.00041582,pretrain_full_4gpu_20260926.log,150719,264651,1.8502479999999937
1,2,37700,66163,1.7881,1.7881,0.0,0.00041573,pretrain_full_4gpu_20260926.log,150799,264651,1.8454359999999936
1,2,37720,66163,1.8038,1.8038,0.0,0.00041565,pretrain_full_4gpu_20260926.log,150879,264651,1.846615999999994
1,2,37740,66163,1.8427,1.8427,0.0,0.00041557,pretrain_full_4gpu_20260926.log,150959,264651,1.8454599999999939
1,2,37760,66163,1.8805,1.8805,0.0,0.00041548,pretrain_full_4gpu_20260926.log,151039,264651,1.8455479999999937
1,2,37780,66163,1.8174,1.8174,0.0,0.0004154,pretrain_full_4gpu_20260926.log,151119,264651,1.846603999999994
1,2,37800,66163,1.7572,1.7572,0.0,0.00041532,pretrain_full_4gpu_20260926.log,151199,264651,1.8451279999999937
1,2,37820,66163,1.8604,1.8604,0.0,0.00041523,pretrain_full_4gpu_20260926.log,151279,264651,1.8421319999999937
1,2,37840,66163,1.7608,1.7608,0.0,0.00041515,pretrain_full_4gpu_20260926.log,151359,264651,1.8361479999999937
1,2,37860,66163,1.7942,1.7942,0.0,0.00041507,pretrain_full_4gpu_20260926.log,151439,264651,1.835715999999994
1,2,37880,66163,1.7892,1.7892,0.0,0.00041498,pretrain_full_4gpu_20260926.log,151519,264651,1.830307999999994
1,2,37900,66163,1.9306,1.9306,0.0,0.0004149,pretrain_full_4gpu_20260926.log,151599,264651,1.837035999999994
1,2,37920,66163,1.814,1.814,0.0,0.00041481,pretrain_full_4gpu_20260926.log,151679,264651,1.833703999999994
1,2,37940,66163,1.7664,1.7664,0.0,0.00041473,pretrain_full_4gpu_20260926.log,151759,264651,1.8290999999999937
1,2,37960,66163,1.8963,1.8963,0.0,0.00041465,pretrain_full_4gpu_20260926.log,151839,264651,1.832695999999994
1,2,37980,66163,1.8454,1.8454,0.0,0.00041456,pretrain_full_4gpu_20260926.log,151919,264651,1.834403999999994
1,2,38000,66163,1.8969,1.8969,0.0,0.00041448,pretrain_full_4gpu_20260926.log,151999,264651,1.838895999999994
1,2,38020,66163,1.83,1.83,0.0,0.0004144,pretrain_full_4gpu_20260926.log,152079,264651,1.837371999999994
1,2,38040,66163,1.765,1.765,0.0,0.00041431,pretrain_full_4gpu_20260926.log,152159,264651,1.832035999999994
1,2,38060,66163,1.8612,1.8612,0.0,0.00041423,pretrain_full_4gpu_20260926.log,152239,264651,1.8332479999999938
1,2,38080,66163,1.8059,1.8059,0.0,0.00041414,pretrain_full_4gpu_20260926.log,152319,264651,1.833147999999994
1,2,38100,66163,1.8536,1.8536,0.0,0.00041406,pretrain_full_4gpu_20260926.log,152399,264651,1.832671999999994
1,2,38120,66163,1.88,1.88,0.0,0.00041398,pretrain_full_4gpu_20260926.log,152479,264651,1.832107999999994
1,2,38140,66163,1.8121,1.8121,0.0,0.00041389,pretrain_full_4gpu_20260926.log,152559,264651,1.8327879999999943
1,2,38160,66163,1.8185,1.8185,0.0,0.00041381,pretrain_full_4gpu_20260926.log,152639,264651,1.830763999999994
1,2,38180,66163,1.8366,1.8366,0.0,0.00041372,pretrain_full_4gpu_20260926.log,152719,264651,1.8282719999999941
1,2,38200,66163,1.879,1.879,0.0,0.00041364,pretrain_full_4gpu_20260926.log,152799,264651,1.831907999999994
1,2,38220,66163,1.8067,1.8067,0.0,0.00041356,pretrain_full_4gpu_20260926.log,152879,264651,1.8320239999999939
1,2,38240,66163,1.9262,1.9262,0.0,0.00041347,pretrain_full_4gpu_20260926.log,152959,264651,1.835363999999994
1,2,38260,66163,1.796,1.796,0.0,0.00041339,pretrain_full_4gpu_20260926.log,153039,264651,1.831983999999994
1,2,38280,66163,1.815,1.815,0.0,0.0004133,pretrain_full_4gpu_20260926.log,153119,264651,1.831887999999994
1,2,38300,66163,1.8164,1.8164,0.0,0.00041322,pretrain_full_4gpu_20260926.log,153199,264651,1.8342559999999941
1,2,38320,66163,1.8035,1.8035,0.0,0.00041313,pretrain_full_4gpu_20260926.log,153279,264651,1.8319799999999942
1,2,38340,66163,1.8643,1.8643,0.0,0.00041305,pretrain_full_4gpu_20260926.log,153359,264651,1.836119999999994
1,2,38360,66163,1.8558,1.8558,0.0,0.00041297,pretrain_full_4gpu_20260926.log,153439,264651,1.838583999999994
1,2,38380,66163,1.7765,1.7765,0.0,0.00041288,pretrain_full_4gpu_20260926.log,153519,264651,1.8380759999999938
1,2,38400,66163,1.8019,1.8019,0.0,0.0004128,pretrain_full_4gpu_20260926.log,153599,264651,1.8329279999999941
1,2,38420,66163,1.8476,1.8476,0.0,0.00041271,pretrain_full_4gpu_20260926.log,153679,264651,1.8342719999999941
1,2,38440,66163,1.8615,1.8615,0.0,0.00041263,pretrain_full_4gpu_20260926.log,153759,264651,1.838075999999994
1,2,38460,66163,1.8317,1.8317,0.0,0.00041254,pretrain_full_4gpu_20260926.log,153839,264651,1.8354919999999941
1,2,38480,66163,1.8216,1.8216,0.0,0.00041246,pretrain_full_4gpu_20260926.log,153919,264651,1.8345399999999943
1,2,38500,66163,1.8743,1.8743,0.0,0.00041237,pretrain_full_4gpu_20260926.log,153999,264651,1.8336359999999943
1,2,38520,66163,1.8564,1.8564,0.0,0.00041229,pretrain_full_4gpu_20260926.log,154079,264651,1.8346919999999942
1,2,38540,66163,1.9365,1.9365,0.0,0.0004122,pretrain_full_4gpu_20260926.log,154159,264651,1.8415519999999943
1,2,38560,66163,1.7708,1.7708,0.0,0.00041212,pretrain_full_4gpu_20260926.log,154239,264651,1.8379359999999947
1,2,38580,66163,1.7751,1.7751,0.0,0.00041204,pretrain_full_4gpu_20260926.log,154319,264651,1.8367039999999946
1,2,38600,66163,1.7961,1.7961,0.0,0.00041195,pretrain_full_4gpu_20260926.log,154399,264651,1.8344039999999948
1,2,38620,66163,1.8986,1.8986,0.0,0.00041187,pretrain_full_4gpu_20260926.log,154479,264651,1.8351479999999947
1,2,38640,66163,1.8675,1.8675,0.0,0.00041178,pretrain_full_4gpu_20260926.log,154559,264651,1.8373639999999947
1,2,38660,66163,1.8753,1.8753,0.0,0.0004117,pretrain_full_4gpu_20260926.log,154639,264651,1.8396359999999947
1,2,38680,66163,1.954,1.954,0.0,0.00041161,pretrain_full_4gpu_20260926.log,154719,264651,1.844331999999995
1,2,38700,66163,1.8003,1.8003,0.0,0.00041153,pretrain_full_4gpu_20260926.log,154799,264651,1.841183999999995
1,2,38720,66163,1.8835,1.8835,0.0,0.00041144,pretrain_full_4gpu_20260926.log,154879,264651,1.844255999999995
1,2,38740,66163,1.8572,1.8572,0.0,0.00041136,pretrain_full_4gpu_20260926.log,154959,264651,1.841495999999995
1,2,38760,66163,1.8224,1.8224,0.0,0.00041127,pretrain_full_4gpu_20260926.log,155039,264651,1.8425519999999949
1,2,38780,66163,1.9249,1.9249,0.0,0.00041119,pretrain_full_4gpu_20260926.log,155119,264651,1.846947999999995
1,2,38800,66163,1.8346,1.8346,0.0,0.0004111,pretrain_full_4gpu_20260926.log,155199,264651,1.847675999999995
1,2,38820,66163,1.8908,1.8908,0.0,0.00041102,pretrain_full_4gpu_20260926.log,155279,264651,1.851167999999995
1,2,38840,66163,1.8384,1.8384,0.0,0.00041093,pretrain_full_4gpu_20260926.log,155359,264651,1.850131999999995
1,2,38860,66163,1.9179,1.9179,0.0,0.00041085,pretrain_full_4gpu_20260926.log,155439,264651,1.852615999999995
1,2,38880,66163,1.7538,1.7538,0.0,0.00041076,pretrain_full_4gpu_20260926.log,155519,264651,1.851707999999995
1,2,38900,66163,1.8432,1.8432,0.0,0.00041068,pretrain_full_4gpu_20260926.log,155599,264651,1.853359999999995
1,2,38920,66163,1.8266,1.8266,0.0,0.00041059,pretrain_full_4gpu_20260926.log,155679,264651,1.852519999999995
1,2,38940,66163,1.8581,1.8581,0.0,0.00041051,pretrain_full_4gpu_20260926.log,155759,264651,1.852383999999995
1,2,38960,66163,1.8845,1.8845,0.0,0.00041042,pretrain_full_4gpu_20260926.log,155839,264651,1.8544959999999953
1,2,38980,66163,1.8552,1.8552,0.0,0.00041033,pretrain_full_4gpu_20260926.log,155919,264651,1.8558399999999948
1,2,39000,66163,1.7779,1.7779,0.0,0.00041025,pretrain_full_4gpu_20260926.log,155999,264651,1.8519839999999952
1,2,39020,66163,1.8045,1.8045,0.0,0.00041016,pretrain_full_4gpu_20260926.log,156079,264651,1.849907999999995
1,2,39040,66163,1.9031,1.9031,0.0,0.00041008,pretrain_full_4gpu_20260926.log,156159,264651,1.848571999999995
1,2,39060,66163,1.8707,1.8707,0.0,0.00040999,pretrain_full_4gpu_20260926.log,156239,264651,1.8525679999999949
1,2,39080,66163,1.9903,1.9903,0.0,0.00040991,pretrain_full_4gpu_20260926.log,156319,264651,1.8611759999999946
1,2,39100,66163,1.8237,1.8237,0.0,0.00040982,pretrain_full_4gpu_20260926.log,156399,264651,1.8622799999999946
1,2,39120,66163,1.8892,1.8892,0.0,0.00040974,pretrain_full_4gpu_20260926.log,156479,264651,1.8619039999999947
1,2,39140,66163,1.8419,1.8419,0.0,0.00040965,pretrain_full_4gpu_20260926.log,156559,264651,1.8608799999999948
1,2,39160,66163,1.8722,1.8722,0.0,0.00040956,pretrain_full_4gpu_20260926.log,156639,264651,1.8607559999999947
1,2,39180,66163,1.9048,1.9048,0.0,0.00040948,pretrain_full_4gpu_20260926.log,156719,264651,1.8587879999999948
1,2,39200,66163,1.7217,1.7217,0.0,0.00040939,pretrain_full_4gpu_20260926.log,156799,264651,1.8556439999999947
1,2,39220,66163,1.8702,1.8702,0.0,0.00040931,pretrain_full_4gpu_20260926.log,156879,264651,1.8551119999999945
1,2,39240,66163,1.8795,1.8795,0.0,0.00040922,pretrain_full_4gpu_20260926.log,156959,264651,1.8560039999999947
1,2,39260,66163,1.7985,1.7985,0.0,0.00040914,pretrain_full_4gpu_20260926.log,157039,264651,1.8550479999999945
1,2,39280,66163,1.9509,1.9509,0.0,0.00040905,pretrain_full_4gpu_20260926.log,157119,264651,1.8560879999999944
1,2,39300,66163,1.8228,1.8228,0.0,0.00040896,pretrain_full_4gpu_20260926.log,157199,264651,1.8556159999999944
1,2,39320,66163,1.8613,1.8613,0.0,0.00040888,pretrain_full_4gpu_20260926.log,157279,264651,1.8544359999999944
1,2,39340,66163,1.8037,1.8037,0.0,0.00040879,pretrain_full_4gpu_20260926.log,157359,264651,1.8530479999999943
1,2,39360,66163,1.9184,1.9184,0.0,0.00040871,pretrain_full_4gpu_20260926.log,157439,264651,1.8530679999999942
1,2,39380,66163,1.8979,1.8979,0.0,0.00040862,pretrain_full_4gpu_20260926.log,157519,264651,1.8588319999999943
1,2,39400,66163,1.7975,1.7975,0.0,0.00040854,pretrain_full_4gpu_20260926.log,157599,264651,1.857003999999994
1,2,39420,66163,1.8091,1.8091,0.0,0.00040845,pretrain_full_4gpu_20260926.log,157679,264651,1.8563039999999942
1,2,39440,66163,1.8348,1.8348,0.0,0.00040836,pretrain_full_4gpu_20260926.log,157759,264651,1.8553719999999942
1,2,39460,66163,1.763,1.763,0.0,0.00040828,pretrain_full_4gpu_20260926.log,157839,264651,1.850511999999994
1,2,39480,66163,1.8035,1.8035,0.0,0.00040819,pretrain_full_4gpu_20260926.log,157919,264651,1.8484439999999938
1,2,39500,66163,1.8944,1.8944,0.0,0.00040811,pretrain_full_4gpu_20260926.log,157999,264651,1.8531039999999936
1,2,39520,66163,1.8368,1.8368,0.0,0.00040802,pretrain_full_4gpu_20260926.log,158079,264651,1.8543959999999935
1,2,39540,66163,1.8784,1.8784,0.0,0.00040793,pretrain_full_4gpu_20260926.log,158159,264651,1.8534079999999935
1,2,39560,66163,1.788,1.788,0.0,0.00040785,pretrain_full_4gpu_20260926.log,158239,264651,1.8500999999999934
1,2,39580,66163,1.854,1.854,0.0,0.00040776,pretrain_full_4gpu_20260926.log,158319,264651,1.8446479999999934
1,2,39600,66163,1.9432,1.9432,0.0,0.00040767,pretrain_full_4gpu_20260926.log,158399,264651,1.8494279999999932
1,2,39620,66163,1.8495,1.8495,0.0,0.00040759,pretrain_full_4gpu_20260926.log,158479,264651,1.847839999999993
1,2,39640,66163,1.7981,1.7981,0.0,0.0004075,pretrain_full_4gpu_20260926.log,158559,264651,1.8460879999999928
1,2,39660,66163,1.8659,1.8659,0.0,0.00040741,pretrain_full_4gpu_20260926.log,158639,264651,1.8458359999999927
1,2,39680,66163,1.7656,1.7656,0.0,0.00040733,pretrain_full_4gpu_20260926.log,158719,264651,1.8402679999999927
1,2,39700,66163,1.8484,1.8484,0.0,0.00040724,pretrain_full_4gpu_20260926.log,158799,264651,1.8453359999999928
1,2,39720,66163,1.8833,1.8833,0.0,0.00040716,pretrain_full_4gpu_20260926.log,158879,264651,1.8458599999999927
1,2,39740,66163,1.8944,1.8944,0.0,0.00040707,pretrain_full_4gpu_20260926.log,158959,264651,1.8464559999999925
1,2,39760,66163,1.7839,1.7839,0.0,0.00040698,pretrain_full_4gpu_20260926.log,159039,264651,1.8458719999999929
1,2,39780,66163,1.8174,1.8174,0.0,0.0004069,pretrain_full_4gpu_20260926.log,159119,264651,1.840531999999993
1,2,39800,66163,1.7935,1.7935,0.0,0.00040681,pretrain_full_4gpu_20260926.log,159199,264651,1.839359999999993
1,2,39820,66163,1.8926,1.8926,0.0,0.00040672,pretrain_full_4gpu_20260926.log,159279,264651,1.840611999999993
1,2,39840,66163,1.7773,1.7773,0.0,0.00040664,pretrain_full_4gpu_20260926.log,159359,264651,1.8395559999999929
1,2,39860,66163,1.9053,1.9053,0.0,0.00040655,pretrain_full_4gpu_20260926.log,159439,264651,1.839031999999993
1,2,39880,66163,1.815,1.815,0.0,0.00040646,pretrain_full_4gpu_20260926.log,159519,264651,1.8357159999999928
1,2,39900,66163,1.8299,1.8299,0.0,0.00040638,pretrain_full_4gpu_20260926.log,159599,264651,1.837011999999993
1,2,39920,66163,1.8129,1.8129,0.0,0.00040629,pretrain_full_4gpu_20260926.log,159679,264651,1.837163999999993
1,2,39940,66163,1.8198,1.8198,0.0,0.0004062,pretrain_full_4gpu_20260926.log,159759,264651,1.8365639999999928
1,2,39960,66163,1.8163,1.8163,0.0,0.00040612,pretrain_full_4gpu_20260926.log,159839,264651,1.8386959999999928
1,2,39980,66163,1.8641,1.8641,0.0,0.00040603,pretrain_full_4gpu_20260926.log,159919,264651,1.8411199999999928
1,2,40000,66163,1.749,1.749,0.0,0.00040594,pretrain_full_4gpu_20260926.log,159999,264651,1.835303999999993
1,2,40020,66163,1.8269,1.8269,0.0,0.00040586,pretrain_full_4gpu_20260926.log,160079,264651,1.8349079999999933
1,2,40040,66163,1.853,1.853,0.0,0.00040577,pretrain_full_4gpu_20260926.log,160159,264651,1.8338919999999934
1,2,40060,66163,1.8127,1.8127,0.0,0.00040568,pretrain_full_4gpu_20260926.log,160239,264651,1.8348799999999934
1,2,40080,66163,1.8929,1.8929,0.0,0.00040559,pretrain_full_4gpu_20260926.log,160319,264651,1.8364359999999933
1,2,40100,66163,1.7938,1.7938,0.0,0.00040551,pretrain_full_4gpu_20260926.log,160399,264651,1.8304599999999933
1,2,40120,66163,1.9882,1.9882,0.0,0.00040542,pretrain_full_4gpu_20260926.log,160479,264651,1.8360079999999934
1,2,40140,66163,1.8994,1.8994,0.0,0.00040533,pretrain_full_4gpu_20260926.log,160559,264651,1.8400599999999934
1,2,40160,66163,1.7431,1.7431,0.0,0.00040525,pretrain_full_4gpu_20260926.log,160639,264651,1.8351479999999936
1,2,40180,66163,1.8606,1.8606,0.0,0.00040516,pretrain_full_4gpu_20260926.log,160719,264651,1.8389479999999936
1,2,40200,66163,1.892,1.892,0.0,0.00040507,pretrain_full_4gpu_20260926.log,160799,264651,1.8406919999999938
1,2,40220,66163,1.7974,1.7974,0.0,0.00040498,pretrain_full_4gpu_20260926.log,160879,264651,1.8372559999999938
1,2,40240,66163,1.8524,1.8524,0.0,0.0004049,pretrain_full_4gpu_20260926.log,160959,264651,1.835575999999994
1,2,40260,66163,1.877,1.877,0.0,0.00040481,pretrain_full_4gpu_20260926.log,161039,264651,1.8392999999999942
1,2,40280,66163,1.8506,1.8506,0.0,0.00040472,pretrain_full_4gpu_20260926.log,161119,264651,1.8406279999999942
1,2,40300,66163,1.8916,1.8916,0.0,0.00040464,pretrain_full_4gpu_20260926.log,161199,264651,1.844551999999994
1,2,40320,66163,1.8878,1.8878,0.0,0.00040455,pretrain_full_4gpu_20260926.log,161279,264651,1.8443599999999938
1,2,40340,66163,1.8626,1.8626,0.0,0.00040446,pretrain_full_4gpu_20260926.log,161359,264651,1.847771999999994
1,2,40360,66163,1.7513,1.7513,0.0,0.00040437,pretrain_full_4gpu_20260926.log,161439,264651,1.841611999999994
1,2,40380,66163,1.7395,1.7395,0.0,0.00040429,pretrain_full_4gpu_20260926.log,161519,264651,1.8385919999999942
1,2,40400,66163,1.9339,1.9339,0.0,0.0004042,pretrain_full_4gpu_20260926.log,161599,264651,1.8427519999999942
1,2,40420,66163,1.8519,1.8519,0.0,0.00040411,pretrain_full_4gpu_20260926.log,161679,264651,1.8443119999999942
1,2,40440,66163,1.8192,1.8192,0.0,0.00040402,pretrain_full_4gpu_20260926.log,161759,264651,1.8442879999999944
1,2,40460,66163,1.7763,1.7763,0.0,0.00040394,pretrain_full_4gpu_20260926.log,161839,264651,1.8426879999999943
1,2,40480,66163,1.8697,1.8697,0.0,0.00040385,pretrain_full_4gpu_20260926.log,161919,264651,1.8429119999999943
1,2,40500,66163,1.8595,1.8595,0.0,0.00040376,pretrain_full_4gpu_20260926.log,161999,264651,1.8473319999999942
1,2,40520,66163,1.9043,1.9043,0.0,0.00040367,pretrain_full_4gpu_20260926.log,162079,264651,1.850427999999994
1,2,40540,66163,1.8409,1.8409,0.0,0.00040359,pretrain_full_4gpu_20260926.log,162159,264651,1.8499439999999938
1,2,40560,66163,1.8136,1.8136,0.0,0.0004035,pretrain_full_4gpu_20260926.log,162239,264651,1.849979999999994
1,2,40580,66163,1.7478,1.7478,0.0,0.00040341,pretrain_full_4gpu_20260926.log,162319,264651,1.844175999999994
1,2,40600,66163,1.9127,1.9127,0.0,0.00040332,pretrain_full_4gpu_20260926.log,162399,264651,1.848931999999994
1,2,40620,66163,1.8393,1.8393,0.0,0.00040323,pretrain_full_4gpu_20260926.log,162479,264651,1.8429759999999942
1,2,40640,66163,1.9302,1.9302,0.0,0.00040315,pretrain_full_4gpu_20260926.log,162559,264651,1.844207999999994
1,2,40660,66163,1.858,1.858,0.0,0.00040306,pretrain_full_4gpu_20260926.log,162639,264651,1.8488039999999941
1,2,40680,66163,1.8663,1.8663,0.0,0.00040297,pretrain_full_4gpu_20260926.log,162719,264651,1.8490319999999942
1,2,40700,66163,1.8724,1.8724,0.0,0.00040288,pretrain_full_4gpu_20260926.log,162799,264651,1.8482479999999941
1,2,40720,66163,1.7755,1.7755,0.0,0.0004028,pretrain_full_4gpu_20260926.log,162879,264651,1.847371999999994
1,2,40740,66163,1.8254,1.8254,0.0,0.00040271,pretrain_full_4gpu_20260926.log,162959,264651,1.846291999999994
1,2,40760,66163,1.8848,1.8848,0.0,0.00040262,pretrain_full_4gpu_20260926.log,163039,264651,1.846603999999994
1,2,40780,66163,1.8513,1.8513,0.0,0.00040253,pretrain_full_4gpu_20260926.log,163119,264651,1.8466319999999938
1,2,40800,66163,1.7718,1.7718,0.0,0.00040244,pretrain_full_4gpu_20260926.log,163199,264651,1.841839999999994
1,2,40820,66163,1.7707,1.7707,0.0,0.00040236,pretrain_full_4gpu_20260926.log,163279,264651,1.837155999999994
1,2,40840,66163,1.9105,1.9105,0.0,0.00040227,pretrain_full_4gpu_20260926.log,163359,264651,1.8390719999999938
1,2,40860,66163,1.7603,1.7603,0.0,0.00040218,pretrain_full_4gpu_20260926.log,163439,264651,1.839431999999994
1,2,40880,66163,1.8793,1.8793,0.0,0.00040209,pretrain_full_4gpu_20260926.log,163519,264651,1.845023999999994
1,2,40900,66163,1.8212,1.8212,0.0,0.000402,pretrain_full_4gpu_20260926.log,163599,264651,1.8405159999999938
1,2,40920,66163,1.8494,1.8494,0.0,0.00040191,pretrain_full_4gpu_20260926.log,163679,264651,1.8404159999999938
1,2,40940,66163,1.7714,1.7714,0.0,0.00040183,pretrain_full_4gpu_20260926.log,163759,264651,1.838503999999994
1,2,40960,66163,1.9172,1.9172,0.0,0.00040174,pretrain_full_4gpu_20260926.log,163839,264651,1.844139999999994
1,2,40980,66163,1.8125,1.8125,0.0,0.00040165,pretrain_full_4gpu_20260926.log,163919,264651,1.8418519999999938
1,2,41000,66163,1.7941,1.7941,0.0,0.00040156,pretrain_full_4gpu_20260926.log,163999,264651,1.8392359999999939
1,2,41020,66163,1.8198,1.8198,0.0,0.00040147,pretrain_full_4gpu_20260926.log,164079,264651,1.835855999999994
1,2,41040,66163,1.8176,1.8176,0.0,0.00040139,pretrain_full_4gpu_20260926.log,164159,264651,1.834923999999994
1,2,41060,66163,1.7845,1.7845,0.0,0.0004013,pretrain_full_4gpu_20260926.log,164239,264651,1.833759999999994
1,2,41080,66163,1.8328,1.8328,0.0,0.00040121,pretrain_full_4gpu_20260926.log,164319,264651,1.8371599999999941
1,2,41100,66163,1.8669,1.8669,0.0,0.00040112,pretrain_full_4gpu_20260926.log,164399,264651,1.835327999999994
1,2,41120,66163,1.9452,1.9452,0.0,0.00040103,pretrain_full_4gpu_20260926.log,164479,264651,1.839563999999994
1,2,41140,66163,1.8809,1.8809,0.0,0.00040094,pretrain_full_4gpu_20260926.log,164559,264651,1.837591999999994
1,2,41160,66163,1.8333,1.8333,0.0,0.00040085,pretrain_full_4gpu_20260926.log,164639,264651,1.8366039999999941
1,2,41180,66163,1.8736,1.8736,0.0,0.00040077,pretrain_full_4gpu_20260926.log,164719,264651,1.836895999999994
1,2,41200,66163,1.8209,1.8209,0.0,0.00040068,pretrain_full_4gpu_20260926.log,164799,264651,1.8348359999999944
1,2,41220,66163,1.8532,1.8532,0.0,0.00040059,pretrain_full_4gpu_20260926.log,164879,264651,1.8379439999999942
1,2,41240,66163,1.785,1.785,0.0,0.0004005,pretrain_full_4gpu_20260926.log,164959,264651,1.836327999999994
1,2,41260,66163,1.7035,1.7035,0.0,0.00040041,pretrain_full_4gpu_20260926.log,165039,264651,1.8290759999999942
1,2,41280,66163,1.8103,1.8103,0.0,0.00040032,pretrain_full_4gpu_20260926.log,165119,264651,1.8274359999999938
1,2,41300,66163,1.8559,1.8559,0.0,0.00040023,pretrain_full_4gpu_20260926.log,165199,264651,1.8307999999999938
1,2,41320,66163,1.7938,1.7938,0.0,0.00040014,pretrain_full_4gpu_20260926.log,165279,264651,1.831723999999994
1,2,41340,66163,1.8407,1.8407,0.0,0.00040006,pretrain_full_4gpu_20260926.log,165359,264651,1.8289319999999938
1,2,41360,66163,1.875,1.875,0.0,0.00039997,pretrain_full_4gpu_20260926.log,165439,264651,1.8335199999999938
1,2,41380,66163,1.9157,1.9157,0.0,0.00039988,pretrain_full_4gpu_20260926.log,165519,264651,1.8349759999999937
1,2,41400,66163,1.9245,1.9245,0.0,0.00039979,pretrain_full_4gpu_20260926.log,165599,264651,1.839107999999994
1,2,41420,66163,1.823,1.823,0.0,0.0003997,pretrain_full_4gpu_20260926.log,165679,264651,1.8380519999999938
1,2,41440,66163,1.8531,1.8531,0.0,0.00039961,pretrain_full_4gpu_20260926.log,165759,264651,1.8413199999999939
1,2,41460,66163,1.7315,1.7315,0.0,0.00039952,pretrain_full_4gpu_20260926.log,165839,264651,1.8338919999999936
1,2,41480,66163,1.8944,1.8944,0.0,0.00039943,pretrain_full_4gpu_20260926.log,165919,264651,1.8371679999999935
1,2,41500,66163,1.8615,1.8615,0.0,0.00039934,pretrain_full_4gpu_20260926.log,165999,264651,1.8398639999999935
1,2,41520,66163,1.8602,1.8602,0.0,0.00039926,pretrain_full_4gpu_20260926.log,166079,264651,1.8414799999999933
1,2,41540,66163,1.8733,1.8733,0.0,0.00039917,pretrain_full_4gpu_20260926.log,166159,264651,1.8437079999999935
1,2,41560,66163,1.9123,1.9123,0.0,0.00039908,pretrain_full_4gpu_20260926.log,166239,264651,1.8488199999999935
1,2,41580,66163,1.75,1.75,0.0,0.00039899,pretrain_full_4gpu_20260926.log,166319,264651,1.8455079999999935
1,2,41600,66163,1.7781,1.7781,0.0,0.0003989,pretrain_full_4gpu_20260926.log,166399,264651,1.8419559999999935
1,2,41620,66163,1.7777,1.7777,0.0,0.00039881,pretrain_full_4gpu_20260926.log,166479,264651,1.8352559999999938
1,2,41640,66163,1.8307,1.8307,0.0,0.00039872,pretrain_full_4gpu_20260926.log,166559,264651,1.8332479999999938
1,2,41660,66163,1.8644,1.8644,0.0,0.00039863,pretrain_full_4gpu_20260926.log,166639,264651,1.834491999999994
1,2,41680,66163,1.8781,1.8781,0.0,0.00039854,pretrain_full_4gpu_20260926.log,166719,264651,1.8346719999999939
1,2,41700,66163,1.9088,1.9088,0.0,0.00039845,pretrain_full_4gpu_20260926.log,166799,264651,1.838187999999994
1,2,41720,66163,1.8158,1.8158,0.0,0.00039836,pretrain_full_4gpu_20260926.log,166879,264651,1.836691999999994
1,2,41740,66163,1.7845,1.7845,0.0,0.00039827,pretrain_full_4gpu_20260926.log,166959,264651,1.836671999999994
1,2,41760,66163,1.8506,1.8506,0.0,0.00039818,pretrain_full_4gpu_20260926.log,167039,264651,1.842555999999994
1,2,41780,66163,1.7842,1.7842,0.0,0.0003981,pretrain_full_4gpu_20260926.log,167119,264651,1.8415119999999943
1,2,41800,66163,1.7473,1.7473,0.0,0.00039801,pretrain_full_4gpu_20260926.log,167199,264651,1.8371679999999944
1,2,41820,66163,1.846,1.846,0.0,0.00039792,pretrain_full_4gpu_20260926.log,167279,264651,1.8392559999999945
1,2,41840,66163,1.8562,1.8562,0.0,0.00039783,pretrain_full_4gpu_20260926.log,167359,264651,1.8398759999999945
1,2,41860,66163,1.8488,1.8488,0.0,0.00039774,pretrain_full_4gpu_20260926.log,167439,264651,1.8388279999999944
1,2,41880,66163,1.8095,1.8095,0.0,0.00039765,pretrain_full_4gpu_20260926.log,167519,264651,1.8345799999999943
1,2,41900,66163,1.7672,1.7672,0.0,0.00039756,pretrain_full_4gpu_20260926.log,167599,264651,1.8282879999999944
1,2,41920,66163,1.8083,1.8083,0.0,0.00039747,pretrain_full_4gpu_20260926.log,167679,264651,1.8276999999999943
1,2,41940,66163,1.8352,1.8352,0.0,0.00039738,pretrain_full_4gpu_20260926.log,167759,264651,1.8269839999999946
1,2,41960,66163,1.877,1.877,0.0,0.00039729,pretrain_full_4gpu_20260926.log,167839,264651,1.8328039999999948
1,2,41980,66163,1.8669,1.8669,0.0,0.0003972,pretrain_full_4gpu_20260926.log,167919,264651,1.831703999999995
1,2,42000,66163,1.8267,1.8267,0.0,0.00039711,pretrain_full_4gpu_20260926.log,167999,264651,1.830311999999995
1,2,42020,66163,1.8705,1.8705,0.0,0.00039702,pretrain_full_4gpu_20260926.log,168079,264651,1.8307239999999951
1,2,42040,66163,1.8105,1.8105,0.0,0.00039693,pretrain_full_4gpu_20260926.log,168159,264651,1.8282119999999948
1,2,42060,66163,1.7857,1.7857,0.0,0.00039684,pretrain_full_4gpu_20260926.log,168239,264651,1.8231479999999949
1,2,42080,66163,1.8749,1.8749,0.0,0.00039675,pretrain_full_4gpu_20260926.log,168319,264651,1.8281439999999947
1,2,42100,66163,1.8293,1.8293,0.0,0.00039666,pretrain_full_4gpu_20260926.log,168399,264651,1.8301919999999947
1,2,42120,66163,1.8027,1.8027,0.0,0.00039657,pretrain_full_4gpu_20260926.log,168479,264651,1.8311919999999946
1,2,42140,66163,1.7478,1.7478,0.0,0.00039648,pretrain_full_4gpu_20260926.log,168559,264651,1.8278759999999945
1,2,42160,66163,1.8231,1.8231,0.0,0.00039639,pretrain_full_4gpu_20260926.log,168639,264651,1.8262239999999943
1,2,42180,66163,1.8265,1.8265,0.0,0.0003963,pretrain_full_4gpu_20260926.log,168719,264651,1.8241599999999942
1,2,42200,66163,1.8489,1.8489,0.0,0.00039621,pretrain_full_4gpu_20260926.log,168799,264651,1.8217639999999944
1,2,42220,66163,1.8771,1.8771,0.0,0.00039612,pretrain_full_4gpu_20260926.log,168879,264651,1.824215999999994
1,2,42240,66163,1.8193,1.8193,0.0,0.00039603,pretrain_full_4gpu_20260926.log,168959,264651,1.8256079999999941
1,2,42260,66163,1.7311,1.7311,0.0,0.00039594,pretrain_full_4gpu_20260926.log,169039,264651,1.820827999999994
1,2,42280,66163,1.8588,1.8588,0.0,0.00039585,pretrain_full_4gpu_20260926.log,169119,264651,1.823811999999994
1,2,42300,66163,1.8429,1.8429,0.0,0.00039576,pretrain_full_4gpu_20260926.log,169199,264651,1.827635999999994
1,2,42320,66163,1.8078,1.8078,0.0,0.00039567,pretrain_full_4gpu_20260926.log,169279,264651,1.826107999999994
1,2,42340,66163,1.7212,1.7212,0.0,0.00039558,pretrain_full_4gpu_20260926.log,169359,264651,1.8207079999999942
1,2,42360,66163,1.7772,1.7772,0.0,0.00039549,pretrain_full_4gpu_20260926.log,169439,264651,1.8178439999999945
1,2,42380,66163,1.8641,1.8641,0.0,0.0003954,pretrain_full_4gpu_20260926.log,169519,264651,1.8200279999999944
1,2,42400,66163,1.8661,1.8661,0.0,0.00039531,pretrain_full_4gpu_20260926.log,169599,264651,1.8239839999999945
1,2,42420,66163,1.9268,1.9268,0.0,0.00039522,pretrain_full_4gpu_20260926.log,169679,264651,1.8287239999999942
1,2,42440,66163,1.8191,1.8191,0.0,0.00039513,pretrain_full_4gpu_20260926.log,169759,264651,1.8280799999999942
1,2,42460,66163,1.7743,1.7743,0.0,0.00039504,pretrain_full_4gpu_20260926.log,169839,264651,1.823971999999994
1,2,42480,66163,1.7093,1.7093,0.0,0.00039495,pretrain_full_4gpu_20260926.log,169919,264651,1.8176679999999938
1,2,42500,66163,1.8961,1.8961,0.0,0.00039486,pretrain_full_4gpu_20260926.log,169999,264651,1.8204439999999937
1,2,42520,66163,1.8646,1.8646,0.0,0.00039477,pretrain_full_4gpu_20260926.log,170079,264651,1.8202079999999938
1,2,42540,66163,1.7799,1.7799,0.0,0.00039468,pretrain_full_4gpu_20260926.log,170159,264651,1.818983999999994
1,2,42560,66163,1.8243,1.8243,0.0,0.00039459,pretrain_full_4gpu_20260926.log,170239,264651,1.820527999999994
1,2,42580,66163,1.8201,1.8201,0.0,0.0003945,pretrain_full_4gpu_20260926.log,170319,264651,1.8183359999999942
1,2,42600,66163,1.8529,1.8529,0.0,0.00039441,pretrain_full_4gpu_20260926.log,170399,264651,1.8192799999999942
1,2,42620,66163,1.7884,1.7884,0.0,0.00039432,pretrain_full_4gpu_20260926.log,170479,264651,1.8187079999999944
1,2,42640,66163,1.8717,1.8717,0.0,0.00039422,pretrain_full_4gpu_20260926.log,170559,264651,1.8236639999999944
1,2,42660,66163,1.832,1.832,0.0,0.00039413,pretrain_full_4gpu_20260926.log,170639,264651,1.8240199999999944
1,2,42680,66163,1.7972,1.7972,0.0,0.00039404,pretrain_full_4gpu_20260926.log,170719,264651,1.8228479999999943
1,2,42700,66163,1.8382,1.8382,0.0,0.00039395,pretrain_full_4gpu_20260926.log,170799,264651,1.8224199999999942
1,2,42720,66163,1.7718,1.7718,0.0,0.00039386,pretrain_full_4gpu_20260926.log,170879,264651,1.8182079999999943
1,2,42740,66163,1.7238,1.7238,0.0,0.00039377,pretrain_full_4gpu_20260926.log,170959,264651,1.8143879999999941
1,2,42760,66163,1.9377,1.9377,0.0,0.00039368,pretrain_full_4gpu_20260926.log,171039,264651,1.8226519999999942
1,2,42780,66163,1.8028,1.8028,0.0,0.00039359,pretrain_full_4gpu_20260926.log,171119,264651,1.8204119999999941
1,2,42800,66163,1.7544,1.7544,0.0,0.0003935,pretrain_full_4gpu_20260926.log,171199,264651,1.8168719999999938
1,2,42820,66163,1.7159,1.7159,0.0,0.00039341,pretrain_full_4gpu_20260926.log,171279,264651,1.8131959999999938
1,2,42840,66163,1.9206,1.9206,0.0,0.00039332,pretrain_full_4gpu_20260926.log,171359,264651,1.8211719999999938
1,2,42860,66163,1.8169,1.8169,0.0,0.00039323,pretrain_full_4gpu_20260926.log,171439,264651,1.8227599999999935
1,2,42880,66163,1.8403,1.8403,0.0,0.00039314,pretrain_full_4gpu_20260926.log,171519,264651,1.8218079999999934
1,2,42900,66163,1.8565,1.8565,0.0,0.00039304,pretrain_full_4gpu_20260926.log,171599,264651,1.8214239999999933
1,2,42920,66163,1.8294,1.8294,0.0,0.00039295,pretrain_full_4gpu_20260926.log,171679,264651,1.8175279999999931
1,2,42940,66163,1.7719,1.7719,0.0,0.00039286,pretrain_full_4gpu_20260926.log,171759,264651,1.8156399999999935
1,2,42960,66163,1.8363,1.8363,0.0,0.00039277,pretrain_full_4gpu_20260926.log,171839,264651,1.8181199999999935
1,2,42980,66163,1.7594,1.7594,0.0,0.00039268,pretrain_full_4gpu_20260926.log,171919,264651,1.8201239999999936
1,2,43000,66163,1.7783,1.7783,0.0,0.00039259,pretrain_full_4gpu_20260926.log,171999,264651,1.8154119999999938
1,2,43020,66163,1.785,1.785,0.0,0.0003925,pretrain_full_4gpu_20260926.log,172079,264651,1.8122279999999935
1,2,43040,66163,1.8019,1.8019,0.0,0.00039241,pretrain_full_4gpu_20260926.log,172159,264651,1.8131079999999937
1,2,43060,66163,1.7758,1.7758,0.0,0.00039232,pretrain_full_4gpu_20260926.log,172239,264651,1.8111679999999937
1,2,43080,66163,1.7364,1.7364,0.0,0.00039222,pretrain_full_4gpu_20260926.log,172319,264651,1.8078199999999935
1,2,43100,66163,1.9119,1.9119,0.0,0.00039213,pretrain_full_4gpu_20260926.log,172399,264651,1.8101799999999937
1,2,43120,66163,1.9227,1.9227,0.0,0.00039204,pretrain_full_4gpu_20260926.log,172479,264651,1.8155519999999936
1,2,43140,66163,1.8794,1.8794,0.0,0.00039195,pretrain_full_4gpu_20260926.log,172559,264651,1.8158599999999936
1,2,43160,66163,1.8375,1.8375,0.0,0.00039186,pretrain_full_4gpu_20260926.log,172639,264651,1.8160799999999935
1,2,43180,66163,1.8018,1.8018,0.0,0.00039177,pretrain_full_4gpu_20260926.log,172719,264651,1.8162639999999937
1,2,43200,66163,1.7922,1.7922,0.0,0.00039168,pretrain_full_4gpu_20260926.log,172799,264651,1.8144239999999936
1,2,43220,66163,1.8302,1.8302,0.0,0.00039159,pretrain_full_4gpu_20260926.log,172879,264651,1.8167599999999937
1,2,43240,66163,1.7953,1.7953,0.0,0.00039149,pretrain_full_4gpu_20260926.log,172959,264651,1.8196199999999936
1,2,43260,66163,1.9085,1.9085,0.0,0.0003914,pretrain_full_4gpu_20260926.log,173039,264651,1.8184519999999937
1,2,43280,66163,1.837,1.837,0.0,0.00039131,pretrain_full_4gpu_20260926.log,173119,264651,1.819819999999994
1,2,43300,66163,1.8436,1.8436,0.0,0.00039122,pretrain_full_4gpu_20260926.log,173199,264651,1.8233879999999942
1,2,43320,66163,1.7987,1.7987,0.0,0.00039113,pretrain_full_4gpu_20260926.log,173279,264651,1.8266999999999942
1,2,43340,66163,1.8157,1.8157,0.0,0.00039104,pretrain_full_4gpu_20260926.log,173359,264651,1.8225039999999941
1,2,43360,66163,1.7857,1.7857,0.0,0.00039095,pretrain_full_4gpu_20260926.log,173439,264651,1.8212559999999942
1,2,43380,66163,1.8226,1.8226,0.0,0.00039085,pretrain_full_4gpu_20260926.log,173519,264651,1.8205479999999943
1,2,43400,66163,1.7417,1.7417,0.0,0.00039076,pretrain_full_4gpu_20260926.log,173599,264651,1.8159559999999946
1,2,43420,66163,1.8261,1.8261,0.0,0.00039067,pretrain_full_4gpu_20260926.log,173679,264651,1.8158239999999943
1,2,43440,66163,1.8369,1.8369,0.0,0.00039058,pretrain_full_4gpu_20260926.log,173759,264651,1.8184239999999943
1,2,43460,66163,1.7734,1.7734,0.0,0.00039049,pretrain_full_4gpu_20260926.log,173839,264651,1.8159079999999943
1,2,43480,66163,1.7922,1.7922,0.0,0.0003904,pretrain_full_4gpu_20260926.log,173919,264651,1.8172199999999945
1,2,43500,66163,1.842,1.842,0.0,0.0003903,pretrain_full_4gpu_20260926.log,173999,264651,1.8197679999999943
1,2,43520,66163,1.7628,1.7628,0.0,0.00039021,pretrain_full_4gpu_20260926.log,174079,264651,1.8188799999999943
1,2,43540,66163,1.7957,1.7957,0.0,0.00039012,pretrain_full_4gpu_20260926.log,174159,264651,1.8186319999999945
1,2,43560,66163,1.7563,1.7563,0.0,0.00039003,pretrain_full_4gpu_20260926.log,174239,264651,1.8178519999999947
1,2,43580,66163,1.8212,1.8212,0.0,0.00038994,pretrain_full_4gpu_20260926.log,174319,264651,1.8212439999999943
1,2,43600,66163,1.7837,1.7837,0.0,0.00038984,pretrain_full_4gpu_20260926.log,174399,264651,1.8161159999999945
1,2,43620,66163,1.7966,1.7966,0.0,0.00038975,pretrain_full_4gpu_20260926.log,174479,264651,1.8110719999999945
1,2,43640,66163,1.7988,1.7988,0.0,0.00038966,pretrain_full_4gpu_20260926.log,174559,264651,1.8078479999999946
1,2,43660,66163,1.8281,1.8281,0.0,0.00038957,pretrain_full_4gpu_20260926.log,174639,264651,1.8074719999999944
1,2,43680,66163,1.8068,1.8068,0.0,0.00038948,pretrain_full_4gpu_20260926.log,174719,264651,1.8076719999999946
1,2,43700,66163,1.8084,1.8084,0.0,0.00038939,pretrain_full_4gpu_20260926.log,174799,264651,1.8083199999999946
1,2,43720,66163,1.7949,1.7949,0.0,0.00038929,pretrain_full_4gpu_20260926.log,174879,264651,1.8069079999999946
1,2,43740,66163,1.9174,1.9174,0.0,0.0003892,pretrain_full_4gpu_20260926.log,174959,264651,1.8117919999999947
1,2,43760,66163,1.8582,1.8582,0.0,0.00038911,pretrain_full_4gpu_20260926.log,175039,264651,1.8097799999999944
1,2,43780,66163,1.7852,1.7852,0.0,0.00038902,pretrain_full_4gpu_20260926.log,175119,264651,1.8077079999999943
1,2,43800,66163,1.8898,1.8898,0.0,0.00038892,pretrain_full_4gpu_20260926.log,175199,264651,1.8095559999999944
1,2,43820,66163,1.8441,1.8441,0.0,0.00038883,pretrain_full_4gpu_20260926.log,175279,264651,1.8113719999999944
1,2,43840,66163,1.8244,1.8244,0.0,0.00038874,pretrain_full_4gpu_20260926.log,175359,264651,1.8117199999999942
1,2,43860,66163,1.8714,1.8714,0.0,0.00038865,pretrain_full_4gpu_20260926.log,175439,264651,1.8151479999999944
1,2,43880,66163,1.8358,1.8358,0.0,0.00038856,pretrain_full_4gpu_20260926.log,175519,264651,1.8156759999999943
1,2,43900,66163,1.7526,1.7526,0.0,0.00038846,pretrain_full_4gpu_20260926.log,175599,264651,1.8161119999999942
1,2,43920,66163,1.9268,1.9268,0.0,0.00038837,pretrain_full_4gpu_20260926.log,175679,264651,1.8201399999999943
1,2,43940,66163,1.7949,1.7949,0.0,0.00038828,pretrain_full_4gpu_20260926.log,175759,264651,1.8184599999999944
1,2,43960,66163,1.7921,1.7921,0.0,0.00038819,pretrain_full_4gpu_20260926.log,175839,264651,1.8192079999999942
1,2,43980,66163,1.834,1.834,0.0,0.00038809,pretrain_full_4gpu_20260926.log,175919,264651,1.8208799999999943
1,2,44000,66163,1.749,1.749,0.0,0.000388,pretrain_full_4gpu_20260926.log,175999,264651,1.8171599999999943
1,2,44020,66163,1.9282,1.9282,0.0,0.00038791,pretrain_full_4gpu_20260926.log,176079,264651,1.8237759999999943
1,2,44040,66163,1.9212,1.9212,0.0,0.00038782,pretrain_full_4gpu_20260926.log,176159,264651,1.828795999999994
1,2,44060,66163,1.8652,1.8652,0.0,0.00038773,pretrain_full_4gpu_20260926.log,176239,264651,1.8331519999999941
1,2,44080,66163,1.8213,1.8213,0.0,0.00038763,pretrain_full_4gpu_20260926.log,176319,264651,1.8331559999999942
1,2,44100,66163,1.818,1.818,0.0,0.00038754,pretrain_full_4gpu_20260926.log,176399,264651,1.834527999999994
1,2,44120,66163,1.8839,1.8839,0.0,0.00038745,pretrain_full_4gpu_20260926.log,176479,264651,1.838019999999994
1,2,44140,66163,1.8032,1.8032,0.0,0.00038736,pretrain_full_4gpu_20260926.log,176559,264651,1.8381959999999937
1,2,44160,66163,1.7274,1.7274,0.0,0.00038726,pretrain_full_4gpu_20260926.log,176639,264651,1.834167999999994
1,2,44180,66163,1.8104,1.8104,0.0,0.00038717,pretrain_full_4gpu_20260926.log,176719,264651,1.834311999999994
1,2,44200,66163,1.8849,1.8849,0.0,0.00038708,pretrain_full_4gpu_20260926.log,176799,264651,1.837371999999994
1,2,44220,66163,1.8588,1.8588,0.0,0.00038698,pretrain_full_4gpu_20260926.log,176879,264651,1.8399279999999942
1,2,44240,66163,1.8089,1.8089,0.0,0.00038689,pretrain_full_4gpu_20260926.log,176959,264651,1.8355879999999942
1,2,44260,66163,1.7525,1.7525,0.0,0.0003868,pretrain_full_4gpu_20260926.log,177039,264651,1.8313599999999939
1,2,44280,66163,1.8262,1.8262,0.0,0.00038671,pretrain_full_4gpu_20260926.log,177119,264651,1.832999999999994
1,2,44300,66163,1.8791,1.8791,0.0,0.00038661,pretrain_full_4gpu_20260926.log,177199,264651,1.8325719999999939
1,2,44320,66163,1.7775,1.7775,0.0,0.00038652,pretrain_full_4gpu_20260926.log,177279,264651,1.829907999999994
1,2,44340,66163,1.7237,1.7237,0.0,0.00038643,pretrain_full_4gpu_20260926.log,177359,264651,1.8258799999999942
1,2,44360,66163,1.7662,1.7662,0.0,0.00038634,pretrain_full_4gpu_20260926.log,177439,264651,1.8216719999999942
1,2,44380,66163,1.7698,1.7698,0.0,0.00038624,pretrain_full_4gpu_20260926.log,177519,264651,1.8190319999999942
1,2,44400,66163,1.8473,1.8473,0.0,0.00038615,pretrain_full_4gpu_20260926.log,177599,264651,1.8228199999999941
1,2,44420,66163,1.7505,1.7505,0.0,0.00038606,pretrain_full_4gpu_20260926.log,177679,264651,1.8157679999999943
1,2,44440,66163,1.8405,1.8405,0.0,0.00038596,pretrain_full_4gpu_20260926.log,177759,264651,1.8175919999999943
1,2,44460,66163,1.785,1.785,0.0,0.00038587,pretrain_full_4gpu_20260926.log,177839,264651,1.8173079999999942
1,2,44480,66163,1.943,1.943,0.0,0.00038578,pretrain_full_4gpu_20260926.log,177919,264651,1.821667999999994
1,2,44500,66163,1.7644,1.7644,0.0,0.00038568,pretrain_full_4gpu_20260926.log,177999,264651,1.822283999999994
1,2,44520,66163,1.788,1.788,0.0,0.00038559,pretrain_full_4gpu_20260926.log,178079,264651,1.816675999999994
1,2,44540,66163,1.7892,1.7892,0.0,0.0003855,pretrain_full_4gpu_20260926.log,178159,264651,1.811395999999994
1,2,44560,66163,1.8952,1.8952,0.0,0.00038541,pretrain_full_4gpu_20260926.log,178239,264651,1.812595999999994
1,2,44580,66163,1.9274,1.9274,0.0,0.00038531,pretrain_full_4gpu_20260926.log,178319,264651,1.816839999999994
1,2,44600,66163,1.8076,1.8076,0.0,0.00038522,pretrain_full_4gpu_20260926.log,178399,264651,1.816423999999994
1,2,44620,66163,1.8102,1.8102,0.0,0.00038513,pretrain_full_4gpu_20260926.log,178479,264651,1.8134759999999943
1,2,44640,66163,1.7494,1.7494,0.0,0.00038503,pretrain_full_4gpu_20260926.log,178559,264651,1.8113239999999946
1,2,44660,66163,1.8679,1.8679,0.0,0.00038494,pretrain_full_4gpu_20260926.log,178639,264651,1.8169439999999943
1,2,44680,66163,1.7971,1.7971,0.0,0.00038485,pretrain_full_4gpu_20260926.log,178719,264651,1.8164119999999944
1,2,44700,66163,1.8205,1.8205,0.0,0.00038475,pretrain_full_4gpu_20260926.log,178799,264651,1.8138359999999942
1,2,44720,66163,1.7836,1.7836,0.0,0.00038466,pretrain_full_4gpu_20260926.log,178879,264651,1.8108279999999943
1,2,44740,66163,1.8435,1.8435,0.0,0.00038457,pretrain_full_4gpu_20260926.log,178959,264651,1.8122119999999942
1,2,44760,66163,1.7978,1.7978,0.0,0.00038447,pretrain_full_4gpu_20260926.log,179039,264651,1.8140239999999943
1,2,44780,66163,1.9094,1.9094,0.0,0.00038438,pretrain_full_4gpu_20260926.log,179119,264651,1.8173519999999943
1,2,44800,66163,1.8824,1.8824,0.0,0.00038429,pretrain_full_4gpu_20260926.log,179199,264651,1.817483999999994
1,2,44820,66163,1.8022,1.8022,0.0,0.00038419,pretrain_full_4gpu_20260926.log,179279,264651,1.8184719999999939
1,2,44840,66163,1.7785,1.7785,0.0,0.0003841,pretrain_full_4gpu_20260926.log,179359,264651,1.8206639999999938
1,2,44860,66163,1.7243,1.7243,0.0,0.00038401,pretrain_full_4gpu_20260926.log,179439,264651,1.818987999999994
1,2,44880,66163,1.8095,1.8095,0.0,0.00038391,pretrain_full_4gpu_20260926.log,179519,264651,1.8205759999999942
1,2,44900,66163,1.8183,1.8183,0.0,0.00038382,pretrain_full_4gpu_20260926.log,179599,264651,1.8194159999999941
1,2,44920,66163,1.8433,1.8433,0.0,0.00038373,pretrain_full_4gpu_20260926.log,179679,264651,1.823127999999994
1,2,44940,66163,1.8731,1.8731,0.0,0.00038363,pretrain_full_4gpu_20260926.log,179759,264651,1.8244319999999943
1,2,44960,66163,1.7718,1.7718,0.0,0.00038354,pretrain_full_4gpu_20260926.log,179839,264651,1.8239039999999944
1,2,44980,66163,1.8137,1.8137,0.0,0.00038345,pretrain_full_4gpu_20260926.log,179919,264651,1.8187319999999942
1,2,45000,66163,1.7309,1.7309,0.0,0.00038335,pretrain_full_4gpu_20260926.log,179999,264651,1.8173919999999941
1,2,45020,66163,1.8075,1.8075,0.0,0.00038326,pretrain_full_4gpu_20260926.log,180079,264651,1.8181719999999941
1,2,45040,66163,1.8729,1.8729,0.0,0.00038316,pretrain_full_4gpu_20260926.log,180159,264651,1.8215199999999943
1,2,45060,66163,1.8101,1.8101,0.0,0.00038307,pretrain_full_4gpu_20260926.log,180239,264651,1.818115999999994
1,2,45080,66163,1.7846,1.7846,0.0,0.00038298,pretrain_full_4gpu_20260926.log,180319,264651,1.812403999999994
1,2,45100,66163,1.7922,1.7922,0.0,0.00038288,pretrain_full_4gpu_20260926.log,180399,264651,1.811787999999994
1,2,45120,66163,1.7722,1.7722,0.0,0.00038279,pretrain_full_4gpu_20260926.log,180479,264651,1.8102679999999938
1,2,45140,66163,1.877,1.877,0.0,0.0003827,pretrain_full_4gpu_20260926.log,180559,264651,1.8153719999999938
1,2,45160,66163,1.8174,1.8174,0.0,0.0003826,pretrain_full_4gpu_20260926.log,180639,264651,1.8133519999999939
1,2,45180,66163,1.7927,1.7927,0.0,0.00038251,pretrain_full_4gpu_20260926.log,180719,264651,1.8131759999999941
1,2,45200,66163,1.7548,1.7548,0.0,0.00038241,pretrain_full_4gpu_20260926.log,180799,264651,1.810547999999994
1,2,45220,66163,1.8744,1.8744,0.0,0.00038232,pretrain_full_4gpu_20260926.log,180879,264651,1.8141799999999941
1,2,45240,66163,1.777,1.777,0.0,0.00038223,pretrain_full_4gpu_20260926.log,180959,264651,1.8115199999999942
1,2,45260,66163,1.9327,1.9327,0.0,0.00038213,pretrain_full_4gpu_20260926.log,181039,264651,1.816915999999994
1,2,45280,66163,1.9127,1.9127,0.0,0.00038204,pretrain_full_4gpu_20260926.log,181119,264651,1.817047999999994
1,2,45300,66163,1.7742,1.7742,0.0,0.00038194,pretrain_full_4gpu_20260926.log,181199,264651,1.8127199999999943
1,2,45320,66163,1.829,1.829,0.0,0.00038185,pretrain_full_4gpu_20260926.log,181279,264651,1.8137919999999943
1,2,45340,66163,1.8235,1.8235,0.0,0.00038176,pretrain_full_4gpu_20260926.log,181359,264651,1.8155919999999943
1,2,45360,66163,1.7577,1.7577,0.0,0.00038166,pretrain_full_4gpu_20260926.log,181439,264651,1.8169279999999943
1,2,45380,66163,1.7731,1.7731,0.0,0.00038157,pretrain_full_4gpu_20260926.log,181519,264651,1.8154719999999944
1,2,45400,66163,1.7505,1.7505,0.0,0.00038147,pretrain_full_4gpu_20260926.log,181599,264651,1.8127599999999944
1,2,45420,66163,1.7985,1.7985,0.0,0.00038138,pretrain_full_4gpu_20260926.log,181679,264651,1.8109679999999944
1,2,45440,66163,1.7564,1.7564,0.0,0.00038129,pretrain_full_4gpu_20260926.log,181759,264651,1.8062999999999942
1,2,45460,66163,1.7754,1.7754,0.0,0.00038119,pretrain_full_4gpu_20260926.log,181839,264651,1.8064439999999942
1,2,45480,66163,1.9505,1.9505,0.0,0.0003811,pretrain_full_4gpu_20260926.log,181919,264651,1.8119159999999943
1,2,45500,66163,1.7061,1.7061,0.0,0.000381,pretrain_full_4gpu_20260926.log,181999,264651,1.8109239999999942
1,2,45520,66163,1.7435,1.7435,0.0,0.00038091,pretrain_full_4gpu_20260926.log,182079,264651,1.8083639999999943
1,2,45540,66163,1.841,1.841,0.0,0.00038081,pretrain_full_4gpu_20260926.log,182159,264651,1.8070879999999943
1,2,45560,66163,1.7958,1.7958,0.0,0.00038072,pretrain_full_4gpu_20260926.log,182239,264651,1.8065159999999942
1,2,45580,66163,1.846,1.846,0.0,0.00038063,pretrain_full_4gpu_20260926.log,182319,264651,1.8089719999999943
1,2,45600,66163,1.8581,1.8581,0.0,0.00038053,pretrain_full_4gpu_20260926.log,182399,264651,1.8116079999999943
1,2,45620,66163,1.7994,1.7994,0.0,0.00038044,pretrain_full_4gpu_20260926.log,182479,264651,1.8126959999999943
1,2,45640,66163,1.8546,1.8546,0.0,0.00038034,pretrain_full_4gpu_20260926.log,182559,264651,1.811799999999994
1,2,45660,66163,1.7549,1.7549,0.0,0.00038025,pretrain_full_4gpu_20260926.log,182639,264651,1.8092999999999941
1,2,45680,66163,1.9791,1.9791,0.0,0.00038015,pretrain_full_4gpu_20260926.log,182719,264651,1.816755999999994
1,2,45700,66163,1.8303,1.8303,0.0,0.00038006,pretrain_full_4gpu_20260926.log,182799,264651,1.819775999999994
1,2,45720,66163,1.8309,1.8309,0.0,0.00037997,pretrain_full_4gpu_20260926.log,182879,264651,1.818035999999994
1,2,45740,66163,1.7226,1.7226,0.0,0.00037987,pretrain_full_4gpu_20260926.log,182959,264651,1.8158599999999938
1,2,45760,66163,1.7379,1.7379,0.0,0.00037978,pretrain_full_4gpu_20260926.log,183039,264651,1.8080679999999942
1,2,45780,66163,1.8579,1.8579,0.0,0.00037968,pretrain_full_4gpu_20260926.log,183119,264651,1.805875999999994
1,2,45800,66163,1.8164,1.8164,0.0,0.00037959,pretrain_full_4gpu_20260926.log,183199,264651,1.8075639999999942
1,2,45820,66163,1.8042,1.8042,0.0,0.00037949,pretrain_full_4gpu_20260926.log,183279,264651,1.8065719999999943
1,2,45840,66163,1.7951,1.7951,0.0,0.0003794,pretrain_full_4gpu_20260926.log,183359,264651,1.805435999999994
1,2,45860,66163,1.8047,1.8047,0.0,0.0003793,pretrain_full_4gpu_20260926.log,183439,264651,1.807315999999994
1,2,45880,66163,1.8412,1.8412,0.0,0.00037921,pretrain_full_4gpu_20260926.log,183519,264651,1.8100399999999939
1,2,45900,66163,1.7883,1.7883,0.0,0.00037911,pretrain_full_4gpu_20260926.log,183599,264651,1.8115519999999938
1,2,45920,66163,1.8927,1.8927,0.0,0.00037902,pretrain_full_4gpu_20260926.log,183679,264651,1.8153199999999938
1,2,45940,66163,1.8202,1.8202,0.0,0.00037892,pretrain_full_4gpu_20260926.log,183759,264651,1.817871999999994
1,2,45960,66163,1.7486,1.7486,0.0,0.00037883,pretrain_full_4gpu_20260926.log,183839,264651,1.8167999999999942
1,2,45980,66163,1.7479,1.7479,0.0,0.00037873,pretrain_full_4gpu_20260926.log,183919,264651,1.8086959999999943
1,2,46000,66163,1.8454,1.8454,0.0,0.00037864,pretrain_full_4gpu_20260926.log,183999,264651,1.8142679999999942
1,2,46020,66163,1.7284,1.7284,0.0,0.00037855,pretrain_full_4gpu_20260926.log,184079,264651,1.8136639999999944
1,2,46040,66163,1.7786,1.7786,0.0,0.00037845,pretrain_full_4gpu_20260926.log,184159,264651,1.8111679999999941
1,2,46060,66163,1.8262,1.8262,0.0,0.00037836,pretrain_full_4gpu_20260926.log,184239,264651,1.8123839999999942
1,2,46080,66163,1.7581,1.7581,0.0,0.00037826,pretrain_full_4gpu_20260926.log,184319,264651,1.8088679999999941
1,2,46100,66163,1.8266,1.8266,0.0,0.00037817,pretrain_full_4gpu_20260926.log,184399,264651,1.807607999999994
1,2,46120,66163,1.8112,1.8112,0.0,0.00037807,pretrain_full_4gpu_20260926.log,184479,264651,1.8080799999999941
1,2,46140,66163,1.8527,1.8527,0.0,0.00037798,pretrain_full_4gpu_20260926.log,184559,264651,1.8080039999999942
1,2,46160,66163,1.7467,1.7467,0.0,0.00037788,pretrain_full_4gpu_20260926.log,184639,264651,1.8076759999999943
1,2,46180,66163,1.9013,1.9013,0.0,0.00037779,pretrain_full_4gpu_20260926.log,184719,264651,1.804563999999994
1,2,46200,66163,1.8076,1.8076,0.0,0.00037769,pretrain_full_4gpu_20260926.log,184799,264651,1.803655999999994
1,2,46220,66163,1.9106,1.9106,0.0,0.0003776,pretrain_full_4gpu_20260926.log,184879,264651,1.8068439999999941
1,2,46240,66163,1.8143,1.8143,0.0,0.0003775,pretrain_full_4gpu_20260926.log,184959,264651,1.8105119999999943
1,2,46260,66163,1.7882,1.7882,0.0,0.00037741,pretrain_full_4gpu_20260926.log,185039,264651,1.8125239999999943
1,2,46280,66163,1.6824,1.6824,0.0,0.00037731,pretrain_full_4gpu_20260926.log,185119,264651,1.8055039999999942
1,2,46300,66163,1.7822,1.7822,0.0,0.00037721,pretrain_full_4gpu_20260926.log,185199,264651,1.8041359999999944
1,2,46320,66163,1.7455,1.7455,0.0,0.00037712,pretrain_full_4gpu_20260926.log,185279,264651,1.8017879999999942
1,2,46340,66163,1.8047,1.8047,0.0,0.00037702,pretrain_full_4gpu_20260926.log,185359,264651,1.8021719999999943
1,2,46360,66163,1.7979,1.7979,0.0,0.00037693,pretrain_full_4gpu_20260926.log,185439,264651,1.8018999999999943
1,2,46380,66163,1.7292,1.7292,0.0,0.00037683,pretrain_full_4gpu_20260926.log,185519,264651,1.7974199999999942
1,2,46400,66163,1.8166,1.8166,0.0,0.00037674,pretrain_full_4gpu_20260926.log,185599,264651,1.7985519999999944
1,2,46420,66163,1.8468,1.8468,0.0,0.00037664,pretrain_full_4gpu_20260926.log,185679,264651,1.7967159999999944
1,2,46440,66163,1.838,1.838,0.0,0.00037655,pretrain_full_4gpu_20260926.log,185759,264651,1.7974279999999945
1,2,46460,66163,1.7933,1.7933,0.0,0.00037645,pretrain_full_4gpu_20260926.log,185839,264651,1.7992159999999944
1,2,46480,66163,1.814,1.814,0.0,0.00037636,pretrain_full_4gpu_20260926.log,185919,264651,1.8018599999999945
1,2,46500,66163,1.8156,1.8156,0.0,0.00037626,pretrain_full_4gpu_20260926.log,185999,264651,1.8006679999999946
1,2,46520,66163,1.7417,1.7417,0.0,0.00037617,pretrain_full_4gpu_20260926.log,186079,264651,1.8011999999999946
1,2,46540,66163,1.7802,1.7802,0.0,0.00037607,pretrain_full_4gpu_20260926.log,186159,264651,1.8012639999999949
1,2,46560,66163,1.8223,1.8223,0.0,0.00037598,pretrain_full_4gpu_20260926.log,186239,264651,1.8011079999999948
1,2,46580,66163,1.8867,1.8867,0.0,0.00037588,pretrain_full_4gpu_20260926.log,186319,264651,1.8062519999999946
1,2,46600,66163,1.9376,1.9376,0.0,0.00037578,pretrain_full_4gpu_20260926.log,186399,264651,1.8106919999999949
1,2,46620,66163,1.791,1.791,0.0,0.00037569,pretrain_full_4gpu_20260926.log,186479,264651,1.8098839999999947
1,2,46640,66163,1.8972,1.8972,0.0,0.00037559,pretrain_full_4gpu_20260926.log,186559,264651,1.8116639999999946
1,2,46660,66163,1.8389,1.8389,0.0,0.0003755,pretrain_full_4gpu_20260926.log,186639,264651,1.815351999999995
1,2,46680,66163,1.7305,1.7305,0.0,0.0003754,pretrain_full_4gpu_20260926.log,186719,264651,1.808519999999995
1,2,46700,66163,1.7388,1.7388,0.0,0.00037531,pretrain_full_4gpu_20260926.log,186799,264651,1.8057679999999947
1,2,46720,66163,1.7801,1.7801,0.0,0.00037521,pretrain_full_4gpu_20260926.log,186879,264651,1.8005479999999947
1,2,46740,66163,1.7879,1.7879,0.0,0.00037512,pretrain_full_4gpu_20260926.log,186959,264651,1.7994919999999945
1,2,46760,66163,1.8147,1.8147,0.0,0.00037502,pretrain_full_4gpu_20260926.log,187039,264651,1.8005519999999944
1,2,46780,66163,1.7624,1.7624,0.0,0.00037492,pretrain_full_4gpu_20260926.log,187119,264651,1.8037519999999945
1,2,46800,66163,1.7789,1.7789,0.0,0.00037483,pretrain_full_4gpu_20260926.log,187199,264651,1.8036199999999942
1,2,46820,66163,1.8185,1.8185,0.0,0.00037473,pretrain_full_4gpu_20260926.log,187279,264651,1.8065399999999943
1,2,46840,66163,1.8232,1.8232,0.0,0.00037464,pretrain_full_4gpu_20260926.log,187359,264651,1.8072799999999944
1,2,46860,66163,1.8799,1.8799,0.0,0.00037454,pretrain_full_4gpu_20260926.log,187439,264651,1.8105599999999944
1,2,46880,66163,1.8412,1.8412,0.0,0.00037445,pretrain_full_4gpu_20260926.log,187519,264651,1.8150399999999944
1,2,46900,66163,1.8024,1.8024,0.0,0.00037435,pretrain_full_4gpu_20260926.log,187599,264651,1.8144719999999943
1,2,46920,66163,1.8219,1.8219,0.0,0.00037425,pretrain_full_4gpu_20260926.log,187679,264651,1.8134759999999943
1,2,46940,66163,1.804,1.804,0.0,0.00037416,pretrain_full_4gpu_20260926.log,187759,264651,1.8121159999999943
1,2,46960,66163,1.8358,1.8358,0.0,0.00037406,pretrain_full_4gpu_20260926.log,187839,264651,1.8138159999999943
1,2,46980,66163,1.8321,1.8321,0.0,0.00037397,pretrain_full_4gpu_20260926.log,187919,264651,1.814539999999994
1,2,47000,66163,1.8529,1.8529,0.0,0.00037387,pretrain_full_4gpu_20260926.log,187999,264651,1.8160319999999939
1,2,47020,66163,1.7765,1.7765,0.0,0.00037377,pretrain_full_4gpu_20260926.log,188079,264651,1.8174239999999937
1,2,47040,66163,1.7293,1.7293,0.0,0.00037368,pretrain_full_4gpu_20260926.log,188159,264651,1.8153879999999938
1,2,47060,66163,1.8149,1.8149,0.0,0.00037358,pretrain_full_4gpu_20260926.log,188239,264651,1.815091999999994
1,2,47080,66163,1.8292,1.8292,0.0,0.00037349,pretrain_full_4gpu_20260926.log,188319,264651,1.812791999999994
1,2,47100,66163,1.8638,1.8638,0.0,0.00037339,pretrain_full_4gpu_20260926.log,188399,264651,1.809839999999994
1,2,47120,66163,1.7553,1.7553,0.0,0.00037329,pretrain_full_4gpu_20260926.log,188479,264651,1.808411999999994
1,2,47140,66163,1.7937,1.7937,0.0,0.0003732,pretrain_full_4gpu_20260926.log,188559,264651,1.804271999999994
1,2,47160,66163,1.7714,1.7714,0.0,0.0003731,pretrain_full_4gpu_20260926.log,188639,264651,1.801571999999994
1,2,47180,66163,1.7678,1.7678,0.0,0.00037301,pretrain_full_4gpu_20260926.log,188719,264651,1.803063999999994
1,2,47200,66163,1.8412,1.8412,0.0,0.00037291,pretrain_full_4gpu_20260926.log,188799,264651,1.807159999999994
1,2,47220,66163,1.8128,1.8128,0.0,0.00037281,pretrain_full_4gpu_20260926.log,188879,264651,1.8084679999999944
1,2,47240,66163,1.8199,1.8199,0.0,0.00037272,pretrain_full_4gpu_20260926.log,188959,264651,1.8097479999999941
1,2,47260,66163,1.8078,1.8078,0.0,0.00037262,pretrain_full_4gpu_20260926.log,189039,264651,1.8094719999999942
1,2,47280,66163,1.707,1.707,0.0,0.00037252,pretrain_full_4gpu_20260926.log,189119,264651,1.8072559999999942
1,2,47300,66163,1.8576,1.8576,0.0,0.00037243,pretrain_full_4gpu_20260926.log,189199,264651,1.8104039999999941
1,2,47320,66163,1.8772,1.8772,0.0,0.00037233,pretrain_full_4gpu_20260926.log,189279,264651,1.8127519999999941
1,2,47340,66163,1.8172,1.8172,0.0,0.00037224,pretrain_full_4gpu_20260926.log,189359,264651,1.8125119999999941
1,2,47360,66163,1.8732,1.8732,0.0,0.00037214,pretrain_full_4gpu_20260926.log,189439,264651,1.812243999999994
1,2,47380,66163,1.8053,1.8053,0.0,0.00037204,pretrain_full_4gpu_20260926.log,189519,264651,1.8108079999999942
1,2,47400,66163,1.806,1.806,0.0,0.00037195,pretrain_full_4gpu_20260926.log,189599,264651,1.8109519999999941
1,2,47420,66163,1.8331,1.8331,0.0,0.00037185,pretrain_full_4gpu_20260926.log,189679,264651,1.8113999999999941
1,2,47440,66163,1.8223,1.8223,0.0,0.00037175,pretrain_full_4gpu_20260926.log,189759,264651,1.812131999999994
1,2,47460,66163,1.8865,1.8865,0.0,0.00037166,pretrain_full_4gpu_20260926.log,189839,264651,1.814159999999994
1,2,47480,66163,1.8275,1.8275,0.0,0.00037156,pretrain_full_4gpu_20260926.log,189919,264651,1.813975999999994
1,2,47500,66163,1.8308,1.8308,0.0,0.00037146,pretrain_full_4gpu_20260926.log,189999,264651,1.8130919999999944
1,2,47520,66163,1.7708,1.7708,0.0,0.00037137,pretrain_full_4gpu_20260926.log,190079,264651,1.8128639999999945
1,2,47540,66163,1.8361,1.8361,0.0,0.00037127,pretrain_full_4gpu_20260926.log,190159,264651,1.8171359999999945
1,2,47560,66163,1.7871,1.7871,0.0,0.00037117,pretrain_full_4gpu_20260926.log,190239,264651,1.8160239999999945
1,2,47580,66163,1.7312,1.7312,0.0,0.00037108,pretrain_full_4gpu_20260926.log,190319,264651,1.8121039999999946
1,2,47600,66163,1.7901,1.7901,0.0,0.00037098,pretrain_full_4gpu_20260926.log,190399,264651,1.8091559999999947
1,2,47620,66163,1.8261,1.8261,0.0,0.00037088,pretrain_full_4gpu_20260926.log,190479,264651,1.8119879999999946
1,2,47640,66163,1.7763,1.7763,0.0,0.00037079,pretrain_full_4gpu_20260926.log,190559,264651,1.8112919999999946
1,2,47660,66163,1.8157,1.8157,0.0,0.00037069,pretrain_full_4gpu_20260926.log,190639,264651,1.8130639999999945
1,2,47680,66163,1.6899,1.6899,0.0,0.00037059,pretrain_full_4gpu_20260926.log,190719,264651,1.8099479999999946
1,2,47700,66163,1.8293,1.8293,0.0,0.0003705,pretrain_full_4gpu_20260926.log,190799,264651,1.8094719999999944
1,2,47720,66163,1.764,1.764,0.0,0.0003704,pretrain_full_4gpu_20260926.log,190879,264651,1.8075199999999945
1,2,47740,66163,1.89,1.89,0.0,0.0003703,pretrain_full_4gpu_20260926.log,190959,264651,1.8103239999999945
1,2,47760,66163,1.7921,1.7921,0.0,0.00037021,pretrain_full_4gpu_20260926.log,191039,264651,1.8096959999999944
1,2,47780,66163,1.8455,1.8455,0.0,0.00037011,pretrain_full_4gpu_20260926.log,191119,264651,1.8152359999999945
1,2,47800,66163,1.7712,1.7712,0.0,0.00037001,pretrain_full_4gpu_20260926.log,191199,264651,1.8117799999999946
1,2,47820,66163,1.8403,1.8403,0.0,0.00036992,pretrain_full_4gpu_20260926.log,191279,264651,1.8103039999999944
1,2,47840,66163,1.8627,1.8627,0.0,0.00036982,pretrain_full_4gpu_20260926.log,191359,264651,1.8121239999999943
1,2,47860,66163,1.8063,1.8063,0.0,0.00036972,pretrain_full_4gpu_20260926.log,191439,264651,1.8094479999999944
1,2,47880,66163,1.7706,1.7706,0.0,0.00036963,pretrain_full_4gpu_20260926.log,191519,264651,1.8080599999999944
1,2,47900,66163,1.7632,1.7632,0.0,0.00036953,pretrain_full_4gpu_20260926.log,191599,264651,1.8063479999999945
1,2,47920,66163,1.8131,1.8131,0.0,0.00036943,pretrain_full_4gpu_20260926.log,191679,264651,1.8055479999999944
1,2,47940,66163,1.8044,1.8044,0.0,0.00036934,pretrain_full_4gpu_20260926.log,191759,264651,1.8048319999999944
1,2,47960,66163,1.8334,1.8334,0.0,0.00036924,pretrain_full_4gpu_20260926.log,191839,264651,1.8027079999999944
1,2,47980,66163,1.8165,1.8165,0.0,0.00036914,pretrain_full_4gpu_20260926.log,191919,264651,1.8022679999999942
1,2,48000,66163,1.7948,1.7948,0.0,0.00036904,pretrain_full_4gpu_20260926.log,191999,264651,1.8008279999999945
1,2,48020,66163,1.8261,1.8261,0.0,0.00036895,pretrain_full_4gpu_20260926.log,192079,264651,1.8030399999999944
1,2,48040,66163,1.8079,1.8079,0.0,0.00036885,pretrain_full_4gpu_20260926.log,192159,264651,1.8019119999999942
1,2,48060,66163,1.9684,1.9684,0.0,0.00036875,pretrain_full_4gpu_20260926.log,192239,264651,1.8091639999999942
1,2,48080,66163,1.7634,1.7634,0.0,0.00036866,pretrain_full_4gpu_20260926.log,192319,264651,1.810451999999994
1,2,48100,66163,1.8339,1.8339,0.0,0.00036856,pretrain_full_4gpu_20260926.log,192399,264651,1.812203999999994
1,2,48120,66163,1.8452,1.8452,0.0,0.00036846,pretrain_full_4gpu_20260926.log,192479,264651,1.812967999999994
1,2,48140,66163,1.7776,1.7776,0.0,0.00036836,pretrain_full_4gpu_20260926.log,192559,264651,1.8130199999999939
1,2,48160,66163,1.8032,1.8032,0.0,0.00036827,pretrain_full_4gpu_20260926.log,192639,264651,1.812519999999994
1,2,48180,66163,1.7555,1.7555,0.0,0.00036817,pretrain_full_4gpu_20260926.log,192719,264651,1.8151439999999937
1,2,48200,66163,1.8002,1.8002,0.0,0.00036807,pretrain_full_4gpu_20260926.log,192799,264651,1.8139799999999935
1,2,48220,66163,1.792,1.792,0.0,0.00036798,pretrain_full_4gpu_20260926.log,192879,264651,1.8150999999999933
1,2,48240,66163,1.7948,1.7948,0.0,0.00036788,pretrain_full_4gpu_20260926.log,192959,264651,1.8112919999999935
1,2,48260,66163,1.8481,1.8481,0.0,0.00036778,pretrain_full_4gpu_20260926.log,193039,264651,1.8135319999999937
1,2,48280,66163,1.8674,1.8674,0.0,0.00036768,pretrain_full_4gpu_20260926.log,193119,264651,1.8144079999999934
1,2,48300,66163,1.7481,1.7481,0.0,0.00036759,pretrain_full_4gpu_20260926.log,193199,264651,1.8134839999999934
1,2,48320,66163,1.8094,1.8094,0.0,0.00036749,pretrain_full_4gpu_20260926.log,193279,264651,1.8122479999999934
1,2,48340,66163,1.7283,1.7283,0.0,0.00036739,pretrain_full_4gpu_20260926.log,193359,264651,1.8068719999999934
1,2,48360,66163,1.8315,1.8315,0.0,0.00036729,pretrain_full_4gpu_20260926.log,193439,264651,1.8078799999999933
1,2,48380,66163,1.7534,1.7534,0.0,0.0003672,pretrain_full_4gpu_20260926.log,193519,264651,1.8071919999999932
1,2,48400,66163,1.7923,1.7923,0.0,0.0003671,pretrain_full_4gpu_20260926.log,193599,264651,1.8083559999999932
1,2,48420,66163,1.7834,1.7834,0.0,0.000367,pretrain_full_4gpu_20260926.log,193679,264651,1.8071679999999932
1,2,48440,66163,1.7679,1.7679,0.0,0.0003669,pretrain_full_4gpu_20260926.log,193759,264651,1.805707999999993
1,2,48460,66163,1.7996,1.7996,0.0,0.00036681,pretrain_full_4gpu_20260926.log,193839,264651,1.8043559999999932
1,2,48480,66163,1.8423,1.8423,0.0,0.00036671,pretrain_full_4gpu_20260926.log,193919,264651,1.8053879999999933
1,2,48500,66163,1.8102,1.8102,0.0,0.00036661,pretrain_full_4gpu_20260926.log,193999,264651,1.8060039999999933
1,2,48520,66163,1.7891,1.7891,0.0,0.00036651,pretrain_full_4gpu_20260926.log,194079,264651,1.8045239999999934
1,2,48540,66163,1.8046,1.8046,0.0,0.00036642,pretrain_full_4gpu_20260926.log,194159,264651,1.8043919999999936
1,2,48560,66163,1.7557,1.7557,0.0,0.00036632,pretrain_full_4gpu_20260926.log,194239,264651,1.7958839999999932
1,2,48580,66163,1.7166,1.7166,0.0,0.00036622,pretrain_full_4gpu_20260926.log,194319,264651,1.7940119999999933
1,2,48600,66163,1.8039,1.8039,0.0,0.00036612,pretrain_full_4gpu_20260926.log,194399,264651,1.7928119999999934
1,2,48620,66163,1.8173,1.8173,0.0,0.00036603,pretrain_full_4gpu_20260926.log,194479,264651,1.7916959999999935
1,2,48640,66163,1.8757,1.8757,0.0,0.00036593,pretrain_full_4gpu_20260926.log,194559,264651,1.7956199999999936
1,2,48660,66163,1.8168,1.8168,0.0,0.00036583,pretrain_full_4gpu_20260926.log,194639,264651,1.7961639999999937
1,2,48680,66163,1.8056,1.8056,0.0,0.00036573,pretrain_full_4gpu_20260926.log,194719,264651,1.7981679999999938
1,2,48700,66163,1.8959,1.8959,0.0,0.00036563,pretrain_full_4gpu_20260926.log,194799,264651,1.8019959999999937
1,2,48720,66163,1.8118,1.8118,0.0,0.00036554,pretrain_full_4gpu_20260926.log,194879,264651,1.8027879999999936
1,2,48740,66163,1.7628,1.7628,0.0,0.00036544,pretrain_full_4gpu_20260926.log,194959,264651,1.8015079999999934
1,2,48760,66163,1.7271,1.7271,0.0,0.00036534,pretrain_full_4gpu_20260926.log,195039,264651,1.7966679999999935
1,2,48780,66163,1.7771,1.7771,0.0,0.00036524,pretrain_full_4gpu_20260926.log,195119,264651,1.7930559999999935
1,2,48800,66163,1.7452,1.7452,0.0,0.00036515,pretrain_full_4gpu_20260926.log,195199,264651,1.7929399999999933
1,2,48820,66163,1.7107,1.7107,0.0,0.00036505,pretrain_full_4gpu_20260926.log,195279,264651,1.7889919999999935
1,2,48840,66163,1.8722,1.8722,0.0,0.00036495,pretrain_full_4gpu_20260926.log,195359,264651,1.7947479999999936
1,2,48860,66163,1.8043,1.8043,0.0,0.00036485,pretrain_full_4gpu_20260926.log,195439,264651,1.7936599999999936
1,2,48880,66163,1.8296,1.8296,0.0,0.00036475,pretrain_full_4gpu_20260926.log,195519,264651,1.7967079999999935
1,2,48900,66163,1.7994,1.7994,0.0,0.00036466,pretrain_full_4gpu_20260926.log,195599,264651,1.7969919999999937
1,2,48920,66163,1.8355,1.8355,0.0,0.00036456,pretrain_full_4gpu_20260926.log,195679,264651,1.7990759999999937
1,2,48940,66163,1.7878,1.7878,0.0,0.00036446,pretrain_full_4gpu_20260926.log,195759,264651,1.7998719999999937
1,2,48960,66163,1.9192,1.9192,0.0,0.00036436,pretrain_full_4gpu_20260926.log,195839,264651,1.8046559999999936
1,2,48980,66163,1.7369,1.7369,0.0,0.00036426,pretrain_full_4gpu_20260926.log,195919,264651,1.8004399999999936
1,2,49000,66163,1.7981,1.7981,0.0,0.00036417,pretrain_full_4gpu_20260926.log,195999,264651,1.7999559999999935
1,2,49020,66163,1.7456,1.7456,0.0,0.00036407,pretrain_full_4gpu_20260926.log,196079,264651,1.7982159999999936
1,2,49040,66163,1.7771,1.7771,0.0,0.00036397,pretrain_full_4gpu_20260926.log,196159,264651,1.7971159999999935
1,2,49060,66163,1.7691,1.7691,0.0,0.00036387,pretrain_full_4gpu_20260926.log,196239,264651,1.7976519999999936
1,2,49080,66163,1.8992,1.8992,0.0,0.00036377,pretrain_full_4gpu_20260926.log,196319,264651,1.8049559999999938
1,2,49100,66163,1.7832,1.7832,0.0,0.00036367,pretrain_full_4gpu_20260926.log,196399,264651,1.8041279999999937
1,2,49120,66163,1.7645,1.7645,0.0,0.00036358,pretrain_full_4gpu_20260926.log,196479,264651,1.8020159999999936
1,2,49140,66163,1.8481,1.8481,0.0,0.00036348,pretrain_full_4gpu_20260926.log,196559,264651,1.8009119999999936
1,2,49160,66163,1.7777,1.7777,0.0,0.00036338,pretrain_full_4gpu_20260926.log,196639,264651,1.7993479999999937
1,2,49180,66163,1.736,1.736,0.0,0.00036328,pretrain_full_4gpu_20260926.log,196719,264651,1.7965639999999936
1,2,49200,66163,1.8044,1.8044,0.0,0.00036318,pretrain_full_4gpu_20260926.log,196799,264651,1.7929039999999938
1,2,49220,66163,1.7856,1.7856,0.0,0.00036308,pretrain_full_4gpu_20260926.log,196879,264651,1.791855999999994
1,2,49240,66163,1.9163,1.9163,0.0,0.00036299,pretrain_full_4gpu_20260926.log,196959,264651,1.797995999999994
1,2,49260,66163,1.8677,1.8677,0.0,0.00036289,pretrain_full_4gpu_20260926.log,197039,264651,1.803619999999994
1,2,49280,66163,1.8626,1.8626,0.0,0.00036279,pretrain_full_4gpu_20260926.log,197119,264651,1.8070399999999942
1,2,49300,66163,1.8315,1.8315,0.0,0.00036269,pretrain_full_4gpu_20260926.log,197199,264651,1.8104919999999942
1,2,49320,66163,1.829,1.829,0.0,0.00036259,pretrain_full_4gpu_20260926.log,197279,264651,1.8152239999999942
1,2,49340,66163,1.7816,1.7816,0.0,0.00036249,pretrain_full_4gpu_20260926.log,197359,264651,1.811599999999994
1,2,49360,66163,1.7715,1.7715,0.0,0.0003624,pretrain_full_4gpu_20260926.log,197439,264651,1.8102879999999941
1,2,49380,66163,1.7765,1.7765,0.0,0.0003623,pretrain_full_4gpu_20260926.log,197519,264651,1.808163999999994
1,2,49400,66163,1.8659,1.8659,0.0,0.0003622,pretrain_full_4gpu_20260926.log,197599,264651,1.810823999999994
1,2,49420,66163,1.7649,1.7649,0.0,0.0003621,pretrain_full_4gpu_20260926.log,197679,264651,1.8079999999999938
1,2,49440,66163,1.8612,1.8612,0.0,0.000362,pretrain_full_4gpu_20260926.log,197759,264651,1.8109359999999939
1,2,49460,66163,1.764,1.764,0.0,0.0003619,pretrain_full_4gpu_20260926.log,197839,264651,1.804727999999994
1,2,49480,66163,1.7857,1.7857,0.0,0.00036181,pretrain_full_4gpu_20260926.log,197919,264651,1.8066799999999938
1,2,49500,66163,1.8555,1.8555,0.0,0.00036171,pretrain_full_4gpu_20260926.log,197999,264651,1.808975999999994
1,2,49520,66163,1.7709,1.7709,0.0,0.00036161,pretrain_full_4gpu_20260926.log,198079,264651,1.8099879999999937
1,2,49540,66163,1.8609,1.8609,0.0,0.00036151,pretrain_full_4gpu_20260926.log,198159,264651,1.8133399999999937
1,2,49560,66163,1.8089,1.8089,0.0,0.00036141,pretrain_full_4gpu_20260926.log,198239,264651,1.8149319999999938
1,2,49580,66163,1.6693,1.6693,0.0,0.00036131,pretrain_full_4gpu_20260926.log,198319,264651,1.8057359999999938
1,2,49600,66163,2.0242,2.0242,0.0,0.00036121,pretrain_full_4gpu_20260926.log,198399,264651,1.8153759999999937
1,2,49620,66163,1.7747,1.7747,0.0,0.00036111,pretrain_full_4gpu_20260926.log,198479,264651,1.8157839999999938
1,2,49640,66163,1.7505,1.7505,0.0,0.00036102,pretrain_full_4gpu_20260926.log,198559,264651,1.811879999999994
1,2,49660,66163,1.8,1.8,0.0,0.00036092,pretrain_full_4gpu_20260926.log,198639,264651,1.8127719999999936
1,2,49680,66163,1.788,1.788,0.0,0.00036082,pretrain_full_4gpu_20260926.log,198719,264651,1.8148519999999937
1,2,49700,66163,1.8056,1.8056,0.0,0.00036072,pretrain_full_4gpu_20260926.log,198799,264651,1.8148999999999935
1,2,49720,66163,1.7151,1.7151,0.0,0.00036062,pretrain_full_4gpu_20260926.log,198879,264651,1.8120799999999935
1,2,49740,66163,1.7975,1.7975,0.0,0.00036052,pretrain_full_4gpu_20260926.log,198959,264651,1.8073279999999934
1,2,49760,66163,1.7977,1.7977,0.0,0.00036042,pretrain_full_4gpu_20260926.log,199039,264651,1.8045279999999935
1,2,49780,66163,1.7608,1.7608,0.0,0.00036032,pretrain_full_4gpu_20260926.log,199119,264651,1.8004559999999936
1,2,49800,66163,1.8806,1.8806,0.0,0.00036023,pretrain_full_4gpu_20260926.log,199199,264651,1.8024199999999937
1,2,49820,66163,1.773,1.773,0.0,0.00036013,pretrain_full_4gpu_20260926.log,199279,264651,1.8001799999999937
1,2,49840,66163,1.8416,1.8416,0.0,0.00036003,pretrain_full_4gpu_20260926.log,199359,264651,1.8025799999999939
1,2,49860,66163,1.7997,1.7997,0.0,0.00035993,pretrain_full_4gpu_20260926.log,199439,264651,1.8037079999999939
1,2,49880,66163,1.8413,1.8413,0.0,0.00035983,pretrain_full_4gpu_20260926.log,199519,264651,1.8062999999999938
1,2,49900,66163,1.8707,1.8707,0.0,0.00035973,pretrain_full_4gpu_20260926.log,199599,264651,1.8064919999999938
1,2,49920,66163,1.8193,1.8193,0.0,0.00035963,pretrain_full_4gpu_20260926.log,199679,264651,1.808667999999994
1,2,49940,66163,1.7695,1.7695,0.0,0.00035953,pretrain_full_4gpu_20260926.log,199759,264651,1.804999999999994
1,2,49960,66163,1.7514,1.7514,0.0,0.00035943,pretrain_full_4gpu_20260926.log,199839,264651,1.8044959999999939
1,2,49980,66163,1.8469,1.8469,0.0,0.00035934,pretrain_full_4gpu_20260926.log,199919,264651,1.8069439999999937
1,2,50000,66163,1.7547,1.7547,0.0,0.00035924,pretrain_full_4gpu_20260926.log,199999,264651,1.8029119999999939
1,2,50020,66163,1.7529,1.7529,0.0,0.00035914,pretrain_full_4gpu_20260926.log,200079,264651,1.8021919999999938
1,2,50040,66163,1.7473,1.7473,0.0,0.00035904,pretrain_full_4gpu_20260926.log,200159,264651,1.797647999999994
1,2,50060,66163,1.6974,1.6974,0.0,0.00035894,pretrain_full_4gpu_20260926.log,200239,264651,1.7931879999999938
1,2,50080,66163,1.7527,1.7527,0.0,0.00035884,pretrain_full_4gpu_20260926.log,200319,264651,1.7965239999999938
1,2,50100,66163,1.7691,1.7691,0.0,0.00035874,pretrain_full_4gpu_20260926.log,200399,264651,1.7863199999999937
1,2,50120,66163,1.7254,1.7254,0.0,0.00035864,pretrain_full_4gpu_20260926.log,200479,264651,1.7843479999999936
1,2,50140,66163,1.845,1.845,0.0,0.00035854,pretrain_full_4gpu_20260926.log,200559,264651,1.7881279999999935
1,2,50160,66163,1.762,1.762,0.0,0.00035844,pretrain_full_4gpu_20260926.log,200639,264651,1.7866079999999938
1,2,50180,66163,1.8009,1.8009,0.0,0.00035834,pretrain_full_4gpu_20260926.log,200719,264651,1.7871239999999937
1,2,50200,66163,1.7979,1.7979,0.0,0.00035824,pretrain_full_4gpu_20260926.log,200799,264651,1.7868159999999937
1,2,50220,66163,1.7159,1.7159,0.0,0.00035815,pretrain_full_4gpu_20260926.log,200879,264651,1.7868479999999938
1,2,50240,66163,1.6854,1.6854,0.0,0.00035805,pretrain_full_4gpu_20260926.log,200959,264651,1.7823639999999938
1,2,50260,66163,1.8139,1.8139,0.0,0.00035795,pretrain_full_4gpu_20260926.log,201039,264651,1.7830119999999936
1,2,50280,66163,1.8488,1.8488,0.0,0.00035785,pretrain_full_4gpu_20260926.log,201119,264651,1.7865319999999933
1,2,50300,66163,1.7395,1.7395,0.0,0.00035775,pretrain_full_4gpu_20260926.log,201199,264651,1.7808879999999934
1,2,50320,66163,1.7982,1.7982,0.0,0.00035765,pretrain_full_4gpu_20260926.log,201279,264651,1.7818959999999933
1,2,50340,66163,1.7815,1.7815,0.0,0.00035755,pretrain_full_4gpu_20260926.log,201359,264651,1.7794919999999934
1,2,50360,66163,1.834,1.834,0.0,0.00035745,pretrain_full_4gpu_20260926.log,201439,264651,1.7808639999999933
1,2,50380,66163,1.7449,1.7449,0.0,0.00035735,pretrain_full_4gpu_20260926.log,201519,264651,1.7770079999999937
1,2,50400,66163,1.8315,1.8315,0.0,0.00035725,pretrain_full_4gpu_20260926.log,201599,264651,1.7754399999999935
1,2,50420,66163,1.8079,1.8079,0.0,0.00035715,pretrain_full_4gpu_20260926.log,201679,264651,1.7749839999999937
1,2,50440,66163,1.9202,1.9202,0.0,0.00035705,pretrain_full_4gpu_20260926.log,201759,264651,1.7810119999999938
1,2,50460,66163,1.7221,1.7221,0.0,0.00035695,pretrain_full_4gpu_20260926.log,201839,264651,1.7798399999999939
1,2,50480,66163,1.7477,1.7477,0.0,0.00035685,pretrain_full_4gpu_20260926.log,201919,264651,1.775871999999994
1,2,50500,66163,1.7892,1.7892,0.0,0.00035675,pretrain_full_4gpu_20260926.log,201999,264651,1.777251999999994
1,2,50520,66163,1.8025,1.8025,0.0,0.00035665,pretrain_full_4gpu_20260926.log,202079,264651,1.7792359999999943
1,2,50540,66163,1.7521,1.7521,0.0,0.00035655,pretrain_full_4gpu_20260926.log,202159,264651,1.779427999999994
1,2,50560,66163,1.8878,1.8878,0.0,0.00035645,pretrain_full_4gpu_20260926.log,202239,264651,1.7870439999999939
1,2,50580,66163,1.7712,1.7712,0.0,0.00035636,pretrain_full_4gpu_20260926.log,202319,264651,1.787783999999994
1,2,50600,66163,1.8628,1.8628,0.0,0.00035626,pretrain_full_4gpu_20260926.log,202399,264651,1.791531999999994
1,2,50620,66163,1.8069,1.8069,0.0,0.00035616,pretrain_full_4gpu_20260926.log,202479,264651,1.794791999999994
1,2,50640,66163,1.8097,1.8097,0.0,0.00035606,pretrain_full_4gpu_20260926.log,202559,264651,1.793379999999994
1,2,50660,66163,1.7646,1.7646,0.0,0.00035596,pretrain_full_4gpu_20260926.log,202639,264651,1.793483999999994
1,2,50680,66163,1.7157,1.7157,0.0,0.00035586,pretrain_full_4gpu_20260926.log,202719,264651,1.790075999999994
1,2,50700,66163,1.775,1.775,0.0,0.00035576,pretrain_full_4gpu_20260926.log,202799,264651,1.789159999999994
1,2,50720,66163,1.8002,1.8002,0.0,0.00035566,pretrain_full_4gpu_20260926.log,202879,264651,1.792531999999994
1,2,50740,66163,1.7664,1.7664,0.0,0.00035556,pretrain_full_4gpu_20260926.log,202959,264651,1.7957719999999937
1,2,50760,66163,1.8422,1.8422,0.0,0.00035546,pretrain_full_4gpu_20260926.log,203039,264651,1.7969039999999938
1,2,50780,66163,1.7517,1.7517,0.0,0.00035536,pretrain_full_4gpu_20260926.log,203119,264651,1.793019999999994
1,2,50800,66163,1.7075,1.7075,0.0,0.00035526,pretrain_full_4gpu_20260926.log,203199,264651,1.7917399999999941
1,2,50820,66163,1.7634,1.7634,0.0,0.00035516,pretrain_full_4gpu_20260926.log,203279,264651,1.7903479999999938
1,2,50840,66163,1.8288,1.8288,0.0,0.00035506,pretrain_full_4gpu_20260926.log,203359,264651,1.7922399999999938
1,2,50860,66163,1.7599,1.7599,0.0,0.00035496,pretrain_full_4gpu_20260926.log,203439,264651,1.7892759999999939
1,2,50880,66163,1.7818,1.7818,0.0,0.00035486,pretrain_full_4gpu_20260926.log,203519,264651,1.7907519999999937
1,2,50900,66163,1.7543,1.7543,0.0,0.00035476,pretrain_full_4gpu_20260926.log,203599,264651,1.7876639999999937
1,2,50920,66163,1.7067,1.7067,0.0,0.00035466,pretrain_full_4gpu_20260926.log,203679,264651,1.7836159999999939
1,2,50940,66163,1.748,1.748,0.0,0.00035456,pretrain_full_4gpu_20260926.log,203759,264651,1.7767279999999936
1,2,50960,66163,1.7578,1.7578,0.0,0.00035446,pretrain_full_4gpu_20260926.log,203839,264651,1.7781559999999939
1,2,50980,66163,1.7718,1.7718,0.0,0.00035436,pretrain_full_4gpu_20260926.log,203919,264651,1.7791199999999938
1,2,51000,66163,1.8635,1.8635,0.0,0.00035426,pretrain_full_4gpu_20260926.log,203999,264651,1.7820919999999938
1,2,51020,66163,1.7336,1.7336,0.0,0.00035416,pretrain_full_4gpu_20260926.log,204079,264651,1.7793359999999938
1,2,51040,66163,1.8732,1.8732,0.0,0.00035406,pretrain_full_4gpu_20260926.log,204159,264651,1.7841799999999939
1,2,51060,66163,1.745,1.745,0.0,0.00035396,pretrain_full_4gpu_20260926.log,204239,264651,1.7784679999999937
1,2,51080,66163,1.7669,1.7669,0.0,0.00035386,pretrain_full_4gpu_20260926.log,204319,264651,1.7782959999999937
1,2,51100,66163,1.7781,1.7781,0.0,0.00035376,pretrain_full_4gpu_20260926.log,204399,264651,1.7749079999999937
1,2,51120,66163,1.787,1.787,0.0,0.00035366,pretrain_full_4gpu_20260926.log,204479,264651,1.774111999999994
1,2,51140,66163,1.7848,1.7848,0.0,0.00035356,pretrain_full_4gpu_20260926.log,204559,264651,1.7731159999999937
1,2,51160,66163,1.8769,1.8769,0.0,0.00035346,pretrain_full_4gpu_20260926.log,204639,264651,1.7776079999999936
1,2,51180,66163,1.761,1.761,0.0,0.00035336,pretrain_full_4gpu_20260926.log,204719,264651,1.7794199999999938
1,2,51200,66163,1.8349,1.8349,0.0,0.00035326,pretrain_full_4gpu_20260926.log,204799,264651,1.7818159999999938
1,2,51220,66163,1.7939,1.7939,0.0,0.00035316,pretrain_full_4gpu_20260926.log,204879,264651,1.781563999999994
1,2,51240,66163,1.8159,1.8159,0.0,0.00035306,pretrain_full_4gpu_20260926.log,204959,264651,1.783543999999994
1,2,51260,66163,1.7561,1.7561,0.0,0.00035296,pretrain_full_4gpu_20260926.log,205039,264651,1.780099999999994
1,2,51280,66163,1.7586,1.7586,0.0,0.00035286,pretrain_full_4gpu_20260926.log,205119,264651,1.780375999999994
1,2,51300,66163,1.87,1.87,0.0,0.00035276,pretrain_full_4gpu_20260926.log,205199,264651,1.7868759999999937
1,2,51320,66163,1.8365,1.8365,0.0,0.00035266,pretrain_full_4gpu_20260926.log,205279,264651,1.7897999999999938
1,2,51340,66163,1.7864,1.7864,0.0,0.00035256,pretrain_full_4gpu_20260926.log,205359,264651,1.788103999999994
1,2,51360,66163,1.881,1.881,0.0,0.00035246,pretrain_full_4gpu_20260926.log,205439,264651,1.7929479999999938
1,2,51380,66163,1.7544,1.7544,0.0,0.00035236,pretrain_full_4gpu_20260926.log,205519,264651,1.7918519999999938
1,2,51400,66163,1.7788,1.7788,0.0,0.00035226,pretrain_full_4gpu_20260926.log,205599,264651,1.7928319999999938
1,2,51420,66163,1.9059,1.9059,0.0,0.00035216,pretrain_full_4gpu_20260926.log,205679,264651,1.800799999999994
1,2,51440,66163,1.7802,1.7802,0.0,0.00035206,pretrain_full_4gpu_20260926.log,205759,264651,1.802087999999994
1,2,51460,66163,1.7382,1.7382,0.0,0.00035196,pretrain_full_4gpu_20260926.log,205839,264651,1.8013039999999938
1,2,51480,66163,1.7189,1.7189,0.0,0.00035185,pretrain_full_4gpu_20260926.log,205919,264651,1.7991879999999938
1,2,51500,66163,1.7585,1.7585,0.0,0.00035175,pretrain_full_4gpu_20260926.log,205999,264651,1.7949879999999936
1,2,51520,66163,1.7434,1.7434,0.0,0.00035165,pretrain_full_4gpu_20260926.log,206079,264651,1.7953799999999935
1,2,51540,66163,1.8209,1.8209,0.0,0.00035155,pretrain_full_4gpu_20260926.log,206159,264651,1.7932879999999938
1,2,51560,66163,1.7584,1.7584,0.0,0.00035145,pretrain_full_4gpu_20260926.log,206239,264651,1.7938239999999939
1,2,51580,66163,1.6992,1.6992,0.0,0.00035135,pretrain_full_4gpu_20260926.log,206319,264651,1.791115999999994
1,2,51600,66163,1.8509,1.8509,0.0,0.00035125,pretrain_full_4gpu_20260926.log,206399,264651,1.794027999999994
1,2,51620,66163,1.7879,1.7879,0.0,0.00035115,pretrain_full_4gpu_20260926.log,206479,264651,1.7940639999999939
1,2,51640,66163,1.8106,1.8106,0.0,0.00035105,pretrain_full_4gpu_20260926.log,206559,264651,1.795095999999994
1,2,51660,66163,1.8264,1.8264,0.0,0.00035095,pretrain_full_4gpu_20260926.log,206639,264651,1.7930759999999941
1,2,51680,66163,1.7658,1.7658,0.0,0.00035085,pretrain_full_4gpu_20260926.log,206719,264651,1.7932679999999939
1,2,51700,66163,1.7908,1.7908,0.0,0.00035075,pretrain_full_4gpu_20260926.log,206799,264651,1.791503999999994
1,2,51720,66163,1.777,1.777,0.0,0.00035065,pretrain_full_4gpu_20260926.log,206879,264651,1.7908279999999939
1,2,51740,66163,1.8154,1.8154,0.0,0.00035055,pretrain_full_4gpu_20260926.log,206959,264651,1.790807999999994
1,2,51760,66163,1.7128,1.7128,0.0,0.00035045,pretrain_full_4gpu_20260926.log,207039,264651,1.7890759999999937
1,2,51780,66163,1.8039,1.8039,0.0,0.00035035,pretrain_full_4gpu_20260926.log,207119,264651,1.7908879999999936
1,2,51800,66163,1.8487,1.8487,0.0,0.00035025,pretrain_full_4gpu_20260926.log,207199,264651,1.7900359999999937
1,2,51820,66163,1.8103,1.8103,0.0,0.00035015,pretrain_full_4gpu_20260926.log,207279,264651,1.7889879999999936
1,2,51840,66163,1.6724,1.6724,0.0,0.00035004,pretrain_full_4gpu_20260926.log,207359,264651,1.784427999999994
1,2,51860,66163,1.7223,1.7223,0.0,0.00034994,pretrain_full_4gpu_20260926.log,207439,264651,1.7780799999999937
1,2,51880,66163,1.8071,1.8071,0.0,0.00034984,pretrain_full_4gpu_20260926.log,207519,264651,1.7801879999999937
1,2,51900,66163,1.7446,1.7446,0.0,0.00034974,pretrain_full_4gpu_20260926.log,207599,264651,1.7788199999999939
1,2,51920,66163,1.7107,1.7107,0.0,0.00034964,pretrain_full_4gpu_20260926.log,207679,264651,1.7710119999999938
1,2,51940,66163,1.7459,1.7459,0.0,0.00034954,pretrain_full_4gpu_20260926.log,207759,264651,1.7696399999999937
1,2,51960,66163,1.8519,1.8519,0.0,0.00034944,pretrain_full_4gpu_20260926.log,207839,264651,1.7741879999999939
1,2,51980,66163,1.793,1.793,0.0,0.00034934,pretrain_full_4gpu_20260926.log,207919,264651,1.7771519999999938
1,2,52000,66163,1.7274,1.7274,0.0,0.00034924,pretrain_full_4gpu_20260926.log,207999,264651,1.775907999999994
1,2,52020,66163,1.7828,1.7828,0.0,0.00034914,pretrain_full_4gpu_20260926.log,208079,264651,1.777483999999994
1,2,52040,66163,1.8531,1.8531,0.0,0.00034904,pretrain_full_4gpu_20260926.log,208159,264651,1.7787719999999938
1,2,52060,66163,1.7661,1.7661,0.0,0.00034894,pretrain_full_4gpu_20260926.log,208239,264651,1.779079999999994
1,2,52080,66163,1.8379,1.8379,0.0,0.00034883,pretrain_full_4gpu_20260926.log,208319,264651,1.7846279999999939
1,2,52100,66163,1.8212,1.8212,0.0,0.00034873,pretrain_full_4gpu_20260926.log,208399,264651,1.7834399999999937
1,2,52120,66163,1.7479,1.7479,0.0,0.00034863,pretrain_full_4gpu_20260926.log,208479,264651,1.7818399999999937
1,2,52140,66163,1.7381,1.7381,0.0,0.00034853,pretrain_full_4gpu_20260926.log,208559,264651,1.7789399999999937
1,2,52160,66163,1.7888,1.7888,0.0,0.00034843,pretrain_full_4gpu_20260926.log,208639,264651,1.7774359999999938
1,2,52180,66163,1.8312,1.8312,0.0,0.00034833,pretrain_full_4gpu_20260926.log,208719,264651,1.780051999999994
1,2,52200,66163,1.6686,1.6686,0.0,0.00034823,pretrain_full_4gpu_20260926.log,208799,264651,1.775163999999994
1,2,52220,66163,1.7702,1.7702,0.0,0.00034813,pretrain_full_4gpu_20260926.log,208879,264651,1.7748919999999941
1,2,52240,66163,1.7322,1.7322,0.0,0.00034803,pretrain_full_4gpu_20260926.log,208959,264651,1.7715639999999941
1,2,52260,66163,1.8382,1.8382,0.0,0.00034793,pretrain_full_4gpu_20260926.log,209039,264651,1.7765799999999943
1,2,52280,66163,1.8404,1.8404,0.0,0.00034782,pretrain_full_4gpu_20260926.log,209119,264651,1.7780399999999943
1,2,52300,66163,1.7514,1.7514,0.0,0.00034772,pretrain_full_4gpu_20260926.log,209199,264651,1.774147999999994
1,2,52320,66163,1.7741,1.7741,0.0,0.00034762,pretrain_full_4gpu_20260926.log,209279,264651,1.7726999999999942
1,2,52340,66163,1.8218,1.8218,0.0,0.00034752,pretrain_full_4gpu_20260926.log,209359,264651,1.7786759999999942
1,2,52360,66163,1.8412,1.8412,0.0,0.00034742,pretrain_full_4gpu_20260926.log,209439,264651,1.7834319999999944
1,2,52380,66163,1.7908,1.7908,0.0,0.00034732,pretrain_full_4gpu_20260926.log,209519,264651,1.7827799999999943
1,2,52400,66163,1.8169,1.8169,0.0,0.00034722,pretrain_full_4gpu_20260926.log,209599,264651,1.7856719999999942
1,2,52420,66163,1.8468,1.8468,0.0,0.00034712,pretrain_full_4gpu_20260926.log,209679,264651,1.7911159999999942
1,2,52440,66163,1.7926,1.7926,0.0,0.00034702,pretrain_full_4gpu_20260926.log,209759,264651,1.7929839999999941
1,2,52460,66163,1.7384,1.7384,0.0,0.00034691,pretrain_full_4gpu_20260926.log,209839,264651,1.7884439999999941
1,2,52480,66163,1.6873,1.6873,0.0,0.00034681,pretrain_full_4gpu_20260926.log,209919,264651,1.7842159999999943
1,2,52500,66163,1.7773,1.7773,0.0,0.00034671,pretrain_full_4gpu_20260926.log,209999,264651,1.786211999999994
1,2,52520,66163,1.8286,1.8286,0.0,0.00034661,pretrain_full_4gpu_20260926.log,210079,264651,1.788043999999994
1,2,52540,66163,1.9255,1.9255,0.0,0.00034651,pretrain_full_4gpu_20260926.log,210159,264651,1.790939999999994
1,2,52560,66163,1.6959,1.6959,0.0,0.00034641,pretrain_full_4gpu_20260926.log,210239,264651,1.788131999999994
1,2,52580,66163,1.7814,1.7814,0.0,0.00034631,pretrain_full_4gpu_20260926.log,210319,264651,1.785871999999994
1,2,52600,66163,1.792,1.792,0.0,0.00034621,pretrain_full_4gpu_20260926.log,210399,264651,1.784703999999994
1,2,52620,66163,1.8421,1.8421,0.0,0.0003461,pretrain_full_4gpu_20260926.log,210479,264651,1.7884719999999943
1,2,52640,66163,1.8552,1.8552,0.0,0.000346,pretrain_full_4gpu_20260926.log,210559,264651,1.793155999999994
1,2,52660,66163,1.8459,1.8459,0.0,0.0003459,pretrain_full_4gpu_20260926.log,210639,264651,1.795439999999994
1,2,52680,66163,1.735,1.735,0.0,0.0003458,pretrain_full_4gpu_20260926.log,210719,264651,1.7915919999999936
1,2,52700,66163,1.701,1.701,0.0,0.0003457,pretrain_full_4gpu_20260926.log,210799,264651,1.7928879999999938
1,2,52720,66163,1.8301,1.8301,0.0,0.0003456,pretrain_full_4gpu_20260926.log,210879,264651,1.7952839999999939
1,2,52740,66163,1.7864,1.7864,0.0,0.0003455,pretrain_full_4gpu_20260926.log,210959,264651,1.7974519999999938
1,2,52760,66163,1.8064,1.8064,0.0,0.00034539,pretrain_full_4gpu_20260926.log,211039,264651,1.7961799999999937
1,2,52780,66163,1.746,1.746,0.0,0.00034529,pretrain_full_4gpu_20260926.log,211119,264651,1.7924039999999937
1,2,52800,66163,1.783,1.783,0.0,0.00034519,pretrain_full_4gpu_20260926.log,211199,264651,1.7936679999999938
1,2,52820,66163,1.7828,1.7828,0.0,0.00034509,pretrain_full_4gpu_20260926.log,211279,264651,1.794015999999994
1,2,52840,66163,1.8555,1.8555,0.0,0.00034499,pretrain_full_4gpu_20260926.log,211359,264651,1.795363999999994
1,2,52860,66163,1.7653,1.7653,0.0,0.00034489,pretrain_full_4gpu_20260926.log,211439,264651,1.792327999999994
1,2,52880,66163,1.8469,1.8469,0.0,0.00034478,pretrain_full_4gpu_20260926.log,211519,264651,1.794571999999994
1,2,52900,66163,1.8109,1.8109,0.0,0.00034468,pretrain_full_4gpu_20260926.log,211599,264651,1.794331999999994
1,2,52920,66163,1.8174,1.8174,0.0,0.00034458,pretrain_full_4gpu_20260926.log,211679,264651,1.793155999999994
1,2,52940,66163,1.7373,1.7373,0.0,0.00034448,pretrain_full_4gpu_20260926.log,211759,264651,1.7909439999999939
1,2,52960,66163,1.7645,1.7645,0.0,0.00034438,pretrain_full_4gpu_20260926.log,211839,264651,1.7919879999999937
1,2,52980,66163,1.7538,1.7538,0.0,0.00034428,pretrain_full_4gpu_20260926.log,211919,264651,1.7946479999999938
1,2,53000,66163,1.7713,1.7713,0.0,0.00034418,pretrain_full_4gpu_20260926.log,211999,264651,1.794407999999994
1,2,53020,66163,1.7727,1.7727,0.0,0.00034407,pretrain_full_4gpu_20260926.log,212079,264651,1.7921719999999939
1,2,53040,66163,1.7419,1.7419,0.0,0.00034397,pretrain_full_4gpu_20260926.log,212159,264651,1.784827999999994
1,2,53060,66163,1.7592,1.7592,0.0,0.00034387,pretrain_full_4gpu_20260926.log,212239,264651,1.7873599999999938
1,2,53080,66163,1.8435,1.8435,0.0,0.00034377,pretrain_full_4gpu_20260926.log,212319,264651,1.789843999999994
1,2,53100,66163,1.757,1.757,0.0,0.00034367,pretrain_full_4gpu_20260926.log,212399,264651,1.788443999999994
1,2,53120,66163,1.7457,1.7457,0.0,0.00034356,pretrain_full_4gpu_20260926.log,212479,264651,1.7845879999999936
1,2,53140,66163,1.7802,1.7802,0.0,0.00034346,pretrain_full_4gpu_20260926.log,212559,264651,1.7815879999999935
1,2,53160,66163,1.6861,1.6861,0.0,0.00034336,pretrain_full_4gpu_20260926.log,212639,264651,1.7751959999999938
1,2,53180,66163,1.7249,1.7249,0.0,0.00034326,pretrain_full_4gpu_20260926.log,212719,264651,1.7747919999999937
1,2,53200,66163,1.7252,1.7252,0.0,0.00034316,pretrain_full_4gpu_20260926.log,212799,264651,1.7757599999999938
1,2,53220,66163,1.7629,1.7629,0.0,0.00034306,pretrain_full_4gpu_20260926.log,212879,264651,1.7730719999999938
1,2,53240,66163,1.7895,1.7895,0.0,0.00034295,pretrain_full_4gpu_20260926.log,212959,264651,1.7731959999999936
1,2,53260,66163,1.7701,1.7701,0.0,0.00034285,pretrain_full_4gpu_20260926.log,213039,264651,1.7717439999999938
1,2,53280,66163,1.8341,1.8341,0.0,0.00034275,pretrain_full_4gpu_20260926.log,213119,264651,1.7752679999999936
1,2,53300,66163,1.8106,1.8106,0.0,0.00034265,pretrain_full_4gpu_20260926.log,213199,264651,1.7763719999999936
1,2,53320,66163,1.7443,1.7443,0.0,0.00034255,pretrain_full_4gpu_20260926.log,213279,264651,1.7748319999999935
1,2,53340,66163,1.8143,1.8143,0.0,0.00034244,pretrain_full_4gpu_20260926.log,213359,264651,1.7731839999999937
1,2,53360,66163,1.8403,1.8403,0.0,0.00034234,pretrain_full_4gpu_20260926.log,213439,264651,1.7761839999999935
1,2,53380,66163,1.7737,1.7737,0.0,0.00034224,pretrain_full_4gpu_20260926.log,213519,264651,1.7732559999999935
1,2,53400,66163,1.8478,1.8478,0.0,0.00034214,pretrain_full_4gpu_20260926.log,213599,264651,1.7747319999999938
1,2,53420,66163,1.8514,1.8514,0.0,0.00034204,pretrain_full_4gpu_20260926.log,213679,264651,1.7760919999999936
1,2,53440,66163,1.7113,1.7113,0.0,0.00034193,pretrain_full_4gpu_20260926.log,213759,264651,1.7750519999999939
1,2,53460,66163,1.7341,1.7341,0.0,0.00034183,pretrain_full_4gpu_20260926.log,213839,264651,1.7738359999999938
1,2,53480,66163,1.8365,1.8365,0.0,0.00034173,pretrain_full_4gpu_20260926.log,213919,264651,1.7771439999999938
1,2,53500,66163,1.8535,1.8535,0.0,0.00034163,pretrain_full_4gpu_20260926.log,213999,264651,1.7804319999999938
1,2,53520,66163,1.8156,1.8156,0.0,0.00034153,pretrain_full_4gpu_20260926.log,214079,264651,1.782147999999994
1,2,53540,66163,1.803,1.803,0.0,0.00034142,pretrain_full_4gpu_20260926.log,214159,264651,1.7845919999999937
1,2,53560,66163,1.8458,1.8458,0.0,0.00034132,pretrain_full_4gpu_20260926.log,214239,264651,1.7880559999999937
1,2,53580,66163,1.8164,1.8164,0.0,0.00034122,pretrain_full_4gpu_20260926.log,214319,264651,1.7869719999999938
1,2,53600,66163,1.8495,1.8495,0.0,0.00034112,pretrain_full_4gpu_20260926.log,214399,264651,1.7906719999999938
1,2,53620,66163,1.6965,1.6965,0.0,0.00034102,pretrain_full_4gpu_20260926.log,214479,264651,1.7887039999999939
1,2,53640,66163,1.8422,1.8422,0.0,0.00034091,pretrain_full_4gpu_20260926.log,214559,264651,1.791183999999994
1,2,53660,66163,1.7939,1.7939,0.0,0.00034081,pretrain_full_4gpu_20260926.log,214639,264651,1.7954959999999938
1,2,53680,66163,1.8014,1.8014,0.0,0.00034071,pretrain_full_4gpu_20260926.log,214719,264651,1.7985559999999938
1,2,53700,66163,1.8522,1.8522,0.0,0.00034061,pretrain_full_4gpu_20260926.log,214799,264651,1.803635999999994
1,2,53720,66163,1.7773,1.7773,0.0,0.00034051,pretrain_full_4gpu_20260926.log,214879,264651,1.8042119999999937
1,2,53740,66163,1.6804,1.6804,0.0,0.0003404,pretrain_full_4gpu_20260926.log,214959,264651,1.799847999999994
1,2,53760,66163,1.789,1.789,0.0,0.0003403,pretrain_full_4gpu_20260926.log,215039,264651,1.8006039999999939
1,2,53780,66163,1.7425,1.7425,0.0,0.0003402,pretrain_full_4gpu_20260926.log,215119,264651,1.796939999999994
1,2,53800,66163,1.7768,1.7768,0.0,0.0003401,pretrain_full_4gpu_20260926.log,215199,264651,1.795587999999994
1,2,53820,66163,1.7417,1.7417,0.0,0.00033999,pretrain_full_4gpu_20260926.log,215279,264651,1.7954839999999939
1,2,53840,66163,1.7796,1.7796,0.0,0.00033989,pretrain_full_4gpu_20260926.log,215359,264651,1.794095999999994
1,2,53860,66163,1.8288,1.8288,0.0,0.00033979,pretrain_full_4gpu_20260926.log,215439,264651,1.793635999999994
1,2,53880,66163,1.7385,1.7385,0.0,0.00033969,pretrain_full_4gpu_20260926.log,215519,264651,1.7922279999999942
1,2,53900,66163,1.7875,1.7875,0.0,0.00033958,pretrain_full_4gpu_20260926.log,215599,264651,1.789815999999994
1,2,53920,66163,1.6867,1.6867,0.0,0.00033948,pretrain_full_4gpu_20260926.log,215679,264651,1.7832279999999943
1,2,53940,66163,1.7252,1.7252,0.0,0.00033938,pretrain_full_4gpu_20260926.log,215759,264651,1.7837839999999943
1,2,53960,66163,1.7014,1.7014,0.0,0.00033928,pretrain_full_4gpu_20260926.log,215839,264651,1.7824759999999944
1,2,53980,66163,1.6752,1.6752,0.0,0.00033918,pretrain_full_4gpu_20260926.log,215919,264651,1.7760239999999943
1,2,54000,66163,1.8452,1.8452,0.0,0.00033907,pretrain_full_4gpu_20260926.log,215999,264651,1.7756919999999943
1,2,54020,66163,1.7896,1.7896,0.0,0.00033897,pretrain_full_4gpu_20260926.log,216079,264651,1.7746519999999941
1,2,54040,66163,1.8069,1.8069,0.0,0.00033887,pretrain_full_4gpu_20260926.log,216159,264651,1.7748079999999942
1,2,54060,66163,1.7597,1.7597,0.0,0.00033877,pretrain_full_4gpu_20260926.log,216239,264651,1.7713639999999944
1,2,54080,66163,1.7844,1.7844,0.0,0.00033866,pretrain_full_4gpu_20260926.log,216319,264651,1.7700839999999942
1,2,54100,66163,1.8534,1.8534,0.0,0.00033856,pretrain_full_4gpu_20260926.log,216399,264651,1.7702399999999943
1,2,54120,66163,1.7592,1.7592,0.0,0.00033846,pretrain_full_4gpu_20260926.log,216479,264651,1.7727479999999942
1,2,54140,66163,1.7965,1.7965,0.0,0.00033836,pretrain_full_4gpu_20260926.log,216559,264651,1.7709199999999945
1,2,54160,66163,1.8155,1.8155,0.0,0.00033825,pretrain_full_4gpu_20260926.log,216639,264651,1.7717839999999945
1,2,54180,66163,1.7367,1.7367,0.0,0.00033815,pretrain_full_4gpu_20260926.log,216719,264651,1.7691959999999944
1,2,54200,66163,1.7517,1.7517,0.0,0.00033805,pretrain_full_4gpu_20260926.log,216799,264651,1.765175999999994
1,2,54220,66163,1.718,1.718,0.0,0.00033795,pretrain_full_4gpu_20260926.log,216879,264651,1.7628039999999943
1,2,54240,66163,1.7249,1.7249,0.0,0.00033784,pretrain_full_4gpu_20260926.log,216959,264651,1.7645839999999942
1,2,54260,66163,1.7636,1.7636,0.0,0.00033774,pretrain_full_4gpu_20260926.log,217039,264651,1.763567999999994
1,2,54280,66163,1.7603,1.7603,0.0,0.00033764,pretrain_full_4gpu_20260926.log,217119,264651,1.764279999999994
1,2,54300,66163,1.7032,1.7032,0.0,0.00033754,pretrain_full_4gpu_20260926.log,217199,264651,1.761335999999994
1,2,54320,66163,1.7952,1.7952,0.0,0.00033743,pretrain_full_4gpu_20260926.log,217279,264651,1.763475999999994
1,2,54340,66163,1.8547,1.8547,0.0,0.00033733,pretrain_full_4gpu_20260926.log,217359,264651,1.766479999999994
1,2,54360,66163,1.7668,1.7668,0.0,0.00033723,pretrain_full_4gpu_20260926.log,217439,264651,1.763999999999994
1,2,54380,66163,1.7734,1.7734,0.0,0.00033712,pretrain_full_4gpu_20260926.log,217519,264651,1.7653959999999942
1,2,54400,66163,1.8042,1.8042,0.0,0.00033702,pretrain_full_4gpu_20260926.log,217599,264651,1.766063999999994
1,2,54420,66163,1.8041,1.8041,0.0,0.00033692,pretrain_full_4gpu_20260926.log,217679,264651,1.770759999999994
1,2,54440,66163,1.843,1.843,0.0,0.00033682,pretrain_full_4gpu_20260926.log,217759,264651,1.7754719999999942
1,2,54460,66163,1.7477,1.7477,0.0,0.00033671,pretrain_full_4gpu_20260926.log,217839,264651,1.7773239999999941
1,2,54480,66163,1.8161,1.8161,0.0,0.00033661,pretrain_full_4gpu_20260926.log,217919,264651,1.7829599999999943
1,2,54500,66163,1.7378,1.7378,0.0,0.00033651,pretrain_full_4gpu_20260926.log,217999,264651,1.7786639999999942
1,2,54520,66163,1.7862,1.7862,0.0,0.00033641,pretrain_full_4gpu_20260926.log,218079,264651,1.7785279999999943
1,2,54540,66163,1.7324,1.7324,0.0,0.0003363,pretrain_full_4gpu_20260926.log,218159,264651,1.7755479999999944
1,2,54560,66163,1.79,1.79,0.0,0.0003362,pretrain_full_4gpu_20260926.log,218239,264651,1.7767599999999941
1,2,54580,66163,1.8371,1.8371,0.0,0.0003361,pretrain_full_4gpu_20260926.log,218319,264651,1.7788679999999943
1,2,54600,66163,1.7684,1.7684,0.0,0.00033599,pretrain_full_4gpu_20260926.log,218399,264651,1.7754679999999943
1,2,54620,66163,1.7303,1.7303,0.0,0.00033589,pretrain_full_4gpu_20260926.log,218479,264651,1.7743119999999941
1,2,54640,66163,1.7076,1.7076,0.0,0.00033579,pretrain_full_4gpu_20260926.log,218559,264651,1.7707559999999942
1,2,54660,66163,1.8305,1.8305,0.0,0.00033569,pretrain_full_4gpu_20260926.log,218639,264651,1.7713559999999942
1,2,54680,66163,1.8309,1.8309,0.0,0.00033558,pretrain_full_4gpu_20260926.log,218719,264651,1.7751239999999942
1,2,54700,66163,1.7556,1.7556,0.0,0.00033548,pretrain_full_4gpu_20260926.log,218799,264651,1.7752799999999942
1,2,54720,66163,1.7723,1.7723,0.0,0.00033538,pretrain_full_4gpu_20260926.log,218879,264651,1.7774519999999945
1,2,54740,66163,1.8483,1.8483,0.0,0.00033527,pretrain_full_4gpu_20260926.log,218959,264651,1.7823879999999945
1,2,54760,66163,1.7634,1.7634,0.0,0.00033517,pretrain_full_4gpu_20260926.log,219039,264651,1.7823799999999945
1,2,54780,66163,1.6946,1.6946,0.0,0.00033507,pretrain_full_4gpu_20260926.log,219119,264651,1.7797519999999947
1,2,54800,66163,1.7494,1.7494,0.0,0.00033497,pretrain_full_4gpu_20260926.log,219199,264651,1.7815999999999945
1,2,54820,66163,1.7339,1.7339,0.0,0.00033486,pretrain_full_4gpu_20260926.log,219279,264651,1.7791479999999944
1,2,54840,66163,1.7676,1.7676,0.0,0.00033476,pretrain_full_4gpu_20260926.log,219359,264651,1.7756639999999946
1,2,54860,66163,1.8207,1.8207,0.0,0.00033466,pretrain_full_4gpu_20260926.log,219439,264651,1.7778199999999946
1,2,54880,66163,1.7964,1.7964,0.0,0.00033455,pretrain_full_4gpu_20260926.log,219519,264651,1.7787399999999947
1,2,54900,66163,1.7903,1.7903,0.0,0.00033445,pretrain_full_4gpu_20260926.log,219599,264651,1.7781839999999947
1,2,54920,66163,1.7459,1.7459,0.0,0.00033435,pretrain_full_4gpu_20260926.log,219679,264651,1.7758559999999946
1,2,54940,66163,1.8059,1.8059,0.0,0.00033424,pretrain_full_4gpu_20260926.log,219759,264651,1.7743719999999945
1,2,54960,66163,1.8348,1.8348,0.0,0.00033414,pretrain_full_4gpu_20260926.log,219839,264651,1.7778559999999946
1,2,54980,66163,1.7971,1.7971,0.0,0.00033404,pretrain_full_4gpu_20260926.log,219919,264651,1.7770959999999945
1,2,55000,66163,1.7361,1.7361,0.0,0.00033393,pretrain_full_4gpu_20260926.log,219999,264651,1.7770279999999945
1,2,55020,66163,1.8245,1.8245,0.0,0.00033383,pretrain_full_4gpu_20260926.log,220079,264651,1.7785599999999946
1,2,55040,66163,1.7553,1.7553,0.0,0.00033373,pretrain_full_4gpu_20260926.log,220159,264651,1.7794759999999945
1,2,55060,66163,1.8256,1.8256,0.0,0.00033363,pretrain_full_4gpu_20260926.log,220239,264651,1.7808999999999946
1,2,55080,66163,1.8294,1.8294,0.0,0.00033352,pretrain_full_4gpu_20260926.log,220319,264651,1.7805919999999946
1,2,55100,66163,1.8277,1.8277,0.0,0.00033342,pretrain_full_4gpu_20260926.log,220399,264651,1.7829639999999947
1,2,55120,66163,1.7819,1.7819,0.0,0.00033332,pretrain_full_4gpu_20260926.log,220479,264651,1.7850279999999947
1,2,55140,66163,1.8694,1.8694,0.0,0.00033321,pretrain_full_4gpu_20260926.log,220559,264651,1.7914999999999948
1,2,55160,66163,1.8161,1.8161,0.0,0.00033311,pretrain_full_4gpu_20260926.log,220639,264651,1.7909239999999946
1,2,55180,66163,1.7465,1.7465,0.0,0.00033301,pretrain_full_4gpu_20260926.log,220719,264651,1.7875479999999946
1,2,55200,66163,1.7405,1.7405,0.0,0.0003329,pretrain_full_4gpu_20260926.log,220799,264651,1.7869439999999943
1,2,55220,66163,1.7624,1.7624,0.0,0.0003328,pretrain_full_4gpu_20260926.log,220879,264651,1.7865479999999943
1,2,55240,66163,1.8004,1.8004,0.0,0.0003327,pretrain_full_4gpu_20260926.log,220959,264651,1.7846319999999942
1,2,55260,66163,1.7958,1.7958,0.0,0.00033259,pretrain_full_4gpu_20260926.log,221039,264651,1.7859279999999944
1,2,55280,66163,1.7255,1.7255,0.0,0.00033249,pretrain_full_4gpu_20260926.log,221119,264651,1.7871639999999942
1,2,55300,66163,1.834,1.834,0.0,0.00033239,pretrain_full_4gpu_20260926.log,221199,264651,1.7905479999999943
1,2,55320,66163,1.7756,1.7756,0.0,0.00033228,pretrain_full_4gpu_20260926.log,221279,264651,1.7922159999999943
1,2,55340,66163,1.824,1.824,0.0,0.00033218,pretrain_full_4gpu_20260926.log,221359,264651,1.794471999999994
1,2,55360,66163,1.7969,1.7969,0.0,0.00033208,pretrain_full_4gpu_20260926.log,221439,264651,1.793519999999994
1,2,55380,66163,1.7797,1.7797,0.0,0.00033197,pretrain_full_4gpu_20260926.log,221519,264651,1.7928519999999941
1,2,55400,66163,1.7697,1.7697,0.0,0.00033187,pretrain_full_4gpu_20260926.log,221599,264651,1.792027999999994
1,2,55420,66163,1.8331,1.8331,0.0,0.00033177,pretrain_full_4gpu_20260926.log,221679,264651,1.7955159999999941
1,2,55440,66163,1.7463,1.7463,0.0,0.00033166,pretrain_full_4gpu_20260926.log,221759,264651,1.793131999999994
1,2,55460,66163,1.7719,1.7719,0.0,0.00033156,pretrain_full_4gpu_20260926.log,221839,264651,1.790615999999994
1,2,55480,66163,1.791,1.791,0.0,0.00033146,pretrain_full_4gpu_20260926.log,221919,264651,1.7903719999999939
1,2,55500,66163,1.7725,1.7725,0.0,0.00033135,pretrain_full_4gpu_20260926.log,221999,264651,1.791827999999994
1,2,55520,66163,1.7655,1.7655,0.0,0.00033125,pretrain_full_4gpu_20260926.log,222079,264651,1.789467999999994
1,2,55540,66163,1.7961,1.7961,0.0,0.00033115,pretrain_full_4gpu_20260926.log,222159,264651,1.7910999999999941
1,2,55560,66163,1.8307,1.8307,0.0,0.00033104,pretrain_full_4gpu_20260926.log,222239,264651,1.791303999999994
1,2,55580,66163,1.7,1.7,0.0,0.00033094,pretrain_full_4gpu_20260926.log,222319,264651,1.7861279999999942
1,2,55600,66163,1.7401,1.7401,0.0,0.00033084,pretrain_full_4gpu_20260926.log,222399,264651,1.7826239999999942
1,2,55620,66163,1.7621,1.7621,0.0,0.00033073,pretrain_full_4gpu_20260926.log,222479,264651,1.781831999999994
1,2,55640,66163,1.7916,1.7916,0.0,0.00033063,pretrain_full_4gpu_20260926.log,222559,264651,1.778719999999994
1,2,55660,66163,1.8222,1.8222,0.0,0.00033053,pretrain_full_4gpu_20260926.log,222639,264651,1.7789639999999942
1,2,55680,66163,1.8138,1.8138,0.0,0.00033042,pretrain_full_4gpu_20260926.log,222719,264651,1.7816559999999944
1,2,55700,66163,1.8186,1.8186,0.0,0.00033032,pretrain_full_4gpu_20260926.log,222799,264651,1.7847799999999945
1,2,55720,66163,1.8071,1.8071,0.0,0.00033021,pretrain_full_4gpu_20260926.log,222879,264651,1.7865679999999944
1,2,55740,66163,1.8967,1.8967,0.0,0.00033011,pretrain_full_4gpu_20260926.log,222959,264651,1.7904199999999943
1,2,55760,66163,1.8752,1.8752,0.0,0.00033001,pretrain_full_4gpu_20260926.log,223039,264651,1.7935959999999944
1,2,55780,66163,1.7914,1.7914,0.0,0.0003299,pretrain_full_4gpu_20260926.log,223119,264651,1.7962319999999945
1,2,55800,66163,1.8163,1.8163,0.0,0.0003298,pretrain_full_4gpu_20260926.log,223199,264651,1.7955239999999943
1,2,55820,66163,1.712,1.712,0.0,0.0003297,pretrain_full_4gpu_20260926.log,223279,264651,1.7929799999999947
1,2,55840,66163,1.8083,1.8083,0.0,0.00032959,pretrain_full_4gpu_20260926.log,223359,264651,1.7923519999999948
1,2,55860,66163,1.7642,1.7642,0.0,0.00032949,pretrain_full_4gpu_20260926.log,223439,264651,1.791043999999995
1,2,55880,66163,1.7273,1.7273,0.0,0.00032939,pretrain_full_4gpu_20260926.log,223519,264651,1.7889479999999949
1,2,55900,66163,1.779,1.779,0.0,0.00032928,pretrain_full_4gpu_20260926.log,223599,264651,1.7893199999999951
1,2,55920,66163,1.7692,1.7692,0.0,0.00032918,pretrain_full_4gpu_20260926.log,223679,264651,1.786763999999995
1,2,55940,66163,1.7818,1.7818,0.0,0.00032907,pretrain_full_4gpu_20260926.log,223759,264651,1.7881839999999949
1,2,55960,66163,1.6611,1.6611,0.0,0.00032897,pretrain_full_4gpu_20260926.log,223839,264651,1.7837519999999947
1,2,55980,66163,1.7542,1.7542,0.0,0.00032887,pretrain_full_4gpu_20260926.log,223919,264651,1.7822799999999948
1,2,56000,66163,1.7894,1.7894,0.0,0.00032876,pretrain_full_4gpu_20260926.log,223999,264651,1.7829559999999947
1,2,56020,66163,1.7852,1.7852,0.0,0.00032866,pretrain_full_4gpu_20260926.log,224079,264651,1.7837439999999947
1,2,56040,66163,1.8241,1.8241,0.0,0.00032856,pretrain_full_4gpu_20260926.log,224159,264651,1.7848639999999947
1,2,56060,66163,1.8115,1.8115,0.0,0.00032845,pretrain_full_4gpu_20260926.log,224239,264651,1.7840959999999948
1,2,56080,66163,1.72,1.72,0.0,0.00032835,pretrain_full_4gpu_20260926.log,224319,264651,1.7848959999999945
1,2,56100,66163,1.7267,1.7267,0.0,0.00032824,pretrain_full_4gpu_20260926.log,224399,264651,1.7843599999999946
1,2,56120,66163,1.785,1.785,0.0,0.00032814,pretrain_full_4gpu_20260926.log,224479,264651,1.7852759999999948
1,2,56140,66163,1.8294,1.8294,0.0,0.00032804,pretrain_full_4gpu_20260926.log,224559,264651,1.7867879999999945
1,2,56160,66163,1.7901,1.7901,0.0,0.00032793,pretrain_full_4gpu_20260926.log,224639,264651,1.7855039999999947
1,2,56180,66163,1.8201,1.8201,0.0,0.00032783,pretrain_full_4gpu_20260926.log,224719,264651,1.7857559999999943
1,2,56200,66163,1.7513,1.7513,0.0,0.00032773,pretrain_full_4gpu_20260926.log,224799,264651,1.7830639999999942
1,2,56220,66163,1.7346,1.7346,0.0,0.00032762,pretrain_full_4gpu_20260926.log,224879,264651,1.7801639999999943
1,2,56240,66163,1.7279,1.7279,0.0,0.00032752,pretrain_full_4gpu_20260926.log,224959,264651,1.7734119999999942
1,2,56260,66163,1.9418,1.9418,0.0,0.00032741,pretrain_full_4gpu_20260926.log,225039,264651,1.7760759999999942
1,2,56280,66163,1.8238,1.8238,0.0,0.00032731,pretrain_full_4gpu_20260926.log,225119,264651,1.777371999999994
1,2,56300,66163,1.8362,1.8362,0.0,0.00032721,pretrain_full_4gpu_20260926.log,225199,264651,1.778167999999994
1,2,56320,66163,1.7941,1.7941,0.0,0.0003271,pretrain_full_4gpu_20260926.log,225279,264651,1.7814519999999938
1,2,56340,66163,1.718,1.718,0.0,0.000327,pretrain_full_4gpu_20260926.log,225359,264651,1.7778399999999936
1,2,56360,66163,1.6995,1.6995,0.0,0.00032689,pretrain_full_4gpu_20260926.log,225439,264651,1.7752519999999936
1,2,56380,66163,1.7905,1.7905,0.0,0.00032679,pretrain_full_4gpu_20260926.log,225519,264651,1.7777799999999937
1,2,56400,66163,1.7624,1.7624,0.0,0.00032669,pretrain_full_4gpu_20260926.log,225599,264651,1.7771159999999935
1,2,56420,66163,1.6755,1.6755,0.0,0.00032658,pretrain_full_4gpu_20260926.log,225679,264651,1.7733679999999936
1,2,56440,66163,1.7153,1.7153,0.0,0.00032648,pretrain_full_4gpu_20260926.log,225759,264651,1.7707079999999937
1,2,56460,66163,1.7634,1.7634,0.0,0.00032637,pretrain_full_4gpu_20260926.log,225839,264651,1.7747999999999937
1,2,56480,66163,1.8237,1.8237,0.0,0.00032627,pretrain_full_4gpu_20260926.log,225919,264651,1.777579999999994
1,2,56500,66163,1.8112,1.8112,0.0,0.00032617,pretrain_full_4gpu_20260926.log,225999,264651,1.7784519999999937
1,2,56520,66163,1.7917,1.7917,0.0,0.00032606,pretrain_full_4gpu_20260926.log,226079,264651,1.7787119999999936
1,2,56540,66163,1.7828,1.7828,0.0,0.00032596,pretrain_full_4gpu_20260926.log,226159,264651,1.7770599999999936
1,2,56560,66163,1.7318,1.7318,0.0,0.00032585,pretrain_full_4gpu_20260926.log,226239,264651,1.7738719999999935
1,2,56580,66163,1.7322,1.7322,0.0,0.00032575,pretrain_full_4gpu_20260926.log,226319,264651,1.7743599999999935
1,2,56600,66163,1.6907,1.6907,0.0,0.00032565,pretrain_full_4gpu_20260926.log,226399,264651,1.7729199999999934
1,2,56620,66163,1.7938,1.7938,0.0,0.00032554,pretrain_full_4gpu_20260926.log,226479,264651,1.7732719999999935
1,2,56640,66163,1.8764,1.8764,0.0,0.00032544,pretrain_full_4gpu_20260926.log,226559,264651,1.7751519999999934
1,2,56660,66163,1.8263,1.8263,0.0,0.00032533,pretrain_full_4gpu_20260926.log,226639,264651,1.7765999999999935
1,2,56680,66163,1.7294,1.7294,0.0,0.00032523,pretrain_full_4gpu_20260926.log,226719,264651,1.7729719999999936
1,2,56700,66163,1.8316,1.8316,0.0,0.00032513,pretrain_full_4gpu_20260926.log,226799,264651,1.7761839999999935
1,2,56720,66163,1.8166,1.8166,0.0,0.00032502,pretrain_full_4gpu_20260926.log,226879,264651,1.7794639999999935
1,2,56740,66163,1.8079,1.8079,0.0,0.00032492,pretrain_full_4gpu_20260926.log,226959,264651,1.7826639999999938
1,2,56760,66163,1.8336,1.8336,0.0,0.00032481,pretrain_full_4gpu_20260926.log,227039,264651,1.7783359999999937
1,2,56780,66163,1.896,1.896,0.0,0.00032471,pretrain_full_4gpu_20260926.log,227119,264651,1.7812239999999937
1,2,56800,66163,1.7221,1.7221,0.0,0.0003246,pretrain_full_4gpu_20260926.log,227199,264651,1.7766599999999937
1,2,56820,66163,1.7977,1.7977,0.0,0.0003245,pretrain_full_4gpu_20260926.log,227279,264651,1.7768039999999936
1,2,56840,66163,1.7839,1.7839,0.0,0.0003244,pretrain_full_4gpu_20260926.log,227359,264651,1.779439999999994
1,2,56860,66163,1.7736,1.7736,0.0,0.00032429,pretrain_full_4gpu_20260926.log,227439,264651,1.7824039999999939
1,2,56880,66163,1.7776,1.7776,0.0,0.00032419,pretrain_full_4gpu_20260926.log,227519,264651,1.781887999999994
1,2,56900,66163,1.7022,1.7022,0.0,0.00032408,pretrain_full_4gpu_20260926.log,227599,264651,1.7794799999999937
1,2,56920,66163,1.6801,1.6801,0.0,0.00032398,pretrain_full_4gpu_20260926.log,227679,264651,1.779663999999994
1,2,56940,66163,1.7082,1.7082,0.0,0.00032387,pretrain_full_4gpu_20260926.log,227759,264651,1.779379999999994
1,2,56960,66163,1.7448,1.7448,0.0,0.00032377,pretrain_full_4gpu_20260926.log,227839,264651,1.7786359999999939
1,2,56980,66163,1.7156,1.7156,0.0,0.00032367,pretrain_full_4gpu_20260926.log,227919,264651,1.774311999999994
1,2,57000,66163,1.7588,1.7588,0.0,0.00032356,pretrain_full_4gpu_20260926.log,227999,264651,1.772215999999994
1,2,57020,66163,1.7232,1.7232,0.0,0.00032346,pretrain_full_4gpu_20260926.log,228079,264651,1.769475999999994
1,2,57040,66163,1.8204,1.8204,0.0,0.00032335,pretrain_full_4gpu_20260926.log,228159,264651,1.7709799999999938
1,2,57060,66163,1.7619,1.7619,0.0,0.00032325,pretrain_full_4gpu_20260926.log,228239,264651,1.7721839999999938
1,2,57080,66163,1.7745,1.7745,0.0,0.00032314,pretrain_full_4gpu_20260926.log,228319,264651,1.773875999999994
1,2,57100,66163,1.7461,1.7461,0.0,0.00032304,pretrain_full_4gpu_20260926.log,228399,264651,1.776091999999994
1,2,57120,66163,1.8254,1.8254,0.0,0.00032294,pretrain_full_4gpu_20260926.log,228479,264651,1.7773559999999942
1,2,57140,66163,1.8159,1.8159,0.0,0.00032283,pretrain_full_4gpu_20260926.log,228559,264651,1.774935999999994
1,2,57160,66163,1.8048,1.8048,0.0,0.00032273,pretrain_full_4gpu_20260926.log,228639,264651,1.774075999999994
1,2,57180,66163,1.8157,1.8157,0.0,0.00032262,pretrain_full_4gpu_20260926.log,228719,264651,1.777527999999994
1,2,57200,66163,1.6718,1.6718,0.0,0.00032252,pretrain_full_4gpu_20260926.log,228799,264651,1.771135999999994
1,2,57220,66163,1.7413,1.7413,0.0,0.00032241,pretrain_full_4gpu_20260926.log,228879,264651,1.768123999999994
1,2,57240,66163,1.7711,1.7711,0.0,0.00032231,pretrain_full_4gpu_20260926.log,228959,264651,1.7666519999999941
1,2,57260,66163,1.8277,1.8277,0.0,0.0003222,pretrain_full_4gpu_20260926.log,229039,264651,1.7664159999999942
1,2,57280,66163,1.7327,1.7327,0.0,0.0003221,pretrain_full_4gpu_20260926.log,229119,264651,1.7598839999999942
1,2,57300,66163,1.7389,1.7389,0.0,0.000322,pretrain_full_4gpu_20260926.log,229199,264651,1.7605559999999942
1,2,57320,66163,1.8234,1.8234,0.0,0.00032189,pretrain_full_4gpu_20260926.log,229279,264651,1.7615839999999943
1,2,57340,66163,1.8587,1.8587,0.0,0.00032179,pretrain_full_4gpu_20260926.log,229359,264651,1.7645759999999941
1,2,57360,66163,1.8929,1.8929,0.0,0.00032168,pretrain_full_4gpu_20260926.log,229439,264651,1.769347999999994
1,2,57380,66163,1.7957,1.7957,0.0,0.00032158,pretrain_full_4gpu_20260926.log,229519,264651,1.770071999999994
1,2,57400,66163,1.8552,1.8552,0.0,0.00032147,pretrain_full_4gpu_20260926.log,229599,264651,1.7761919999999944
1,2,57420,66163,1.7852,1.7852,0.0,0.00032137,pretrain_full_4gpu_20260926.log,229679,264651,1.7803959999999943
1,2,57440,66163,1.8085,1.8085,0.0,0.00032126,pretrain_full_4gpu_20260926.log,229759,264651,1.7844079999999947
1,2,57460,66163,1.7368,1.7368,0.0,0.00032116,pretrain_full_4gpu_20260926.log,229839,264651,1.7840879999999948
1,2,57480,66163,1.789,1.789,0.0,0.00032105,pretrain_full_4gpu_20260926.log,229919,264651,1.7870239999999946
1,2,57500,66163,1.6982,1.6982,0.0,0.00032095,pretrain_full_4gpu_20260926.log,229999,264651,1.7845999999999946
1,2,57520,66163,1.7631,1.7631,0.0,0.00032085,pretrain_full_4gpu_20260926.log,230079,264651,1.7861959999999948
1,2,57540,66163,1.7728,1.7728,0.0,0.00032074,pretrain_full_4gpu_20260926.log,230159,264651,1.7842919999999947
1,2,57560,66163,1.7887,1.7887,0.0,0.00032064,pretrain_full_4gpu_20260926.log,230239,264651,1.7853639999999948
1,2,57580,66163,1.7951,1.7951,0.0,0.00032053,pretrain_full_4gpu_20260926.log,230319,264651,1.7861879999999946
1,2,57600,66163,1.7573,1.7573,0.0,0.00032043,pretrain_full_4gpu_20260926.log,230399,264651,1.7866359999999946
1,2,57620,66163,1.7479,1.7479,0.0,0.00032032,pretrain_full_4gpu_20260926.log,230479,264651,1.7835359999999947
1,2,57640,66163,1.7993,1.7993,0.0,0.00032022,pretrain_full_4gpu_20260926.log,230559,264651,1.7828719999999947
1,2,57660,66163,1.7213,1.7213,0.0,0.00032011,pretrain_full_4gpu_20260926.log,230639,264651,1.7795319999999948
1,2,57680,66163,1.7119,1.7119,0.0,0.00032001,pretrain_full_4gpu_20260926.log,230719,264651,1.7753799999999946
1,2,57700,66163,1.6279,1.6279,0.0,0.0003199,pretrain_full_4gpu_20260926.log,230799,264651,1.7736239999999948
1,2,57720,66163,1.8191,1.8191,0.0,0.0003198,pretrain_full_4gpu_20260926.log,230879,264651,1.7767359999999945
1,2,57740,66163,1.7146,1.7146,0.0,0.00031969,pretrain_full_4gpu_20260926.log,230959,264651,1.7744759999999946
1,2,57760,66163,1.7714,1.7714,0.0,0.00031959,pretrain_full_4gpu_20260926.log,231039,264651,1.7722239999999945
1,2,57780,66163,1.7967,1.7967,0.0,0.00031949,pretrain_full_4gpu_20260926.log,231119,264651,1.7747839999999946
1,2,57800,66163,1.6525,1.6525,0.0,0.00031938,pretrain_full_4gpu_20260926.log,231199,264651,1.7713279999999947
1,2,57820,66163,1.7755,1.7755,0.0,0.00031928,pretrain_full_4gpu_20260926.log,231279,264651,1.7694119999999947
1,2,57840,66163,1.7784,1.7784,0.0,0.00031917,pretrain_full_4gpu_20260926.log,231359,264651,1.7661999999999947
1,2,57860,66163,1.7515,1.7515,0.0,0.00031907,pretrain_full_4gpu_20260926.log,231439,264651,1.7605439999999948
1,2,57880,66163,1.8404,1.8404,0.0,0.00031896,pretrain_full_4gpu_20260926.log,231519,264651,1.762331999999995
1,2,57900,66163,1.745,1.745,0.0,0.00031886,pretrain_full_4gpu_20260926.log,231599,264651,1.7579239999999947
1,2,57920,66163,1.744,1.744,0.0,0.00031875,pretrain_full_4gpu_20260926.log,231679,264651,1.7562759999999946
1,2,57940,66163,1.7835,1.7835,0.0,0.00031865,pretrain_full_4gpu_20260926.log,231759,264651,1.7552759999999947
1,2,57960,66163,1.7216,1.7216,0.0,0.00031854,pretrain_full_4gpu_20260926.log,231839,264651,1.7546679999999946
1,2,57980,66163,1.6973,1.6973,0.0,0.00031844,pretrain_full_4gpu_20260926.log,231919,264651,1.7509999999999946
1,2,58000,66163,1.7813,1.7813,0.0,0.00031833,pretrain_full_4gpu_20260926.log,231999,264651,1.7543239999999947
1,2,58020,66163,1.7328,1.7328,0.0,0.00031823,pretrain_full_4gpu_20260926.log,232079,264651,1.7531119999999945
1,2,58040,66163,1.7026,1.7026,0.0,0.00031812,pretrain_full_4gpu_20260926.log,232159,264651,1.7503039999999945
1,2,58060,66163,1.8194,1.8194,0.0,0.00031802,pretrain_full_4gpu_20260926.log,232239,264651,1.7515319999999945
1,2,58080,66163,1.7301,1.7301,0.0,0.00031791,pretrain_full_4gpu_20260926.log,232319,264651,1.7489319999999946
1,2,58100,66163,1.7489,1.7489,0.0,0.00031781,pretrain_full_4gpu_20260926.log,232399,264651,1.7485959999999947
1,2,58120,66163,1.7544,1.7544,0.0,0.0003177,pretrain_full_4gpu_20260926.log,232479,264651,1.7488559999999944
1,2,58140,66163,1.7524,1.7524,0.0,0.0003176,pretrain_full_4gpu_20260926.log,232559,264651,1.7469799999999944
1,2,58160,66163,1.7136,1.7136,0.0,0.00031749,pretrain_full_4gpu_20260926.log,232639,264651,1.7466719999999945
1,2,58180,66163,1.7212,1.7212,0.0,0.00031739,pretrain_full_4gpu_20260926.log,232719,264651,1.7470439999999945
1,2,58200,66163,1.8302,1.8302,0.0,0.00031728,pretrain_full_4gpu_20260926.log,232799,264651,1.7551359999999945
1,2,58220,66163,1.8329,1.8329,0.0,0.00031718,pretrain_full_4gpu_20260926.log,232879,264651,1.7556879999999948
1,2,58240,66163,1.7944,1.7944,0.0,0.00031707,pretrain_full_4gpu_20260926.log,232959,264651,1.758879999999995
1,2,58260,66163,1.8058,1.8058,0.0,0.00031697,pretrain_full_4gpu_20260926.log,233039,264651,1.760255999999995
1,2,58280,66163,1.8153,1.8153,0.0,0.00031686,pretrain_full_4gpu_20260926.log,233119,264651,1.7609999999999948
1,2,58300,66163,1.7223,1.7223,0.0,0.00031676,pretrain_full_4gpu_20260926.log,233199,264651,1.7637919999999945
1,2,58320,66163,1.7704,1.7704,0.0,0.00031665,pretrain_full_4gpu_20260926.log,233279,264651,1.7635879999999946
1,2,58340,66163,1.6805,1.6805,0.0,0.00031655,pretrain_full_4gpu_20260926.log,233359,264651,1.7596719999999948
1,2,58360,66163,1.6429,1.6429,0.0,0.00031644,pretrain_full_4gpu_20260926.log,233439,264651,1.7553279999999947
1,2,58380,66163,1.796,1.796,0.0,0.00031634,pretrain_full_4gpu_20260926.log,233519,264651,1.7535519999999947
1,2,58400,66163,1.8595,1.8595,0.0,0.00031623,pretrain_full_4gpu_20260926.log,233599,264651,1.7581319999999945
1,2,58420,66163,1.8047,1.8047,0.0,0.00031613,pretrain_full_4gpu_20260926.log,233679,264651,1.7605599999999944
1,2,58440,66163,1.8199,1.8199,0.0,0.00031602,pretrain_full_4gpu_20260926.log,233759,264651,1.7620159999999943
1,2,58460,66163,1.734,1.734,0.0,0.00031592,pretrain_full_4gpu_20260926.log,233839,264651,1.762511999999994
1,2,58480,66163,1.7303,1.7303,0.0,0.00031581,pretrain_full_4gpu_20260926.log,233919,264651,1.7638319999999943
1,2,58500,66163,1.793,1.793,0.0,0.00031571,pretrain_full_4gpu_20260926.log,233999,264651,1.7642999999999942
1,2,58520,66163,1.8105,1.8105,0.0,0.0003156,pretrain_full_4gpu_20260926.log,234079,264651,1.767407999999994
1,2,58540,66163,1.7895,1.7895,0.0,0.0003155,pretrain_full_4gpu_20260926.log,234159,264651,1.7708839999999941
1,2,58560,66163,1.782,1.782,0.0,0.00031539,pretrain_full_4gpu_20260926.log,234239,264651,1.769387999999994
1,2,58580,66163,1.7301,1.7301,0.0,0.00031529,pretrain_full_4gpu_20260926.log,234319,264651,1.769387999999994
1,2,58600,66163,1.9011,1.9011,0.0,0.00031518,pretrain_full_4gpu_20260926.log,234399,264651,1.7754759999999938
1,2,58620,66163,1.7504,1.7504,0.0,0.00031508,pretrain_full_4gpu_20260926.log,234479,264651,1.775315999999994
1,2,58640,66163,1.6795,1.6795,0.0,0.00031497,pretrain_full_4gpu_20260926.log,234559,264651,1.7723999999999938
1,2,58660,66163,1.713,1.713,0.0,0.00031487,pretrain_full_4gpu_20260926.log,234639,264651,1.772375999999994
1,2,58680,66163,1.7101,1.7101,0.0,0.00031476,pretrain_full_4gpu_20260926.log,234719,264651,1.7719319999999936
1,2,58700,66163,1.7816,1.7816,0.0,0.00031466,pretrain_full_4gpu_20260926.log,234799,264651,1.7699879999999937
1,2,58720,66163,1.7396,1.7396,0.0,0.00031455,pretrain_full_4gpu_20260926.log,234879,264651,1.7662559999999936
1,2,58740,66163,1.8227,1.8227,0.0,0.00031445,pretrain_full_4gpu_20260926.log,234959,264651,1.7673879999999935
1,2,58760,66163,1.7595,1.7595,0.0,0.00031434,pretrain_full_4gpu_20260926.log,235039,264651,1.7655359999999936
1,2,58780,66163,1.825,1.825,0.0,0.00031424,pretrain_full_4gpu_20260926.log,235119,264651,1.7659239999999938
1,2,58800,66163,1.8213,1.8213,0.0,0.00031413,pretrain_full_4gpu_20260926.log,235199,264651,1.7698839999999938
1,2,58820,66163,1.7595,1.7595,0.0,0.00031403,pretrain_full_4gpu_20260926.log,235279,264651,1.769447999999994
1,2,58840,66163,1.7602,1.7602,0.0,0.00031392,pretrain_full_4gpu_20260926.log,235359,264651,1.7726359999999937
1,2,58860,66163,1.8405,1.8405,0.0,0.00031382,pretrain_full_4gpu_20260926.log,235439,264651,1.7805399999999938
1,2,58880,66163,1.7532,1.7532,0.0,0.00031371,pretrain_full_4gpu_20260926.log,235519,264651,1.7788279999999939
1,2,58900,66163,1.6802,1.6802,0.0,0.00031361,pretrain_full_4gpu_20260926.log,235599,264651,1.771655999999994
1,2,58920,66163,1.8084,1.8084,0.0,0.0003135,pretrain_full_4gpu_20260926.log,235679,264651,1.771803999999994
1,2,58940,66163,1.7777,1.7777,0.0,0.00031339,pretrain_full_4gpu_20260926.log,235759,264651,1.7701159999999942
1,2,58960,66163,1.7274,1.7274,0.0,0.00031329,pretrain_full_4gpu_20260926.log,235839,264651,1.7698519999999942
1,2,58980,66163,1.731,1.731,0.0,0.00031318,pretrain_full_4gpu_20260926.log,235919,264651,1.7698799999999943
1,2,59000,66163,1.8109,1.8109,0.0,0.00031308,pretrain_full_4gpu_20260926.log,235999,264651,1.7705959999999943
1,2,59020,66163,1.7615,1.7615,0.0,0.00031297,pretrain_full_4gpu_20260926.log,236079,264651,1.7686359999999943
1,2,59040,66163,1.7755,1.7755,0.0,0.00031287,pretrain_full_4gpu_20260926.log,236159,264651,1.7680759999999944
1,2,59060,66163,1.6596,1.6596,0.0,0.00031276,pretrain_full_4gpu_20260926.log,236239,264651,1.7631799999999942
1,2,59080,66163,1.7847,1.7847,0.0,0.00031266,pretrain_full_4gpu_20260926.log,236319,264651,1.7653639999999942
1,2,59100,66163,1.7098,1.7098,0.0,0.00031255,pretrain_full_4gpu_20260926.log,236399,264651,1.7577119999999942
1,2,59120,66163,1.8673,1.8673,0.0,0.00031245,pretrain_full_4gpu_20260926.log,236479,264651,1.7623879999999943
1,2,59140,66163,1.9171,1.9171,0.0,0.00031234,pretrain_full_4gpu_20260926.log,236559,264651,1.7718919999999942
1,2,59160,66163,1.813,1.813,0.0,0.00031224,pretrain_full_4gpu_20260926.log,236639,264651,1.7758919999999945
1,2,59180,66163,1.6821,1.6821,0.0,0.00031213,pretrain_full_4gpu_20260926.log,236719,264651,1.7747719999999945
1,2,59200,66163,1.7029,1.7029,0.0,0.00031203,pretrain_full_4gpu_20260926.log,236799,264651,1.7716239999999945
1,2,59220,66163,1.7863,1.7863,0.0,0.00031192,pretrain_full_4gpu_20260926.log,236879,264651,1.7734919999999943
1,2,59240,66163,1.6835,1.6835,0.0,0.00031181,pretrain_full_4gpu_20260926.log,236959,264651,1.7679239999999945
1,2,59260,66163,1.7217,1.7217,0.0,0.00031171,pretrain_full_4gpu_20260926.log,237039,264651,1.7664119999999943
1,2,59280,66163,1.7192,1.7192,0.0,0.0003116,pretrain_full_4gpu_20260926.log,237119,264651,1.7621799999999943
1,2,59300,66163,1.7626,1.7626,0.0,0.0003115,pretrain_full_4gpu_20260926.log,237199,264651,1.759831999999994
1,2,59320,66163,1.7693,1.7693,0.0,0.00031139,pretrain_full_4gpu_20260926.log,237279,264651,1.760223999999994
1,2,59340,66163,1.7609,1.7609,0.0,0.00031129,pretrain_full_4gpu_20260926.log,237359,264651,1.7602519999999942
1,2,59360,66163,1.6928,1.6928,0.0,0.00031118,pretrain_full_4gpu_20260926.log,237439,264651,1.7543439999999941
1,2,59380,66163,1.8597,1.8597,0.0,0.00031108,pretrain_full_4gpu_20260926.log,237519,264651,1.758603999999994
1,2,59400,66163,1.7829,1.7829,0.0,0.00031097,pretrain_full_4gpu_20260926.log,237599,264651,1.762711999999994
1,2,59420,66163,1.7701,1.7701,0.0,0.00031087,pretrain_full_4gpu_20260926.log,237679,264651,1.761179999999994
1,2,59440,66163,1.8229,1.8229,0.0,0.00031076,pretrain_full_4gpu_20260926.log,237759,264651,1.7629879999999938
1,2,59460,66163,1.7297,1.7297,0.0,0.00031066,pretrain_full_4gpu_20260926.log,237839,264651,1.7630799999999938
1,2,59480,66163,1.8342,1.8342,0.0,0.00031055,pretrain_full_4gpu_20260926.log,237919,264651,1.7672079999999937
1,2,59500,66163,1.7534,1.7534,0.0,0.00031044,pretrain_full_4gpu_20260926.log,237999,264651,1.764907999999994
1,2,59520,66163,1.8056,1.8056,0.0,0.00031034,pretrain_full_4gpu_20260926.log,238079,264651,1.7666719999999938
1,2,59540,66163,1.6936,1.6936,0.0,0.00031023,pretrain_full_4gpu_20260926.log,238159,264651,1.7633959999999937
1,2,59560,66163,1.6693,1.6693,0.0,0.00031013,pretrain_full_4gpu_20260926.log,238239,264651,1.7637839999999938
1,2,59580,66163,1.6692,1.6692,0.0,0.00031002,pretrain_full_4gpu_20260926.log,238319,264651,1.759163999999994
1,2,59600,66163,1.7117,1.7117,0.0,0.00030992,pretrain_full_4gpu_20260926.log,238399,264651,1.759239999999994
1,2,59620,66163,1.7478,1.7478,0.0,0.00030981,pretrain_full_4gpu_20260926.log,238479,264651,1.7544599999999937
1,2,59640,66163,1.7902,1.7902,0.0,0.00030971,pretrain_full_4gpu_20260926.log,238559,264651,1.7493839999999938
1,2,59660,66163,1.7503,1.7503,0.0,0.0003096,pretrain_full_4gpu_20260926.log,238639,264651,1.7468759999999939
1,2,59680,66163,1.8642,1.8642,0.0,0.00030949,pretrain_full_4gpu_20260926.log,238719,264651,1.7541599999999937
1,2,59700,66163,1.6844,1.6844,0.0,0.00030939,pretrain_full_4gpu_20260926.log,238799,264651,1.7534199999999935
1,2,59720,66163,1.7911,1.7911,0.0,0.00030928,pretrain_full_4gpu_20260926.log,238879,264651,1.7536119999999937
1,2,59740,66163,1.8328,1.8328,0.0,0.00030918,pretrain_full_4gpu_20260926.log,238959,264651,1.7595839999999936
1,2,59760,66163,1.8073,1.8073,0.0,0.00030907,pretrain_full_4gpu_20260926.log,239039,264651,1.7630079999999935
1,2,59780,66163,1.6883,1.6883,0.0,0.00030897,pretrain_full_4gpu_20260926.log,239119,264651,1.7617719999999935
1,2,59800,66163,1.7739,1.7739,0.0,0.00030886,pretrain_full_4gpu_20260926.log,239199,264651,1.7622239999999934
1,2,59820,66163,1.7391,1.7391,0.0,0.00030876,pretrain_full_4gpu_20260926.log,239279,264651,1.7610159999999935
1,2,59840,66163,1.775,1.775,0.0,0.00030865,pretrain_full_4gpu_20260926.log,239359,264651,1.7615799999999933
1,2,59860,66163,1.7146,1.7146,0.0,0.00030854,pretrain_full_4gpu_20260926.log,239439,264651,1.7624519999999932
1,2,59880,66163,1.7911,1.7911,0.0,0.00030844,pretrain_full_4gpu_20260926.log,239519,264651,1.7597079999999934
1,2,59900,66163,1.8358,1.8358,0.0,0.00030833,pretrain_full_4gpu_20260926.log,239599,264651,1.7618239999999934
1,2,59920,66163,1.7324,1.7324,0.0,0.00030823,pretrain_full_4gpu_20260926.log,239679,264651,1.7603159999999933
1,2,59940,66163,1.7208,1.7208,0.0,0.00030812,pretrain_full_4gpu_20260926.log,239759,264651,1.7562319999999934
1,2,59960,66163,1.7703,1.7703,0.0,0.00030802,pretrain_full_4gpu_20260926.log,239839,264651,1.7578559999999934
1,2,59980,66163,1.7045,1.7045,0.0,0.00030791,pretrain_full_4gpu_20260926.log,239919,264651,1.7526679999999935
1,2,60000,66163,1.7678,1.7678,0.0,0.0003078,pretrain_full_4gpu_20260926.log,239999,264651,1.7532439999999934
1,2,60020,66163,1.7096,1.7096,0.0,0.0003077,pretrain_full_4gpu_20260926.log,240079,264651,1.7494039999999935
1,2,60040,66163,1.7219,1.7219,0.0,0.00030759,pretrain_full_4gpu_20260926.log,240159,264651,1.7505359999999934
1,2,60060,66163,1.7483,1.7483,0.0,0.00030749,pretrain_full_4gpu_20260926.log,240239,264651,1.7536959999999935
1,2,60080,66163,1.7554,1.7554,0.0,0.00030738,pretrain_full_4gpu_20260926.log,240319,264651,1.7571439999999934
1,2,60100,66163,1.7721,1.7721,0.0,0.00030728,pretrain_full_4gpu_20260926.log,240399,264651,1.7595599999999934
1,2,60120,66163,1.7266,1.7266,0.0,0.00030717,pretrain_full_4gpu_20260926.log,240479,264651,1.7587119999999934
1,2,60140,66163,1.7726,1.7726,0.0,0.00030706,pretrain_full_4gpu_20260926.log,240559,264651,1.7580079999999934
1,2,60160,66163,1.6746,1.6746,0.0,0.00030696,pretrain_full_4gpu_20260926.log,240639,264651,1.754979999999993
1,2,60180,66163,1.735,1.735,0.0,0.00030685,pretrain_full_4gpu_20260926.log,240719,264651,1.7498119999999933
1,2,60200,66163,1.7082,1.7082,0.0,0.00030675,pretrain_full_4gpu_20260926.log,240799,264651,1.7507639999999933
1,2,60220,66163,1.867,1.867,0.0,0.00030664,pretrain_full_4gpu_20260926.log,240879,264651,1.7537999999999931
1,2,60240,66163,1.7769,1.7769,0.0,0.00030654,pretrain_full_4gpu_20260926.log,240959,264651,1.751563999999993
1,2,60260,66163,1.8152,1.8152,0.0,0.00030643,pretrain_full_4gpu_20260926.log,241039,264651,1.751879999999993
1,2,60280,66163,1.7669,1.7669,0.0,0.00030632,pretrain_full_4gpu_20260926.log,241119,264651,1.755023999999993
1,2,60300,66163,1.8442,1.8442,0.0,0.00030622,pretrain_full_4gpu_20260926.log,241199,264651,1.7578359999999933
1,2,60320,66163,1.7097,1.7097,0.0,0.00030611,pretrain_full_4gpu_20260926.log,241279,264651,1.7566599999999932
1,2,60340,66163,1.7162,1.7162,0.0,0.00030601,pretrain_full_4gpu_20260926.log,241359,264651,1.7543079999999933
1,2,60360,66163,1.7737,1.7737,0.0,0.0003059,pretrain_full_4gpu_20260926.log,241439,264651,1.7566719999999933
1,2,60380,66163,1.7666,1.7666,0.0,0.00030579,pretrain_full_4gpu_20260926.log,241519,264651,1.7556919999999931
1,2,60400,66163,1.6987,1.6987,0.0,0.00030569,pretrain_full_4gpu_20260926.log,241599,264651,1.7502079999999933
1,2,60420,66163,1.7634,1.7634,0.0,0.00030558,pretrain_full_4gpu_20260926.log,241679,264651,1.7514479999999932
1,2,60440,66163,1.6791,1.6791,0.0,0.00030548,pretrain_full_4gpu_20260926.log,241759,264651,1.7497799999999932
1,2,60460,66163,1.7314,1.7314,0.0,0.00030537,pretrain_full_4gpu_20260926.log,241839,264651,1.7482239999999933
1,2,60480,66163,1.6666,1.6666,0.0,0.00030527,pretrain_full_4gpu_20260926.log,241919,264651,1.7467079999999933
1,2,60500,66163,1.7131,1.7131,0.0,0.00030516,pretrain_full_4gpu_20260926.log,241999,264651,1.7445199999999932
1,2,60520,66163,1.8292,1.8292,0.0,0.00030505,pretrain_full_4gpu_20260926.log,242079,264651,1.749303999999993
1,2,60540,66163,1.8171,1.8171,0.0,0.00030495,pretrain_full_4gpu_20260926.log,242159,264651,1.7531119999999933
1,2,60560,66163,1.8066,1.8066,0.0,0.00030484,pretrain_full_4gpu_20260926.log,242239,264651,1.7554439999999933
1,2,60580,66163,1.7196,1.7196,0.0,0.00030474,pretrain_full_4gpu_20260926.log,242319,264651,1.7540119999999932
1,2,60600,66163,1.7532,1.7532,0.0,0.00030463,pretrain_full_4gpu_20260926.log,242399,264651,1.7532559999999933
1,2,60620,66163,1.8343,1.8343,0.0,0.00030452,pretrain_full_4gpu_20260926.log,242479,264651,1.7575639999999932
1,2,60640,66163,1.7214,1.7214,0.0,0.00030442,pretrain_full_4gpu_20260926.log,242559,264651,1.7555159999999936
1,2,60660,66163,1.7529,1.7529,0.0,0.00030431,pretrain_full_4gpu_20260926.log,242639,264651,1.7586479999999935
1,2,60680,66163,1.7265,1.7265,0.0,0.00030421,pretrain_full_4gpu_20260926.log,242719,264651,1.7583079999999935
1,2,60700,66163,1.7592,1.7592,0.0,0.0003041,pretrain_full_4gpu_20260926.log,242799,264651,1.7603479999999936
1,2,60720,66163,1.7546,1.7546,0.0,0.00030399,pretrain_full_4gpu_20260926.log,242879,264651,1.755851999999994
1,2,60740,66163,1.7384,1.7384,0.0,0.00030389,pretrain_full_4gpu_20260926.log,242959,264651,1.7543119999999939
1,2,60760,66163,1.7173,1.7173,0.0,0.00030378,pretrain_full_4gpu_20260926.log,243039,264651,1.750395999999994
1,2,60780,66163,1.7065,1.7065,0.0,0.00030368,pretrain_full_4gpu_20260926.log,243119,264651,1.747979999999994
1,2,60800,66163,1.7437,1.7437,0.0,0.00030357,pretrain_full_4gpu_20260926.log,243199,264651,1.743959999999994
1,2,60820,66163,1.7324,1.7324,0.0,0.00030346,pretrain_full_4gpu_20260926.log,243279,264651,1.7448679999999939
1,2,60840,66163,1.6604,1.6604,0.0,0.00030336,pretrain_full_4gpu_20260926.log,243359,264651,1.742635999999994
1,2,60860,66163,1.7985,1.7985,0.0,0.00030325,pretrain_full_4gpu_20260926.log,243439,264651,1.743627999999994
1,2,60880,66163,1.655,1.655,0.0,0.00030315,pretrain_full_4gpu_20260926.log,243519,264651,1.7391639999999942
1,2,60900,66163,1.6982,1.6982,0.0,0.00030304,pretrain_full_4gpu_20260926.log,243599,264651,1.739143999999994
1,2,60920,66163,1.7976,1.7976,0.0,0.00030293,pretrain_full_4gpu_20260926.log,243679,264651,1.7405119999999943
1,2,60940,66163,1.7775,1.7775,0.0,0.00030283,pretrain_full_4gpu_20260926.log,243759,264651,1.7444479999999944
1,2,60960,66163,1.7501,1.7501,0.0,0.00030272,pretrain_full_4gpu_20260926.log,243839,264651,1.7451959999999946
1,2,60980,66163,1.8254,1.8254,0.0,0.00030262,pretrain_full_4gpu_20260926.log,243919,264651,1.7515479999999946
1,2,61000,66163,1.7862,1.7862,0.0,0.00030251,pretrain_full_4gpu_20260926.log,243999,264651,1.7544719999999947
1,2,61020,66163,1.6548,1.6548,0.0,0.0003024,pretrain_full_4gpu_20260926.log,244079,264651,1.7474959999999948
1,2,61040,66163,1.7484,1.7484,0.0,0.0003023,pretrain_full_4gpu_20260926.log,244159,264651,1.7447479999999944
1,2,61060,66163,1.7854,1.7854,0.0,0.00030219,pretrain_full_4gpu_20260926.log,244239,264651,1.7438999999999945
1,2,61080,66163,1.7886,1.7886,0.0,0.00030209,pretrain_full_4gpu_20260926.log,244319,264651,1.7466599999999946
1,2,61100,66163,1.7664,1.7664,0.0,0.00030198,pretrain_full_4gpu_20260926.log,244399,264651,1.7471879999999944
1,2,61120,66163,1.76,1.76,0.0,0.00030187,pretrain_full_4gpu_20260926.log,244479,264651,1.7442159999999944
1,2,61140,66163,1.6663,1.6663,0.0,0.00030177,pretrain_full_4gpu_20260926.log,244559,264651,1.7420119999999943
1,2,61160,66163,1.8246,1.8246,0.0,0.00030166,pretrain_full_4gpu_20260926.log,244639,264651,1.7448799999999942
1,2,61180,66163,1.7761,1.7761,0.0,0.00030156,pretrain_full_4gpu_20260926.log,244719,264651,1.7468639999999942
1,2,61200,66163,1.741,1.741,0.0,0.00030145,pretrain_full_4gpu_20260926.log,244799,264651,1.7461359999999941
1,2,61220,66163,1.7911,1.7911,0.0,0.00030134,pretrain_full_4gpu_20260926.log,244879,264651,1.7475959999999942
1,2,61240,66163,1.8013,1.8013,0.0,0.00030124,pretrain_full_4gpu_20260926.log,244959,264651,1.7501119999999941
1,2,61260,66163,1.7485,1.7485,0.0,0.00030113,pretrain_full_4gpu_20260926.log,245039,264651,1.751359999999994
1,2,61280,66163,1.8136,1.8136,0.0,0.00030103,pretrain_full_4gpu_20260926.log,245119,264651,1.755643999999994
1,2,61300,66163,1.8869,1.8869,0.0,0.00030092,pretrain_full_4gpu_20260926.log,245199,264651,1.7613719999999942
1,2,61320,66163,1.6991,1.6991,0.0,0.00030081,pretrain_full_4gpu_20260926.log,245279,264651,1.7600399999999943
1,2,61340,66163,1.7253,1.7253,0.0,0.00030071,pretrain_full_4gpu_20260926.log,245359,264651,1.762635999999994
1,2,61360,66163,1.821,1.821,0.0,0.0003006,pretrain_full_4gpu_20260926.log,245439,264651,1.763535999999994
1,2,61380,66163,1.7398,1.7398,0.0,0.00030049,pretrain_full_4gpu_20260926.log,245519,264651,1.766927999999994
1,2,61400,66163,1.8055,1.8055,0.0,0.00030039,pretrain_full_4gpu_20260926.log,245599,264651,1.7712199999999942
1,2,61420,66163,1.727,1.727,0.0,0.00030028,pretrain_full_4gpu_20260926.log,245679,264651,1.7683959999999939
1,2,61440,66163,1.629,1.629,0.0,0.00030018,pretrain_full_4gpu_20260926.log,245759,264651,1.7624559999999938
1,2,61460,66163,1.7513,1.7513,0.0,0.00030007,pretrain_full_4gpu_20260926.log,245839,264651,1.7625039999999936
1,2,61480,66163,1.7257,1.7257,0.0,0.00029996,pretrain_full_4gpu_20260926.log,245919,264651,1.7585159999999938
1,2,61500,66163,1.751,1.751,0.0,0.00029986,pretrain_full_4gpu_20260926.log,245999,264651,1.7571079999999935
1,2,61520,66163,1.8292,1.8292,0.0,0.00029975,pretrain_full_4gpu_20260926.log,246079,264651,1.7640839999999935
1,2,61540,66163,1.7869,1.7869,0.0,0.00029965,pretrain_full_4gpu_20260926.log,246159,264651,1.7656239999999936
1,2,61560,66163,1.7196,1.7196,0.0,0.00029954,pretrain_full_4gpu_20260926.log,246239,264651,1.7629919999999937
1,2,61580,66163,1.6648,1.6648,0.0,0.00029943,pretrain_full_4gpu_20260926.log,246319,264651,1.7580399999999934
1,2,61600,66163,1.7688,1.7688,0.0,0.00029933,pretrain_full_4gpu_20260926.log,246399,264651,1.7581359999999935
1,2,61620,66163,1.7924,1.7924,0.0,0.00029922,pretrain_full_4gpu_20260926.log,246479,264651,1.7594319999999937
1,2,61640,66163,1.7829,1.7829,0.0,0.00029911,pretrain_full_4gpu_20260926.log,246559,264651,1.7640959999999937
1,2,61660,66163,1.7371,1.7371,0.0,0.00029901,pretrain_full_4gpu_20260926.log,246639,264651,1.7605959999999936
1,2,61680,66163,1.7183,1.7183,0.0,0.0002989,pretrain_full_4gpu_20260926.log,246719,264651,1.7582839999999935
1,2,61700,66163,1.8477,1.8477,0.0,0.0002988,pretrain_full_4gpu_20260926.log,246799,264651,1.7625519999999937
1,2,61720,66163,1.7957,1.7957,0.0,0.00029869,pretrain_full_4gpu_20260926.log,246879,264651,1.7627359999999936
1,2,61740,66163,1.668,1.668,0.0,0.00029858,pretrain_full_4gpu_20260926.log,246959,264651,1.7574039999999937
1,2,61760,66163,1.7414,1.7414,0.0,0.00029848,pretrain_full_4gpu_20260926.log,247039,264651,1.7571199999999936
1,2,61780,66163,1.7433,1.7433,0.0,0.00029837,pretrain_full_4gpu_20260926.log,247119,264651,1.7543079999999935
1,2,61800,66163,1.7639,1.7639,0.0,0.00029826,pretrain_full_4gpu_20260926.log,247199,264651,1.7493879999999935
1,2,61820,66163,1.8316,1.8316,0.0,0.00029816,pretrain_full_4gpu_20260926.log,247279,264651,1.7546879999999936
1,2,61840,66163,1.7433,1.7433,0.0,0.00029805,pretrain_full_4gpu_20260926.log,247359,264651,1.7554079999999936
1,2,61860,66163,1.7276,1.7276,0.0,0.00029795,pretrain_full_4gpu_20260926.log,247439,264651,1.751671999999994
1,2,61880,66163,1.831,1.831,0.0,0.00029784,pretrain_full_4gpu_20260926.log,247519,264651,1.7553199999999938
1,2,61900,66163,1.7158,1.7158,0.0,0.00029773,pretrain_full_4gpu_20260926.log,247599,264651,1.7517319999999938
1,2,61920,66163,1.768,1.768,0.0,0.00029763,pretrain_full_4gpu_20260926.log,247679,264651,1.753371999999994
1,2,61940,66163,1.7421,1.7421,0.0,0.00029752,pretrain_full_4gpu_20260926.log,247759,264651,1.7578959999999941
1,2,61960,66163,1.7667,1.7667,0.0,0.00029741,pretrain_full_4gpu_20260926.log,247839,264651,1.758511999999994
1,2,61980,66163,1.705,1.705,0.0,0.00029731,pretrain_full_4gpu_20260926.log,247919,264651,1.7576839999999938
1,2,62000,66163,1.7725,1.7725,0.0,0.0002972,pretrain_full_4gpu_20260926.log,247999,264651,1.7585439999999941
1,2,62020,66163,1.7265,1.7265,0.0,0.0002971,pretrain_full_4gpu_20260926.log,248079,264651,1.7544359999999941
1,2,62040,66163,1.6844,1.6844,0.0,0.00029699,pretrain_full_4gpu_20260926.log,248159,264651,1.750335999999994
1,2,62060,66163,1.7551,1.7551,0.0,0.00029688,pretrain_full_4gpu_20260926.log,248239,264651,1.7517559999999939
1,2,62080,66163,1.7119,1.7119,0.0,0.00029678,pretrain_full_4gpu_20260926.log,248319,264651,1.7536399999999939
1,2,62100,66163,1.6937,1.6937,0.0,0.00029667,pretrain_full_4gpu_20260926.log,248399,264651,1.7506359999999939
1,2,62120,66163,1.7473,1.7473,0.0,0.00029656,pretrain_full_4gpu_20260926.log,248479,264651,1.748831999999994
1,2,62140,66163,1.7601,1.7601,0.0,0.00029646,pretrain_full_4gpu_20260926.log,248559,264651,1.7479199999999941
1,2,62160,66163,1.7708,1.7708,0.0,0.00029635,pretrain_full_4gpu_20260926.log,248639,264651,1.7492679999999943
1,2,62180,66163,1.6754,1.6754,0.0,0.00029624,pretrain_full_4gpu_20260926.log,248719,264651,1.7475519999999944
1,2,62200,66163,1.8345,1.8345,0.0,0.00029614,pretrain_full_4gpu_20260926.log,248799,264651,1.7470239999999941
1,2,62220,66163,1.7115,1.7115,0.0,0.00029603,pretrain_full_4gpu_20260926.log,248879,264651,1.743655999999994
1,2,62240,66163,1.8199,1.8199,0.0,0.00029593,pretrain_full_4gpu_20260926.log,248959,264651,1.7497319999999938
1,2,62260,66163,1.7326,1.7326,0.0,0.00029582,pretrain_full_4gpu_20260926.log,249039,264651,1.749379999999994
1,2,62280,66163,1.7026,1.7026,0.0,0.00029571,pretrain_full_4gpu_20260926.log,249119,264651,1.747751999999994
1,2,62300,66163,1.7966,1.7966,0.0,0.00029561,pretrain_full_4gpu_20260926.log,249199,264651,1.7490599999999938
1,2,62320,66163,1.7553,1.7553,0.0,0.0002955,pretrain_full_4gpu_20260926.log,249279,264651,1.7460079999999936
1,2,62340,66163,1.7582,1.7582,0.0,0.00029539,pretrain_full_4gpu_20260926.log,249359,264651,1.7466039999999938
1,2,62360,66163,1.7265,1.7265,0.0,0.00029529,pretrain_full_4gpu_20260926.log,249439,264651,1.746559999999994
1,2,62380,66163,1.7902,1.7902,0.0,0.00029518,pretrain_full_4gpu_20260926.log,249519,264651,1.7449279999999936
1,2,62400,66163,1.8253,1.8253,0.0,0.00029507,pretrain_full_4gpu_20260926.log,249599,264651,1.7493079999999934
1,2,62420,66163,1.7949,1.7949,0.0,0.00029497,pretrain_full_4gpu_20260926.log,249679,264651,1.7503839999999935
1,2,62440,66163,1.7807,1.7807,0.0,0.00029486,pretrain_full_4gpu_20260926.log,249759,264651,1.7519279999999935
1,2,62460,66163,1.7116,1.7116,0.0,0.00029476,pretrain_full_4gpu_20260926.log,249839,264651,1.7497239999999934
1,2,62480,66163,1.7972,1.7972,0.0,0.00029465,pretrain_full_4gpu_20260926.log,249919,264651,1.7534119999999933
1,2,62500,66163,1.9567,1.9567,0.0,0.00029454,pretrain_full_4gpu_20260926.log,249999,264651,1.7607799999999931
1,2,62520,66163,1.7328,1.7328,0.0,0.00029444,pretrain_full_4gpu_20260926.log,250079,264651,1.761031999999993
1,2,62540,66163,1.7164,1.7164,0.0,0.00029433,pretrain_full_4gpu_20260926.log,250159,264651,1.7623119999999932
1,2,62560,66163,1.7239,1.7239,0.0,0.00029422,pretrain_full_4gpu_20260926.log,250239,264651,1.7610639999999933
1,2,62580,66163,1.7868,1.7868,0.0,0.00029412,pretrain_full_4gpu_20260926.log,250319,264651,1.7640599999999933
1,2,62600,66163,1.7816,1.7816,0.0,0.00029401,pretrain_full_4gpu_20260926.log,250399,264651,1.7675759999999932
1,2,62620,66163,1.7974,1.7974,0.0,0.0002939,pretrain_full_4gpu_20260926.log,250479,264651,1.7695799999999933
1,2,62640,66163,1.7053,1.7053,0.0,0.0002938,pretrain_full_4gpu_20260926.log,250559,264651,1.767387999999993
1,2,62660,66163,1.703,1.703,0.0,0.00029369,pretrain_full_4gpu_20260926.log,250639,264651,1.7646759999999933
1,2,62680,66163,1.8083,1.8083,0.0,0.00029358,pretrain_full_4gpu_20260926.log,250719,264651,1.7699919999999931
1,2,62700,66163,1.647,1.647,0.0,0.00029348,pretrain_full_4gpu_20260926.log,250799,264651,1.7624919999999933
1,2,62720,66163,1.82,1.82,0.0,0.00029337,pretrain_full_4gpu_20260926.log,250879,264651,1.766831999999993
1,2,62740,66163,1.7923,1.7923,0.0,0.00029326,pretrain_full_4gpu_20260926.log,250959,264651,1.765727999999993
1,2,62760,66163,1.6786,1.6786,0.0,0.00029316,pretrain_full_4gpu_20260926.log,251039,264651,1.7635679999999934
1,2,62780,66163,1.7213,1.7213,0.0,0.00029305,pretrain_full_4gpu_20260926.log,251119,264651,1.7643159999999936
1,2,62800,66163,1.6789,1.6789,0.0,0.00029295,pretrain_full_4gpu_20260926.log,251199,264651,1.7596079999999936
1,2,62820,66163,1.8137,1.8137,0.0,0.00029284,pretrain_full_4gpu_20260926.log,251279,264651,1.7619439999999935
1,2,62840,66163,1.7365,1.7365,0.0,0.00029273,pretrain_full_4gpu_20260926.log,251359,264651,1.7610759999999934
1,2,62860,66163,1.7631,1.7631,0.0,0.00029263,pretrain_full_4gpu_20260926.log,251439,264651,1.7625399999999933
1,2,62880,66163,1.8977,1.8977,0.0,0.00029252,pretrain_full_4gpu_20260926.log,251519,264651,1.7668399999999935
1,2,62900,66163,1.7134,1.7134,0.0,0.00029241,pretrain_full_4gpu_20260926.log,251599,264651,1.7623639999999936
1,2,62920,66163,1.6975,1.6975,0.0,0.00029231,pretrain_full_4gpu_20260926.log,251679,264651,1.7584679999999935
1,2,62940,66163,1.752,1.752,0.0,0.0002922,pretrain_full_4gpu_20260926.log,251759,264651,1.7573199999999936
1,2,62960,66163,1.8381,1.8381,0.0,0.00029209,pretrain_full_4gpu_20260926.log,251839,264651,1.7623799999999934
1,2,62980,66163,1.7278,1.7278,0.0,0.00029199,pretrain_full_4gpu_20260926.log,251919,264651,1.7596039999999937
1,2,63000,66163,1.7659,1.7659,0.0,0.00029188,pretrain_full_4gpu_20260926.log,251999,264651,1.7519719999999939
1,2,63020,66163,1.8086,1.8086,0.0,0.00029177,pretrain_full_4gpu_20260926.log,252079,264651,1.7550039999999938
1,2,63040,66163,1.7465,1.7465,0.0,0.00029167,pretrain_full_4gpu_20260926.log,252159,264651,1.7562079999999938
1,2,63060,66163,1.8054,1.8054,0.0,0.00029156,pretrain_full_4gpu_20260926.log,252239,264651,1.7594679999999938
1,2,63080,66163,1.7795,1.7795,0.0,0.00029145,pretrain_full_4gpu_20260926.log,252319,264651,1.7591759999999936
1,2,63100,66163,1.6886,1.6886,0.0,0.00029135,pretrain_full_4gpu_20260926.log,252399,264651,1.755455999999994
1,2,63120,66163,1.749,1.749,0.0,0.00029124,pretrain_full_4gpu_20260926.log,252479,264651,1.7535199999999938
1,2,63140,66163,1.8543,1.8543,0.0,0.00029113,pretrain_full_4gpu_20260926.log,252559,264651,1.7594799999999937
1,2,63160,66163,1.7741,1.7741,0.0,0.00029103,pretrain_full_4gpu_20260926.log,252639,264651,1.7623239999999936
1,2,63180,66163,1.7615,1.7615,0.0,0.00029092,pretrain_full_4gpu_20260926.log,252719,264651,1.7604519999999935
1,2,63200,66163,1.7387,1.7387,0.0,0.00029081,pretrain_full_4gpu_20260926.log,252799,264651,1.7641199999999935
1,2,63220,66163,1.7647,1.7647,0.0,0.00029071,pretrain_full_4gpu_20260926.log,252879,264651,1.7619079999999934
1,2,63240,66163,1.7123,1.7123,0.0,0.0002906,pretrain_full_4gpu_20260926.log,252959,264651,1.7587079999999935
1,2,63260,66163,1.6755,1.6755,0.0,0.00029049,pretrain_full_4gpu_20260926.log,253039,264651,1.7585839999999933
1,2,63280,66163,1.7119,1.7119,0.0,0.00029039,pretrain_full_4gpu_20260926.log,253119,264651,1.7582079999999933
1,2,63300,66163,1.8262,1.8262,0.0,0.00029028,pretrain_full_4gpu_20260926.log,253199,264651,1.7640999999999933
1,2,63320,66163,1.73,1.73,0.0,0.00029018,pretrain_full_4gpu_20260926.log,253279,264651,1.7607519999999934
1,2,63340,66163,1.7988,1.7988,0.0,0.00029007,pretrain_full_4gpu_20260926.log,253359,264651,1.7632439999999934
1,2,63360,66163,1.7688,1.7688,0.0,0.00028996,pretrain_full_4gpu_20260926.log,253439,264651,1.7634719999999933
1,2,63380,66163,1.7335,1.7335,0.0,0.00028986,pretrain_full_4gpu_20260926.log,253519,264651,1.7569039999999934
1,2,63400,66163,1.7618,1.7618,0.0,0.00028975,pretrain_full_4gpu_20260926.log,253599,264651,1.7588399999999933
1,2,63420,66163,1.7629,1.7629,0.0,0.00028964,pretrain_full_4gpu_20260926.log,253679,264651,1.7614559999999935
1,2,63440,66163,1.7316,1.7316,0.0,0.00028954,pretrain_full_4gpu_20260926.log,253759,264651,1.7606399999999933
1,2,63460,66163,1.6724,1.6724,0.0,0.00028943,pretrain_full_4gpu_20260926.log,253839,264651,1.7540119999999937
1,2,63480,66163,1.8312,1.8312,0.0,0.00028932,pretrain_full_4gpu_20260926.log,253919,264651,1.7581479999999936
1,2,63500,66163,1.7567,1.7567,0.0,0.00028922,pretrain_full_4gpu_20260926.log,253999,264651,1.7577799999999937
1,2,63520,66163,1.843,1.843,0.0,0.00028911,pretrain_full_4gpu_20260926.log,254079,264651,1.7591559999999935
1,2,63540,66163,1.6682,1.6682,0.0,0.000289,pretrain_full_4gpu_20260926.log,254159,264651,1.7560239999999936
1,2,63560,66163,1.7574,1.7574,0.0,0.0002889,pretrain_full_4gpu_20260926.log,254239,264651,1.7541039999999937
1,2,63580,66163,1.6948,1.6948,0.0,0.00028879,pretrain_full_4gpu_20260926.log,254319,264651,1.7507159999999937
1,2,63600,66163,1.79,1.79,0.0,0.00028868,pretrain_full_4gpu_20260926.log,254399,264651,1.7547719999999936
1,2,63620,66163,1.8159,1.8159,0.0,0.00028858,pretrain_full_4gpu_20260926.log,254479,264651,1.7574479999999935
1,2,63640,66163,1.7724,1.7724,0.0,0.00028847,pretrain_full_4gpu_20260926.log,254559,264651,1.7541719999999932
1,2,63660,66163,1.6672,1.6672,0.0,0.00028836,pretrain_full_4gpu_20260926.log,254639,264651,1.7498959999999935
1,2,63680,66163,1.7256,1.7256,0.0,0.00028826,pretrain_full_4gpu_20260926.log,254719,264651,1.7484599999999935
1,2,63700,66163,1.7595,1.7595,0.0,0.00028815,pretrain_full_4gpu_20260926.log,254799,264651,1.7492919999999936
1,2,63720,66163,1.7295,1.7295,0.0,0.00028804,pretrain_full_4gpu_20260926.log,254879,264651,1.7478839999999938
1,2,63740,66163,1.749,1.749,0.0,0.00028794,pretrain_full_4gpu_20260926.log,254959,264651,1.7493519999999938
1,2,63760,66163,1.8269,1.8269,0.0,0.00028783,pretrain_full_4gpu_20260926.log,255039,264651,1.7554079999999939
1,2,63780,66163,1.73,1.73,0.0,0.00028772,pretrain_full_4gpu_20260926.log,255119,264651,1.7561319999999938
1,2,63800,66163,1.6835,1.6835,0.0,0.00028762,pretrain_full_4gpu_20260926.log,255199,264651,1.750423999999994
1,2,63820,66163,1.6351,1.6351,0.0,0.00028751,pretrain_full_4gpu_20260926.log,255279,264651,1.746627999999994
1,2,63840,66163,1.7181,1.7181,0.0,0.0002874,pretrain_full_4gpu_20260926.log,255359,264651,1.743399999999994
1,2,63860,66163,1.7709,1.7709,0.0,0.0002873,pretrain_full_4gpu_20260926.log,255439,264651,1.743483999999994
1,2,63880,66163,1.7465,1.7465,0.0,0.00028719,pretrain_full_4gpu_20260926.log,255519,264651,1.744003999999994
1,2,63900,66163,1.771,1.771,0.0,0.00028708,pretrain_full_4gpu_20260926.log,255599,264651,1.744371999999994
1,2,63920,66163,1.8547,1.8547,0.0,0.00028698,pretrain_full_4gpu_20260926.log,255679,264651,1.748043999999994
1,2,63940,66163,1.7921,1.7921,0.0,0.00028687,pretrain_full_4gpu_20260926.log,255759,264651,1.7504639999999938
1,2,63960,66163,1.7985,1.7985,0.0,0.00028676,pretrain_full_4gpu_20260926.log,255839,264651,1.7555079999999936
1,2,63980,66163,1.7212,1.7212,0.0,0.00028666,pretrain_full_4gpu_20260926.log,255919,264651,1.7511079999999937
1,2,64000,66163,1.7802,1.7802,0.0,0.00028655,pretrain_full_4gpu_20260926.log,255999,264651,1.7520479999999936
1,2,64020,66163,1.7982,1.7982,0.0,0.00028644,pretrain_full_4gpu_20260926.log,256079,264651,1.7502559999999938
1,2,64040,66163,1.6862,1.6862,0.0,0.00028634,pretrain_full_4gpu_20260926.log,256159,264651,1.7509759999999936
1,2,64060,66163,1.8195,1.8195,0.0,0.00028623,pretrain_full_4gpu_20260926.log,256239,264651,1.7534599999999938
1,2,64080,66163,1.7368,1.7368,0.0,0.00028612,pretrain_full_4gpu_20260926.log,256319,264651,1.755139999999994
1,2,64100,66163,1.7646,1.7646,0.0,0.00028602,pretrain_full_4gpu_20260926.log,256399,264651,1.754123999999994
1,2,64120,66163,1.7755,1.7755,0.0,0.00028591,pretrain_full_4gpu_20260926.log,256479,264651,1.752507999999994
1,2,64140,66163,1.8032,1.8032,0.0,0.0002858,pretrain_full_4gpu_20260926.log,256559,264651,1.753739999999994
1,2,64160,66163,1.6887,1.6887,0.0,0.0002857,pretrain_full_4gpu_20260926.log,256639,264651,1.7545999999999937
1,2,64180,66163,1.7682,1.7682,0.0,0.00028559,pretrain_full_4gpu_20260926.log,256719,264651,1.7563039999999939
1,2,64200,66163,1.7622,1.7622,0.0,0.00028548,pretrain_full_4gpu_20260926.log,256799,264651,1.7564119999999936
1,2,64220,66163,1.696,1.696,0.0,0.00028538,pretrain_full_4gpu_20260926.log,256879,264651,1.7550719999999935
1,2,64240,66163,1.7438,1.7438,0.0,0.00028527,pretrain_full_4gpu_20260926.log,256959,264651,1.7548639999999935
1,2,64260,66163,1.8225,1.8225,0.0,0.00028516,pretrain_full_4gpu_20260926.log,257039,264651,1.7546879999999934
1,2,64280,66163,1.7207,1.7207,0.0,0.00028506,pretrain_full_4gpu_20260926.log,257119,264651,1.7543159999999935
1,2,64300,66163,1.7483,1.7483,0.0,0.00028495,pretrain_full_4gpu_20260926.log,257199,264651,1.7569079999999935
1,2,64320,66163,1.7084,1.7084,0.0,0.00028484,pretrain_full_4gpu_20260926.log,257279,264651,1.7598399999999932
1,2,64340,66163,1.7828,1.7828,0.0,0.00028474,pretrain_full_4gpu_20260926.log,257359,264651,1.7624279999999934
1,2,64360,66163,1.8119,1.8119,0.0,0.00028463,pretrain_full_4gpu_20260926.log,257439,264651,1.7640679999999935
1,2,64380,66163,1.7816,1.7816,0.0,0.00028452,pretrain_full_4gpu_20260926.log,257519,264651,1.7654719999999935
1,2,64400,66163,1.6883,1.6883,0.0,0.00028441,pretrain_full_4gpu_20260926.log,257599,264651,1.7621639999999934
1,2,64420,66163,1.7287,1.7287,0.0,0.00028431,pretrain_full_4gpu_20260926.log,257679,264651,1.7571239999999935
1,2,64440,66163,1.7803,1.7803,0.0,0.0002842,pretrain_full_4gpu_20260926.log,257759,264651,1.7566519999999934
1,2,64460,66163,1.7406,1.7406,0.0,0.00028409,pretrain_full_4gpu_20260926.log,257839,264651,1.7543359999999937
1,2,64480,66163,1.7351,1.7351,0.0,0.00028399,pretrain_full_4gpu_20260926.log,257919,264651,1.7548919999999937
1,2,64500,66163,1.7447,1.7447,0.0,0.00028388,pretrain_full_4gpu_20260926.log,257999,264651,1.7534719999999937
1,2,64520,66163,1.7829,1.7829,0.0,0.00028377,pretrain_full_4gpu_20260926.log,258079,264651,1.7528599999999934
1,2,64540,66163,1.7868,1.7868,0.0,0.00028367,pretrain_full_4gpu_20260926.log,258159,264651,1.7568839999999935
1,2,64560,66163,1.7557,1.7557,0.0,0.00028356,pretrain_full_4gpu_20260926.log,258239,264651,1.7543319999999936
1,2,64580,66163,1.7514,1.7514,0.0,0.00028345,pretrain_full_4gpu_20260926.log,258319,264651,1.7549159999999933
1,2,64600,66163,1.7045,1.7045,0.0,0.00028335,pretrain_full_4gpu_20260926.log,258399,264651,1.7525119999999932
1,2,64620,66163,1.8128,1.8128,0.0,0.00028324,pretrain_full_4gpu_20260926.log,258479,264651,1.7540039999999935
1,2,64640,66163,1.8233,1.8233,0.0,0.00028313,pretrain_full_4gpu_20260926.log,258559,264651,1.7548079999999937
1,2,64660,66163,1.7662,1.7662,0.0,0.00028303,pretrain_full_4gpu_20260926.log,258639,264651,1.7579079999999936
1,2,64680,66163,1.7584,1.7584,0.0,0.00028292,pretrain_full_4gpu_20260926.log,258719,264651,1.7575159999999936
1,2,64700,66163,1.7735,1.7735,0.0,0.00028281,pretrain_full_4gpu_20260926.log,258799,264651,1.7579679999999938
1,2,64720,66163,1.7046,1.7046,0.0,0.00028271,pretrain_full_4gpu_20260926.log,258879,264651,1.7583119999999937
1,2,64740,66163,1.7541,1.7541,0.0,0.0002826,pretrain_full_4gpu_20260926.log,258959,264651,1.7587239999999937
1,2,64760,66163,1.6465,1.6465,0.0,0.00028249,pretrain_full_4gpu_20260926.log,259039,264651,1.751683999999994
1,2,64780,66163,1.7918,1.7918,0.0,0.00028239,pretrain_full_4gpu_20260926.log,259119,264651,1.754527999999994
1,2,64800,66163,1.7428,1.7428,0.0,0.00028228,pretrain_full_4gpu_20260926.log,259199,264651,1.754307999999994
1,2,64820,66163,1.8097,1.8097,0.0,0.00028217,pretrain_full_4gpu_20260926.log,259279,264651,1.7583599999999941
1,2,64840,66163,1.7547,1.7547,0.0,0.00028207,pretrain_full_4gpu_20260926.log,259359,264651,1.757235999999994
1,2,64860,66163,1.7394,1.7394,0.0,0.00028196,pretrain_full_4gpu_20260926.log,259439,264651,1.7543359999999941
1,2,64880,66163,1.8359,1.8359,0.0,0.00028185,pretrain_full_4gpu_20260926.log,259519,264651,1.7565079999999944
1,2,64900,66163,1.791,1.791,0.0,0.00028175,pretrain_full_4gpu_20260926.log,259599,264651,1.7606159999999944
1,2,64920,66163,1.7172,1.7172,0.0,0.00028164,pretrain_full_4gpu_20260926.log,259679,264651,1.7601559999999943
1,2,64940,66163,1.7986,1.7986,0.0,0.00028153,pretrain_full_4gpu_20260926.log,259759,264651,1.7608879999999945
1,2,64960,66163,1.7151,1.7151,0.0,0.00028143,pretrain_full_4gpu_20260926.log,259839,264651,1.7598679999999944
1,2,64980,66163,1.8004,1.8004,0.0,0.00028132,pretrain_full_4gpu_20260926.log,259919,264651,1.7624799999999945
1,2,65000,66163,1.6922,1.6922,0.0,0.00028121,pretrain_full_4gpu_20260926.log,259999,264651,1.7603799999999945
1,2,65020,66163,1.8451,1.8451,0.0,0.0002811,pretrain_full_4gpu_20260926.log,260079,264651,1.7628679999999946
1,2,65040,66163,1.8126,1.8126,0.0,0.000281,pretrain_full_4gpu_20260926.log,260159,264651,1.7638999999999947
1,2,65060,66163,1.7836,1.7836,0.0,0.00028089,pretrain_full_4gpu_20260926.log,260239,264651,1.7650159999999948
1,2,65080,66163,1.6987,1.6987,0.0,0.00028078,pretrain_full_4gpu_20260926.log,260319,264651,1.762907999999995
1,2,65100,66163,1.8259,1.8259,0.0,0.00028068,pretrain_full_4gpu_20260926.log,260399,264651,1.7677639999999948
1,2,65120,66163,1.7722,1.7722,0.0,0.00028057,pretrain_full_4gpu_20260926.log,260479,264651,1.7661399999999947
1,2,65140,66163,1.7534,1.7534,0.0,0.00028046,pretrain_full_4gpu_20260926.log,260559,264651,1.7633439999999945
1,2,65160,66163,1.6583,1.6583,0.0,0.00028036,pretrain_full_4gpu_20260926.log,260639,264651,1.7590279999999945
1,2,65180,66163,1.7783,1.7783,0.0,0.00028025,pretrain_full_4gpu_20260926.log,260719,264651,1.7598239999999945
1,2,65200,66163,1.7376,1.7376,0.0,0.00028014,pretrain_full_4gpu_20260926.log,260799,264651,1.7583879999999945
1,2,65220,66163,1.8378,1.8378,0.0,0.00028004,pretrain_full_4gpu_20260926.log,260879,264651,1.7637159999999945
1,2,65240,66163,1.7751,1.7751,0.0,0.00027993,pretrain_full_4gpu_20260926.log,260959,264651,1.7645559999999947
1,2,65260,66163,1.7746,1.7746,0.0,0.00027982,pretrain_full_4gpu_20260926.log,261039,264651,1.7696799999999946
1,2,65280,66163,1.7984,1.7984,0.0,0.00027972,pretrain_full_4gpu_20260926.log,261119,264651,1.7699439999999944
1,2,65300,66163,1.6806,1.6806,0.0,0.00027961,pretrain_full_4gpu_20260926.log,261199,264651,1.7674559999999944
1,2,65320,66163,1.8101,1.8101,0.0,0.0002795,pretrain_full_4gpu_20260926.log,261279,264651,1.7674719999999942
1,2,65340,66163,1.6132,1.6132,0.0,0.0002794,pretrain_full_4gpu_20260926.log,261359,264651,1.7618119999999942
1,2,65360,66163,1.8408,1.8408,0.0,0.00027929,pretrain_full_4gpu_20260926.log,261439,264651,1.7658679999999942
1,2,65380,66163,1.81,1.81,0.0,0.00027918,pretrain_full_4gpu_20260926.log,261519,264651,1.7648319999999942
1,2,65400,66163,1.6111,1.6111,0.0,0.00027908,pretrain_full_4gpu_20260926.log,261599,264651,1.7576359999999942
1,2,65420,66163,1.7281,1.7281,0.0,0.00027897,pretrain_full_4gpu_20260926.log,261679,264651,1.7580719999999943
1,2,65440,66163,1.6986,1.6986,0.0,0.00027886,pretrain_full_4gpu_20260926.log,261759,264651,1.7540719999999943
1,2,65460,66163,1.7421,1.7421,0.0,0.00027876,pretrain_full_4gpu_20260926.log,261839,264651,1.7551519999999943
1,2,65480,66163,1.678,1.678,0.0,0.00027865,pretrain_full_4gpu_20260926.log,261919,264651,1.750255999999994
1,2,65500,66163,1.7721,1.7721,0.0,0.00027854,pretrain_full_4gpu_20260926.log,261999,264651,1.753451999999994
1,2,65520,66163,1.7616,1.7616,0.0,0.00027843,pretrain_full_4gpu_20260926.log,262079,264651,1.7501119999999941
1,2,65540,66163,1.7724,1.7724,0.0,0.00027833,pretrain_full_4gpu_20260926.log,262159,264651,1.7485039999999938
1,2,65560,66163,1.7973,1.7973,0.0,0.00027822,pretrain_full_4gpu_20260926.log,262239,264651,1.7490519999999938
1,2,65580,66163,1.8406,1.8406,0.0,0.00027811,pretrain_full_4gpu_20260926.log,262319,264651,1.7547279999999938
1,2,65600,66163,1.6963,1.6963,0.0,0.00027801,pretrain_full_4gpu_20260926.log,262399,264651,1.749543999999994
1,2,65620,66163,1.7491,1.7491,0.0,0.0002779,pretrain_full_4gpu_20260926.log,262479,264651,1.748619999999994
1,2,65640,66163,1.762,1.762,0.0,0.00027779,pretrain_full_4gpu_20260926.log,262559,264651,1.748963999999994
1,2,65660,66163,1.694,1.694,0.0,0.00027769,pretrain_full_4gpu_20260926.log,262639,264651,1.7503919999999942
1,2,65680,66163,1.7188,1.7188,0.0,0.00027758,pretrain_full_4gpu_20260926.log,262719,264651,1.7480119999999943
1,2,65700,66163,1.7366,1.7366,0.0,0.00027747,pretrain_full_4gpu_20260926.log,262799,264651,1.7479719999999943
1,2,65720,66163,1.7865,1.7865,0.0,0.00027737,pretrain_full_4gpu_20260926.log,262879,264651,1.7459199999999941
1,2,65740,66163,1.7767,1.7767,0.0,0.00027726,pretrain_full_4gpu_20260926.log,262959,264651,1.745983999999994
1,2,65760,66163,1.6647,1.6647,0.0,0.00027715,pretrain_full_4gpu_20260926.log,263039,264651,1.7415879999999941
1,2,65780,66163,1.7407,1.7407,0.0,0.00027705,pretrain_full_4gpu_20260926.log,263119,264651,1.739279999999994
1,2,65800,66163,1.6895,1.6895,0.0,0.00027694,pretrain_full_4gpu_20260926.log,263199,264651,1.7396359999999942
1,2,65820,66163,1.8474,1.8474,0.0,0.00027683,pretrain_full_4gpu_20260926.log,263279,264651,1.7411279999999942
1,2,65840,66163,1.8215,1.8215,0.0,0.00027673,pretrain_full_4gpu_20260926.log,263359,264651,1.7494599999999942
1,2,65860,66163,1.7478,1.7478,0.0,0.00027662,pretrain_full_4gpu_20260926.log,263439,264651,1.745739999999994
1,2,65880,66163,1.6776,1.6776,0.0,0.00027651,pretrain_full_4gpu_20260926.log,263519,264651,1.7404439999999939
1,2,65900,66163,1.7945,1.7945,0.0,0.0002764,pretrain_full_4gpu_20260926.log,263599,264651,1.747779999999994
1,2,65920,66163,1.7622,1.7622,0.0,0.0002763,pretrain_full_4gpu_20260926.log,263679,264651,1.749143999999994
1,2,65940,66163,1.7637,1.7637,0.0,0.00027619,pretrain_full_4gpu_20260926.log,263759,264651,1.751747999999994
1,2,65960,66163,1.8523,1.8523,0.0,0.00027608,pretrain_full_4gpu_20260926.log,263839,264651,1.756155999999994
1,2,65980,66163,1.7926,1.7926,0.0,0.00027598,pretrain_full_4gpu_20260926.log,263919,264651,1.7607399999999942
1,2,66000,66163,1.7841,1.7841,0.0,0.00027587,pretrain_full_4gpu_20260926.log,263999,264651,1.7612199999999942
1,2,66020,66163,1.8554,1.8554,0.0,0.00027576,pretrain_full_4gpu_20260926.log,264079,264651,1.7649719999999942
1,2,66040,66163,1.648,1.648,0.0,0.00027566,pretrain_full_4gpu_20260926.log,264159,264651,1.7599959999999946
1,2,66060,66163,1.8364,1.8364,0.0,0.00027555,pretrain_full_4gpu_20260926.log,264239,264651,1.7615599999999945
1,2,66080,66163,1.7528,1.7528,0.0,0.00027544,pretrain_full_4gpu_20260926.log,264319,264651,1.7580479999999943
1,2,66100,66163,1.7481,1.7481,0.0,0.00027534,pretrain_full_4gpu_20260926.log,264399,264651,1.7601199999999944
1,2,66120,66163,1.7422,1.7422,0.0,0.00027523,pretrain_full_4gpu_20260926.log,264479,264651,1.7598439999999942
1,2,66140,66163,1.8142,1.8142,0.0,0.00027512,pretrain_full_4gpu_20260926.log,264559,264651,1.7619319999999943
1,2,66160,66163,1.7585,1.7585,0.0,0.00027502,pretrain_full_4gpu_20260926.log,264639,264651,1.764511999999994
1,2,66163,66163,1.6889,1.6889,0.0,0.000275,pretrain_full_4gpu_20260926.log,264651,264651,1.7633159999999939
2,2,20,66163,1.8027,1.8027,0.0,0.00027489,pretrain_full_4gpu_20260926.log,264731,264651,1.7659599999999938
2,2,40,66163,1.7773,1.7773,0.0,0.00027479,pretrain_full_4gpu_20260926.log,264811,264651,1.7655919999999938
2,2,60,66163,1.7916,1.7916,0.0,0.00027468,pretrain_full_4gpu_20260926.log,264891,264651,1.7661879999999939
2,2,80,66163,1.6992,1.6992,0.0,0.00027457,pretrain_full_4gpu_20260926.log,264971,264651,1.7675679999999938
2,2,100,66163,1.6829,1.6829,0.0,0.00027447,pretrain_full_4gpu_20260926.log,265051,264651,1.765255999999994
2,2,120,66163,1.703,1.703,0.0,0.00027436,pretrain_full_4gpu_20260926.log,265131,264651,1.765795999999994
2,2,140,66163,1.5909,1.5909,0.0,0.00027425,pretrain_full_4gpu_20260926.log,265211,264651,1.755535999999994
2,2,160,66163,1.6794,1.6794,0.0,0.00027415,pretrain_full_4gpu_20260926.log,265291,264651,1.749851999999994
2,2,180,66163,1.6971,1.6971,0.0,0.00027404,pretrain_full_4gpu_20260926.log,265371,264651,1.747823999999994
2,2,200,66163,1.7489,1.7489,0.0,0.00027393,pretrain_full_4gpu_20260926.log,265451,264651,1.7506759999999941
2,2,220,66163,1.6753,1.6753,0.0,0.00027382,pretrain_full_4gpu_20260926.log,265531,264651,1.745907999999994
2,2,240,66163,1.654,1.654,0.0,0.00027372,pretrain_full_4gpu_20260926.log,265611,264651,1.7415799999999941
2,2,260,66163,1.7591,1.7591,0.0,0.00027361,pretrain_full_4gpu_20260926.log,265691,264651,1.741395999999994
2,2,280,66163,1.7533,1.7533,0.0,0.0002735,pretrain_full_4gpu_20260926.log,265771,264651,1.7374359999999942
2,2,300,66163,1.7643,1.7643,0.0,0.0002734,pretrain_full_4gpu_20260926.log,265851,264651,1.736303999999994
2,2,320,66163,1.8052,1.8052,0.0,0.00027329,pretrain_full_4gpu_20260926.log,265931,264651,1.737147999999994
2,2,340,66163,1.7003,1.7003,0.0,0.00027318,pretrain_full_4gpu_20260926.log,266011,264651,1.7309439999999938
2,2,360,66163,1.6877,1.6877,0.0,0.00027308,pretrain_full_4gpu_20260926.log,266091,264651,1.7325319999999937
2,2,380,66163,1.7205,1.7205,0.0,0.00027297,pretrain_full_4gpu_20260926.log,266171,264651,1.7278959999999939
2,2,400,66163,1.8071,1.8071,0.0,0.00027286,pretrain_full_4gpu_20260926.log,266251,264651,1.7300679999999937
2,2,420,66163,1.7271,1.7271,0.0,0.00027276,pretrain_full_4gpu_20260926.log,266331,264651,1.7292279999999938
2,2,440,66163,1.7382,1.7382,0.0,0.00027265,pretrain_full_4gpu_20260926.log,266411,264651,1.7290679999999938
2,2,460,66163,1.7517,1.7517,0.0,0.00027254,pretrain_full_4gpu_20260926.log,266491,264651,1.7265679999999939
2,2,480,66163,1.7542,1.7542,0.0,0.00027244,pretrain_full_4gpu_20260926.log,266571,264651,1.7263959999999938
2,2,500,66163,1.7468,1.7468,0.0,0.00027233,pretrain_full_4gpu_20260926.log,266651,264651,1.7287119999999938
2,2,520,66163,1.7756,1.7756,0.0,0.00027222,pretrain_full_4gpu_20260926.log,266731,264651,1.7276279999999937
2,2,540,66163,1.6731,1.6731,0.0,0.00027212,pretrain_full_4gpu_20260926.log,266811,264651,1.7234599999999938
2,2,560,66163,1.6877,1.6877,0.0,0.00027201,pretrain_full_4gpu_20260926.log,266891,264651,1.7193039999999937
2,2,580,66163,1.6999,1.6999,0.0,0.0002719,pretrain_full_4gpu_20260926.log,266971,264651,1.7193319999999936
2,2,600,66163,1.6285,1.6285,0.0,0.0002718,pretrain_full_4gpu_20260926.log,267051,264651,1.7171559999999937
2,2,620,66163,1.7333,1.7333,0.0,0.00027169,pretrain_full_4gpu_20260926.log,267131,264651,1.7183679999999937
2,2,640,66163,1.6713,1.6713,0.0,0.00027158,pretrain_full_4gpu_20260926.log,267211,264651,1.7215839999999938
2,2,660,66163,1.7329,1.7329,0.0,0.00027147,pretrain_full_4gpu_20260926.log,267291,264651,1.7237239999999938
2,2,680,66163,1.7423,1.7423,0.0,0.00027137,pretrain_full_4gpu_20260926.log,267371,264651,1.7255319999999938
2,2,700,66163,1.7531,1.7531,0.0,0.00027126,pretrain_full_4gpu_20260926.log,267451,264651,1.725699999999994
2,2,720,66163,1.7807,1.7807,0.0,0.00027115,pretrain_full_4gpu_20260926.log,267531,264651,1.729915999999994
2,2,740,66163,1.7875,1.7875,0.0,0.00027105,pretrain_full_4gpu_20260926.log,267611,264651,1.7352559999999944
2,2,760,66163,1.7237,1.7237,0.0,0.00027094,pretrain_full_4gpu_20260926.log,267691,264651,1.7338399999999945
2,2,780,66163,1.7537,1.7537,0.0,0.00027083,pretrain_full_4gpu_20260926.log,267771,264651,1.7338559999999945
2,2,800,66163,1.7176,1.7176,0.0,0.00027073,pretrain_full_4gpu_20260926.log,267851,264651,1.7319879999999943
2,2,820,66163,1.7434,1.7434,0.0,0.00027062,pretrain_full_4gpu_20260926.log,267931,264651,1.7295159999999945
2,2,840,66163,1.7462,1.7462,0.0,0.00027051,pretrain_full_4gpu_20260926.log,268011,264651,1.7313519999999947
2,2,860,66163,1.7691,1.7691,0.0,0.00027041,pretrain_full_4gpu_20260926.log,268091,264651,1.7346079999999946
2,2,880,66163,1.7236,1.7236,0.0,0.0002703,pretrain_full_4gpu_20260926.log,268171,264651,1.7347319999999946
2,2,900,66163,1.7669,1.7669,0.0,0.00027019,pretrain_full_4gpu_20260926.log,268251,264651,1.7331239999999946
2,2,920,66163,1.7561,1.7561,0.0,0.00027009,pretrain_full_4gpu_20260926.log,268331,264651,1.7342839999999946
2,2,940,66163,1.7507,1.7507,0.0,0.00026998,pretrain_full_4gpu_20260926.log,268411,264651,1.7347839999999948
2,2,960,66163,1.7359,1.7359,0.0,0.00026987,pretrain_full_4gpu_20260926.log,268491,264651,1.7341519999999948
2,2,980,66163,1.7424,1.7424,0.0,0.00026977,pretrain_full_4gpu_20260926.log,268571,264651,1.7336799999999948
2,2,1000,66163,1.7952,1.7952,0.0,0.00026966,pretrain_full_4gpu_20260926.log,268651,264651,1.735615999999995
2,2,1020,66163,1.79,1.79,0.0,0.00026955,pretrain_full_4gpu_20260926.log,268731,264651,1.7361919999999949
2,2,1040,66163,1.7556,1.7556,0.0,0.00026945,pretrain_full_4gpu_20260926.log,268811,264651,1.7394919999999952
2,2,1060,66163,1.7505,1.7505,0.0,0.00026934,pretrain_full_4gpu_20260926.log,268891,264651,1.7420039999999952
2,2,1080,66163,1.6935,1.6935,0.0,0.00026923,pretrain_full_4gpu_20260926.log,268971,264651,1.7417479999999952
2,2,1100,66163,1.7076,1.7076,0.0,0.00026912,pretrain_full_4gpu_20260926.log,269051,264651,1.7449119999999951
2,2,1120,66163,1.7127,1.7127,0.0,0.00026902,pretrain_full_4gpu_20260926.log,269131,264651,1.744087999999995
2,2,1140,66163,1.7594,1.7594,0.0,0.00026891,pretrain_full_4gpu_20260926.log,269211,264651,1.7476119999999948
2,2,1160,66163,1.7005,1.7005,0.0,0.0002688,pretrain_full_4gpu_20260926.log,269291,264651,1.7463159999999949
2,2,1180,66163,1.6636,1.6636,0.0,0.0002687,pretrain_full_4gpu_20260926.log,269371,264651,1.743167999999995
2,2,1200,66163,1.7752,1.7752,0.0,0.00026859,pretrain_full_4gpu_20260926.log,269451,264651,1.7440519999999946
2,2,1220,66163,1.6649,1.6649,0.0,0.00026848,pretrain_full_4gpu_20260926.log,269531,264651,1.7394199999999946
2,2,1240,66163,1.6378,1.6378,0.0,0.00026838,pretrain_full_4gpu_20260926.log,269611,264651,1.7334319999999945
2,2,1260,66163,1.734,1.734,0.0,0.00026827,pretrain_full_4gpu_20260926.log,269691,264651,1.7338439999999946
2,2,1280,66163,1.7498,1.7498,0.0,0.00026816,pretrain_full_4gpu_20260926.log,269771,264651,1.7336879999999946
2,2,1300,66163,1.7043,1.7043,0.0,0.00026806,pretrain_full_4gpu_20260926.log,269851,264651,1.7331559999999948
2,2,1320,66163,1.7872,1.7872,0.0,0.00026795,pretrain_full_4gpu_20260926.log,269931,264651,1.7349079999999946
2,2,1340,66163,1.7522,1.7522,0.0,0.00026784,pretrain_full_4gpu_20260926.log,270011,264651,1.7351479999999946
2,2,1360,66163,1.765,1.765,0.0,0.00026774,pretrain_full_4gpu_20260926.log,270091,264651,1.7349839999999945
2,2,1380,66163,1.7008,1.7008,0.0,0.00026763,pretrain_full_4gpu_20260926.log,270171,264651,1.7340719999999947
2,2,1400,66163,1.6967,1.6967,0.0,0.00026752,pretrain_full_4gpu_20260926.log,270251,264651,1.7312639999999948
2,2,1420,66163,1.768,1.768,0.0,0.00026742,pretrain_full_4gpu_20260926.log,270331,264651,1.7317399999999947
2,2,1440,66163,1.7434,1.7434,0.0,0.00026731,pretrain_full_4gpu_20260926.log,270411,264651,1.7314479999999945
2,2,1460,66163,1.6947,1.6947,0.0,0.0002672,pretrain_full_4gpu_20260926.log,270491,264651,1.7297999999999945
2,2,1480,66163,1.5848,1.5848,0.0,0.0002671,pretrain_full_4gpu_20260926.log,270571,264651,1.7234959999999944
2,2,1500,66163,1.7433,1.7433,0.0,0.00026699,pretrain_full_4gpu_20260926.log,270651,264651,1.7214199999999942
2,2,1520,66163,1.6933,1.6933,0.0,0.00026688,pretrain_full_4gpu_20260926.log,270731,264651,1.7175519999999944
2,2,1540,66163,1.6777,1.6777,0.0,0.00026678,pretrain_full_4gpu_20260926.log,270811,264651,1.7144359999999943
2,2,1560,66163,1.7537,1.7537,0.0,0.00026667,pretrain_full_4gpu_20260926.log,270891,264651,1.7145639999999944
2,2,1580,66163,1.8011,1.8011,0.0,0.00026656,pretrain_full_4gpu_20260926.log,270971,264651,1.7188679999999943
2,2,1600,66163,1.6952,1.6952,0.0,0.00026646,pretrain_full_4gpu_20260926.log,271051,264651,1.7183719999999942
2,2,1620,66163,1.717,1.717,0.0,0.00026635,pretrain_full_4gpu_20260926.log,271131,264651,1.7185439999999943
2,2,1640,66163,1.7059,1.7059,0.0,0.00026624,pretrain_full_4gpu_20260926.log,271211,264651,1.7164039999999943
2,2,1660,66163,1.7205,1.7205,0.0,0.00026613,pretrain_full_4gpu_20260926.log,271291,264651,1.7172039999999944
2,2,1680,66163,1.7276,1.7276,0.0,0.00026603,pretrain_full_4gpu_20260926.log,271371,264651,1.7197639999999945
2,2,1700,66163,1.8011,1.8011,0.0,0.00026592,pretrain_full_4gpu_20260926.log,271451,264651,1.7207999999999943
2,2,1720,66163,1.7524,1.7524,0.0,0.00026581,pretrain_full_4gpu_20260926.log,271531,264651,1.7242999999999944
2,2,1740,66163,1.7528,1.7528,0.0,0.00026571,pretrain_full_4gpu_20260926.log,271611,264651,1.7288999999999946
2,2,1760,66163,1.7395,1.7395,0.0,0.0002656,pretrain_full_4gpu_20260926.log,271691,264651,1.7291199999999944
2,2,1780,66163,1.8009,1.8009,0.0,0.00026549,pretrain_full_4gpu_20260926.log,271771,264651,1.7311639999999944
2,2,1800,66163,1.7366,1.7366,0.0,0.00026539,pretrain_full_4gpu_20260926.log,271851,264651,1.7324559999999947
2,2,1820,66163,1.6791,1.6791,0.0,0.00026528,pretrain_full_4gpu_20260926.log,271931,264651,1.7281319999999945
2,2,1840,66163,1.8146,1.8146,0.0,0.00026517,pretrain_full_4gpu_20260926.log,272011,264651,1.7306279999999945
2,2,1860,66163,1.7052,1.7052,0.0,0.00026507,pretrain_full_4gpu_20260926.log,272091,264651,1.7282359999999943
2,2,1880,66163,1.7521,1.7521,0.0,0.00026496,pretrain_full_4gpu_20260926.log,272171,264651,1.7302879999999943
2,2,1900,66163,1.7118,1.7118,0.0,0.00026485,pretrain_full_4gpu_20260926.log,272251,264651,1.730891999999994
2,2,1920,66163,1.6301,1.6301,0.0,0.00026475,pretrain_full_4gpu_20260926.log,272331,264651,1.725375999999994
2,2,1940,66163,1.834,1.834,0.0,0.00026464,pretrain_full_4gpu_20260926.log,272411,264651,1.728999999999994
2,2,1960,66163,1.7386,1.7386,0.0,0.00026453,pretrain_full_4gpu_20260926.log,272491,264651,1.7307559999999942
2,2,1980,66163,1.7151,1.7151,0.0,0.00026443,pretrain_full_4gpu_20260926.log,272571,264651,1.735967999999994
2,2,2000,66163,1.7834,1.7834,0.0,0.00026432,pretrain_full_4gpu_20260926.log,272651,264651,1.7375719999999941
2,2,2020,66163,1.7651,1.7651,0.0,0.00026421,pretrain_full_4gpu_20260926.log,272731,264651,1.7404439999999939
2,2,2040,66163,1.6831,1.6831,0.0,0.00026411,pretrain_full_4gpu_20260926.log,272811,264651,1.740659999999994
2,2,2060,66163,1.7664,1.7664,0.0,0.000264,pretrain_full_4gpu_20260926.log,272891,264651,1.7411679999999938
2,2,2080,66163,1.7388,1.7388,0.0,0.00026389,pretrain_full_4gpu_20260926.log,272971,264651,1.738675999999994
2,2,2100,66163,1.7465,1.7465,0.0,0.00026379,pretrain_full_4gpu_20260926.log,273051,264651,1.7407279999999938
2,2,2120,66163,1.7557,1.7557,0.0,0.00026368,pretrain_full_4gpu_20260926.log,273131,264651,1.7422759999999937
2,2,2140,66163,1.697,1.697,0.0,0.00026357,pretrain_full_4gpu_20260926.log,273211,264651,1.741919999999994
2,2,2160,66163,1.6387,1.6387,0.0,0.00026347,pretrain_full_4gpu_20260926.log,273291,264651,1.7386479999999938
2,2,2180,66163,1.6856,1.6856,0.0,0.00026336,pretrain_full_4gpu_20260926.log,273371,264651,1.7369679999999936
2,2,2200,66163,1.7625,1.7625,0.0,0.00026325,pretrain_full_4gpu_20260926.log,273451,264651,1.7354239999999939
2,2,2220,66163,1.6873,1.6873,0.0,0.00026315,pretrain_full_4gpu_20260926.log,273531,264651,1.7328199999999938
2,2,2240,66163,1.766,1.766,0.0,0.00026304,pretrain_full_4gpu_20260926.log,273611,264651,1.7333479999999937
2,2,2260,66163,1.7619,1.7619,0.0,0.00026293,pretrain_full_4gpu_20260926.log,273691,264651,1.7342439999999937
2,2,2280,66163,1.8406,1.8406,0.0,0.00026283,pretrain_full_4gpu_20260926.log,273771,264651,1.7358319999999938
2,2,2300,66163,1.6988,1.6988,0.0,0.00026272,pretrain_full_4gpu_20260926.log,273851,264651,1.7343199999999936
2,2,2320,66163,1.6743,1.6743,0.0,0.00026261,pretrain_full_4gpu_20260926.log,273931,264651,1.734127999999994
2,2,2340,66163,1.6609,1.6609,0.0,0.00026251,pretrain_full_4gpu_20260926.log,274011,264651,1.7279799999999939
2,2,2360,66163,1.7793,1.7793,0.0,0.0002624,pretrain_full_4gpu_20260926.log,274091,264651,1.7309439999999938
2,2,2380,66163,1.6722,1.6722,0.0,0.00026229,pretrain_full_4gpu_20260926.log,274171,264651,1.7277479999999938
2,2,2400,66163,1.6461,1.6461,0.0,0.00026219,pretrain_full_4gpu_20260926.log,274251,264651,1.7251199999999938
2,2,2420,66163,1.6599,1.6599,0.0,0.00026208,pretrain_full_4gpu_20260926.log,274331,264651,1.7263119999999939
2,2,2440,66163,1.7409,1.7409,0.0,0.00026197,pretrain_full_4gpu_20260926.log,274411,264651,1.7225879999999938
2,2,2460,66163,1.6259,1.6259,0.0,0.00026187,pretrain_full_4gpu_20260926.log,274491,264651,1.718079999999994
2,2,2480,66163,1.6809,1.6809,0.0,0.00026176,pretrain_full_4gpu_20260926.log,274571,264651,1.716711999999994
2,2,2500,66163,1.7182,1.7182,0.0,0.00026165,pretrain_full_4gpu_20260926.log,274651,264651,1.714103999999994
2,2,2520,66163,1.7125,1.7125,0.0,0.00026155,pretrain_full_4gpu_20260926.log,274731,264651,1.7119999999999942
2,2,2540,66163,1.7889,1.7889,0.0,0.00026144,pretrain_full_4gpu_20260926.log,274811,264651,1.716231999999994
2,2,2560,66163,1.707,1.707,0.0,0.00026133,pretrain_full_4gpu_20260926.log,274891,264651,1.713855999999994
2,2,2580,66163,1.6239,1.6239,0.0,0.00026123,pretrain_full_4gpu_20260926.log,274971,264651,1.7092599999999942
2,2,2600,66163,1.6548,1.6548,0.0,0.00026112,pretrain_full_4gpu_20260926.log,275051,264651,1.7055919999999944
2,2,2620,66163,1.6931,1.6931,0.0,0.00026101,pretrain_full_4gpu_20260926.log,275131,264651,1.7030879999999946
2,2,2640,66163,1.776,1.776,0.0,0.00026091,pretrain_full_4gpu_20260926.log,275211,264651,1.7062479999999944
2,2,2660,66163,1.7662,1.7662,0.0,0.0002608,pretrain_full_4gpu_20260926.log,275291,264651,1.7113479999999945
2,2,2680,66163,1.7952,1.7952,0.0,0.00026069,pretrain_full_4gpu_20260926.log,275371,264651,1.7157319999999945
2,2,2700,66163,1.7446,1.7446,0.0,0.00026059,pretrain_full_4gpu_20260926.log,275451,264651,1.7150159999999943
2,2,2720,66163,1.8064,1.8064,0.0,0.00026048,pretrain_full_4gpu_20260926.log,275531,264651,1.719779999999994
2,2,2740,66163,1.7558,1.7558,0.0,0.00026037,pretrain_full_4gpu_20260926.log,275611,264651,1.7193719999999941
2,2,2760,66163,1.745,1.745,0.0,0.00026027,pretrain_full_4gpu_20260926.log,275691,264651,1.7186959999999942
2,2,2780,66163,1.7261,1.7261,0.0,0.00026016,pretrain_full_4gpu_20260926.log,275771,264651,1.7141159999999942
2,2,2800,66163,1.7222,1.7222,0.0,0.00026005,pretrain_full_4gpu_20260926.log,275851,264651,1.7150519999999942
2,2,2820,66163,1.6799,1.6799,0.0,0.00025995,pretrain_full_4gpu_20260926.log,275931,264651,1.7152759999999945
2,2,2840,66163,1.7129,1.7129,0.0,0.00025984,pretrain_full_4gpu_20260926.log,276011,264651,1.7173559999999943
2,2,2860,66163,1.7751,1.7751,0.0,0.00025973,pretrain_full_4gpu_20260926.log,276091,264651,1.7171879999999944
2,2,2880,66163,1.71,1.71,0.0,0.00025963,pretrain_full_4gpu_20260926.log,276171,264651,1.7186999999999946
2,2,2900,66163,1.692,1.692,0.0,0.00025952,pretrain_full_4gpu_20260926.log,276251,264651,1.7205359999999947
2,2,2920,66163,1.9452,1.9452,0.0,0.00025941,pretrain_full_4gpu_20260926.log,276331,264651,1.7319479999999947
2,2,2940,66163,1.7235,1.7235,0.0,0.00025931,pretrain_full_4gpu_20260926.log,276411,264651,1.731251999999995
2,2,2960,66163,1.6605,1.6605,0.0,0.0002592,pretrain_full_4gpu_20260926.log,276491,264651,1.732635999999995
2,2,2980,66163,1.7097,1.7097,0.0,0.00025909,pretrain_full_4gpu_20260926.log,276571,264651,1.7337879999999948
2,2,3000,66163,1.6833,1.6833,0.0,0.00025899,pretrain_full_4gpu_20260926.log,276651,264651,1.7323919999999946
2,2,3020,66163,1.7445,1.7445,0.0,0.00025888,pretrain_full_4gpu_20260926.log,276731,264651,1.7336719999999948
2,2,3040,66163,1.7146,1.7146,0.0,0.00025878,pretrain_full_4gpu_20260926.log,276811,264651,1.7306999999999948
2,2,3060,66163,1.7532,1.7532,0.0,0.00025867,pretrain_full_4gpu_20260926.log,276891,264651,1.7325479999999949
2,2,3080,66163,1.7229,1.7229,0.0,0.00025856,pretrain_full_4gpu_20260926.log,276971,264651,1.7365079999999948
2,2,3100,66163,1.7583,1.7583,0.0,0.00025846,pretrain_full_4gpu_20260926.log,277051,264651,1.7406479999999949
2,2,3120,66163,1.7282,1.7282,0.0,0.00025835,pretrain_full_4gpu_20260926.log,277131,264651,1.7420519999999948
2,2,3140,66163,1.8011,1.8011,0.0,0.00025824,pretrain_full_4gpu_20260926.log,277211,264651,1.7430559999999946
2,2,3160,66163,1.7189,1.7189,0.0,0.00025814,pretrain_full_4gpu_20260926.log,277291,264651,1.7411639999999946
2,2,3180,66163,1.776,1.776,0.0,0.00025803,pretrain_full_4gpu_20260926.log,277371,264651,1.7403959999999947
2,2,3200,66163,1.7458,1.7458,0.0,0.00025792,pretrain_full_4gpu_20260926.log,277451,264651,1.7404439999999948
2,2,3220,66163,1.7334,1.7334,0.0,0.00025782,pretrain_full_4gpu_20260926.log,277531,264651,1.7375239999999952
2,2,3240,66163,1.7254,1.7254,0.0,0.00025771,pretrain_full_4gpu_20260926.log,277611,264651,1.736307999999995
2,2,3260,66163,1.655,1.655,0.0,0.0002576,pretrain_full_4gpu_20260926.log,277691,264651,1.7327079999999953
2,2,3280,66163,1.6389,1.6389,0.0,0.0002575,pretrain_full_4gpu_20260926.log,277771,264651,1.729219999999995
2,2,3300,66163,1.6728,1.6728,0.0,0.00025739,pretrain_full_4gpu_20260926.log,277851,264651,1.7272439999999951
2,2,3320,66163,1.771,1.771,0.0,0.00025728,pretrain_full_4gpu_20260926.log,277931,264651,1.7308879999999953
2,2,3340,66163,1.6521,1.6521,0.0,0.00025718,pretrain_full_4gpu_20260926.log,278011,264651,1.7284559999999953
2,2,3360,66163,1.7898,1.7898,0.0,0.00025707,pretrain_full_4gpu_20260926.log,278091,264651,1.7290439999999954
2,2,3380,66163,1.7665,1.7665,0.0,0.00025696,pretrain_full_4gpu_20260926.log,278171,264651,1.7313039999999953
2,2,3400,66163,1.7604,1.7604,0.0,0.00025686,pretrain_full_4gpu_20260926.log,278251,264651,1.7340399999999951
2,2,3420,66163,1.7253,1.7253,0.0,0.00025675,pretrain_full_4gpu_20260926.log,278331,264651,1.7252439999999951
2,2,3440,66163,1.7439,1.7439,0.0,0.00025664,pretrain_full_4gpu_20260926.log,278411,264651,1.7260599999999948
2,2,3460,66163,1.6236,1.6236,0.0,0.00025654,pretrain_full_4gpu_20260926.log,278491,264651,1.724583999999995
2,2,3480,66163,1.8344,1.8344,0.0,0.00025643,pretrain_full_4gpu_20260926.log,278571,264651,1.7295719999999952
2,2,3500,66163,1.7922,1.7922,0.0,0.00025633,pretrain_full_4gpu_20260926.log,278651,264651,1.733927999999995
2,2,3520,66163,1.6825,1.6825,0.0,0.00025622,pretrain_full_4gpu_20260926.log,278731,264651,1.731447999999995
2,2,3540,66163,1.7433,1.7433,0.0,0.00025611,pretrain_full_4gpu_20260926.log,278811,264651,1.732595999999995
2,2,3560,66163,1.7764,1.7764,0.0,0.00025601,pretrain_full_4gpu_20260926.log,278891,264651,1.733523999999995
2,2,3580,66163,1.7115,1.7115,0.0,0.0002559,pretrain_full_4gpu_20260926.log,278971,264651,1.733067999999995
2,2,3600,66163,1.7095,1.7095,0.0,0.00025579,pretrain_full_4gpu_20260926.log,279051,264651,1.731115999999995
2,2,3620,66163,1.7077,1.7077,0.0,0.00025569,pretrain_full_4gpu_20260926.log,279131,264651,1.730295999999995
2,2,3640,66163,1.7359,1.7359,0.0,0.00025558,pretrain_full_4gpu_20260926.log,279211,264651,1.7276879999999952
2,2,3660,66163,1.8281,1.8281,0.0,0.00025547,pretrain_full_4gpu_20260926.log,279291,264651,1.7320559999999952
2,2,3680,66163,1.6221,1.6221,0.0,0.00025537,pretrain_full_4gpu_20260926.log,279371,264651,1.725899999999995
2,2,3700,66163,1.6878,1.6878,0.0,0.00025526,pretrain_full_4gpu_20260926.log,279451,264651,1.7235799999999952
2,2,3720,66163,1.7108,1.7108,0.0,0.00025515,pretrain_full_4gpu_20260926.log,279531,264651,1.722675999999995
2,2,3740,66163,1.6538,1.6538,0.0,0.00025505,pretrain_full_4gpu_20260926.log,279611,264651,1.7198119999999948
2,2,3760,66163,1.8059,1.8059,0.0,0.00025494,pretrain_full_4gpu_20260926.log,279691,264651,1.725847999999995
2,2,3780,66163,1.7044,1.7044,0.0,0.00025484,pretrain_full_4gpu_20260926.log,279771,264651,1.728467999999995
2,2,3800,66163,1.7759,1.7759,0.0,0.00025473,pretrain_full_4gpu_20260926.log,279851,264651,1.7325919999999948
2,2,3820,66163,1.7233,1.7233,0.0,0.00025462,pretrain_full_4gpu_20260926.log,279931,264651,1.7306839999999948
2,2,3840,66163,1.7071,1.7071,0.0,0.00025452,pretrain_full_4gpu_20260926.log,280011,264651,1.7328839999999948
2,2,3860,66163,1.7547,1.7547,0.0,0.00025441,pretrain_full_4gpu_20260926.log,280091,264651,1.7314799999999948
2,2,3880,66163,1.698,1.698,0.0,0.0002543,pretrain_full_4gpu_20260926.log,280171,264651,1.7287399999999948
2,2,3900,66163,1.7194,1.7194,0.0,0.0002542,pretrain_full_4gpu_20260926.log,280251,264651,1.727099999999995
2,2,3920,66163,1.7342,1.7342,0.0,0.00025409,pretrain_full_4gpu_20260926.log,280331,264651,1.7274559999999952
2,2,3940,66163,1.6311,1.6311,0.0,0.00025398,pretrain_full_4gpu_20260926.log,280411,264651,1.7229439999999954
2,2,3960,66163,1.7512,1.7512,0.0,0.00025388,pretrain_full_4gpu_20260926.log,280491,264651,1.7280479999999951
2,2,3980,66163,1.7966,1.7966,0.0,0.00025377,pretrain_full_4gpu_20260926.log,280571,264651,1.726535999999995
2,2,4000,66163,1.6955,1.6955,0.0,0.00025366,pretrain_full_4gpu_20260926.log,280651,264651,1.722667999999995
2,2,4020,66163,1.6932,1.6932,0.0,0.00025356,pretrain_full_4gpu_20260926.log,280731,264651,1.723095999999995
2,2,4040,66163,1.7707,1.7707,0.0,0.00025345,pretrain_full_4gpu_20260926.log,280811,264651,1.724191999999995
2,2,4060,66163,1.782,1.782,0.0,0.00025335,pretrain_full_4gpu_20260926.log,280891,264651,1.724415999999995
2,2,4080,66163,1.645,1.645,0.0,0.00025324,pretrain_full_4gpu_20260926.log,280971,264651,1.7217559999999952
2,2,4100,66163,1.7308,1.7308,0.0,0.00025313,pretrain_full_4gpu_20260926.log,281051,264651,1.7226079999999953
2,2,4120,66163,1.7314,1.7314,0.0,0.00025303,pretrain_full_4gpu_20260926.log,281131,264651,1.7235559999999952
2,2,4140,66163,1.6455,1.6455,0.0,0.00025292,pretrain_full_4gpu_20260926.log,281211,264651,1.7199399999999951
2,2,4160,66163,1.6624,1.6624,0.0,0.00025281,pretrain_full_4gpu_20260926.log,281291,264651,1.713311999999995
2,2,4180,66163,1.7682,1.7682,0.0,0.00025271,pretrain_full_4gpu_20260926.log,281371,264651,1.719155999999995
2,2,4200,66163,1.7549,1.7549,0.0,0.0002526,pretrain_full_4gpu_20260926.log,281451,264651,1.721839999999995
2,2,4220,66163,1.7497,1.7497,0.0,0.0002525,pretrain_full_4gpu_20260926.log,281531,264651,1.7233959999999948
2,2,4240,66163,1.7091,1.7091,0.0,0.00025239,pretrain_full_4gpu_20260926.log,281611,264651,1.725607999999995
2,2,4260,66163,1.685,1.685,0.0,0.00025228,pretrain_full_4gpu_20260926.log,281691,264651,1.7207719999999949
2,2,4280,66163,1.6764,1.6764,0.0,0.00025218,pretrain_full_4gpu_20260926.log,281771,264651,1.719651999999995
2,2,4300,66163,1.736,1.736,0.0,0.00025207,pretrain_full_4gpu_20260926.log,281851,264651,1.718055999999995
2,2,4320,66163,1.764,1.764,0.0,0.00025196,pretrain_full_4gpu_20260926.log,281931,264651,1.7196839999999949
2,2,4340,66163,1.6903,1.6903,0.0,0.00025186,pretrain_full_4gpu_20260926.log,282011,264651,1.719011999999995
2,2,4360,66163,1.7369,1.7369,0.0,0.00025175,pretrain_full_4gpu_20260926.log,282091,264651,1.718299999999995
2,2,4380,66163,1.6859,1.6859,0.0,0.00025165,pretrain_full_4gpu_20260926.log,282171,264651,1.717815999999995
2,2,4400,66163,1.6569,1.6569,0.0,0.00025154,pretrain_full_4gpu_20260926.log,282251,264651,1.715315999999995
2,2,4420,66163,1.6206,1.6206,0.0,0.00025143,pretrain_full_4gpu_20260926.log,282331,264651,1.7107719999999949
2,2,4440,66163,1.755,1.755,0.0,0.00025133,pretrain_full_4gpu_20260926.log,282411,264651,1.7157279999999953
2,2,4460,66163,1.7813,1.7813,0.0,0.00025122,pretrain_full_4gpu_20260926.log,282491,264651,1.7169319999999955
2,2,4480,66163,1.7829,1.7829,0.0,0.00025111,pretrain_full_4gpu_20260926.log,282571,264651,1.7163839999999952
2,2,4500,66163,1.7397,1.7397,0.0,0.00025101,pretrain_full_4gpu_20260926.log,282651,264651,1.7181519999999952
2,2,4520,66163,1.7213,1.7213,0.0,0.0002509,pretrain_full_4gpu_20260926.log,282731,264651,1.7192759999999954
2,2,4540,66163,1.7549,1.7549,0.0,0.0002508,pretrain_full_4gpu_20260926.log,282811,264651,1.7186439999999954
2,2,4560,66163,1.6742,1.6742,0.0,0.00025069,pretrain_full_4gpu_20260926.log,282891,264651,1.7143319999999955
2,2,4580,66163,1.6817,1.6817,0.0,0.00025058,pretrain_full_4gpu_20260926.log,282971,264651,1.7157999999999953
2,2,4600,66163,1.7619,1.7619,0.0,0.00025048,pretrain_full_4gpu_20260926.log,283051,264651,1.7170439999999951
2,2,4620,66163,1.7421,1.7421,0.0,0.00025037,pretrain_full_4gpu_20260926.log,283131,264651,1.717471999999995
2,2,4640,66163,1.681,1.681,0.0,0.00025026,pretrain_full_4gpu_20260926.log,283211,264651,1.718891999999995
2,2,4660,66163,1.7415,1.7415,0.0,0.00025016,pretrain_full_4gpu_20260926.log,283291,264651,1.7220559999999951
2,2,4680,66163,1.8967,1.8967,0.0,0.00025005,pretrain_full_4gpu_20260926.log,283371,264651,1.7271959999999953
2,2,4700,66163,1.7625,1.7625,0.0,0.00024995,pretrain_full_4gpu_20260926.log,283451,264651,1.7274999999999954
2,2,4720,66163,1.7877,1.7877,0.0,0.00024984,pretrain_full_4gpu_20260926.log,283531,264651,1.7290199999999956
2,2,4740,66163,1.6616,1.6616,0.0,0.00024973,pretrain_full_4gpu_20260926.log,283611,264651,1.7271199999999955
2,2,4760,66163,1.7219,1.7219,0.0,0.00024963,pretrain_full_4gpu_20260926.log,283691,264651,1.7285959999999954
2,2,4780,66163,1.8141,1.8141,0.0,0.00024952,pretrain_full_4gpu_20260926.log,283771,264651,1.7341039999999956
2,2,4800,66163,1.7641,1.7641,0.0,0.00024941,pretrain_full_4gpu_20260926.log,283851,264651,1.7352279999999956
2,2,4820,66163,1.7221,1.7221,0.0,0.00024931,pretrain_full_4gpu_20260926.log,283931,264651,1.7335519999999953
2,2,4840,66163,1.743,1.743,0.0,0.0002492,pretrain_full_4gpu_20260926.log,284011,264651,1.7356599999999955
2,2,4860,66163,1.7703,1.7703,0.0,0.0002491,pretrain_full_4gpu_20260926.log,284091,264651,1.7369959999999955
2,2,4880,66163,1.752,1.752,0.0,0.00024899,pretrain_full_4gpu_20260926.log,284171,264651,1.7396399999999956
2,2,4900,66163,1.7251,1.7251,0.0,0.00024888,pretrain_full_4gpu_20260926.log,284251,264651,1.7423679999999957
2,2,4920,66163,1.6933,1.6933,0.0,0.00024878,pretrain_full_4gpu_20260926.log,284331,264651,1.7452759999999956
2,2,4940,66163,1.7148,1.7148,0.0,0.00024867,pretrain_full_4gpu_20260926.log,284411,264651,1.7436679999999953
2,2,4960,66163,1.7629,1.7629,0.0,0.00024857,pretrain_full_4gpu_20260926.log,284491,264651,1.7429319999999953
2,2,4980,66163,1.7125,1.7125,0.0,0.00024846,pretrain_full_4gpu_20260926.log,284571,264651,1.7401159999999953
2,2,5000,66163,1.7305,1.7305,0.0,0.00024835,pretrain_full_4gpu_20260926.log,284651,264651,1.7397479999999954
2,2,5020,66163,1.7386,1.7386,0.0,0.00024825,pretrain_full_4gpu_20260926.log,284731,264651,1.7404399999999953
2,2,5040,66163,1.7045,1.7045,0.0,0.00024814,pretrain_full_4gpu_20260926.log,284811,264651,1.7384239999999955
2,2,5060,66163,1.7967,1.7967,0.0,0.00024804,pretrain_full_4gpu_20260926.log,284891,264651,1.7433239999999954
2,2,5080,66163,1.7496,1.7496,0.0,0.00024793,pretrain_full_4gpu_20260926.log,284971,264651,1.7460399999999956
2,2,5100,66163,1.8104,1.8104,0.0,0.00024782,pretrain_full_4gpu_20260926.log,285051,264651,1.7479799999999956
2,2,5120,66163,1.7284,1.7284,0.0,0.00024772,pretrain_full_4gpu_20260926.log,285131,264651,1.7474319999999957
2,2,5140,66163,1.7591,1.7591,0.0,0.00024761,pretrain_full_4gpu_20260926.log,285211,264651,1.7505559999999958
2,2,5160,66163,1.74,1.74,0.0,0.00024751,pretrain_full_4gpu_20260926.log,285291,264651,1.7504959999999956
2,2,5180,66163,1.7917,1.7917,0.0,0.0002474,pretrain_full_4gpu_20260926.log,285371,264651,1.7462959999999956
2,2,5200,66163,1.7825,1.7825,0.0,0.00024729,pretrain_full_4gpu_20260926.log,285451,264651,1.7470959999999953
2,2,5220,66163,1.7136,1.7136,0.0,0.00024719,pretrain_full_4gpu_20260926.log,285531,264651,1.7441319999999954
2,2,5240,66163,1.6481,1.6481,0.0,0.00024708,pretrain_full_4gpu_20260926.log,285611,264651,1.7435919999999954
2,2,5260,66163,1.7029,1.7029,0.0,0.00024698,pretrain_full_4gpu_20260926.log,285691,264651,1.7428319999999955
2,2,5280,66163,1.6395,1.6395,0.0,0.00024687,pretrain_full_4gpu_20260926.log,285771,264651,1.7358479999999952
2,2,5300,66163,1.7144,1.7144,0.0,0.00024676,pretrain_full_4gpu_20260926.log,285851,264651,1.733859999999995
2,2,5320,66163,1.6594,1.6594,0.0,0.00024666,pretrain_full_4gpu_20260926.log,285931,264651,1.7313519999999951
2,2,5340,66163,1.7532,1.7532,0.0,0.00024655,pretrain_full_4gpu_20260926.log,286011,264651,1.731759999999995
2,2,5360,66163,1.6861,1.6861,0.0,0.00024645,pretrain_full_4gpu_20260926.log,286091,264651,1.7283919999999953
2,2,5380,66163,1.7148,1.7148,0.0,0.00024634,pretrain_full_4gpu_20260926.log,286171,264651,1.7269039999999949
2,2,5400,66163,1.6482,1.6482,0.0,0.00024623,pretrain_full_4gpu_20260926.log,286251,264651,1.7238279999999953
2,2,5420,66163,1.7263,1.7263,0.0,0.00024613,pretrain_full_4gpu_20260926.log,286331,264651,1.7251479999999952
2,2,5440,66163,1.6385,1.6385,0.0,0.00024602,pretrain_full_4gpu_20260926.log,286411,264651,1.7220959999999954
2,2,5460,66163,1.7536,1.7536,0.0,0.00024592,pretrain_full_4gpu_20260926.log,286491,264651,1.7217239999999954
2,2,5480,66163,1.7171,1.7171,0.0,0.00024581,pretrain_full_4gpu_20260926.log,286571,264651,1.7219079999999953
2,2,5500,66163,1.718,1.718,0.0,0.0002457,pretrain_full_4gpu_20260926.log,286651,264651,1.7214079999999954
2,2,5520,66163,1.6105,1.6105,0.0,0.0002456,pretrain_full_4gpu_20260926.log,286731,264651,1.7162839999999955
2,2,5540,66163,1.7622,1.7622,0.0,0.00024549,pretrain_full_4gpu_20260926.log,286811,264651,1.7185919999999952
2,2,5560,66163,1.7457,1.7457,0.0,0.00024539,pretrain_full_4gpu_20260926.log,286891,264651,1.7165519999999952
2,2,5580,66163,1.768,1.768,0.0,0.00024528,pretrain_full_4gpu_20260926.log,286971,264651,1.7172879999999953
2,2,5600,66163,1.7256,1.7256,0.0,0.00024517,pretrain_full_4gpu_20260926.log,287051,264651,1.7138959999999952
2,2,5620,66163,1.7222,1.7222,0.0,0.00024507,pretrain_full_4gpu_20260926.log,287131,264651,1.7136479999999952
2,2,5640,66163,1.7697,1.7697,0.0,0.00024496,pretrain_full_4gpu_20260926.log,287211,264651,1.7140719999999954
2,2,5660,66163,1.8127,1.8127,0.0,0.00024486,pretrain_full_4gpu_20260926.log,287291,264651,1.7169799999999953
2,2,5680,66163,1.723,1.723,0.0,0.00024475,pretrain_full_4gpu_20260926.log,287371,264651,1.7142319999999953
2,2,5700,66163,1.7325,1.7325,0.0,0.00024464,pretrain_full_4gpu_20260926.log,287451,264651,1.7122319999999953
2,2,5720,66163,1.7602,1.7602,0.0,0.00024454,pretrain_full_4gpu_20260926.log,287531,264651,1.7140959999999952
2,2,5740,66163,1.7328,1.7328,0.0,0.00024443,pretrain_full_4gpu_20260926.log,287611,264651,1.7174839999999951
2,2,5760,66163,1.7453,1.7453,0.0,0.00024433,pretrain_full_4gpu_20260926.log,287691,264651,1.7191799999999953
2,2,5780,66163,1.7592,1.7592,0.0,0.00024422,pretrain_full_4gpu_20260926.log,287771,264651,1.7239679999999953
2,2,5800,66163,1.6909,1.6909,0.0,0.00024412,pretrain_full_4gpu_20260926.log,287851,264651,1.7230279999999953
2,2,5820,66163,1.7155,1.7155,0.0,0.00024401,pretrain_full_4gpu_20260926.log,287931,264651,1.7252719999999955
2,2,5840,66163,1.6596,1.6596,0.0,0.0002439,pretrain_full_4gpu_20260926.log,288011,264651,1.7215279999999953
2,2,5860,66163,1.7432,1.7432,0.0,0.0002438,pretrain_full_4gpu_20260926.log,288091,264651,1.7238119999999952
2,2,5880,66163,1.7143,1.7143,0.0,0.00024369,pretrain_full_4gpu_20260926.log,288171,264651,1.7237919999999953
2,2,5900,66163,1.6961,1.6961,0.0,0.00024359,pretrain_full_4gpu_20260926.log,288251,264651,1.7257079999999954
2,2,5920,66163,1.6817,1.6817,0.0,0.00024348,pretrain_full_4gpu_20260926.log,288331,264651,1.7239239999999953
2,2,5940,66163,1.7481,1.7481,0.0,0.00024337,pretrain_full_4gpu_20260926.log,288411,264651,1.7283079999999953
2,2,5960,66163,1.7326,1.7326,0.0,0.00024327,pretrain_full_4gpu_20260926.log,288491,264651,1.7274679999999953
2,2,5980,66163,1.7563,1.7563,0.0,0.00024316,pretrain_full_4gpu_20260926.log,288571,264651,1.7290359999999954
2,2,6000,66163,1.7543,1.7543,0.0,0.00024306,pretrain_full_4gpu_20260926.log,288651,264651,1.7304879999999951
2,2,6020,66163,1.6381,1.6381,0.0,0.00024295,pretrain_full_4gpu_20260926.log,288731,264651,1.7315919999999951
2,2,6040,66163,1.6602,1.6602,0.0,0.00024285,pretrain_full_4gpu_20260926.log,288811,264651,1.7275119999999953
2,2,6060,66163,1.7165,1.7165,0.0,0.00024274,pretrain_full_4gpu_20260926.log,288891,264651,1.7263439999999952
2,2,6080,66163,1.6515,1.6515,0.0,0.00024263,pretrain_full_4gpu_20260926.log,288971,264651,1.721683999999995
2,2,6100,66163,1.739,1.739,0.0,0.00024253,pretrain_full_4gpu_20260926.log,289051,264651,1.722219999999995
2,2,6120,66163,1.6308,1.6308,0.0,0.00024242,pretrain_full_4gpu_20260926.log,289131,264651,1.7185639999999949
2,2,6140,66163,1.675,1.675,0.0,0.00024232,pretrain_full_4gpu_20260926.log,289211,264651,1.7147759999999947
2,2,6160,66163,1.6949,1.6949,0.0,0.00024221,pretrain_full_4gpu_20260926.log,289291,264651,1.7100639999999947
2,2,6180,66163,1.7436,1.7436,0.0,0.00024211,pretrain_full_4gpu_20260926.log,289371,264651,1.7108879999999949
2,2,6200,66163,1.705,1.705,0.0,0.000242,pretrain_full_4gpu_20260926.log,289451,264651,1.7097879999999948
2,2,6220,66163,1.722,1.722,0.0,0.00024189,pretrain_full_4gpu_20260926.log,289531,264651,1.7082599999999948
2,2,6240,66163,1.757,1.757,0.0,0.00024179,pretrain_full_4gpu_20260926.log,289611,264651,1.7092279999999949
2,2,6260,66163,1.6392,1.6392,0.0,0.00024168,pretrain_full_4gpu_20260926.log,289691,264651,1.704983999999995
2,2,6280,66163,1.7102,1.7102,0.0,0.00024158,pretrain_full_4gpu_20260926.log,289771,264651,1.703023999999995
2,2,6300,66163,1.6832,1.6832,0.0,0.00024147,pretrain_full_4gpu_20260926.log,289851,264651,1.702715999999995
2,2,6320,66163,1.7129,1.7129,0.0,0.00024137,pretrain_full_4gpu_20260926.log,289931,264651,1.702611999999995
2,2,6340,66163,1.7157,1.7157,0.0,0.00024126,pretrain_full_4gpu_20260926.log,290011,264651,1.704855999999995
2,2,6360,66163,1.7704,1.7704,0.0,0.00024116,pretrain_full_4gpu_20260926.log,290091,264651,1.705943999999995
2,2,6380,66163,1.6318,1.6318,0.0,0.00024105,pretrain_full_4gpu_20260926.log,290171,264651,1.702643999999995
2,2,6400,66163,1.7604,1.7604,0.0,0.00024094,pretrain_full_4gpu_20260926.log,290251,264651,1.7052159999999947
2,2,6420,66163,1.6669,1.6669,0.0,0.00024084,pretrain_full_4gpu_20260926.log,290331,264651,1.7046239999999946
2,2,6440,66163,1.7744,1.7744,0.0,0.00024073,pretrain_full_4gpu_20260926.log,290411,264651,1.7056759999999946
2,2,6460,66163,1.7628,1.7628,0.0,0.00024063,pretrain_full_4gpu_20260926.log,290491,264651,1.7068839999999945
2,2,6480,66163,1.7187,1.7187,0.0,0.00024052,pretrain_full_4gpu_20260926.log,290571,264651,1.7053799999999943
2,2,6500,66163,1.7178,1.7178,0.0,0.00024042,pretrain_full_4gpu_20260926.log,290651,264651,1.7039199999999943
2,2,6520,66163,1.652,1.652,0.0,0.00024031,pretrain_full_4gpu_20260926.log,290731,264651,1.7044759999999943
2,2,6540,66163,1.7289,1.7289,0.0,0.0002402,pretrain_full_4gpu_20260926.log,290811,264651,1.7072239999999943
2,2,6560,66163,1.7602,1.7602,0.0,0.0002401,pretrain_full_4gpu_20260926.log,290891,264651,1.7089719999999944
2,2,6580,66163,1.7227,1.7227,0.0,0.00023999,pretrain_full_4gpu_20260926.log,290971,264651,1.7118199999999946
2,2,6600,66163,1.7033,1.7033,0.0,0.00023989,pretrain_full_4gpu_20260926.log,291051,264651,1.7103919999999946
2,2,6620,66163,1.6445,1.6445,0.0,0.00023978,pretrain_full_4gpu_20260926.log,291131,264651,1.7109399999999946
2,2,6640,66163,1.7293,1.7293,0.0,0.00023968,pretrain_full_4gpu_20260926.log,291211,264651,1.7131119999999946
2,2,6660,66163,1.7483,1.7483,0.0,0.00023957,pretrain_full_4gpu_20260926.log,291291,264651,1.7152479999999948
2,2,6680,66163,1.7939,1.7939,0.0,0.00023947,pretrain_full_4gpu_20260926.log,291371,264651,1.717259999999995
2,2,6700,66163,1.805,1.805,0.0,0.00023936,pretrain_full_4gpu_20260926.log,291451,264651,1.721259999999995
2,2,6720,66163,1.771,1.771,0.0,0.00023926,pretrain_full_4gpu_20260926.log,291531,264651,1.7232199999999949
2,2,6740,66163,1.6928,1.6928,0.0,0.00023915,pretrain_full_4gpu_20260926.log,291611,264651,1.720651999999995
2,2,6760,66163,1.6625,1.6625,0.0,0.00023904,pretrain_full_4gpu_20260926.log,291691,264651,1.721583999999995
2,2,6780,66163,1.6538,1.6538,0.0,0.00023894,pretrain_full_4gpu_20260926.log,291771,264651,1.7193279999999946
2,2,6800,66163,1.7384,1.7384,0.0,0.00023883,pretrain_full_4gpu_20260926.log,291851,264651,1.7215359999999946
2,2,6820,66163,1.7712,1.7712,0.0,0.00023873,pretrain_full_4gpu_20260926.log,291931,264651,1.7238679999999948
2,2,6840,66163,1.7826,1.7826,0.0,0.00023862,pretrain_full_4gpu_20260926.log,292011,264651,1.726543999999995
2,2,6860,66163,1.7364,1.7364,0.0,0.00023852,pretrain_full_4gpu_20260926.log,292091,264651,1.725183999999995
2,2,6880,66163,1.6596,1.6596,0.0,0.00023841,pretrain_full_4gpu_20260926.log,292171,264651,1.726295999999995
2,2,6900,66163,1.6541,1.6541,0.0,0.00023831,pretrain_full_4gpu_20260926.log,292251,264651,1.722043999999995
2,2,6920,66163,1.6381,1.6381,0.0,0.0002382,pretrain_full_4gpu_20260926.log,292331,264651,1.7208919999999952
2,2,6940,66163,1.7281,1.7281,0.0,0.0002381,pretrain_full_4gpu_20260926.log,292411,264651,1.7190399999999952
2,2,6960,66163,1.8213,1.8213,0.0,0.00023799,pretrain_full_4gpu_20260926.log,292491,264651,1.7213799999999952
2,2,6980,66163,1.607,1.607,0.0,0.00023788,pretrain_full_4gpu_20260926.log,292571,264651,1.7169119999999953
2,2,7000,66163,1.752,1.752,0.0,0.00023778,pretrain_full_4gpu_20260926.log,292651,264651,1.7182799999999956
2,2,7020,66163,1.7589,1.7589,0.0,0.00023767,pretrain_full_4gpu_20260926.log,292731,264651,1.7225559999999953
2,2,7040,66163,1.7333,1.7333,0.0,0.00023757,pretrain_full_4gpu_20260926.log,292811,264651,1.7227319999999953
2,2,7060,66163,1.67,1.67,0.0,0.00023746,pretrain_full_4gpu_20260926.log,292891,264651,1.7191239999999954
2,2,7080,66163,1.6891,1.6891,0.0,0.00023736,pretrain_full_4gpu_20260926.log,292971,264651,1.7177799999999954
2,2,7100,66163,1.6798,1.6798,0.0,0.00023725,pretrain_full_4gpu_20260926.log,293051,264651,1.7168399999999955
2,2,7120,66163,1.6901,1.6901,0.0,0.00023715,pretrain_full_4gpu_20260926.log,293131,264651,1.7186639999999955
2,2,7140,66163,1.7286,1.7286,0.0,0.00023704,pretrain_full_4gpu_20260926.log,293211,264651,1.7186359999999954
2,2,7160,66163,1.6965,1.6965,0.0,0.00023694,pretrain_full_4gpu_20260926.log,293291,264651,1.7165639999999953
2,2,7180,66163,1.8198,1.8198,0.0,0.00023683,pretrain_full_4gpu_20260926.log,293371,264651,1.7175999999999954
2,2,7200,66163,1.7625,1.7625,0.0,0.00023673,pretrain_full_4gpu_20260926.log,293451,264651,1.7158999999999955
2,2,7220,66163,1.74,1.74,0.0,0.00023662,pretrain_full_4gpu_20260926.log,293531,264651,1.7146599999999956
2,2,7240,66163,1.7424,1.7424,0.0,0.00023652,pretrain_full_4gpu_20260926.log,293611,264651,1.7166439999999958
2,2,7260,66163,1.7361,1.7361,0.0,0.00023641,pretrain_full_4gpu_20260926.log,293691,264651,1.7195879999999957
2,2,7280,66163,1.6593,1.6593,0.0,0.00023631,pretrain_full_4gpu_20260926.log,293771,264651,1.719807999999996
2,2,7300,66163,1.7141,1.7141,0.0,0.0002362,pretrain_full_4gpu_20260926.log,293851,264651,1.718835999999996
2,2,7320,66163,1.776,1.776,0.0,0.00023609,pretrain_full_4gpu_20260926.log,293931,264651,1.7190279999999962
2,2,7340,66163,1.7087,1.7087,0.0,0.00023599,pretrain_full_4gpu_20260926.log,294011,264651,1.716071999999996
2,2,7360,66163,1.6731,1.6731,0.0,0.00023588,pretrain_full_4gpu_20260926.log,294091,264651,1.7135399999999958
2,2,7380,66163,1.6998,1.6998,0.0,0.00023578,pretrain_full_4gpu_20260926.log,294171,264651,1.7151479999999961
2,2,7400,66163,1.6306,1.6306,0.0,0.00023567,pretrain_full_4gpu_20260926.log,294251,264651,1.7142079999999962
2,2,7420,66163,1.7703,1.7703,0.0,0.00023557,pretrain_full_4gpu_20260926.log,294331,264651,1.7194959999999961
2,2,7440,66163,1.7086,1.7086,0.0,0.00023546,pretrain_full_4gpu_20260926.log,294411,264651,1.7187159999999961
2,2,7460,66163,1.6455,1.6455,0.0,0.00023536,pretrain_full_4gpu_20260926.log,294491,264651,1.711683999999996
2,2,7480,66163,1.6301,1.6301,0.0,0.00023525,pretrain_full_4gpu_20260926.log,294571,264651,1.712607999999996
2,2,7500,66163,1.7675,1.7675,0.0,0.00023515,pretrain_full_4gpu_20260926.log,294651,264651,1.7132279999999958
2,2,7520,66163,1.7433,1.7433,0.0,0.00023504,pretrain_full_4gpu_20260926.log,294731,264651,1.7126039999999958
2,2,7540,66163,1.8012,1.8012,0.0,0.00023494,pretrain_full_4gpu_20260926.log,294811,264651,1.7153199999999957
2,2,7560,66163,1.7386,1.7386,0.0,0.00023483,pretrain_full_4gpu_20260926.log,294891,264651,1.7180639999999956
2,2,7580,66163,1.629,1.629,0.0,0.00023473,pretrain_full_4gpu_20260926.log,294971,264651,1.7156599999999955
2,2,7600,66163,1.7124,1.7124,0.0,0.00023462,pretrain_full_4gpu_20260926.log,295051,264651,1.7169639999999955
2,2,7620,66163,1.7159,1.7159,0.0,0.00023452,pretrain_full_4gpu_20260926.log,295131,264651,1.7179959999999954
2,2,7640,66163,1.7922,1.7922,0.0,0.00023441,pretrain_full_4gpu_20260926.log,295211,264651,1.7205399999999955
2,2,7660,66163,1.7016,1.7016,0.0,0.00023431,pretrain_full_4gpu_20260926.log,295291,264651,1.7207439999999954
2,2,7680,66163,1.7501,1.7501,0.0,0.0002342,pretrain_full_4gpu_20260926.log,295371,264651,1.7179559999999956
2,2,7700,66163,1.7508,1.7508,0.0,0.0002341,pretrain_full_4gpu_20260926.log,295451,264651,1.7174879999999952
2,2,7720,66163,1.7145,1.7145,0.0,0.00023399,pretrain_full_4gpu_20260926.log,295531,264651,1.7164679999999952
2,2,7740,66163,1.8008,1.8008,0.0,0.00023389,pretrain_full_4gpu_20260926.log,295611,264651,1.7188039999999956
2,2,7760,66163,1.7436,1.7436,0.0,0.00023378,pretrain_full_4gpu_20260926.log,295691,264651,1.7191039999999955
2,2,7780,66163,1.6977,1.6977,0.0,0.00023368,pretrain_full_4gpu_20260926.log,295771,264651,1.7206399999999953
2,2,7800,66163,1.6663,1.6663,0.0,0.00023357,pretrain_full_4gpu_20260926.log,295851,264651,1.7187279999999954
2,2,7820,66163,1.7667,1.7667,0.0,0.00023347,pretrain_full_4gpu_20260926.log,295931,264651,1.718355999999995
2,2,7840,66163,1.62,1.62,0.0,0.00023336,pretrain_full_4gpu_20260926.log,296011,264651,1.714807999999995
2,2,7860,66163,1.7155,1.7155,0.0,0.00023326,pretrain_full_4gpu_20260926.log,296091,264651,1.7165039999999951
2,2,7880,66163,1.6925,1.6925,0.0,0.00023315,pretrain_full_4gpu_20260926.log,296171,264651,1.716211999999995
2,2,7900,66163,1.6761,1.6761,0.0,0.00023305,pretrain_full_4gpu_20260926.log,296251,264651,1.718031999999995
2,2,7920,66163,1.7494,1.7494,0.0,0.00023294,pretrain_full_4gpu_20260926.log,296331,264651,1.717195999999995
2,2,7940,66163,1.713,1.713,0.0,0.00023284,pretrain_full_4gpu_20260926.log,296411,264651,1.7173719999999952
2,2,7960,66163,1.6556,1.6556,0.0,0.00023273,pretrain_full_4gpu_20260926.log,296491,264651,1.7177759999999953
2,2,7980,66163,1.7214,1.7214,0.0,0.00023263,pretrain_full_4gpu_20260926.log,296571,264651,1.7214279999999953
2,2,8000,66163,1.7829,1.7829,0.0,0.00023252,pretrain_full_4gpu_20260926.log,296651,264651,1.7220439999999955
2,2,8020,66163,1.6788,1.6788,0.0,0.00023242,pretrain_full_4gpu_20260926.log,296731,264651,1.7194639999999957
2,2,8040,66163,1.7158,1.7158,0.0,0.00023231,pretrain_full_4gpu_20260926.log,296811,264651,1.7160479999999956
2,2,8060,66163,1.7511,1.7511,0.0,0.00023221,pretrain_full_4gpu_20260926.log,296891,264651,1.7165479999999957
2,2,8080,66163,1.7123,1.7123,0.0,0.0002321,pretrain_full_4gpu_20260926.log,296971,264651,1.7198799999999956
2,2,8100,66163,1.7072,1.7072,0.0,0.000232,pretrain_full_4gpu_20260926.log,297051,264651,1.7196719999999956
2,2,8120,66163,1.7808,1.7808,0.0,0.00023189,pretrain_full_4gpu_20260926.log,297131,264651,1.7222679999999957
2,2,8140,66163,1.6272,1.6272,0.0,0.00023179,pretrain_full_4gpu_20260926.log,297211,264651,1.7156679999999958
2,2,8160,66163,1.6839,1.6839,0.0,0.00023168,pretrain_full_4gpu_20260926.log,297291,264651,1.7149599999999958
2,2,8180,66163,1.7285,1.7285,0.0,0.00023158,pretrain_full_4gpu_20260926.log,297371,264651,1.7140959999999956
2,2,8200,66163,1.6686,1.6686,0.0,0.00023147,pretrain_full_4gpu_20260926.log,297451,264651,1.7108079999999957
2,2,8220,66163,1.7363,1.7363,0.0,0.00023137,pretrain_full_4gpu_20260926.log,297531,264651,1.7116799999999954
2,2,8240,66163,1.74,1.74,0.0,0.00023126,pretrain_full_4gpu_20260926.log,297611,264651,1.7092479999999954
2,2,8260,66163,1.8028,1.8028,0.0,0.00023116,pretrain_full_4gpu_20260926.log,297691,264651,1.7116159999999954
2,2,8280,66163,1.7285,1.7285,0.0,0.00023105,pretrain_full_4gpu_20260926.log,297771,264651,1.7128479999999953
2,2,8300,66163,1.7132,1.7132,0.0,0.00023095,pretrain_full_4gpu_20260926.log,297851,264651,1.7147239999999955
2,2,8320,66163,1.6789,1.6789,0.0,0.00023084,pretrain_full_4gpu_20260926.log,297931,264651,1.7112119999999953
2,2,8340,66163,1.8801,1.8801,0.0,0.00023074,pretrain_full_4gpu_20260926.log,298011,264651,1.7216159999999954
2,2,8360,66163,1.6072,1.6072,0.0,0.00023064,pretrain_full_4gpu_20260926.log,298091,264651,1.7172839999999954
2,2,8380,66163,1.6973,1.6973,0.0,0.00023053,pretrain_full_4gpu_20260926.log,298171,264651,1.7174759999999951
2,2,8400,66163,1.7768,1.7768,0.0,0.00023043,pretrain_full_4gpu_20260926.log,298251,264651,1.7215039999999953
2,2,8420,66163,1.688,1.688,0.0,0.00023032,pretrain_full_4gpu_20260926.log,298331,264651,1.7190479999999955
2,2,8440,66163,1.7443,1.7443,0.0,0.00023022,pretrain_full_4gpu_20260926.log,298411,264651,1.7202999999999955
2,2,8460,66163,1.7023,1.7023,0.0,0.00023011,pretrain_full_4gpu_20260926.log,298491,264651,1.7221679999999955
2,2,8480,66163,1.6988,1.6988,0.0,0.00023001,pretrain_full_4gpu_20260926.log,298571,264651,1.7212639999999952
2,2,8500,66163,1.7359,1.7359,0.0,0.0002299,pretrain_full_4gpu_20260926.log,298651,264651,1.7193839999999954
2,2,8520,66163,1.7185,1.7185,0.0,0.0002298,pretrain_full_4gpu_20260926.log,298731,264651,1.7209719999999953
2,2,8540,66163,1.7804,1.7804,0.0,0.00022969,pretrain_full_4gpu_20260926.log,298811,264651,1.7235559999999952
2,2,8560,66163,1.7356,1.7356,0.0,0.00022959,pretrain_full_4gpu_20260926.log,298891,264651,1.7229359999999951
2,2,8580,66163,1.6978,1.6978,0.0,0.00022948,pretrain_full_4gpu_20260926.log,298971,264651,1.7223559999999951
2,2,8600,66163,1.6823,1.6823,0.0,0.00022938,pretrain_full_4gpu_20260926.log,299051,264651,1.7213599999999951
2,2,8620,66163,1.7046,1.7046,0.0,0.00022927,pretrain_full_4gpu_20260926.log,299131,264651,1.7183119999999952
2,2,8640,66163,1.6683,1.6683,0.0,0.00022917,pretrain_full_4gpu_20260926.log,299211,264651,1.7199559999999952
2,2,8660,66163,1.7711,1.7711,0.0,0.00022907,pretrain_full_4gpu_20260926.log,299291,264651,1.7234439999999949
2,2,8680,66163,1.7408,1.7408,0.0,0.00022896,pretrain_full_4gpu_20260926.log,299371,264651,1.723935999999995
2,2,8700,66163,1.7291,1.7291,0.0,0.00022886,pretrain_full_4gpu_20260926.log,299451,264651,1.7263559999999953
2,2,8720,66163,1.6658,1.6658,0.0,0.00022875,pretrain_full_4gpu_20260926.log,299531,264651,1.723535999999995
2,2,8740,66163,1.6595,1.6595,0.0,0.00022865,pretrain_full_4gpu_20260926.log,299611,264651,1.720315999999995
2,2,8760,66163,1.7093,1.7093,0.0,0.00022854,pretrain_full_4gpu_20260926.log,299691,264651,1.7165759999999952
2,2,8780,66163,1.6785,1.6785,0.0,0.00022844,pretrain_full_4gpu_20260926.log,299771,264651,1.7145759999999952
2,2,8800,66163,1.6848,1.6848,0.0,0.00022833,pretrain_full_4gpu_20260926.log,299851,264651,1.7134399999999954
2,2,8820,66163,1.766,1.766,0.0,0.00022823,pretrain_full_4gpu_20260926.log,299931,264651,1.7169239999999955
2,2,8840,66163,1.6708,1.6708,0.0,0.00022812,pretrain_full_4gpu_20260926.log,300011,264651,1.7085519999999954
2,2,8860,66163,1.8043,1.8043,0.0,0.00022802,pretrain_full_4gpu_20260926.log,300091,264651,1.7164359999999954
2,2,8880,66163,1.6853,1.6853,0.0,0.00022792,pretrain_full_4gpu_20260926.log,300171,264651,1.7159559999999954
2,2,8900,66163,1.6368,1.6368,0.0,0.00022781,pretrain_full_4gpu_20260926.log,300251,264651,1.7103559999999953
2,2,8920,66163,1.7509,1.7509,0.0,0.00022771,pretrain_full_4gpu_20260926.log,300331,264651,1.7128719999999953
2,2,8940,66163,1.6893,1.6893,0.0,0.0002276,pretrain_full_4gpu_20260926.log,300411,264651,1.7106719999999953
2,2,8960,66163,1.7114,1.7114,0.0,0.0002275,pretrain_full_4gpu_20260926.log,300491,264651,1.7110359999999951
2,2,8980,66163,1.7284,1.7284,0.0,0.00022739,pretrain_full_4gpu_20260926.log,300571,264651,1.7122199999999952
2,2,9000,66163,1.613,1.613,0.0,0.00022729,pretrain_full_4gpu_20260926.log,300651,264651,1.7073039999999953
2,2,9020,66163,1.6773,1.6773,0.0,0.00022718,pretrain_full_4gpu_20260926.log,300731,264651,1.7056559999999954
2,2,9040,66163,1.7744,1.7744,0.0,0.00022708,pretrain_full_4gpu_20260926.log,300811,264651,1.7054159999999954
2,2,9060,66163,1.7697,1.7697,0.0,0.00022698,pretrain_full_4gpu_20260926.log,300891,264651,1.7067799999999955
2,2,9080,66163,1.6798,1.6798,0.0,0.00022687,pretrain_full_4gpu_20260926.log,300971,264651,1.7060599999999955
2,2,9100,66163,1.7576,1.7576,0.0,0.00022677,pretrain_full_4gpu_20260926.log,301051,264651,1.7090719999999953
2,2,9120,66163,1.6799,1.6799,0.0,0.00022666,pretrain_full_4gpu_20260926.log,301131,264651,1.7080839999999955
2,2,9140,66163,1.6881,1.6881,0.0,0.00022656,pretrain_full_4gpu_20260926.log,301211,264651,1.7088759999999954
2,2,9160,66163,1.7182,1.7182,0.0,0.00022645,pretrain_full_4gpu_20260926.log,301291,264651,1.7067599999999956
2,2,9180,66163,1.6957,1.6957,0.0,0.00022635,pretrain_full_4gpu_20260926.log,301371,264651,1.7049559999999957
2,2,9200,66163,1.7411,1.7411,0.0,0.00022625,pretrain_full_4gpu_20260926.log,301451,264651,1.7054359999999957
2,2,9220,66163,1.6609,1.6609,0.0,0.00022614,pretrain_full_4gpu_20260926.log,301531,264651,1.7052399999999956
2,2,9240,66163,1.6691,1.6691,0.0,0.00022604,pretrain_full_4gpu_20260926.log,301611,264651,1.7056239999999958
2,2,9260,66163,1.6446,1.6446,0.0,0.00022593,pretrain_full_4gpu_20260926.log,301691,264651,1.7030359999999956
2,2,9280,66163,1.7854,1.7854,0.0,0.00022583,pretrain_full_4gpu_20260926.log,301771,264651,1.7073119999999957
2,2,9300,66163,1.6803,1.6803,0.0,0.00022572,pretrain_full_4gpu_20260926.log,301851,264651,1.7071319999999957
2,2,9320,66163,1.7467,1.7467,0.0,0.00022562,pretrain_full_4gpu_20260926.log,301931,264651,1.7063599999999957
2,2,9340,66163,1.7133,1.7133,0.0,0.00022552,pretrain_full_4gpu_20260926.log,302011,264651,1.7080599999999955
2,2,9360,66163,1.7529,1.7529,0.0,0.00022541,pretrain_full_4gpu_20260926.log,302091,264651,1.7060039999999956
2,2,9380,66163,1.6758,1.6758,0.0,0.00022531,pretrain_full_4gpu_20260926.log,302171,264651,1.7056239999999958
2,2,9400,66163,1.8386,1.8386,0.0,0.0002252,pretrain_full_4gpu_20260926.log,302251,264651,1.7136959999999957
2,2,9420,66163,1.7658,1.7658,0.0,0.0002251,pretrain_full_4gpu_20260926.log,302331,264651,1.7142919999999955
2,2,9440,66163,1.7,1.7,0.0,0.00022499,pretrain_full_4gpu_20260926.log,302411,264651,1.7147199999999956
2,2,9460,66163,1.7014,1.7014,0.0,0.00022489,pretrain_full_4gpu_20260926.log,302491,264651,1.7143199999999956
2,2,9480,66163,1.7171,1.7171,0.0,0.00022479,pretrain_full_4gpu_20260926.log,302571,264651,1.7138679999999957
2,2,9500,66163,1.7926,1.7926,0.0,0.00022468,pretrain_full_4gpu_20260926.log,302651,264651,1.7210519999999958
2,2,9520,66163,1.7845,1.7845,0.0,0.00022458,pretrain_full_4gpu_20260926.log,302731,264651,1.7253399999999957
2,2,9540,66163,1.6837,1.6837,0.0,0.00022447,pretrain_full_4gpu_20260926.log,302811,264651,1.7217119999999957
2,2,9560,66163,1.7091,1.7091,0.0,0.00022437,pretrain_full_4gpu_20260926.log,302891,264651,1.7192879999999957
2,2,9580,66163,1.7157,1.7157,0.0,0.00022427,pretrain_full_4gpu_20260926.log,302971,264651,1.7207239999999957
2,2,9600,66163,1.6568,1.6568,0.0,0.00022416,pretrain_full_4gpu_20260926.log,303051,264651,1.7166919999999954
2,2,9620,66163,1.7174,1.7174,0.0,0.00022406,pretrain_full_4gpu_20260926.log,303131,264651,1.718191999999995
2,2,9640,66163,1.7411,1.7411,0.0,0.00022395,pretrain_full_4gpu_20260926.log,303211,264651,1.7203119999999954
2,2,9660,66163,1.7636,1.7636,0.0,0.00022385,pretrain_full_4gpu_20260926.log,303291,264651,1.722127999999995
2,2,9680,66163,1.6692,1.6692,0.0,0.00022375,pretrain_full_4gpu_20260926.log,303371,264651,1.7210679999999952
2,2,9700,66163,1.7883,1.7883,0.0,0.00022364,pretrain_full_4gpu_20260926.log,303451,264651,1.722955999999995
2,2,9720,66163,1.6344,1.6344,0.0,0.00022354,pretrain_full_4gpu_20260926.log,303531,264651,1.721895999999995
2,2,9740,66163,1.7608,1.7608,0.0,0.00022343,pretrain_full_4gpu_20260926.log,303611,264651,1.7255639999999952
2,2,9760,66163,1.734,1.734,0.0,0.00022333,pretrain_full_4gpu_20260926.log,303691,264651,1.7291399999999952
2,2,9780,66163,1.8443,1.8443,0.0,0.00022323,pretrain_full_4gpu_20260926.log,303771,264651,1.731495999999995
2,2,9800,66163,1.692,1.692,0.0,0.00022312,pretrain_full_4gpu_20260926.log,303851,264651,1.731963999999995
2,2,9820,66163,1.7994,1.7994,0.0,0.00022302,pretrain_full_4gpu_20260926.log,303931,264651,1.734071999999995
2,2,9840,66163,1.7382,1.7382,0.0,0.00022291,pretrain_full_4gpu_20260926.log,304011,264651,1.7350679999999952
2,2,9860,66163,1.7584,1.7584,0.0,0.00022281,pretrain_full_4gpu_20260926.log,304091,264651,1.7352879999999953
2,2,9880,66163,1.7046,1.7046,0.0,0.00022271,pretrain_full_4gpu_20260926.log,304171,264651,1.7364399999999953
2,2,9900,66163,1.6887,1.6887,0.0,0.0002226,pretrain_full_4gpu_20260926.log,304251,264651,1.7304439999999952
2,2,9920,66163,1.6222,1.6222,0.0,0.0002225,pretrain_full_4gpu_20260926.log,304331,264651,1.7246999999999952
2,2,9940,66163,1.7032,1.7032,0.0,0.00022239,pretrain_full_4gpu_20260926.log,304411,264651,1.7248279999999951
2,2,9960,66163,1.7329,1.7329,0.0,0.00022229,pretrain_full_4gpu_20260926.log,304491,264651,1.7260879999999952
2,2,9980,66163,1.7548,1.7548,0.0,0.00022219,pretrain_full_4gpu_20260926.log,304571,264651,1.7275959999999952
2,2,10000,66163,1.7417,1.7417,0.0,0.00022208,pretrain_full_4gpu_20260926.log,304651,264651,1.7255599999999953
2,2,10020,66163,1.7105,1.7105,0.0,0.00022198,pretrain_full_4gpu_20260926.log,304731,264651,1.7225999999999955
2,2,10040,66163,1.6853,1.6853,0.0,0.00022187,pretrain_full_4gpu_20260926.log,304811,264651,1.7226639999999953
2,2,10060,66163,1.7668,1.7668,0.0,0.00022177,pretrain_full_4gpu_20260926.log,304891,264651,1.7249719999999953
2,2,10080,66163,1.6937,1.6937,0.0,0.00022167,pretrain_full_4gpu_20260926.log,304971,264651,1.7240919999999955
2,2,10100,66163,1.7186,1.7186,0.0,0.00022156,pretrain_full_4gpu_20260926.log,305051,264651,1.7265639999999955
2,2,10120,66163,1.7575,1.7575,0.0,0.00022146,pretrain_full_4gpu_20260926.log,305131,264651,1.7281679999999957
2,2,10140,66163,1.7343,1.7343,0.0,0.00022136,pretrain_full_4gpu_20260926.log,305211,264651,1.7278959999999954
2,2,10160,66163,1.728,1.728,0.0,0.00022125,pretrain_full_4gpu_20260926.log,305291,264651,1.7264719999999958
2,2,10180,66163,1.6271,1.6271,0.0,0.00022115,pretrain_full_4gpu_20260926.log,305371,264651,1.7247879999999958
2,2,10200,66163,1.674,1.674,0.0,0.00022104,pretrain_full_4gpu_20260926.log,305451,264651,1.7202159999999957
2,2,10220,66163,1.7264,1.7264,0.0,0.00022094,pretrain_full_4gpu_20260926.log,305531,264651,1.7238959999999957
2,2,10240,66163,1.7216,1.7216,0.0,0.00022084,pretrain_full_4gpu_20260926.log,305611,264651,1.7223279999999956
2,2,10260,66163,1.7028,1.7028,0.0,0.00022073,pretrain_full_4gpu_20260926.log,305691,264651,1.7210799999999957
2,2,10280,66163,1.7339,1.7339,0.0,0.00022063,pretrain_full_4gpu_20260926.log,305771,264651,1.7166639999999957
2,2,10300,66163,1.7202,1.7202,0.0,0.00022053,pretrain_full_4gpu_20260926.log,305851,264651,1.7177919999999958
2,2,10320,66163,1.7646,1.7646,0.0,0.00022042,pretrain_full_4gpu_20260926.log,305931,264651,1.716399999999996
2,2,10340,66163,1.6761,1.6761,0.0,0.00022032,pretrain_full_4gpu_20260926.log,306011,264651,1.7139159999999958
2,2,10360,66163,1.6943,1.6943,0.0,0.00022022,pretrain_full_4gpu_20260926.log,306091,264651,1.7113519999999958
2,2,10380,66163,1.5956,1.5956,0.0,0.00022011,pretrain_full_4gpu_20260926.log,306171,264651,1.7069919999999956
2,2,10400,66163,1.6388,1.6388,0.0,0.00022001,pretrain_full_4gpu_20260926.log,306251,264651,1.704995999999996
2,2,10420,66163,1.7513,1.7513,0.0,0.0002199,pretrain_full_4gpu_20260926.log,306331,264651,1.710159999999996
2,2,10440,66163,1.7143,1.7143,0.0,0.0002198,pretrain_full_4gpu_20260926.log,306411,264651,1.7106039999999958
2,2,10460,66163,1.7424,1.7424,0.0,0.0002197,pretrain_full_4gpu_20260926.log,306491,264651,1.7109839999999956
2,2,10480,66163,1.6709,1.6709,0.0,0.00021959,pretrain_full_4gpu_20260926.log,306571,264651,1.7076279999999957
2,2,10500,66163,1.6895,1.6895,0.0,0.00021949,pretrain_full_4gpu_20260926.log,306651,264651,1.7055399999999958
2,2,10520,66163,1.7503,1.7503,0.0,0.00021939,pretrain_full_4gpu_20260926.log,306731,264651,1.7071319999999957
2,2,10540,66163,1.7046,1.7046,0.0,0.00021928,pretrain_full_4gpu_20260926.log,306811,264651,1.7079039999999959
2,2,10560,66163,1.6536,1.6536,0.0,0.00021918,pretrain_full_4gpu_20260926.log,306891,264651,1.7033759999999956
2,2,10580,66163,1.717,1.717,0.0,0.00021908,pretrain_full_4gpu_20260926.log,306971,264651,1.7043079999999955
2,2,10600,66163,1.6775,1.6775,0.0,0.00021897,pretrain_full_4gpu_20260926.log,307051,264651,1.7026639999999955
2,2,10620,66163,1.6642,1.6642,0.0,0.00021887,pretrain_full_4gpu_20260926.log,307131,264651,1.6989319999999954
2,2,10640,66163,1.6989,1.6989,0.0,0.00021877,pretrain_full_4gpu_20260926.log,307211,264651,1.6975159999999958
2,2,10660,66163,1.7751,1.7751,0.0,0.00021866,pretrain_full_4gpu_20260926.log,307291,264651,1.6993999999999958
2,2,10680,66163,1.6878,1.6878,0.0,0.00021856,pretrain_full_4gpu_20260926.log,307371,264651,1.701827999999996
2,2,10700,66163,1.7336,1.7336,0.0,0.00021846,pretrain_full_4gpu_20260926.log,307451,264651,1.704211999999996
2,2,10720,66163,1.6503,1.6503,0.0,0.00021835,pretrain_full_4gpu_20260926.log,307531,264651,1.7011679999999962
2,2,10740,66163,1.6389,1.6389,0.0,0.00021825,pretrain_full_4gpu_20260926.log,307611,264651,1.697859999999996
2,2,10760,66163,1.6604,1.6604,0.0,0.00021815,pretrain_full_4gpu_20260926.log,307691,264651,1.696163999999996
2,2,10780,66163,1.6968,1.6968,0.0,0.00021804,pretrain_full_4gpu_20260926.log,307771,264651,1.6946799999999962
2,2,10800,66163,1.8042,1.8042,0.0,0.00021794,pretrain_full_4gpu_20260926.log,307851,264651,1.6980399999999962
2,2,10820,66163,1.7037,1.7037,0.0,0.00021784,pretrain_full_4gpu_20260926.log,307931,264651,1.6956039999999961
2,2,10840,66163,1.6522,1.6522,0.0,0.00021773,pretrain_full_4gpu_20260926.log,308011,264651,1.6946479999999964
2,2,10860,66163,1.6735,1.6735,0.0,0.00021763,pretrain_full_4gpu_20260926.log,308091,264651,1.6938159999999962
2,2,10880,66163,1.75,1.75,0.0,0.00021753,pretrain_full_4gpu_20260926.log,308171,264651,1.6999919999999964
2,2,10900,66163,1.7428,1.7428,0.0,0.00021742,pretrain_full_4gpu_20260926.log,308251,264651,1.7041519999999963
2,2,10920,66163,1.7335,1.7335,0.0,0.00021732,pretrain_full_4gpu_20260926.log,308331,264651,1.7034399999999963
2,2,10940,66163,1.5864,1.5864,0.0,0.00021722,pretrain_full_4gpu_20260926.log,308411,264651,1.6983239999999962
2,2,10960,66163,1.739,1.739,0.0,0.00021711,pretrain_full_4gpu_20260926.log,308491,264651,1.698187999999996
2,2,10980,66163,1.7321,1.7321,0.0,0.00021701,pretrain_full_4gpu_20260926.log,308571,264651,1.700635999999996
2,2,11000,66163,1.6854,1.6854,0.0,0.00021691,pretrain_full_4gpu_20260926.log,308651,264651,1.700471999999996
2,2,11020,66163,1.7387,1.7387,0.0,0.0002168,pretrain_full_4gpu_20260926.log,308731,264651,1.700007999999996
2,2,11040,66163,1.689,1.689,0.0,0.0002167,pretrain_full_4gpu_20260926.log,308811,264651,1.699383999999996
2,2,11060,66163,1.7398,1.7398,0.0,0.0002166,pretrain_full_4gpu_20260926.log,308891,264651,1.7028319999999963
2,2,11080,66163,1.7019,1.7019,0.0,0.00021649,pretrain_full_4gpu_20260926.log,308971,264651,1.7022279999999963
2,2,11100,66163,1.5997,1.5997,0.0,0.00021639,pretrain_full_4gpu_20260926.log,309051,264651,1.6991159999999963
2,2,11120,66163,1.8166,1.8166,0.0,0.00021629,pretrain_full_4gpu_20260926.log,309131,264651,1.7052119999999962
2,2,11140,66163,1.6867,1.6867,0.0,0.00021618,pretrain_full_4gpu_20260926.log,309211,264651,1.7047239999999961
2,2,11160,66163,1.726,1.726,0.0,0.00021608,pretrain_full_4gpu_20260926.log,309291,264651,1.702759999999996
2,2,11180,66163,1.6599,1.6599,0.0,0.00021598,pretrain_full_4gpu_20260926.log,309371,264651,1.701643999999996
2,2,11200,66163,1.7034,1.7034,0.0,0.00021587,pretrain_full_4gpu_20260926.log,309451,264651,1.700435999999996
2,2,11220,66163,1.806,1.806,0.0,0.00021577,pretrain_full_4gpu_20260926.log,309531,264651,1.7066639999999957
2,2,11240,66163,1.6438,1.6438,0.0,0.00021567,pretrain_full_4gpu_20260926.log,309611,264651,1.7068599999999958
2,2,11260,66163,1.7003,1.7003,0.0,0.00021557,pretrain_full_4gpu_20260926.log,309691,264651,1.7084559999999955
2,2,11280,66163,1.7068,1.7068,0.0,0.00021546,pretrain_full_4gpu_20260926.log,309771,264651,1.7088559999999955
2,2,11300,66163,1.69,1.69,0.0,0.00021536,pretrain_full_4gpu_20260926.log,309851,264651,1.7042879999999954
2,2,11320,66163,1.6906,1.6906,0.0,0.00021526,pretrain_full_4gpu_20260926.log,309931,264651,1.7037639999999956
2,2,11340,66163,1.629,1.629,0.0,0.00021515,pretrain_full_4gpu_20260926.log,310011,264651,1.7028359999999956
2,2,11360,66163,1.7076,1.7076,0.0,0.00021505,pretrain_full_4gpu_20260926.log,310091,264651,1.7041999999999957
2,2,11380,66163,1.7082,1.7082,0.0,0.00021495,pretrain_full_4gpu_20260926.log,310171,264651,1.7025279999999956
2,2,11400,66163,1.7095,1.7095,0.0,0.00021484,pretrain_full_4gpu_20260926.log,310251,264651,1.7011959999999953
2,2,11420,66163,1.7285,1.7285,0.0,0.00021474,pretrain_full_4gpu_20260926.log,310331,264651,1.7009959999999953
2,2,11440,66163,1.5903,1.5903,0.0,0.00021464,pretrain_full_4gpu_20260926.log,310411,264651,1.7011519999999953
2,2,11460,66163,1.6722,1.6722,0.0,0.00021454,pretrain_full_4gpu_20260926.log,310491,264651,1.6984799999999953
2,2,11480,66163,1.6888,1.6888,0.0,0.00021443,pretrain_full_4gpu_20260926.log,310571,264651,1.6967479999999953
2,2,11500,66163,1.7028,1.7028,0.0,0.00021433,pretrain_full_4gpu_20260926.log,310651,264651,1.6974439999999953
2,2,11520,66163,1.7442,1.7442,0.0,0.00021423,pretrain_full_4gpu_20260926.log,310731,264651,1.6976639999999952
2,2,11540,66163,1.6632,1.6632,0.0,0.00021412,pretrain_full_4gpu_20260926.log,310811,264651,1.6966319999999953
2,2,11560,66163,1.7209,1.7209,0.0,0.00021402,pretrain_full_4gpu_20260926.log,310891,264651,1.6958759999999953
2,2,11580,66163,1.7421,1.7421,0.0,0.00021392,pretrain_full_4gpu_20260926.log,310971,264651,1.697483999999995
2,2,11600,66163,1.6964,1.6964,0.0,0.00021382,pretrain_full_4gpu_20260926.log,311051,264651,1.701351999999995
2,2,11620,66163,1.693,1.693,0.0,0.00021371,pretrain_full_4gpu_20260926.log,311131,264651,1.696407999999995
2,2,11640,66163,1.6769,1.6769,0.0,0.00021361,pretrain_full_4gpu_20260926.log,311211,264651,1.696015999999995
2,2,11660,66163,1.8449,1.8449,0.0,0.00021351,pretrain_full_4gpu_20260926.log,311291,264651,1.7007719999999953
2,2,11680,66163,1.7214,1.7214,0.0,0.0002134,pretrain_full_4gpu_20260926.log,311371,264651,1.7032319999999954
2,2,11700,66163,1.6292,1.6292,0.0,0.0002133,pretrain_full_4gpu_20260926.log,311451,264651,1.7002639999999951
2,2,11720,66163,1.7521,1.7521,0.0,0.0002132,pretrain_full_4gpu_20260926.log,311531,264651,1.698107999999995
2,2,11740,66163,1.6491,1.6491,0.0,0.0002131,pretrain_full_4gpu_20260926.log,311611,264651,1.6983199999999952
2,2,11760,66163,1.7051,1.7051,0.0,0.00021299,pretrain_full_4gpu_20260926.log,311691,264651,1.6985119999999951
2,2,11780,66163,1.6265,1.6265,0.0,0.00021289,pretrain_full_4gpu_20260926.log,311771,264651,1.6952999999999951
2,2,11800,66163,1.6606,1.6606,0.0,0.00021279,pretrain_full_4gpu_20260926.log,311851,264651,1.6941239999999953
2,2,11820,66163,1.7528,1.7528,0.0,0.00021269,pretrain_full_4gpu_20260926.log,311931,264651,1.6966119999999953
2,2,11840,66163,1.7205,1.7205,0.0,0.00021258,pretrain_full_4gpu_20260926.log,312011,264651,1.7002719999999953
2,2,11860,66163,1.7223,1.7223,0.0,0.00021248,pretrain_full_4gpu_20260926.log,312091,264651,1.7008599999999954
2,2,11880,66163,1.7355,1.7355,0.0,0.00021238,pretrain_full_4gpu_20260926.log,312171,264651,1.7019519999999955
2,2,11900,66163,1.6665,1.6665,0.0,0.00021227,pretrain_full_4gpu_20260926.log,312251,264651,1.7002319999999955
2,2,11920,66163,1.6883,1.6883,0.0,0.00021217,pretrain_full_4gpu_20260926.log,312331,264651,1.6986239999999955
2,2,11940,66163,1.7019,1.7019,0.0,0.00021207,pretrain_full_4gpu_20260926.log,312411,264651,1.7030879999999957
2,2,11960,66163,1.7823,1.7823,0.0,0.00021197,pretrain_full_4gpu_20260926.log,312491,264651,1.7074919999999958
2,2,11980,66163,1.6282,1.6282,0.0,0.00021186,pretrain_full_4gpu_20260926.log,312571,264651,1.7050679999999958
2,2,12000,66163,1.7105,1.7105,0.0,0.00021176,pretrain_full_4gpu_20260926.log,312651,264651,1.7053759999999958
2,2,12020,66163,1.6838,1.6838,0.0,0.00021166,pretrain_full_4gpu_20260926.log,312731,264651,1.7029599999999956
2,2,12040,66163,1.7031,1.7031,0.0,0.00021156,pretrain_full_4gpu_20260926.log,312811,264651,1.7045559999999955
2,2,12060,66163,1.7095,1.7095,0.0,0.00021145,pretrain_full_4gpu_20260926.log,312891,264651,1.7040999999999955
2,2,12080,66163,1.7762,1.7762,0.0,0.00021135,pretrain_full_4gpu_20260926.log,312971,264651,1.7054639999999954
2,2,12100,66163,1.6392,1.6392,0.0,0.00021125,pretrain_full_4gpu_20260926.log,313051,264651,1.7031759999999958
2,2,12120,66163,1.6428,1.6428,0.0,0.00021115,pretrain_full_4gpu_20260926.log,313131,264651,1.7011679999999958
2,2,12140,66163,1.6873,1.6873,0.0,0.00021104,pretrain_full_4gpu_20260926.log,313211,264651,1.7015839999999958
2,2,12160,66163,1.6802,1.6802,0.0,0.00021094,pretrain_full_4gpu_20260926.log,313291,264651,1.6949959999999955
2,2,12180,66163,1.7043,1.7043,0.0,0.00021084,pretrain_full_4gpu_20260926.log,313371,264651,1.6943119999999954
2,2,12200,66163,1.6569,1.6569,0.0,0.00021074,pretrain_full_4gpu_20260926.log,313451,264651,1.6954199999999955
2,2,12220,66163,1.7062,1.7062,0.0,0.00021064,pretrain_full_4gpu_20260926.log,313531,264651,1.6935839999999955
2,2,12240,66163,1.6122,1.6122,0.0,0.00021053,pretrain_full_4gpu_20260926.log,313611,264651,1.6921079999999957
2,2,12260,66163,1.6274,1.6274,0.0,0.00021043,pretrain_full_4gpu_20260926.log,313691,264651,1.6889999999999958
2,2,12280,66163,1.7782,1.7782,0.0,0.00021033,pretrain_full_4gpu_20260926.log,313771,264651,1.6950679999999958
2,2,12300,66163,1.7046,1.7046,0.0,0.00021023,pretrain_full_4gpu_20260926.log,313851,264651,1.6968279999999956
2,2,12320,66163,1.7625,1.7625,0.0,0.00021012,pretrain_full_4gpu_20260926.log,313931,264651,1.6972159999999956
2,2,12340,66163,1.7341,1.7341,0.0,0.00021002,pretrain_full_4gpu_20260926.log,314011,264651,1.6977599999999955
2,2,12360,66163,1.7274,1.7274,0.0,0.00020992,pretrain_full_4gpu_20260926.log,314091,264651,1.6979639999999958
2,2,12380,66163,1.6687,1.6687,0.0,0.00020982,pretrain_full_4gpu_20260926.log,314171,264651,1.6952919999999958
2,2,12400,66163,1.5869,1.5869,0.0,0.00020971,pretrain_full_4gpu_20260926.log,314251,264651,1.6921079999999957
2,2,12420,66163,1.7648,1.7648,0.0,0.00020961,pretrain_full_4gpu_20260926.log,314331,264651,1.695167999999996
2,2,12440,66163,1.6643,1.6643,0.0,0.00020951,pretrain_full_4gpu_20260926.log,314411,264651,1.6936639999999956
2,2,12460,66163,1.7568,1.7568,0.0,0.00020941,pretrain_full_4gpu_20260926.log,314491,264651,1.6926439999999956
2,2,12480,66163,1.6878,1.6878,0.0,0.00020931,pretrain_full_4gpu_20260926.log,314571,264651,1.6950279999999958
2,2,12500,66163,1.7841,1.7841,0.0,0.0002092,pretrain_full_4gpu_20260926.log,314651,264651,1.6979719999999958
2,2,12520,66163,1.6892,1.6892,0.0,0.0002091,pretrain_full_4gpu_20260926.log,314731,264651,1.6981879999999958
2,2,12540,66163,1.7193,1.7193,0.0,0.000209,pretrain_full_4gpu_20260926.log,314811,264651,1.6988359999999958
2,2,12560,66163,1.6715,1.6715,0.0,0.0002089,pretrain_full_4gpu_20260926.log,314891,264651,1.6973159999999958
2,2,12580,66163,1.6899,1.6899,0.0,0.00020879,pretrain_full_4gpu_20260926.log,314971,264651,1.6938639999999958
2,2,12600,66163,1.7522,1.7522,0.0,0.00020869,pretrain_full_4gpu_20260926.log,315051,264651,1.698383999999996
2,2,12620,66163,1.6655,1.6655,0.0,0.00020859,pretrain_full_4gpu_20260926.log,315131,264651,1.6992919999999958
2,2,12640,66163,1.6948,1.6948,0.0,0.00020849,pretrain_full_4gpu_20260926.log,315211,264651,1.6995919999999958
2,2,12660,66163,1.7624,1.7624,0.0,0.00020839,pretrain_full_4gpu_20260926.log,315291,264651,1.702879999999996
2,2,12680,66163,1.7089,1.7089,0.0,0.00020828,pretrain_full_4gpu_20260926.log,315371,264651,1.703063999999996
2,2,12700,66163,1.6728,1.6728,0.0,0.00020818,pretrain_full_4gpu_20260926.log,315451,264651,1.703699999999996
2,2,12720,66163,1.6397,1.6397,0.0,0.00020808,pretrain_full_4gpu_20260926.log,315531,264651,1.7010399999999959
2,2,12740,66163,1.7049,1.7049,0.0,0.00020798,pretrain_full_4gpu_20260926.log,315611,264651,1.704747999999996
2,2,12760,66163,1.7012,1.7012,0.0,0.00020788,pretrain_full_4gpu_20260926.log,315691,264651,1.7076999999999958
2,2,12780,66163,1.7481,1.7481,0.0,0.00020777,pretrain_full_4gpu_20260926.log,315771,264651,1.706495999999996
2,2,12800,66163,1.8029,1.8029,0.0,0.00020767,pretrain_full_4gpu_20260926.log,315851,264651,1.710427999999996
2,2,12820,66163,1.6907,1.6907,0.0,0.00020757,pretrain_full_4gpu_20260926.log,315931,264651,1.7075559999999959
2,2,12840,66163,1.715,1.715,0.0,0.00020747,pretrain_full_4gpu_20260926.log,316011,264651,1.706791999999996
2,2,12860,66163,1.7209,1.7209,0.0,0.00020737,pretrain_full_4gpu_20260926.log,316091,264651,1.706531999999996
2,2,12880,66163,1.7593,1.7593,0.0,0.00020726,pretrain_full_4gpu_20260926.log,316171,264651,1.710155999999996
2,2,12900,66163,1.729,1.729,0.0,0.00020716,pretrain_full_4gpu_20260926.log,316251,264651,1.715839999999996
2,2,12920,66163,1.7294,1.7294,0.0,0.00020706,pretrain_full_4gpu_20260926.log,316331,264651,1.714423999999996
2,2,12940,66163,1.7387,1.7387,0.0,0.00020696,pretrain_full_4gpu_20260926.log,316411,264651,1.717399999999996
2,2,12960,66163,1.7423,1.7423,0.0,0.00020686,pretrain_full_4gpu_20260926.log,316491,264651,1.7168199999999962
2,2,12980,66163,1.6331,1.6331,0.0,0.00020676,pretrain_full_4gpu_20260926.log,316571,264651,1.714631999999996
2,2,13000,66163,1.6649,1.6649,0.0,0.00020665,pretrain_full_4gpu_20260926.log,316651,264651,1.709863999999996
2,2,13020,66163,1.7112,1.7112,0.0,0.00020655,pretrain_full_4gpu_20260926.log,316731,264651,1.710743999999996
2,2,13040,66163,1.7088,1.7088,0.0,0.00020645,pretrain_full_4gpu_20260926.log,316811,264651,1.7103239999999962
2,2,13060,66163,1.7703,1.7703,0.0,0.00020635,pretrain_full_4gpu_20260926.log,316891,264651,1.7142759999999961
2,2,13080,66163,1.6553,1.6553,0.0,0.00020625,pretrain_full_4gpu_20260926.log,316971,264651,1.7128919999999959
2,2,13100,66163,1.6985,1.6985,0.0,0.00020615,pretrain_full_4gpu_20260926.log,317051,264651,1.710743999999996
2,2,13120,66163,1.7155,1.7155,0.0,0.00020604,pretrain_full_4gpu_20260926.log,317131,264651,1.7127439999999958
2,2,13140,66163,1.762,1.762,0.0,0.00020594,pretrain_full_4gpu_20260926.log,317211,264651,1.7154319999999958
2,2,13160,66163,1.7089,1.7089,0.0,0.00020584,pretrain_full_4gpu_20260926.log,317291,264651,1.7132919999999958
2,2,13180,66163,1.578,1.578,0.0,0.00020574,pretrain_full_4gpu_20260926.log,317371,264651,1.708055999999996
2,2,13200,66163,1.7672,1.7672,0.0,0.00020564,pretrain_full_4gpu_20260926.log,317451,264651,1.711831999999996
2,2,13220,66163,1.6694,1.6694,0.0,0.00020554,pretrain_full_4gpu_20260926.log,317531,264651,1.7130199999999962
2,2,13240,66163,1.6314,1.6314,0.0,0.00020543,pretrain_full_4gpu_20260926.log,317611,264651,1.710079999999996
2,2,13260,66163,1.6716,1.6716,0.0,0.00020533,pretrain_full_4gpu_20260926.log,317691,264651,1.708895999999996
2,2,13280,66163,1.6899,1.6899,0.0,0.00020523,pretrain_full_4gpu_20260926.log,317771,264651,1.706567999999996
2,2,13300,66163,1.6887,1.6887,0.0,0.00020513,pretrain_full_4gpu_20260926.log,317851,264651,1.701999999999996
2,2,13320,66163,1.7477,1.7477,0.0,0.00020503,pretrain_full_4gpu_20260926.log,317931,264651,1.704279999999996
2,2,13340,66163,1.7427,1.7427,0.0,0.00020493,pretrain_full_4gpu_20260926.log,318011,264651,1.705387999999996
2,2,13360,66163,1.6838,1.6838,0.0,0.00020482,pretrain_full_4gpu_20260926.log,318091,264651,1.7039039999999956
2,2,13380,66163,1.6402,1.6402,0.0,0.00020472,pretrain_full_4gpu_20260926.log,318171,264651,1.6991399999999957
2,2,13400,66163,1.7176,1.7176,0.0,0.00020462,pretrain_full_4gpu_20260926.log,318251,264651,1.6986839999999956
2,2,13420,66163,1.6963,1.6963,0.0,0.00020452,pretrain_full_4gpu_20260926.log,318331,264651,1.6973599999999955
2,2,13440,66163,1.6811,1.6811,0.0,0.00020442,pretrain_full_4gpu_20260926.log,318411,264651,1.6950559999999957
2,2,13460,66163,1.7259,1.7259,0.0,0.00020432,pretrain_full_4gpu_20260926.log,318491,264651,1.6943999999999957
2,2,13480,66163,1.7008,1.7008,0.0,0.00020422,pretrain_full_4gpu_20260926.log,318571,264651,1.6971079999999958
2,2,13500,66163,1.6986,1.6986,0.0,0.00020411,pretrain_full_4gpu_20260926.log,318651,264651,1.6984559999999957
2,2,13520,66163,1.7266,1.7266,0.0,0.00020401,pretrain_full_4gpu_20260926.log,318731,264651,1.6990719999999957
2,2,13540,66163,1.7259,1.7259,0.0,0.00020391,pretrain_full_4gpu_20260926.log,318811,264651,1.6997559999999958
2,2,13560,66163,1.6134,1.6134,0.0,0.00020381,pretrain_full_4gpu_20260926.log,318891,264651,1.6934799999999959
2,2,13580,66163,1.7359,1.7359,0.0,0.00020371,pretrain_full_4gpu_20260926.log,318971,264651,1.696703999999996
2,2,13600,66163,1.7314,1.7314,0.0,0.00020361,pretrain_full_4gpu_20260926.log,319051,264651,1.6980199999999959
2,2,13620,66163,1.763,1.763,0.0,0.00020351,pretrain_full_4gpu_20260926.log,319131,264651,1.6999199999999959
2,2,13640,66163,1.6856,1.6856,0.0,0.0002034,pretrain_full_4gpu_20260926.log,319211,264651,1.696863999999996
2,2,13660,66163,1.7559,1.7559,0.0,0.0002033,pretrain_full_4gpu_20260926.log,319291,264651,1.6987439999999958
2,2,13680,66163,1.7639,1.7639,0.0,0.0002032,pretrain_full_4gpu_20260926.log,319371,264651,1.7061799999999956
2,2,13700,66163,1.6993,1.6993,0.0,0.0002031,pretrain_full_4gpu_20260926.log,319451,264651,1.7034639999999956
2,2,13720,66163,1.6975,1.6975,0.0,0.000203,pretrain_full_4gpu_20260926.log,319531,264651,1.7045879999999953
2,2,13740,66163,1.7466,1.7466,0.0,0.0002029,pretrain_full_4gpu_20260926.log,319611,264651,1.7091959999999955
2,2,13760,66163,1.712,1.712,0.0,0.0002028,pretrain_full_4gpu_20260926.log,319691,264651,1.7108119999999958
2,2,13780,66163,1.7143,1.7143,0.0,0.0002027,pretrain_full_4gpu_20260926.log,319771,264651,1.7117879999999956
2,2,13800,66163,1.6886,1.6886,0.0,0.00020259,pretrain_full_4gpu_20260926.log,319851,264651,1.7117839999999958
2,2,13820,66163,1.6417,1.6417,0.0,0.00020249,pretrain_full_4gpu_20260926.log,319931,264651,1.7075439999999957
2,2,13840,66163,1.6959,1.6959,0.0,0.00020239,pretrain_full_4gpu_20260926.log,320011,264651,1.7056719999999959
2,2,13860,66163,1.7436,1.7436,0.0,0.00020229,pretrain_full_4gpu_20260926.log,320091,264651,1.708063999999996
2,2,13880,66163,1.6557,1.6557,0.0,0.00020219,pretrain_full_4gpu_20260926.log,320171,264651,1.708683999999996
2,2,13900,66163,1.6623,1.6623,0.0,0.00020209,pretrain_full_4gpu_20260926.log,320251,264651,1.7064719999999962
2,2,13920,66163,1.7426,1.7426,0.0,0.00020199,pretrain_full_4gpu_20260926.log,320331,264651,1.7083239999999964
2,2,13940,66163,1.7356,1.7356,0.0,0.00020189,pretrain_full_4gpu_20260926.log,320411,264651,1.7105039999999962
2,2,13960,66163,1.6636,1.6636,0.0,0.00020179,pretrain_full_4gpu_20260926.log,320491,264651,1.7080119999999963
2,2,13980,66163,1.6612,1.6612,0.0,0.00020169,pretrain_full_4gpu_20260926.log,320571,264651,1.7064279999999963
2,2,14000,66163,1.7033,1.7033,0.0,0.00020158,pretrain_full_4gpu_20260926.log,320651,264651,1.7066159999999961
2,2,14020,66163,1.6208,1.6208,0.0,0.00020148,pretrain_full_4gpu_20260926.log,320731,264651,1.7023839999999963
2,2,14040,66163,1.7495,1.7495,0.0,0.00020138,pretrain_full_4gpu_20260926.log,320811,264651,1.7033279999999962
2,2,14060,66163,1.7561,1.7561,0.0,0.00020128,pretrain_full_4gpu_20260926.log,320891,264651,1.7090359999999964
2,2,14080,66163,1.6943,1.6943,0.0,0.00020118,pretrain_full_4gpu_20260926.log,320971,264651,1.7073719999999963
2,2,14100,66163,1.7608,1.7608,0.0,0.00020108,pretrain_full_4gpu_20260926.log,321051,264651,1.7085479999999964
2,2,14120,66163,1.5969,1.5969,0.0,0.00020098,pretrain_full_4gpu_20260926.log,321131,264651,1.7019039999999963
2,2,14140,66163,1.6682,1.6682,0.0,0.00020088,pretrain_full_4gpu_20260926.log,321211,264651,1.7012079999999963
2,2,14160,66163,1.7095,1.7095,0.0,0.00020078,pretrain_full_4gpu_20260926.log,321291,264651,1.6993519999999964
2,2,14180,66163,1.6728,1.6728,0.0,0.00020068,pretrain_full_4gpu_20260926.log,321371,264651,1.6957079999999964
2,2,14200,66163,1.725,1.725,0.0,0.00020058,pretrain_full_4gpu_20260926.log,321451,264651,1.6967359999999965
2,2,14220,66163,1.7138,1.7138,0.0,0.00020047,pretrain_full_4gpu_20260926.log,321531,264651,1.6973879999999966
2,2,14240,66163,1.8166,1.8166,0.0,0.00020037,pretrain_full_4gpu_20260926.log,321611,264651,1.7001879999999965
2,2,14260,66163,1.6441,1.6441,0.0,0.00020027,pretrain_full_4gpu_20260926.log,321691,264651,1.6974719999999965
2,2,14280,66163,1.771,1.771,0.0,0.00020017,pretrain_full_4gpu_20260926.log,321771,264651,1.6997399999999965
2,2,14300,66163,1.7327,1.7327,0.0,0.00020007,pretrain_full_4gpu_20260926.log,321851,264651,1.7015039999999966
2,2,14320,66163,1.6486,1.6486,0.0,0.00019997,pretrain_full_4gpu_20260926.log,321931,264651,1.7017799999999965
2,2,14340,66163,1.7376,1.7376,0.0,0.00019987,pretrain_full_4gpu_20260926.log,322011,264651,1.7034479999999965
2,2,14360,66163,1.6614,1.6614,0.0,0.00019977,pretrain_full_4gpu_20260926.log,322091,264651,1.7001599999999966
2,2,14380,66163,1.8174,1.8174,0.0,0.00019967,pretrain_full_4gpu_20260926.log,322171,264651,1.7066279999999963
2,2,14400,66163,1.6904,1.6904,0.0,0.00019957,pretrain_full_4gpu_20260926.log,322251,264651,1.7077519999999962
2,2,14420,66163,1.8131,1.8131,0.0,0.00019947,pretrain_full_4gpu_20260926.log,322331,264651,1.710571999999996
2,2,14440,66163,1.5492,1.5492,0.0,0.00019937,pretrain_full_4gpu_20260926.log,322411,264651,1.703115999999996
2,2,14460,66163,1.6663,1.6663,0.0,0.00019927,pretrain_full_4gpu_20260926.log,322491,264651,1.7032239999999959
2,2,14480,66163,1.7242,1.7242,0.0,0.00019917,pretrain_full_4gpu_20260926.log,322571,264651,1.705743999999996
2,2,14500,66163,1.6254,1.6254,0.0,0.00019906,pretrain_full_4gpu_20260926.log,322651,264651,1.702627999999996
2,2,14520,66163,1.7067,1.7067,0.0,0.00019896,pretrain_full_4gpu_20260926.log,322731,264651,1.7060639999999958
2,2,14540,66163,1.7285,1.7285,0.0,0.00019886,pretrain_full_4gpu_20260926.log,322811,264651,1.7052239999999959
2,2,14560,66163,1.7347,1.7347,0.0,0.00019876,pretrain_full_4gpu_20260926.log,322891,264651,1.7043679999999954
2,2,14580,66163,1.7227,1.7227,0.0,0.00019866,pretrain_full_4gpu_20260926.log,322971,264651,1.7055039999999957
2,2,14600,66163,1.6981,1.6981,0.0,0.00019856,pretrain_full_4gpu_20260926.log,323051,264651,1.7029959999999955
2,2,14620,66163,1.7052,1.7052,0.0,0.00019846,pretrain_full_4gpu_20260926.log,323131,264651,1.7073279999999955
2,2,14640,66163,1.8214,1.8214,0.0,0.00019836,pretrain_full_4gpu_20260926.log,323211,264651,1.7134559999999954
2,2,14660,66163,1.7321,1.7321,0.0,0.00019826,pretrain_full_4gpu_20260926.log,323291,264651,1.7143599999999954
2,2,14680,66163,1.7228,1.7228,0.0,0.00019816,pretrain_full_4gpu_20260926.log,323371,264651,1.7163599999999954
2,2,14700,66163,1.8271,1.8271,0.0,0.00019806,pretrain_full_4gpu_20260926.log,323451,264651,1.7204439999999954
2,2,14720,66163,1.7075,1.7075,0.0,0.00019796,pretrain_full_4gpu_20260926.log,323531,264651,1.7201919999999955
2,2,14740,66163,1.7205,1.7205,0.0,0.00019786,pretrain_full_4gpu_20260926.log,323611,264651,1.7163479999999955
2,2,14760,66163,1.684,1.684,0.0,0.00019776,pretrain_full_4gpu_20260926.log,323691,264651,1.7179439999999955
2,2,14780,66163,1.683,1.683,0.0,0.00019766,pretrain_full_4gpu_20260926.log,323771,264651,1.7144239999999953
2,2,14800,66163,1.7462,1.7462,0.0,0.00019756,pretrain_full_4gpu_20260926.log,323851,264651,1.7149639999999955
2,2,14820,66163,1.7426,1.7426,0.0,0.00019746,pretrain_full_4gpu_20260926.log,323931,264651,1.7187239999999955
2,2,14840,66163,1.6683,1.6683,0.0,0.00019736,pretrain_full_4gpu_20260926.log,324011,264651,1.7159519999999955
2,2,14860,66163,1.7286,1.7286,0.0,0.00019726,pretrain_full_4gpu_20260926.log,324091,264651,1.7186399999999955
2,2,14880,66163,1.6781,1.6781,0.0,0.00019716,pretrain_full_4gpu_20260926.log,324171,264651,1.7130679999999956
2,2,14900,66163,1.767,1.767,0.0,0.00019706,pretrain_full_4gpu_20260926.log,324251,264651,1.7161319999999958
2,2,14920,66163,1.6754,1.6754,0.0,0.00019696,pretrain_full_4gpu_20260926.log,324331,264651,1.710623999999996
2,2,14940,66163,1.6426,1.6426,0.0,0.00019686,pretrain_full_4gpu_20260926.log,324411,264651,1.714359999999996
2,2,14960,66163,1.8012,1.8012,0.0,0.00019676,pretrain_full_4gpu_20260926.log,324491,264651,1.719755999999996
2,2,14980,66163,1.6402,1.6402,0.0,0.00019666,pretrain_full_4gpu_20260926.log,324571,264651,1.716395999999996
2,2,15000,66163,1.6916,1.6916,0.0,0.00019656,pretrain_full_4gpu_20260926.log,324651,264651,1.719043999999996
2,2,15020,66163,1.7251,1.7251,0.0,0.00019646,pretrain_full_4gpu_20260926.log,324731,264651,1.719779999999996
2,2,15040,66163,1.6877,1.6877,0.0,0.00019636,pretrain_full_4gpu_20260926.log,324811,264651,1.7181479999999962
2,2,15060,66163,1.7312,1.7312,0.0,0.00019626,pretrain_full_4gpu_20260926.log,324891,264651,1.7180079999999964
2,2,15080,66163,1.7404,1.7404,0.0,0.00019616,pretrain_full_4gpu_20260926.log,324971,264651,1.7187159999999964
2,2,15100,66163,1.6851,1.6851,0.0,0.00019606,pretrain_full_4gpu_20260926.log,325051,264651,1.7181959999999963
2,2,15120,66163,1.7553,1.7553,0.0,0.00019596,pretrain_full_4gpu_20260926.log,325131,264651,1.7201999999999964
2,2,15140,66163,1.7231,1.7231,0.0,0.00019586,pretrain_full_4gpu_20260926.log,325211,264651,1.7162679999999966
2,2,15160,66163,1.6343,1.6343,0.0,0.00019576,pretrain_full_4gpu_20260926.log,325291,264651,1.7123559999999967
2,2,15180,66163,1.711,1.711,0.0,0.00019566,pretrain_full_4gpu_20260926.log,325371,264651,1.7118839999999966
2,2,15200,66163,1.7382,1.7382,0.0,0.00019556,pretrain_full_4gpu_20260926.log,325451,264651,1.7083279999999965
2,2,15220,66163,1.6626,1.6626,0.0,0.00019546,pretrain_full_4gpu_20260926.log,325531,264651,1.7065319999999964
2,2,15240,66163,1.7523,1.7523,0.0,0.00019536,pretrain_full_4gpu_20260926.log,325611,264651,1.707803999999996
2,2,15260,66163,1.6845,1.6845,0.0,0.00019526,pretrain_full_4gpu_20260926.log,325691,264651,1.7078239999999962
2,2,15280,66163,1.7065,1.7065,0.0,0.00019516,pretrain_full_4gpu_20260926.log,325771,264651,1.7087639999999962
2,2,15300,66163,1.6482,1.6482,0.0,0.00019506,pretrain_full_4gpu_20260926.log,325851,264651,1.7048439999999963
2,2,15320,66163,1.7067,1.7067,0.0,0.00019496,pretrain_full_4gpu_20260926.log,325931,264651,1.703407999999996
2,2,15340,66163,1.7051,1.7051,0.0,0.00019486,pretrain_full_4gpu_20260926.log,326011,264651,1.704879999999996
2,2,15360,66163,1.6197,1.6197,0.0,0.00019476,pretrain_full_4gpu_20260926.log,326091,264651,1.7005239999999961
2,2,15380,66163,1.6553,1.6553,0.0,0.00019466,pretrain_full_4gpu_20260926.log,326171,264651,1.699611999999996
2,2,15400,66163,1.7227,1.7227,0.0,0.00019456,pretrain_full_4gpu_20260926.log,326251,264651,1.697839999999996
2,2,15420,66163,1.7366,1.7366,0.0,0.00019446,pretrain_full_4gpu_20260926.log,326331,264651,1.700287999999996
2,2,15440,66163,1.7968,1.7968,0.0,0.00019436,pretrain_full_4gpu_20260926.log,326411,264651,1.7064559999999958
2,2,15460,66163,1.7206,1.7206,0.0,0.00019426,pretrain_full_4gpu_20260926.log,326491,264651,1.7032319999999956
2,2,15480,66163,1.6772,1.6772,0.0,0.00019416,pretrain_full_4gpu_20260926.log,326571,264651,1.7047119999999956
2,2,15500,66163,1.7929,1.7929,0.0,0.00019406,pretrain_full_4gpu_20260926.log,326651,264651,1.7087639999999957
2,2,15520,66163,1.7918,1.7918,0.0,0.00019396,pretrain_full_4gpu_20260926.log,326731,264651,1.7114319999999958
2,2,15540,66163,1.6078,1.6078,0.0,0.00019386,pretrain_full_4gpu_20260926.log,326811,264651,1.7082359999999956
2,2,15560,66163,1.7204,1.7204,0.0,0.00019376,pretrain_full_4gpu_20260926.log,326891,264651,1.7078039999999957
2,2,15580,66163,1.7609,1.7609,0.0,0.00019366,pretrain_full_4gpu_20260926.log,326971,264651,1.7086239999999955
2,2,15600,66163,1.6979,1.6979,0.0,0.00019356,pretrain_full_4gpu_20260926.log,327051,264651,1.7091359999999955
2,2,15620,66163,1.8584,1.8584,0.0,0.00019346,pretrain_full_4gpu_20260926.log,327131,264651,1.7132599999999956
2,2,15640,66163,1.6771,1.6771,0.0,0.00019336,pretrain_full_4gpu_20260926.log,327211,264651,1.7114199999999957
2,2,15660,66163,1.6616,1.6616,0.0,0.00019326,pretrain_full_4gpu_20260926.log,327291,264651,1.7125119999999956
2,2,15680,66163,1.6637,1.6637,0.0,0.00019316,pretrain_full_4gpu_20260926.log,327371,264651,1.7106199999999956
2,2,15700,66163,1.6847,1.6847,0.0,0.00019306,pretrain_full_4gpu_20260926.log,327451,264651,1.7084799999999956
2,2,15720,66163,1.675,1.675,0.0,0.00019296,pretrain_full_4gpu_20260926.log,327531,264651,1.7089759999999956
2,2,15740,66163,1.6265,1.6265,0.0,0.00019286,pretrain_full_4gpu_20260926.log,327611,264651,1.7039439999999957
2,2,15760,66163,1.7242,1.7242,0.0,0.00019276,pretrain_full_4gpu_20260926.log,327691,264651,1.7055319999999958
2,2,15780,66163,1.7747,1.7747,0.0,0.00019266,pretrain_full_4gpu_20260926.log,327771,264651,1.708259999999996
2,2,15800,66163,1.7625,1.7625,0.0,0.00019257,pretrain_full_4gpu_20260926.log,327851,264651,1.712831999999996
2,2,15820,66163,1.7363,1.7363,0.0,0.00019247,pretrain_full_4gpu_20260926.log,327931,264651,1.714015999999996
2,2,15840,66163,1.6596,1.6596,0.0,0.00019237,pretrain_full_4gpu_20260926.log,328011,264651,1.7121959999999958
2,2,15860,66163,1.6451,1.6451,0.0,0.00019227,pretrain_full_4gpu_20260926.log,328091,264651,1.7132119999999957
2,2,15880,66163,1.6747,1.6747,0.0,0.00019217,pretrain_full_4gpu_20260926.log,328171,264651,1.713987999999996
2,2,15900,66163,1.6746,1.6746,0.0,0.00019207,pretrain_full_4gpu_20260926.log,328251,264651,1.7120639999999958
2,2,15920,66163,1.7009,1.7009,0.0,0.00019197,pretrain_full_4gpu_20260926.log,328331,264651,1.7106359999999956
2,2,15940,66163,1.6953,1.6953,0.0,0.00019187,pretrain_full_4gpu_20260926.log,328411,264651,1.7065759999999957
2,2,15960,66163,1.6754,1.6754,0.0,0.00019177,pretrain_full_4gpu_20260926.log,328491,264651,1.704767999999996
2,2,15980,66163,1.7048,1.7048,0.0,0.00019167,pretrain_full_4gpu_20260926.log,328571,264651,1.705871999999996
2,2,16000,66163,1.6254,1.6254,0.0,0.00019157,pretrain_full_4gpu_20260926.log,328651,264651,1.699171999999996
2,2,16020,66163,1.7658,1.7658,0.0,0.00019147,pretrain_full_4gpu_20260926.log,328731,264651,1.6981319999999958
2,2,16040,66163,1.7223,1.7223,0.0,0.00019137,pretrain_full_4gpu_20260926.log,328811,264651,1.7027119999999956
2,2,16060,66163,1.721,1.721,0.0,0.00019127,pretrain_full_4gpu_20260926.log,328891,264651,1.7027359999999958
2,2,16080,66163,1.7875,1.7875,0.0,0.00019118,pretrain_full_4gpu_20260926.log,328971,264651,1.703799999999996
2,2,16100,66163,1.675,1.675,0.0,0.00019108,pretrain_full_4gpu_20260926.log,329051,264651,1.702883999999996
2,2,16120,66163,1.6582,1.6582,0.0,0.00019098,pretrain_full_4gpu_20260926.log,329131,264651,1.6948759999999958
2,2,16140,66163,1.628,1.628,0.0,0.00019088,pretrain_full_4gpu_20260926.log,329211,264651,1.6929119999999958
2,2,16160,66163,1.6645,1.6645,0.0,0.00019078,pretrain_full_4gpu_20260926.log,329291,264651,1.6930279999999955
2,2,16180,66163,1.7164,1.7164,0.0,0.00019068,pretrain_full_4gpu_20260926.log,329371,264651,1.6951359999999958
2,2,16200,66163,1.6705,1.6705,0.0,0.00019058,pretrain_full_4gpu_20260926.log,329451,264651,1.6945679999999956
2,2,16220,66163,1.696,1.696,0.0,0.00019048,pretrain_full_4gpu_20260926.log,329531,264651,1.6954079999999956
2,2,16240,66163,1.7108,1.7108,0.0,0.00019038,pretrain_full_4gpu_20260926.log,329611,264651,1.6987799999999955
2,2,16260,66163,1.6303,1.6303,0.0,0.00019028,pretrain_full_4gpu_20260926.log,329691,264651,1.6950239999999954
2,2,16280,66163,1.6605,1.6605,0.0,0.00019018,pretrain_full_4gpu_20260926.log,329771,264651,1.6904559999999953
2,2,16300,66163,1.688,1.688,0.0,0.00019009,pretrain_full_4gpu_20260926.log,329851,264651,1.6874759999999953
2,2,16320,66163,1.6218,1.6218,0.0,0.00018999,pretrain_full_4gpu_20260926.log,329931,264651,1.6828959999999953
2,2,16340,66163,1.7058,1.7058,0.0,0.00018989,pretrain_full_4gpu_20260926.log,330011,264651,1.6847439999999956
2,2,16360,66163,1.7566,1.7566,0.0,0.00018979,pretrain_full_4gpu_20260926.log,330091,264651,1.6892039999999955
2,2,16380,66163,1.7119,1.7119,0.0,0.00018969,pretrain_full_4gpu_20260926.log,330171,264651,1.6906919999999954
2,2,16400,66163,1.7015,1.7015,0.0,0.00018959,pretrain_full_4gpu_20260926.log,330251,264651,1.6917679999999955
2,2,16420,66163,1.6083,1.6083,0.0,0.00018949,pretrain_full_4gpu_20260926.log,330331,264651,1.6880639999999958
2,2,16440,66163,1.7014,1.7014,0.0,0.00018939,pretrain_full_4gpu_20260926.log,330411,264651,1.6883079999999955
2,2,16460,66163,1.8378,1.8378,0.0,0.00018929,pretrain_full_4gpu_20260926.log,330491,264651,1.6948039999999955
2,2,16480,66163,1.6494,1.6494,0.0,0.0001892,pretrain_full_4gpu_20260926.log,330571,264651,1.6925879999999955
2,2,16500,66163,1.7335,1.7335,0.0,0.0001891,pretrain_full_4gpu_20260926.log,330651,264651,1.6969119999999955
2,2,16520,66163,1.628,1.628,0.0,0.000189,pretrain_full_4gpu_20260926.log,330731,264651,1.6913999999999956
2,2,16540,66163,1.6786,1.6786,0.0,0.0001889,pretrain_full_4gpu_20260926.log,330811,264651,1.689651999999996
2,2,16560,66163,1.7753,1.7753,0.0,0.0001888,pretrain_full_4gpu_20260926.log,330891,264651,1.6918239999999958
2,2,16580,66163,1.7792,1.7792,0.0,0.0001887,pretrain_full_4gpu_20260926.log,330971,264651,1.6914919999999958
2,2,16600,66163,1.7316,1.7316,0.0,0.0001886,pretrain_full_4gpu_20260926.log,331051,264651,1.693755999999996
2,2,16620,66163,1.6652,1.6652,0.0,0.00018851,pretrain_full_4gpu_20260926.log,331131,264651,1.6940359999999959
2,2,16640,66163,1.7795,1.7795,0.0,0.00018841,pretrain_full_4gpu_20260926.log,331211,264651,1.7000959999999958
2,2,16660,66163,1.612,1.612,0.0,0.00018831,pretrain_full_4gpu_20260926.log,331291,264651,1.697995999999996
2,2,16680,66163,1.7683,1.7683,0.0,0.00018821,pretrain_full_4gpu_20260926.log,331371,264651,1.7000719999999958
2,2,16700,66163,1.6948,1.6948,0.0,0.00018811,pretrain_full_4gpu_20260926.log,331451,264651,1.701043999999996
2,2,16720,66163,1.8424,1.8424,0.0,0.00018801,pretrain_full_4gpu_20260926.log,331531,264651,1.706899999999996
2,2,16740,66163,1.7386,1.7386,0.0,0.00018791,pretrain_full_4gpu_20260926.log,331611,264651,1.7080119999999959
2,2,16760,66163,1.6625,1.6625,0.0,0.00018782,pretrain_full_4gpu_20260926.log,331691,264651,1.709299999999996
2,2,16780,66163,1.7464,1.7464,0.0,0.00018772,pretrain_full_4gpu_20260926.log,331771,264651,1.7127359999999963
2,2,16800,66163,1.6723,1.6723,0.0,0.00018762,pretrain_full_4gpu_20260926.log,331851,264651,1.7121079999999962
2,2,16820,66163,1.728,1.728,0.0,0.00018752,pretrain_full_4gpu_20260926.log,331931,264651,1.7163559999999962
2,2,16840,66163,1.7099,1.7099,0.0,0.00018742,pretrain_full_4gpu_20260926.log,332011,264651,1.7165199999999958
2,2,16860,66163,1.7219,1.7219,0.0,0.00018732,pretrain_full_4gpu_20260926.log,332091,264651,1.7151319999999959
2,2,16880,66163,1.6684,1.6684,0.0,0.00018722,pretrain_full_4gpu_20260926.log,332171,264651,1.7133919999999958
2,2,16900,66163,1.6729,1.6729,0.0,0.00018713,pretrain_full_4gpu_20260926.log,332251,264651,1.7122479999999956
2,2,16920,66163,1.6738,1.6738,0.0,0.00018703,pretrain_full_4gpu_20260926.log,332331,264651,1.7148679999999956
2,2,16940,66163,1.6357,1.6357,0.0,0.00018693,pretrain_full_4gpu_20260926.log,332411,264651,1.7122399999999955
2,2,16960,66163,1.6861,1.6861,0.0,0.00018683,pretrain_full_4gpu_20260926.log,332491,264651,1.7061719999999958
2,2,16980,66163,1.7818,1.7818,0.0,0.00018673,pretrain_full_4gpu_20260926.log,332571,264651,1.7114679999999955
2,2,17000,66163,1.7969,1.7969,0.0,0.00018663,pretrain_full_4gpu_20260926.log,332651,264651,1.7140039999999956
2,2,17020,66163,1.7049,1.7049,0.0,0.00018654,pretrain_full_4gpu_20260926.log,332731,264651,1.7170799999999957
2,2,17040,66163,1.6921,1.6921,0.0,0.00018644,pretrain_full_4gpu_20260926.log,332811,264651,1.7176199999999955
2,2,17060,66163,1.7165,1.7165,0.0,0.00018634,pretrain_full_4gpu_20260926.log,332891,264651,1.7152679999999954
2,2,17080,66163,1.6355,1.6355,0.0,0.00018624,pretrain_full_4gpu_20260926.log,332971,264651,1.709519999999995
2,2,17100,66163,1.8113,1.8113,0.0,0.00018614,pretrain_full_4gpu_20260926.log,333051,264651,1.7127079999999952
2,2,17120,66163,1.7201,1.7201,0.0,0.00018605,pretrain_full_4gpu_20260926.log,333131,264651,1.7149039999999953
2,2,17140,66163,1.6728,1.6728,0.0,0.00018595,pretrain_full_4gpu_20260926.log,333211,264651,1.7106359999999956
2,2,17160,66163,1.7251,1.7251,0.0,0.00018585,pretrain_full_4gpu_20260926.log,333291,264651,1.7151599999999954
2,2,17180,66163,1.5512,1.5512,0.0,0.00018575,pretrain_full_4gpu_20260926.log,333371,264651,1.7064759999999957
2,2,17200,66163,1.6585,1.6585,0.0,0.00018565,pretrain_full_4gpu_20260926.log,333451,264651,1.7050239999999957
2,2,17220,66163,1.7085,1.7085,0.0,0.00018556,pretrain_full_4gpu_20260926.log,333531,264651,1.6996679999999957
2,2,17240,66163,1.699,1.699,0.0,0.00018546,pretrain_full_4gpu_20260926.log,333611,264651,1.6980839999999957
2,2,17260,66163,1.7233,1.7233,0.0,0.00018536,pretrain_full_4gpu_20260926.log,333691,264651,1.700515999999996
2,2,17280,66163,1.7014,1.7014,0.0,0.00018526,pretrain_full_4gpu_20260926.log,333771,264651,1.6987159999999957
2,2,17300,66163,1.6437,1.6437,0.0,0.00018516,pretrain_full_4gpu_20260926.log,333851,264651,1.6975719999999959
2,2,17320,66163,1.6351,1.6351,0.0,0.00018507,pretrain_full_4gpu_20260926.log,333931,264651,1.6938559999999958
2,2,17340,66163,1.7309,1.7309,0.0,0.00018497,pretrain_full_4gpu_20260926.log,334011,264651,1.694695999999996
2,2,17360,66163,1.735,1.735,0.0,0.00018487,pretrain_full_4gpu_20260926.log,334091,264651,1.695219999999996
2,2,17380,66163,1.6932,1.6932,0.0,0.00018477,pretrain_full_4gpu_20260926.log,334171,264651,1.6962119999999958
2,2,17400,66163,1.693,1.693,0.0,0.00018467,pretrain_full_4gpu_20260926.log,334251,264651,1.6970159999999959
2,2,17420,66163,1.7211,1.7211,0.0,0.00018458,pretrain_full_4gpu_20260926.log,334331,264651,1.6989079999999959
2,2,17440,66163,1.7822,1.7822,0.0,0.00018448,pretrain_full_4gpu_20260926.log,334411,264651,1.704767999999996
2,2,17460,66163,1.7211,1.7211,0.0,0.00018438,pretrain_full_4gpu_20260926.log,334491,264651,1.706167999999996
2,2,17480,66163,1.7114,1.7114,0.0,0.00018428,pretrain_full_4gpu_20260926.log,334571,264651,1.703351999999996
2,2,17500,66163,1.6293,1.6293,0.0,0.00018418,pretrain_full_4gpu_20260926.log,334651,264651,1.696647999999996
2,2,17520,66163,1.712,1.712,0.0,0.00018409,pretrain_full_4gpu_20260926.log,334731,264651,1.6969319999999959
2,2,17540,66163,1.7727,1.7727,0.0,0.00018399,pretrain_full_4gpu_20260926.log,334811,264651,1.700155999999996
2,2,17560,66163,1.6883,1.6883,0.0,0.00018389,pretrain_full_4gpu_20260926.log,334891,264651,1.6990279999999962
2,2,17580,66163,1.7115,1.7115,0.0,0.00018379,pretrain_full_4gpu_20260926.log,334971,264651,1.7020679999999961
2,2,17600,66163,1.6907,1.6907,0.0,0.0001837,pretrain_full_4gpu_20260926.log,335051,264651,1.697243999999996
2,2,17620,66163,1.6924,1.6924,0.0,0.0001836,pretrain_full_4gpu_20260926.log,335131,264651,1.6961359999999959
2,2,17640,66163,1.6816,1.6816,0.0,0.0001835,pretrain_full_4gpu_20260926.log,335211,264651,1.696487999999996
2,2,17660,66163,1.6311,1.6311,0.0,0.0001834,pretrain_full_4gpu_20260926.log,335291,264651,1.6927279999999962
2,2,17680,66163,1.6997,1.6997,0.0,0.00018331,pretrain_full_4gpu_20260926.log,335371,264651,1.698667999999996
2,2,17700,66163,1.7746,1.7746,0.0,0.00018321,pretrain_full_4gpu_20260926.log,335451,264651,1.7033119999999962
2,2,17720,66163,1.7079,1.7079,0.0,0.00018311,pretrain_full_4gpu_20260926.log,335531,264651,1.7032879999999964
2,2,17740,66163,1.6973,1.6973,0.0,0.00018301,pretrain_full_4gpu_20260926.log,335611,264651,1.7032199999999964
2,2,17760,66163,1.7133,1.7133,0.0,0.00018292,pretrain_full_4gpu_20260926.log,335691,264651,1.7028199999999962
2,2,17780,66163,1.7188,1.7188,0.0,0.00018282,pretrain_full_4gpu_20260926.log,335771,264651,1.7035159999999963
2,2,17800,66163,1.7085,1.7085,0.0,0.00018272,pretrain_full_4gpu_20260926.log,335851,264651,1.7061079999999962
2,2,17820,66163,1.7142,1.7142,0.0,0.00018262,pretrain_full_4gpu_20260926.log,335931,264651,1.709271999999996
2,2,17840,66163,1.6846,1.6846,0.0,0.00018253,pretrain_full_4gpu_20260926.log,336011,264651,1.7074199999999962
2,2,17860,66163,1.7822,1.7822,0.0,0.00018243,pretrain_full_4gpu_20260926.log,336091,264651,1.7093079999999963
2,2,17880,66163,1.6526,1.6526,0.0,0.00018233,pretrain_full_4gpu_20260926.log,336171,264651,1.7076839999999964
2,2,17900,66163,1.7326,1.7326,0.0,0.00018223,pretrain_full_4gpu_20260926.log,336251,264651,1.7092679999999965
2,2,17920,66163,1.6872,1.6872,0.0,0.00018214,pretrain_full_4gpu_20260926.log,336331,264651,1.7079119999999963
2,2,17940,66163,1.7061,1.7061,0.0,0.00018204,pretrain_full_4gpu_20260926.log,336411,264651,1.7048679999999963
2,2,17960,66163,1.7181,1.7181,0.0,0.00018194,pretrain_full_4gpu_20260926.log,336491,264651,1.7047479999999962
2,2,17980,66163,1.6272,1.6272,0.0,0.00018184,pretrain_full_4gpu_20260926.log,336571,264651,1.7013799999999963
2,2,18000,66163,1.6203,1.6203,0.0,0.00018175,pretrain_full_4gpu_20260926.log,336651,264651,1.7010199999999964
2,2,18020,66163,1.697,1.697,0.0,0.00018165,pretrain_full_4gpu_20260926.log,336731,264651,1.7004199999999963
2,2,18040,66163,1.6549,1.6549,0.0,0.00018155,pretrain_full_4gpu_20260926.log,336811,264651,1.6957079999999962
2,2,18060,66163,1.7999,1.7999,0.0,0.00018146,pretrain_full_4gpu_20260926.log,336891,264651,1.7001719999999962
2,2,18080,66163,1.6855,1.6855,0.0,0.00018136,pretrain_full_4gpu_20260926.log,336971,264651,1.699131999999996
2,2,18100,66163,1.6275,1.6275,0.0,0.00018126,pretrain_full_4gpu_20260926.log,337051,264651,1.6966039999999962
2,2,18120,66163,1.7597,1.7597,0.0,0.00018116,pretrain_full_4gpu_20260926.log,337131,264651,1.6992959999999961
2,2,18140,66163,1.6592,1.6592,0.0,0.00018107,pretrain_full_4gpu_20260926.log,337211,264651,1.6983999999999961
2,2,18160,66163,1.6364,1.6364,0.0,0.00018097,pretrain_full_4gpu_20260926.log,337291,264651,1.698611999999996
2,2,18180,66163,1.6577,1.6577,0.0,0.00018087,pretrain_full_4gpu_20260926.log,337371,264651,1.6969319999999959
2,2,18200,66163,1.7549,1.7549,0.0,0.00018078,pretrain_full_4gpu_20260926.log,337451,264651,1.6961439999999959
2,2,18220,66163,1.7169,1.7169,0.0,0.00018068,pretrain_full_4gpu_20260926.log,337531,264651,1.696503999999996
2,2,18240,66163,1.6564,1.6564,0.0,0.00018058,pretrain_full_4gpu_20260926.log,337611,264651,1.6948679999999958
2,2,18260,66163,1.6922,1.6922,0.0,0.00018049,pretrain_full_4gpu_20260926.log,337691,264651,1.694023999999996
2,2,18280,66163,1.6229,1.6229,0.0,0.00018039,pretrain_full_4gpu_20260926.log,337771,264651,1.690187999999996
2,2,18300,66163,1.751,1.751,0.0,0.00018029,pretrain_full_4gpu_20260926.log,337851,264651,1.6918879999999958
2,2,18320,66163,1.6679,1.6679,0.0,0.00018019,pretrain_full_4gpu_20260926.log,337931,264651,1.690035999999996
2,2,18340,66163,1.7938,1.7938,0.0,0.0001801,pretrain_full_4gpu_20260926.log,338011,264651,1.6944039999999958
2,2,18360,66163,1.6528,1.6528,0.0,0.00018,pretrain_full_4gpu_20260926.log,338091,264651,1.6892279999999957
2,2,18380,66163,1.6872,1.6872,0.0,0.0001799,pretrain_full_4gpu_20260926.log,338171,264651,1.6906119999999956
2,2,18400,66163,1.7184,1.7184,0.0,0.00017981,pretrain_full_4gpu_20260926.log,338251,264651,1.6900439999999959
2,2,18420,66163,1.7196,1.7196,0.0,0.00017971,pretrain_full_4gpu_20260926.log,338331,264651,1.6913399999999958
2,2,18440,66163,1.731,1.731,0.0,0.00017961,pretrain_full_4gpu_20260926.log,338411,264651,1.692335999999996
2,2,18460,66163,1.5909,1.5909,0.0,0.00017952,pretrain_full_4gpu_20260926.log,338491,264651,1.6872479999999959
2,2,18480,66163,1.6745,1.6745,0.0,0.00017942,pretrain_full_4gpu_20260926.log,338571,264651,1.6891399999999959
2,2,18500,66163,1.688,1.688,0.0,0.00017932,pretrain_full_4gpu_20260926.log,338651,264651,1.691847999999996
2,2,18520,66163,1.7088,1.7088,0.0,0.00017923,pretrain_full_4gpu_20260926.log,338731,264651,1.6923199999999958
2,2,18540,66163,1.6805,1.6805,0.0,0.00017913,pretrain_full_4gpu_20260926.log,338811,264651,1.693343999999996
2,2,18560,66163,1.7446,1.7446,0.0,0.00017903,pretrain_full_4gpu_20260926.log,338891,264651,1.6911319999999959
2,2,18580,66163,1.7464,1.7464,0.0,0.00017894,pretrain_full_4gpu_20260926.log,338971,264651,1.693567999999996
2,2,18600,66163,1.6221,1.6221,0.0,0.00017884,pretrain_full_4gpu_20260926.log,339051,264651,1.6933519999999962
2,2,18620,66163,1.6466,1.6466,0.0,0.00017874,pretrain_full_4gpu_20260926.log,339131,264651,1.688827999999996
2,2,18640,66163,1.6933,1.6933,0.0,0.00017865,pretrain_full_4gpu_20260926.log,339211,264651,1.6901919999999961
2,2,18660,66163,1.8158,1.8158,0.0,0.00017855,pretrain_full_4gpu_20260926.log,339291,264651,1.6973679999999962
2,2,18680,66163,1.6778,1.6778,0.0,0.00017845,pretrain_full_4gpu_20260926.log,339371,264651,1.6981719999999962
2,2,18700,66163,1.7229,1.7229,0.0,0.00017836,pretrain_full_4gpu_20260926.log,339451,264651,1.6968919999999963
2,2,18720,66163,1.693,1.693,0.0,0.00017826,pretrain_full_4gpu_20260926.log,339531,264651,1.6959359999999961
2,2,18740,66163,1.6948,1.6948,0.0,0.00017816,pretrain_full_4gpu_20260926.log,339611,264651,1.6974719999999963
2,2,18760,66163,1.6778,1.6778,0.0,0.00017807,pretrain_full_4gpu_20260926.log,339691,264651,1.6968959999999962
2,2,18780,66163,1.7403,1.7403,0.0,0.00017797,pretrain_full_4gpu_20260926.log,339771,264651,1.701591999999996
2,2,18800,66163,1.7358,1.7358,0.0,0.00017788,pretrain_full_4gpu_20260926.log,339851,264651,1.700983999999996
2,2,18820,66163,1.7222,1.7222,0.0,0.00017778,pretrain_full_4gpu_20260926.log,339931,264651,1.703155999999996
2,2,18840,66163,1.697,1.697,0.0,0.00017768,pretrain_full_4gpu_20260926.log,340011,264651,1.699283999999996
2,2,18860,66163,1.6568,1.6568,0.0,0.00017759,pretrain_full_4gpu_20260926.log,340091,264651,1.699443999999996
2,2,18880,66163,1.673,1.673,0.0,0.00017749,pretrain_full_4gpu_20260926.log,340171,264651,1.6988759999999963
2,2,18900,66163,1.6489,1.6489,0.0,0.00017739,pretrain_full_4gpu_20260926.log,340251,264651,1.696095999999996
2,2,18920,66163,1.675,1.675,0.0,0.0001773,pretrain_full_4gpu_20260926.log,340331,264651,1.6943119999999958
2,2,18940,66163,1.6388,1.6388,0.0,0.0001772,pretrain_full_4gpu_20260926.log,340411,264651,1.690623999999996
2,2,18960,66163,1.6532,1.6532,0.0,0.00017711,pretrain_full_4gpu_20260926.log,340491,264651,1.693115999999996
2,2,18980,66163,1.7432,1.7432,0.0,0.00017701,pretrain_full_4gpu_20260926.log,340571,264651,1.695863999999996
2,2,19000,66163,1.5888,1.5888,0.0,0.00017691,pretrain_full_4gpu_20260926.log,340651,264651,1.6918959999999958
2,2,19020,66163,1.6699,1.6699,0.0,0.00017682,pretrain_full_4gpu_20260926.log,340731,264651,1.690339999999996
2,2,19040,66163,1.7344,1.7344,0.0,0.00017672,pretrain_full_4gpu_20260926.log,340811,264651,1.6924959999999958
2,2,19060,66163,1.794,1.794,0.0,0.00017662,pretrain_full_4gpu_20260926.log,340891,264651,1.6944719999999958
2,2,19080,66163,1.7969,1.7969,0.0,0.00017653,pretrain_full_4gpu_20260926.log,340971,264651,1.696491999999996
2,2,19100,66163,1.7742,1.7742,0.0,0.00017643,pretrain_full_4gpu_20260926.log,341051,264651,1.7025759999999956
2,2,19120,66163,1.7595,1.7595,0.0,0.00017634,pretrain_full_4gpu_20260926.log,341131,264651,1.7070919999999958
2,2,19140,66163,1.6875,1.6875,0.0,0.00017624,pretrain_full_4gpu_20260926.log,341211,264651,1.7068599999999958
2,2,19160,66163,1.7469,1.7469,0.0,0.00017614,pretrain_full_4gpu_20260926.log,341291,264651,1.7041039999999956
2,2,19180,66163,1.7508,1.7508,0.0,0.00017605,pretrain_full_4gpu_20260926.log,341371,264651,1.7070239999999957
2,2,19200,66163,1.8083,1.8083,0.0,0.00017595,pretrain_full_4gpu_20260926.log,341451,264651,1.7104399999999955
2,2,19220,66163,1.7223,1.7223,0.0,0.00017586,pretrain_full_4gpu_20260926.log,341531,264651,1.7116119999999955
2,2,19240,66163,1.6854,1.6854,0.0,0.00017576,pretrain_full_4gpu_20260926.log,341611,264651,1.7112359999999955
2,2,19260,66163,1.6861,1.6861,0.0,0.00017566,pretrain_full_4gpu_20260926.log,341691,264651,1.7115679999999958
2,2,19280,66163,1.7068,1.7068,0.0,0.00017557,pretrain_full_4gpu_20260926.log,341771,264651,1.7102279999999959
2,2,19300,66163,1.6696,1.6696,0.0,0.00017547,pretrain_full_4gpu_20260926.log,341851,264651,1.707579999999996
2,2,19320,66163,1.6813,1.6813,0.0,0.00017538,pretrain_full_4gpu_20260926.log,341931,264651,1.7059439999999961
2,2,19340,66163,1.7013,1.7013,0.0,0.00017528,pretrain_full_4gpu_20260926.log,342011,264651,1.7061159999999962
2,2,19360,66163,1.6492,1.6492,0.0,0.00017519,pretrain_full_4gpu_20260926.log,342091,264651,1.7058119999999963
2,2,19380,66163,1.5975,1.5975,0.0,0.00017509,pretrain_full_4gpu_20260926.log,342171,264651,1.702791999999996
2,2,19400,66163,1.7246,1.7246,0.0,0.00017499,pretrain_full_4gpu_20260926.log,342251,264651,1.7058199999999963
2,2,19420,66163,1.6953,1.6953,0.0,0.0001749,pretrain_full_4gpu_20260926.log,342331,264651,1.7066319999999964
2,2,19440,66163,1.7474,1.7474,0.0,0.0001748,pretrain_full_4gpu_20260926.log,342411,264651,1.7109759999999963
2,2,19460,66163,1.6591,1.6591,0.0,0.00017471,pretrain_full_4gpu_20260926.log,342491,264651,1.7112119999999964
2,2,19480,66163,1.6575,1.6575,0.0,0.00017461,pretrain_full_4gpu_20260926.log,342571,264651,1.7077839999999964
2,2,19500,66163,1.6869,1.6869,0.0,0.00017452,pretrain_full_4gpu_20260926.log,342651,264651,1.7117079999999965
2,2,19520,66163,1.7803,1.7803,0.0,0.00017442,pretrain_full_4gpu_20260926.log,342731,264651,1.7161239999999964
2,2,19540,66163,1.7048,1.7048,0.0,0.00017433,pretrain_full_4gpu_20260926.log,342811,264651,1.7149399999999964
2,2,19560,66163,1.6689,1.6689,0.0,0.00017423,pretrain_full_4gpu_20260926.log,342891,264651,1.7099359999999963
2,2,19580,66163,1.7491,1.7491,0.0,0.00017413,pretrain_full_4gpu_20260926.log,342971,264651,1.7080239999999964
2,2,19600,66163,1.6081,1.6081,0.0,0.00017404,pretrain_full_4gpu_20260926.log,343051,264651,1.7013799999999963
2,2,19620,66163,1.6386,1.6386,0.0,0.00017394,pretrain_full_4gpu_20260926.log,343131,264651,1.696543999999996
2,2,19640,66163,1.7778,1.7778,0.0,0.00017385,pretrain_full_4gpu_20260926.log,343211,264651,1.700155999999996
2,2,19660,66163,1.6948,1.6948,0.0,0.00017375,pretrain_full_4gpu_20260926.log,343291,264651,1.6980719999999963
2,2,19680,66163,1.6648,1.6648,0.0,0.00017366,pretrain_full_4gpu_20260926.log,343371,264651,1.6946319999999964
2,2,19700,66163,1.6439,1.6439,0.0,0.00017356,pretrain_full_4gpu_20260926.log,343451,264651,1.6880559999999962
2,2,19720,66163,1.5934,1.5934,0.0,0.00017347,pretrain_full_4gpu_20260926.log,343531,264651,1.6828999999999965
2,2,19740,66163,1.7824,1.7824,0.0,0.00017337,pretrain_full_4gpu_20260926.log,343611,264651,1.6867799999999966
2,2,19760,66163,1.7846,1.7846,0.0,0.00017328,pretrain_full_4gpu_20260926.log,343691,264651,1.6907199999999962
2,2,19780,66163,1.7483,1.7483,0.0,0.00017318,pretrain_full_4gpu_20260926.log,343771,264651,1.6923799999999962
2,2,19800,66163,1.7776,1.7776,0.0,0.00017308,pretrain_full_4gpu_20260926.log,343851,264651,1.696699999999996
2,2,19820,66163,1.7082,1.7082,0.0,0.00017299,pretrain_full_4gpu_20260926.log,343931,264651,1.6977759999999962
2,2,19840,66163,1.7024,1.7024,0.0,0.00017289,pretrain_full_4gpu_20260926.log,344011,264651,1.6978199999999959
2,2,19860,66163,1.6781,1.6781,0.0,0.0001728,pretrain_full_4gpu_20260926.log,344091,264651,1.6989759999999958
2,2,19880,66163,1.6352,1.6352,0.0,0.0001727,pretrain_full_4gpu_20260926.log,344171,264651,1.7004839999999959
2,2,19900,66163,1.6012,1.6012,0.0,0.00017261,pretrain_full_4gpu_20260926.log,344251,264651,1.6955479999999958
2,2,19920,66163,1.7453,1.7453,0.0,0.00017251,pretrain_full_4gpu_20260926.log,344331,264651,1.6975479999999956
2,2,19940,66163,1.6137,1.6137,0.0,0.00017242,pretrain_full_4gpu_20260926.log,344411,264651,1.6921999999999957
2,2,19960,66163,1.6778,1.6778,0.0,0.00017232,pretrain_full_4gpu_20260926.log,344491,264651,1.6929479999999955
2,2,19980,66163,1.6503,1.6503,0.0,0.00017223,pretrain_full_4gpu_20260926.log,344571,264651,1.6926599999999956
2,2,20000,66163,1.6196,1.6196,0.0,0.00017213,pretrain_full_4gpu_20260926.log,344651,264651,1.6899679999999955
2,2,20020,66163,1.6991,1.6991,0.0,0.00017204,pretrain_full_4gpu_20260926.log,344731,264651,1.6867199999999958
2,2,20040,66163,1.7106,1.7106,0.0,0.00017194,pretrain_full_4gpu_20260926.log,344811,264651,1.6869519999999958
2,2,20060,66163,1.6686,1.6686,0.0,0.00017185,pretrain_full_4gpu_20260926.log,344891,264651,1.6869399999999957
2,2,20080,66163,1.6248,1.6248,0.0,0.00017175,pretrain_full_4gpu_20260926.log,344971,264651,1.6819679999999957
2,2,20100,66163,1.715,1.715,0.0,0.00017166,pretrain_full_4gpu_20260926.log,345051,264651,1.6862439999999959
2,2,20120,66163,1.6178,1.6178,0.0,0.00017156,pretrain_full_4gpu_20260926.log,345131,264651,1.6854119999999961
2,2,20140,66163,1.7304,1.7304,0.0,0.00017147,pretrain_full_4gpu_20260926.log,345211,264651,1.6835159999999962
2,2,20160,66163,1.6679,1.6679,0.0,0.00017137,pretrain_full_4gpu_20260926.log,345291,264651,1.6824399999999964
2,2,20180,66163,1.7809,1.7809,0.0,0.00017128,pretrain_full_4gpu_20260926.log,345371,264651,1.6870839999999965
2,2,20200,66163,1.7118,1.7118,0.0,0.00017118,pretrain_full_4gpu_20260926.log,345451,264651,1.6897999999999962
2,2,20220,66163,1.7197,1.7197,0.0,0.00017109,pretrain_full_4gpu_20260926.log,345531,264651,1.6948519999999963
2,2,20240,66163,1.6201,1.6201,0.0,0.000171,pretrain_full_4gpu_20260926.log,345611,264651,1.688359999999996
2,2,20260,66163,1.8563,1.8563,0.0,0.0001709,pretrain_full_4gpu_20260926.log,345691,264651,1.6912279999999962
2,2,20280,66163,1.6817,1.6817,0.0,0.00017081,pretrain_full_4gpu_20260926.log,345771,264651,1.6885639999999962
2,2,20300,66163,1.6494,1.6494,0.0,0.00017071,pretrain_full_4gpu_20260926.log,345851,264651,1.6834359999999962
2,2,20320,66163,1.744,1.744,0.0,0.00017062,pretrain_full_4gpu_20260926.log,345931,264651,1.6848679999999963
2,2,20340,66163,1.6484,1.6484,0.0,0.00017052,pretrain_full_4gpu_20260926.log,346011,264651,1.6827079999999963
2,2,20360,66163,1.6839,1.6839,0.0,0.00017043,pretrain_full_4gpu_20260926.log,346091,264651,1.6829399999999963
2,2,20380,66163,1.6869,1.6869,0.0,0.00017033,pretrain_full_4gpu_20260926.log,346171,264651,1.6850079999999965
2,2,20400,66163,1.6281,1.6281,0.0,0.00017024,pretrain_full_4gpu_20260926.log,346251,264651,1.6860839999999968
2,2,20420,66163,1.7641,1.7641,0.0,0.00017014,pretrain_full_4gpu_20260926.log,346331,264651,1.6868359999999967
2,2,20440,66163,1.744,1.744,0.0,0.00017005,pretrain_full_4gpu_20260926.log,346411,264651,1.6920479999999967
2,2,20460,66163,1.7445,1.7445,0.0,0.00016995,pretrain_full_4gpu_20260926.log,346491,264651,1.6947159999999968
2,2,20480,66163,1.744,1.744,0.0,0.00016986,pretrain_full_4gpu_20260926.log,346571,264651,1.6984639999999969
2,2,20500,66163,1.6823,1.6823,0.0,0.00016977,pretrain_full_4gpu_20260926.log,346651,264651,1.7009719999999968
2,2,20520,66163,1.6566,1.6566,0.0,0.00016967,pretrain_full_4gpu_20260926.log,346731,264651,1.6992719999999966
2,2,20540,66163,1.6493,1.6493,0.0,0.00016958,pretrain_full_4gpu_20260926.log,346811,264651,1.6968199999999964
2,2,20560,66163,1.6017,1.6017,0.0,0.00016948,pretrain_full_4gpu_20260926.log,346891,264651,1.6941439999999965
2,2,20580,66163,1.787,1.787,0.0,0.00016939,pretrain_full_4gpu_20260926.log,346971,264651,1.7006319999999966
2,2,20600,66163,1.7174,1.7174,0.0,0.00016929,pretrain_full_4gpu_20260926.log,347051,264651,1.7007279999999962
2,2,20620,66163,1.7328,1.7328,0.0,0.0001692,pretrain_full_4gpu_20260926.log,347131,264651,1.7053279999999962
2,2,20640,66163,1.6974,1.6974,0.0,0.00016911,pretrain_full_4gpu_20260926.log,347211,264651,1.704007999999996
2,2,20660,66163,1.7073,1.7073,0.0,0.00016901,pretrain_full_4gpu_20260926.log,347291,264651,1.705583999999996
2,2,20680,66163,1.7713,1.7713,0.0,0.00016892,pretrain_full_4gpu_20260926.log,347371,264651,1.7051999999999958
2,2,20700,66163,1.6539,1.6539,0.0,0.00016882,pretrain_full_4gpu_20260926.log,347451,264651,1.702883999999996
2,2,20720,66163,1.7508,1.7508,0.0,0.00016873,pretrain_full_4gpu_20260926.log,347531,264651,1.7041279999999959
2,2,20740,66163,1.7185,1.7185,0.0,0.00016863,pretrain_full_4gpu_20260926.log,347611,264651,1.7080639999999958
2,2,20760,66163,1.6278,1.6278,0.0,0.00016854,pretrain_full_4gpu_20260926.log,347691,264651,1.6989239999999959
2,2,20780,66163,1.6776,1.6776,0.0,0.00016845,pretrain_full_4gpu_20260926.log,347771,264651,1.6987599999999958
2,2,20800,66163,1.6917,1.6917,0.0,0.00016835,pretrain_full_4gpu_20260926.log,347851,264651,1.7004519999999956
2,2,20820,66163,1.6049,1.6049,0.0,0.00016826,pretrain_full_4gpu_20260926.log,347931,264651,1.6948879999999957
2,2,20840,66163,1.7131,1.7131,0.0,0.00016816,pretrain_full_4gpu_20260926.log,348011,264651,1.6974759999999955
2,2,20860,66163,1.7217,1.7217,0.0,0.00016807,pretrain_full_4gpu_20260926.log,348091,264651,1.6989879999999955
2,2,20880,66163,1.7036,1.7036,0.0,0.00016798,pretrain_full_4gpu_20260926.log,348171,264651,1.6996559999999954
2,2,20900,66163,1.6689,1.6689,0.0,0.00016788,pretrain_full_4gpu_20260926.log,348251,264651,1.7012879999999952
2,2,20920,66163,1.7223,1.7223,0.0,0.00016779,pretrain_full_4gpu_20260926.log,348331,264651,1.6996159999999951
2,2,20940,66163,1.6497,1.6497,0.0,0.00016769,pretrain_full_4gpu_20260926.log,348411,264651,1.6958439999999952
2,2,20960,66163,1.7616,1.7616,0.0,0.0001676,pretrain_full_4gpu_20260926.log,348491,264651,1.6965279999999954
2,2,20980,66163,1.7328,1.7328,0.0,0.00016751,pretrain_full_4gpu_20260926.log,348571,264651,1.6960799999999951
2,2,21000,66163,1.6461,1.6461,0.0,0.00016741,pretrain_full_4gpu_20260926.log,348651,264651,1.6946319999999953
2,2,21020,66163,1.7645,1.7645,0.0,0.00016732,pretrain_full_4gpu_20260926.log,348731,264651,1.6989479999999952
2,2,21040,66163,1.789,1.789,0.0,0.00016722,pretrain_full_4gpu_20260926.log,348811,264651,1.7045359999999954
2,2,21060,66163,1.7194,1.7194,0.0,0.00016713,pretrain_full_4gpu_20260926.log,348891,264651,1.7092439999999953
2,2,21080,66163,1.6736,1.6736,0.0,0.00016704,pretrain_full_4gpu_20260926.log,348971,264651,1.7047079999999954
2,2,21100,66163,1.783,1.783,0.0,0.00016694,pretrain_full_4gpu_20260926.log,349051,264651,1.7073319999999956
2,2,21120,66163,1.7615,1.7615,0.0,0.00016685,pretrain_full_4gpu_20260926.log,349131,264651,1.7084799999999956
2,2,21140,66163,1.6661,1.6661,0.0,0.00016676,pretrain_full_4gpu_20260926.log,349211,264651,1.7072279999999955
2,2,21160,66163,1.7194,1.7194,0.0,0.00016666,pretrain_full_4gpu_20260926.log,349291,264651,1.7077119999999957
2,2,21180,66163,1.6156,1.6156,0.0,0.00016657,pretrain_full_4gpu_20260926.log,349371,264651,1.7014839999999958
2,2,21200,66163,1.7099,1.7099,0.0,0.00016648,pretrain_full_4gpu_20260926.log,349451,264651,1.7037239999999958
2,2,21220,66163,1.7079,1.7079,0.0,0.00016638,pretrain_full_4gpu_20260926.log,349531,264651,1.702007999999996
2,2,21240,66163,1.733,1.733,0.0,0.00016629,pretrain_full_4gpu_20260926.log,349611,264651,1.7025879999999958
2,2,21260,66163,1.6231,1.6231,0.0,0.00016619,pretrain_full_4gpu_20260926.log,349691,264651,1.702399999999996
2,2,21280,66163,1.7473,1.7473,0.0,0.0001661,pretrain_full_4gpu_20260926.log,349771,264651,1.705187999999996
2,2,21300,66163,1.7003,1.7003,0.0,0.00016601,pretrain_full_4gpu_20260926.log,349851,264651,1.705531999999996
2,2,21320,66163,1.6737,1.6737,0.0,0.00016591,pretrain_full_4gpu_20260926.log,349931,264651,1.708283999999996
2,2,21340,66163,1.7316,1.7316,0.0,0.00016582,pretrain_full_4gpu_20260926.log,350011,264651,1.709023999999996
2,2,21360,66163,1.7379,1.7379,0.0,0.00016573,pretrain_full_4gpu_20260926.log,350091,264651,1.7096719999999963
2,2,21380,66163,1.7598,1.7598,0.0,0.00016563,pretrain_full_4gpu_20260926.log,350171,264651,1.7119199999999961
2,2,21400,66163,1.6569,1.6569,0.0,0.00016554,pretrain_full_4gpu_20260926.log,350251,264651,1.711439999999996
2,2,21420,66163,1.7615,1.7615,0.0,0.00016545,pretrain_full_4gpu_20260926.log,350331,264651,1.713007999999996
2,2,21440,66163,1.7117,1.7117,0.0,0.00016535,pretrain_full_4gpu_20260926.log,350411,264651,1.7154879999999961
2,2,21460,66163,1.6927,1.6927,0.0,0.00016526,pretrain_full_4gpu_20260926.log,350491,264651,1.7127319999999961
2,2,21480,66163,1.642,1.642,0.0,0.00016517,pretrain_full_4gpu_20260926.log,350571,264651,1.7090999999999963
2,2,21500,66163,1.6123,1.6123,0.0,0.00016507,pretrain_full_4gpu_20260926.log,350651,264651,1.7077479999999963
2,2,21520,66163,1.6896,1.6896,0.0,0.00016498,pretrain_full_4gpu_20260926.log,350731,264651,1.7047519999999963
2,2,21540,66163,1.6456,1.6456,0.0,0.00016489,pretrain_full_4gpu_20260926.log,350811,264651,1.6990159999999963
2,2,21560,66163,1.7615,1.7615,0.0,0.00016479,pretrain_full_4gpu_20260926.log,350891,264651,1.7006999999999963
2,2,21580,66163,1.5903,1.5903,0.0,0.0001647,pretrain_full_4gpu_20260926.log,350971,264651,1.6973679999999962
2,2,21600,66163,1.6836,1.6836,0.0,0.00016461,pretrain_full_4gpu_20260926.log,351051,264651,1.693391999999996
2,2,21620,66163,1.6496,1.6496,0.0,0.00016452,pretrain_full_4gpu_20260926.log,351131,264651,1.688915999999996
2,2,21640,66163,1.6691,1.6691,0.0,0.00016442,pretrain_full_4gpu_20260926.log,351211,264651,1.6890359999999962
2,2,21660,66163,1.6364,1.6364,0.0,0.00016433,pretrain_full_4gpu_20260926.log,351291,264651,1.6857159999999962
2,2,21680,66163,1.6347,1.6347,0.0,0.00016424,pretrain_full_4gpu_20260926.log,351371,264651,1.6864799999999962
2,2,21700,66163,1.6975,1.6975,0.0,0.00016414,pretrain_full_4gpu_20260926.log,351451,264651,1.6859839999999964
2,2,21720,66163,1.6981,1.6981,0.0,0.00016405,pretrain_full_4gpu_20260926.log,351531,264651,1.685591999999996
2,2,21740,66163,1.6513,1.6513,0.0,0.00016396,pretrain_full_4gpu_20260926.log,351611,264651,1.6823239999999962
2,2,21760,66163,1.6744,1.6744,0.0,0.00016386,pretrain_full_4gpu_20260926.log,351691,264651,1.684375999999996
2,2,21780,66163,1.7078,1.7078,0.0,0.00016377,pretrain_full_4gpu_20260926.log,351771,264651,1.682795999999996
2,2,21800,66163,1.6704,1.6704,0.0,0.00016368,pretrain_full_4gpu_20260926.log,351851,264651,1.681599999999996
2,2,21820,66163,1.6258,1.6258,0.0,0.00016359,pretrain_full_4gpu_20260926.log,351931,264651,1.679683999999996
2,2,21840,66163,1.841,1.841,0.0,0.00016349,pretrain_full_4gpu_20260926.log,352011,264651,1.6840599999999961
2,2,21860,66163,1.6313,1.6313,0.0,0.0001634,pretrain_full_4gpu_20260926.log,352091,264651,1.679795999999996
2,2,21880,66163,1.7077,1.7077,0.0,0.00016331,pretrain_full_4gpu_20260926.log,352171,264651,1.6777119999999963
2,2,21900,66163,1.8195,1.8195,0.0,0.00016321,pretrain_full_4gpu_20260926.log,352251,264651,1.6842159999999962
2,2,21920,66163,1.5842,1.5842,0.0,0.00016312,pretrain_full_4gpu_20260926.log,352331,264651,1.6771239999999963
2,2,21940,66163,1.6744,1.6744,0.0,0.00016303,pretrain_full_4gpu_20260926.log,352411,264651,1.6756319999999962
2,2,21960,66163,1.6976,1.6976,0.0,0.00016294,pretrain_full_4gpu_20260926.log,352491,264651,1.6758279999999963
2,2,21980,66163,1.7761,1.7761,0.0,0.00016284,pretrain_full_4gpu_20260926.log,352571,264651,1.681191999999996
2,2,22000,66163,1.7485,1.7485,0.0,0.00016275,pretrain_full_4gpu_20260926.log,352651,264651,1.6866399999999961
2,2,22020,66163,1.8427,1.8427,0.0,0.00016266,pretrain_full_4gpu_20260926.log,352731,264651,1.6927639999999962
2,2,22040,66163,1.6832,1.6832,0.0,0.00016257,pretrain_full_4gpu_20260926.log,352811,264651,1.694267999999996
2,2,22060,66163,1.6427,1.6427,0.0,0.00016247,pretrain_full_4gpu_20260926.log,352891,264651,1.6895159999999962
2,2,22080,66163,1.6951,1.6951,0.0,0.00016238,pretrain_full_4gpu_20260926.log,352971,264651,1.6937079999999964
2,2,22100,66163,1.6094,1.6094,0.0,0.00016229,pretrain_full_4gpu_20260926.log,353051,264651,1.6907399999999964
2,2,22120,66163,1.7338,1.7338,0.0,0.0001622,pretrain_full_4gpu_20260926.log,353131,264651,1.6941079999999966
2,2,22140,66163,1.6867,1.6867,0.0,0.0001621,pretrain_full_4gpu_20260926.log,353211,264651,1.6948119999999967
2,2,22160,66163,1.6311,1.6311,0.0,0.00016201,pretrain_full_4gpu_20260926.log,353291,264651,1.6945999999999968
2,2,22180,66163,1.7559,1.7559,0.0,0.00016192,pretrain_full_4gpu_20260926.log,353371,264651,1.6994479999999965
2,2,22200,66163,1.6517,1.6517,0.0,0.00016183,pretrain_full_4gpu_20260926.log,353451,264651,1.6976159999999965
2,2,22220,66163,1.7017,1.7017,0.0,0.00016173,pretrain_full_4gpu_20260926.log,353531,264651,1.6977599999999966
2,2,22240,66163,1.648,1.648,0.0,0.00016164,pretrain_full_4gpu_20260926.log,353611,264651,1.6976279999999968
2,2,22260,66163,1.6869,1.6869,0.0,0.00016155,pretrain_full_4gpu_20260926.log,353691,264651,1.698127999999997
2,2,22280,66163,1.7183,1.7183,0.0,0.00016146,pretrain_full_4gpu_20260926.log,353771,264651,1.698547999999997
2,2,22300,66163,1.6895,1.6895,0.0,0.00016137,pretrain_full_4gpu_20260926.log,353851,264651,1.699311999999997
2,2,22320,66163,1.6288,1.6288,0.0,0.00016127,pretrain_full_4gpu_20260926.log,353931,264651,1.6994319999999972
2,2,22340,66163,1.671,1.671,0.0,0.00016118,pretrain_full_4gpu_20260926.log,354011,264651,1.692631999999997
2,2,22360,66163,1.6664,1.6664,0.0,0.00016109,pretrain_full_4gpu_20260926.log,354091,264651,1.694035999999997
2,2,22380,66163,1.715,1.715,0.0,0.000161,pretrain_full_4gpu_20260926.log,354171,264651,1.694327999999997
2,2,22400,66163,1.6891,1.6891,0.0,0.0001609,pretrain_full_4gpu_20260926.log,354251,264651,1.6891119999999973
2,2,22420,66163,1.6732,1.6732,0.0,0.00016081,pretrain_full_4gpu_20260926.log,354331,264651,1.6926719999999973
2,2,22440,66163,1.6212,1.6212,0.0,0.00016072,pretrain_full_4gpu_20260926.log,354411,264651,1.6905439999999974
2,2,22460,66163,1.7242,1.7242,0.0,0.00016063,pretrain_full_4gpu_20260926.log,354491,264651,1.6916079999999973
2,2,22480,66163,1.6886,1.6886,0.0,0.00016054,pretrain_full_4gpu_20260926.log,354571,264651,1.6881079999999975
2,2,22500,66163,1.705,1.705,0.0,0.00016044,pretrain_full_4gpu_20260926.log,354651,264651,1.6863679999999974
2,2,22520,66163,1.6457,1.6457,0.0,0.00016035,pretrain_full_4gpu_20260926.log,354731,264651,1.6784879999999973
2,2,22540,66163,1.7555,1.7555,0.0,0.00016026,pretrain_full_4gpu_20260926.log,354811,264651,1.6813799999999972
2,2,22560,66163,1.7316,1.7316,0.0,0.00016017,pretrain_full_4gpu_20260926.log,354891,264651,1.6849359999999973
2,2,22580,66163,1.6071,1.6071,0.0,0.00016008,pretrain_full_4gpu_20260926.log,354971,264651,1.6814159999999976
2,2,22600,66163,1.7039,1.7039,0.0,0.00015999,pretrain_full_4gpu_20260926.log,355051,264651,1.6851959999999975
2,2,22620,66163,1.7554,1.7554,0.0,0.00015989,pretrain_full_4gpu_20260926.log,355131,264651,1.6860599999999974
2,2,22640,66163,1.7519,1.7519,0.0,0.0001598,pretrain_full_4gpu_20260926.log,355211,264651,1.6886679999999972
2,2,22660,66163,1.6186,1.6186,0.0,0.00015971,pretrain_full_4gpu_20260926.log,355291,264651,1.6881679999999972
2,2,22680,66163,1.7353,1.7353,0.0,0.00015962,pretrain_full_4gpu_20260926.log,355371,264651,1.6873439999999973
2,2,22700,66163,1.6342,1.6342,0.0,0.00015953,pretrain_full_4gpu_20260926.log,355451,264651,1.6866439999999974
2,2,22720,66163,1.6606,1.6606,0.0,0.00015943,pretrain_full_4gpu_20260926.log,355531,264651,1.6849999999999974
2,2,22740,66163,1.7147,1.7147,0.0,0.00015934,pretrain_full_4gpu_20260926.log,355611,264651,1.6876679999999973
2,2,22760,66163,1.722,1.722,0.0,0.00015925,pretrain_full_4gpu_20260926.log,355691,264651,1.6890719999999972
2,2,22780,66163,1.6544,1.6544,0.0,0.00015916,pretrain_full_4gpu_20260926.log,355771,264651,1.6865159999999975
2,2,22800,66163,1.6743,1.6743,0.0,0.00015907,pretrain_full_4gpu_20260926.log,355851,264651,1.6859079999999975
2,2,22820,66163,1.7389,1.7389,0.0,0.00015898,pretrain_full_4gpu_20260926.log,355931,264651,1.6903119999999976
2,2,22840,66163,1.7672,1.7672,0.0,0.00015889,pretrain_full_4gpu_20260926.log,356011,264651,1.6941599999999977
2,2,22860,66163,1.7791,1.7791,0.0,0.00015879,pretrain_full_4gpu_20260926.log,356091,264651,1.6986679999999976
2,2,22880,66163,1.7826,1.7826,0.0,0.0001587,pretrain_full_4gpu_20260926.log,356171,264651,1.7013719999999974
2,2,22900,66163,1.6735,1.6735,0.0,0.00015861,pretrain_full_4gpu_20260926.log,356251,264651,1.7007479999999973
2,2,22920,66163,1.6579,1.6579,0.0,0.00015852,pretrain_full_4gpu_20260926.log,356331,264651,1.7001359999999972
2,2,22940,66163,1.6755,1.6755,0.0,0.00015843,pretrain_full_4gpu_20260926.log,356411,264651,1.702307999999997
2,2,22960,66163,1.7496,1.7496,0.0,0.00015834,pretrain_full_4gpu_20260926.log,356491,264651,1.703323999999997
2,2,22980,66163,1.7137,1.7137,0.0,0.00015825,pretrain_full_4gpu_20260926.log,356571,264651,1.704327999999997
2,2,23000,66163,1.6345,1.6345,0.0,0.00015815,pretrain_full_4gpu_20260926.log,356651,264651,1.7015079999999971
2,2,23020,66163,1.7683,1.7683,0.0,0.00015806,pretrain_full_4gpu_20260926.log,356731,264651,1.7064119999999972
2,2,23040,66163,1.6479,1.6479,0.0,0.00015797,pretrain_full_4gpu_20260926.log,356811,264651,1.7021079999999973
2,2,23060,66163,1.6701,1.6701,0.0,0.00015788,pretrain_full_4gpu_20260926.log,356891,264651,1.6996479999999972
2,2,23080,66163,1.7043,1.7043,0.0,0.00015779,pretrain_full_4gpu_20260926.log,356971,264651,1.7035359999999968
2,2,23100,66163,1.7197,1.7197,0.0,0.0001577,pretrain_full_4gpu_20260926.log,357051,264651,1.704167999999997
2,2,23120,66163,1.7303,1.7303,0.0,0.00015761,pretrain_full_4gpu_20260926.log,357131,264651,1.703163999999997
2,2,23140,66163,1.7738,1.7738,0.0,0.00015752,pretrain_full_4gpu_20260926.log,357211,264651,1.7040399999999971
2,2,23160,66163,1.6597,1.6597,0.0,0.00015742,pretrain_full_4gpu_20260926.log,357291,264651,1.705683999999997
2,2,23180,66163,1.6486,1.6486,0.0,0.00015733,pretrain_full_4gpu_20260926.log,357371,264651,1.702215999999997
2,2,23200,66163,1.6184,1.6184,0.0,0.00015724,pretrain_full_4gpu_20260926.log,357451,264651,1.701583999999997
2,2,23220,66163,1.7031,1.7031,0.0,0.00015715,pretrain_full_4gpu_20260926.log,357531,264651,1.7032839999999971
2,2,23240,66163,1.7745,1.7745,0.0,0.00015706,pretrain_full_4gpu_20260926.log,357611,264651,1.705675999999997
2,2,23260,66163,1.7454,1.7454,0.0,0.00015697,pretrain_full_4gpu_20260926.log,357691,264651,1.706611999999997
2,2,23280,66163,1.6335,1.6335,0.0,0.00015688,pretrain_full_4gpu_20260926.log,357771,264651,1.7057759999999969
2,2,23300,66163,1.6779,1.6779,0.0,0.00015679,pretrain_full_4gpu_20260926.log,357851,264651,1.7059199999999968
2,2,23320,66163,1.7499,1.7499,0.0,0.0001567,pretrain_full_4gpu_20260926.log,357931,264651,1.7063599999999965
2,2,23340,66163,1.6934,1.6934,0.0,0.00015661,pretrain_full_4gpu_20260926.log,358011,264651,1.7034079999999963
2,2,23360,66163,1.7568,1.7568,0.0,0.00015651,pretrain_full_4gpu_20260926.log,358091,264651,1.7025159999999964
2,2,23380,66163,1.7045,1.7045,0.0,0.00015642,pretrain_full_4gpu_20260926.log,358171,264651,1.6993919999999962
2,2,23400,66163,1.6873,1.6873,0.0,0.00015633,pretrain_full_4gpu_20260926.log,358251,264651,1.6999439999999963
2,2,23420,66163,1.7085,1.7085,0.0,0.00015624,pretrain_full_4gpu_20260926.log,358331,264651,1.7019679999999966
2,2,23440,66163,1.7016,1.7016,0.0,0.00015615,pretrain_full_4gpu_20260926.log,358411,264651,1.7030119999999966
2,2,23460,66163,1.6411,1.6411,0.0,0.00015606,pretrain_full_4gpu_20260926.log,358491,264651,1.6986719999999966
2,2,23480,66163,1.6336,1.6336,0.0,0.00015597,pretrain_full_4gpu_20260926.log,358571,264651,1.6954679999999964
2,2,23500,66163,1.6415,1.6415,0.0,0.00015588,pretrain_full_4gpu_20260926.log,358651,264651,1.6957479999999965
2,2,23520,66163,1.7131,1.7131,0.0,0.00015579,pretrain_full_4gpu_20260926.log,358731,264651,1.6935399999999965
2,2,23540,66163,1.6102,1.6102,0.0,0.0001557,pretrain_full_4gpu_20260926.log,358811,264651,1.6920319999999964
2,2,23560,66163,1.7929,1.7929,0.0,0.00015561,pretrain_full_4gpu_20260926.log,358891,264651,1.6969439999999967
2,2,23580,66163,1.7059,1.7059,0.0,0.00015552,pretrain_full_4gpu_20260926.log,358971,264651,1.6970079999999967
2,2,23600,66163,1.7128,1.7128,0.0,0.00015543,pretrain_full_4gpu_20260926.log,359051,264651,1.6967319999999966
2,2,23620,66163,1.7268,1.7268,0.0,0.00015534,pretrain_full_4gpu_20260926.log,359131,264651,1.6965919999999965
2,2,23640,66163,1.79,1.79,0.0,0.00015525,pretrain_full_4gpu_20260926.log,359211,264651,1.6972399999999965
2,2,23660,66163,1.6404,1.6404,0.0,0.00015516,pretrain_full_4gpu_20260926.log,359291,264651,1.6964679999999965
2,2,23680,66163,1.6871,1.6871,0.0,0.00015507,pretrain_full_4gpu_20260926.log,359371,264651,1.6980079999999964
2,2,23700,66163,1.6798,1.6798,0.0,0.00015497,pretrain_full_4gpu_20260926.log,359451,264651,1.7004639999999964
2,2,23720,66163,1.5752,1.5752,0.0,0.00015488,pretrain_full_4gpu_20260926.log,359531,264651,1.6953479999999965
2,2,23740,66163,1.6676,1.6676,0.0,0.00015479,pretrain_full_4gpu_20260926.log,359611,264651,1.6910719999999964
2,2,23760,66163,1.7481,1.7481,0.0,0.0001547,pretrain_full_4gpu_20260926.log,359691,264651,1.6911799999999966
2,2,23780,66163,1.6708,1.6708,0.0,0.00015461,pretrain_full_4gpu_20260926.log,359771,264651,1.6926719999999966
2,2,23800,66163,1.7725,1.7725,0.0,0.00015452,pretrain_full_4gpu_20260926.log,359851,264651,1.6964559999999966
2,2,23820,66163,1.6637,1.6637,0.0,0.00015443,pretrain_full_4gpu_20260926.log,359931,264651,1.6930079999999967
2,2,23840,66163,1.7388,1.7388,0.0,0.00015434,pretrain_full_4gpu_20260926.log,360011,264651,1.6948239999999968
2,2,23860,66163,1.6978,1.6978,0.0,0.00015425,pretrain_full_4gpu_20260926.log,360091,264651,1.6924639999999969
2,2,23880,66163,1.6743,1.6743,0.0,0.00015416,pretrain_full_4gpu_20260926.log,360171,264651,1.6912559999999968
2,2,23900,66163,1.7039,1.7039,0.0,0.00015407,pretrain_full_4gpu_20260926.log,360251,264651,1.6919199999999968
2,2,23920,66163,1.737,1.737,0.0,0.00015398,pretrain_full_4gpu_20260926.log,360331,264651,1.6930599999999967
2,2,23940,66163,1.6127,1.6127,0.0,0.00015389,pretrain_full_4gpu_20260926.log,360411,264651,1.6895039999999966
2,2,23960,66163,1.6996,1.6996,0.0,0.0001538,pretrain_full_4gpu_20260926.log,360491,264651,1.6918439999999964
2,2,23980,66163,1.6543,1.6543,0.0,0.00015371,pretrain_full_4gpu_20260926.log,360571,264651,1.6926719999999964
2,2,24000,66163,1.7183,1.7183,0.0,0.00015362,pretrain_full_4gpu_20260926.log,360651,264651,1.6957439999999964
2,2,24020,66163,1.6252,1.6252,0.0,0.00015353,pretrain_full_4gpu_20260926.log,360731,264651,1.6922279999999963
2,2,24040,66163,1.6812,1.6812,0.0,0.00015344,pretrain_full_4gpu_20260926.log,360811,264651,1.6950679999999962
2,2,24060,66163,1.679,1.679,0.0,0.00015335,pretrain_full_4gpu_20260926.log,360891,264651,1.6905119999999962
2,2,24080,66163,1.6601,1.6601,0.0,0.00015326,pretrain_full_4gpu_20260926.log,360971,264651,1.6886799999999962
2,2,24100,66163,1.7597,1.7597,0.0,0.00015317,pretrain_full_4gpu_20260926.log,361051,264651,1.6905559999999964
2,2,24120,66163,1.6879,1.6879,0.0,0.00015308,pretrain_full_4gpu_20260926.log,361131,264651,1.6889999999999963
2,2,24140,66163,1.5656,1.5656,0.0,0.00015299,pretrain_full_4gpu_20260926.log,361211,264651,1.6800239999999966
2,2,24160,66163,1.6565,1.6565,0.0,0.0001529,pretrain_full_4gpu_20260926.log,361291,264651,1.6806679999999965
2,2,24180,66163,1.663,1.663,0.0,0.00015281,pretrain_full_4gpu_20260926.log,361371,264651,1.6797039999999965
2,2,24200,66163,1.653,1.653,0.0,0.00015272,pretrain_full_4gpu_20260926.log,361451,264651,1.6786319999999963
2,2,24220,66163,1.731,1.731,0.0,0.00015263,pretrain_full_4gpu_20260926.log,361531,264651,1.6848639999999964
2,2,24240,66163,1.6406,1.6406,0.0,0.00015254,pretrain_full_4gpu_20260926.log,361611,264651,1.6837839999999964
2,2,24260,66163,1.6273,1.6273,0.0,0.00015246,pretrain_full_4gpu_20260926.log,361691,264651,1.6789519999999962
2,2,24280,66163,1.6496,1.6496,0.0,0.00015237,pretrain_full_4gpu_20260926.log,361771,264651,1.6781039999999963
2,2,24300,66163,1.6753,1.6753,0.0,0.00015228,pretrain_full_4gpu_20260926.log,361851,264651,1.6742159999999962
2,2,24320,66163,1.7155,1.7155,0.0,0.00015219,pretrain_full_4gpu_20260926.log,361931,264651,1.6762879999999962
2,2,24340,66163,1.6977,1.6977,0.0,0.0001521,pretrain_full_4gpu_20260926.log,362011,264651,1.6746439999999962
2,2,24360,66163,1.6172,1.6172,0.0,0.00015201,pretrain_full_4gpu_20260926.log,362091,264651,1.671419999999996
2,2,24380,66163,1.7382,1.7382,0.0,0.00015192,pretrain_full_4gpu_20260926.log,362171,264651,1.673975999999996
2,2,24400,66163,1.6748,1.6748,0.0,0.00015183,pretrain_full_4gpu_20260926.log,362251,264651,1.672811999999996
2,2,24420,66163,1.6954,1.6954,0.0,0.00015174,pretrain_full_4gpu_20260926.log,362331,264651,1.6711479999999959
2,2,24440,66163,1.5934,1.5934,0.0,0.00015165,pretrain_full_4gpu_20260926.log,362411,264651,1.670375999999996
2,2,24460,66163,1.6179,1.6179,0.0,0.00015156,pretrain_full_4gpu_20260926.log,362491,264651,1.667107999999996
2,2,24480,66163,1.5638,1.5638,0.0,0.00015147,pretrain_full_4gpu_20260926.log,362571,264651,1.663487999999996
2,2,24500,66163,1.6906,1.6906,0.0,0.00015138,pretrain_full_4gpu_20260926.log,362651,264651,1.6623799999999962
2,2,24520,66163,1.6722,1.6722,0.0,0.00015129,pretrain_full_4gpu_20260926.log,362731,264651,1.664259999999996
2,2,24540,66163,1.6346,1.6346,0.0,0.0001512,pretrain_full_4gpu_20260926.log,362811,264651,1.6623959999999962
2,2,24560,66163,1.7871,1.7871,0.0,0.00015111,pretrain_full_4gpu_20260926.log,362891,264651,1.6667199999999962
2,2,24580,66163,1.7326,1.7326,0.0,0.00015103,pretrain_full_4gpu_20260926.log,362971,264651,1.669619999999996
2,2,24600,66163,1.6918,1.6918,0.0,0.00015094,pretrain_full_4gpu_20260926.log,363051,264651,1.6669039999999962
2,2,24620,66163,1.6235,1.6235,0.0,0.00015085,pretrain_full_4gpu_20260926.log,363131,264651,1.6643279999999963
2,2,24640,66163,1.6094,1.6094,0.0,0.00015076,pretrain_full_4gpu_20260926.log,363211,264651,1.666079999999996
2,2,24660,66163,1.6476,1.6476,0.0,0.00015067,pretrain_full_4gpu_20260926.log,363291,264651,1.665723999999996
2,2,24680,66163,1.6683,1.6683,0.0,0.00015058,pretrain_full_4gpu_20260926.log,363371,264651,1.665935999999996
2,2,24700,66163,1.6527,1.6527,0.0,0.00015049,pretrain_full_4gpu_20260926.log,363451,264651,1.6659239999999962
2,2,24720,66163,1.6047,1.6047,0.0,0.0001504,pretrain_full_4gpu_20260926.log,363531,264651,1.6608719999999964
2,2,24740,66163,1.6043,1.6043,0.0,0.00015031,pretrain_full_4gpu_20260926.log,363611,264651,1.6594199999999963
2,2,24760,66163,1.646,1.646,0.0,0.00015022,pretrain_full_4gpu_20260926.log,363691,264651,1.6601679999999965
2,2,24780,66163,1.6399,1.6399,0.0,0.00015013,pretrain_full_4gpu_20260926.log,363771,264651,1.6597799999999965
2,2,24800,66163,1.7095,1.7095,0.0,0.00015005,pretrain_full_4gpu_20260926.log,363851,264651,1.6611479999999963
2,2,24820,66163,1.7001,1.7001,0.0,0.00014996,pretrain_full_4gpu_20260926.log,363931,264651,1.6605319999999963
2,2,24840,66163,1.7916,1.7916,0.0,0.00014987,pretrain_full_4gpu_20260926.log,364011,264651,1.6642879999999964
2,2,24860,66163,1.6659,1.6659,0.0,0.00014978,pretrain_full_4gpu_20260926.log,364091,264651,1.6662359999999967
2,2,24880,66163,1.7383,1.7383,0.0,0.00014969,pretrain_full_4gpu_20260926.log,364171,264651,1.6662399999999968
2,2,24900,66163,1.7571,1.7571,0.0,0.0001496,pretrain_full_4gpu_20260926.log,364251,264651,1.669531999999997
2,2,24920,66163,1.6748,1.6748,0.0,0.00014951,pretrain_full_4gpu_20260926.log,364331,264651,1.668707999999997
2,2,24940,66163,1.649,1.649,0.0,0.00014942,pretrain_full_4gpu_20260926.log,364411,264651,1.6709319999999968
2,2,24960,66163,1.6576,1.6576,0.0,0.00014934,pretrain_full_4gpu_20260926.log,364491,264651,1.672519999999997
2,2,24980,66163,1.7018,1.7018,0.0,0.00014925,pretrain_full_4gpu_20260926.log,364571,264651,1.6780399999999969
2,2,25000,66163,1.6785,1.6785,0.0,0.00014916,pretrain_full_4gpu_20260926.log,364651,264651,1.6775559999999967
2,2,25020,66163,1.6715,1.6715,0.0,0.00014907,pretrain_full_4gpu_20260926.log,364731,264651,1.677527999999997
2,2,25040,66163,1.739,1.739,0.0,0.00014898,pretrain_full_4gpu_20260926.log,364811,264651,1.681703999999997
2,2,25060,66163,1.6865,1.6865,0.0,0.00014889,pretrain_full_4gpu_20260926.log,364891,264651,1.677679999999997
2,2,25080,66163,1.637,1.637,0.0,0.00014881,pretrain_full_4gpu_20260926.log,364971,264651,1.673855999999997
2,2,25100,66163,1.7149,1.7149,0.0,0.00014872,pretrain_full_4gpu_20260926.log,365051,264651,1.674779999999997
2,2,25120,66163,1.5968,1.5968,0.0,0.00014863,pretrain_full_4gpu_20260926.log,365131,264651,1.673711999999997
2,2,25140,66163,1.6132,1.6132,0.0,0.00014854,pretrain_full_4gpu_20260926.log,365211,264651,1.673863999999997
2,2,25160,66163,1.6171,1.6171,0.0,0.00014845,pretrain_full_4gpu_20260926.log,365291,264651,1.6726439999999971
2,2,25180,66163,1.7145,1.7145,0.0,0.00014836,pretrain_full_4gpu_20260926.log,365371,264651,1.674491999999997
2,2,25200,66163,1.6674,1.6674,0.0,0.00014827,pretrain_full_4gpu_20260926.log,365451,264651,1.675079999999997
2,2,25220,66163,1.6933,1.6933,0.0,0.00014819,pretrain_full_4gpu_20260926.log,365531,264651,1.678623999999997
2,2,25240,66163,1.7606,1.7606,0.0,0.0001481,pretrain_full_4gpu_20260926.log,365611,264651,1.6848759999999967
2,2,25260,66163,1.5598,1.5598,0.0,0.00014801,pretrain_full_4gpu_20260926.log,365691,264651,1.6814279999999968
2,2,25280,66163,1.7044,1.7044,0.0,0.00014792,pretrain_full_4gpu_20260926.log,365771,264651,1.6840079999999968
2,2,25300,66163,1.7322,1.7322,0.0,0.00014783,pretrain_full_4gpu_20260926.log,365851,264651,1.684915999999997
2,2,25320,66163,1.7643,1.7643,0.0,0.00014775,pretrain_full_4gpu_20260926.log,365931,264651,1.6874839999999969
2,2,25340,66163,1.6701,1.6701,0.0,0.00014766,pretrain_full_4gpu_20260926.log,366011,264651,1.6826239999999968
2,2,25360,66163,1.7261,1.7261,0.0,0.00014757,pretrain_full_4gpu_20260926.log,366091,264651,1.6850319999999968
2,2,25380,66163,1.7523,1.7523,0.0,0.00014748,pretrain_full_4gpu_20260926.log,366171,264651,1.6855919999999966
2,2,25400,66163,1.6587,1.6587,0.0,0.00014739,pretrain_full_4gpu_20260926.log,366251,264651,1.6816559999999967
2,2,25420,66163,1.6638,1.6638,0.0,0.00014731,pretrain_full_4gpu_20260926.log,366331,264651,1.681215999999997
2,2,25440,66163,1.6971,1.6971,0.0,0.00014722,pretrain_full_4gpu_20260926.log,366411,264651,1.6831399999999967
2,2,25460,66163,1.754,1.754,0.0,0.00014713,pretrain_full_4gpu_20260926.log,366491,264651,1.6869959999999966
2,2,25480,66163,1.7477,1.7477,0.0,0.00014704,pretrain_full_4gpu_20260926.log,366571,264651,1.6888319999999968
2,2,25500,66163,1.7649,1.7649,0.0,0.00014695,pretrain_full_4gpu_20260926.log,366651,264651,1.6922879999999967
2,2,25520,66163,1.6474,1.6474,0.0,0.00014687,pretrain_full_4gpu_20260926.log,366731,264651,1.6913239999999965
2,2,25540,66163,1.7418,1.7418,0.0,0.00014678,pretrain_full_4gpu_20260926.log,366811,264651,1.6914359999999966
2,2,25560,66163,1.7317,1.7317,0.0,0.00014669,pretrain_full_4gpu_20260926.log,366891,264651,1.6932439999999966
2,2,25580,66163,1.7016,1.7016,0.0,0.0001466,pretrain_full_4gpu_20260926.log,366971,264651,1.6958279999999966
2,2,25600,66163,1.6667,1.6667,0.0,0.00014652,pretrain_full_4gpu_20260926.log,367051,264651,1.6938999999999964
2,2,25620,66163,1.6807,1.6807,0.0,0.00014643,pretrain_full_4gpu_20260926.log,367131,264651,1.6972559999999965
2,2,25640,66163,1.6603,1.6603,0.0,0.00014634,pretrain_full_4gpu_20260926.log,367211,264651,1.6991399999999965
2,2,25660,66163,1.6734,1.6734,0.0,0.00014625,pretrain_full_4gpu_20260926.log,367291,264651,1.7013919999999965
2,2,25680,66163,1.6712,1.6712,0.0,0.00014616,pretrain_full_4gpu_20260926.log,367371,264651,1.6996599999999964
2,2,25700,66163,1.7133,1.7133,0.0,0.00014608,pretrain_full_4gpu_20260926.log,367451,264651,1.7014959999999961
2,2,25720,66163,1.7467,1.7467,0.0,0.00014599,pretrain_full_4gpu_20260926.log,367531,264651,1.703631999999996
2,2,25740,66163,1.7051,1.7051,0.0,0.0001459,pretrain_full_4gpu_20260926.log,367611,264651,1.7014119999999964
2,2,25760,66163,1.6372,1.6372,0.0,0.00014581,pretrain_full_4gpu_20260926.log,367691,264651,1.7045079999999961
2,2,25780,66163,1.6754,1.6754,0.0,0.00014573,pretrain_full_4gpu_20260926.log,367771,264651,1.7033479999999963
2,2,25800,66163,1.6066,1.6066,0.0,0.00014564,pretrain_full_4gpu_20260926.log,367851,264651,1.6983239999999964
2,2,25820,66163,1.6797,1.6797,0.0,0.00014555,pretrain_full_4gpu_20260926.log,367931,264651,1.6949399999999963
2,2,25840,66163,1.6768,1.6768,0.0,0.00014546,pretrain_full_4gpu_20260926.log,368011,264651,1.6952079999999965
2,2,25860,66163,1.643,1.643,0.0,0.00014538,pretrain_full_4gpu_20260926.log,368091,264651,1.6918839999999964
2,2,25880,66163,1.6536,1.6536,0.0,0.00014529,pretrain_full_4gpu_20260926.log,368171,264651,1.6879359999999963
2,2,25900,66163,1.6228,1.6228,0.0,0.0001452,pretrain_full_4gpu_20260926.log,368251,264651,1.6864999999999961
2,2,25920,66163,1.7567,1.7567,0.0,0.00014512,pretrain_full_4gpu_20260926.log,368331,264651,1.6902159999999962
2,2,25940,66163,1.6664,1.6664,0.0,0.00014503,pretrain_full_4gpu_20260926.log,368411,264651,1.6889879999999962
2,2,25960,66163,1.6977,1.6977,0.0,0.00014494,pretrain_full_4gpu_20260926.log,368491,264651,1.6867359999999962
2,2,25980,66163,1.6138,1.6138,0.0,0.00014485,pretrain_full_4gpu_20260926.log,368571,264651,1.681379999999996
2,2,26000,66163,1.7597,1.7597,0.0,0.00014477,pretrain_full_4gpu_20260926.log,368651,264651,1.6811719999999963
2,2,26020,66163,1.7106,1.7106,0.0,0.00014468,pretrain_full_4gpu_20260926.log,368731,264651,1.6836999999999964
2,2,26040,66163,1.694,1.694,0.0,0.00014459,pretrain_full_4gpu_20260926.log,368811,264651,1.6817879999999965
2,2,26060,66163,1.6895,1.6895,0.0,0.00014451,pretrain_full_4gpu_20260926.log,368891,264651,1.6800999999999966
2,2,26080,66163,1.7054,1.7054,0.0,0.00014442,pretrain_full_4gpu_20260926.log,368971,264651,1.6802519999999965
2,2,26100,66163,1.7652,1.7652,0.0,0.00014433,pretrain_full_4gpu_20260926.log,369051,264651,1.6841919999999966
2,2,26120,66163,1.7006,1.7006,0.0,0.00014424,pretrain_full_4gpu_20260926.log,369131,264651,1.6849879999999964
2,2,26140,66163,1.6885,1.6885,0.0,0.00014416,pretrain_full_4gpu_20260926.log,369211,264651,1.6861159999999964
2,2,26160,66163,1.6012,1.6012,0.0,0.00014407,pretrain_full_4gpu_20260926.log,369291,264651,1.6832279999999964
2,2,26180,66163,1.6759,1.6759,0.0,0.00014398,pretrain_full_4gpu_20260926.log,369371,264651,1.6834159999999962
2,2,26200,66163,1.7111,1.7111,0.0,0.0001439,pretrain_full_4gpu_20260926.log,369451,264651,1.6833279999999966
2,2,26220,66163,1.7111,1.7111,0.0,0.00014381,pretrain_full_4gpu_20260926.log,369531,264651,1.6819039999999967
2,2,26240,66163,1.6888,1.6888,0.0,0.00014372,pretrain_full_4gpu_20260926.log,369611,264651,1.6812519999999966
2,2,26260,66163,1.6795,1.6795,0.0,0.00014364,pretrain_full_4gpu_20260926.log,369691,264651,1.6829439999999964
2,2,26280,66163,1.6146,1.6146,0.0,0.00014355,pretrain_full_4gpu_20260926.log,369771,264651,1.6805119999999965
2,2,26300,66163,1.6983,1.6983,0.0,0.00014346,pretrain_full_4gpu_20260926.log,369851,264651,1.6841799999999967
2,2,26320,66163,1.6291,1.6291,0.0,0.00014338,pretrain_full_4gpu_20260926.log,369931,264651,1.6821559999999969
2,2,26340,66163,1.6596,1.6596,0.0,0.00014329,pretrain_full_4gpu_20260926.log,370011,264651,1.6814679999999966
2,2,26360,66163,1.7321,1.7321,0.0,0.0001432,pretrain_full_4gpu_20260926.log,370091,264651,1.6850319999999968
2,2,26380,66163,1.6383,1.6383,0.0,0.00014312,pretrain_full_4gpu_20260926.log,370171,264651,1.684419999999997
2,2,26400,66163,1.8216,1.8216,0.0,0.00014303,pretrain_full_4gpu_20260926.log,370251,264651,1.6923719999999969
2,2,26420,66163,1.5974,1.5974,0.0,0.00014294,pretrain_full_4gpu_20260926.log,370331,264651,1.6859999999999968
2,2,26440,66163,1.7928,1.7928,0.0,0.00014286,pretrain_full_4gpu_20260926.log,370411,264651,1.6910559999999968
2,2,26460,66163,1.7578,1.7578,0.0,0.00014277,pretrain_full_4gpu_20260926.log,370491,264651,1.6934599999999969
2,2,26480,66163,1.7185,1.7185,0.0,0.00014268,pretrain_full_4gpu_20260926.log,370571,264651,1.697647999999997
2,2,26500,66163,1.7098,1.7098,0.0,0.0001426,pretrain_full_4gpu_20260926.log,370651,264651,1.6956519999999968
2,2,26520,66163,1.7043,1.7043,0.0,0.00014251,pretrain_full_4gpu_20260926.log,370731,264651,1.6953999999999967
2,2,26540,66163,1.6177,1.6177,0.0,0.00014243,pretrain_full_4gpu_20260926.log,370811,264651,1.6923479999999966
2,2,26560,66163,1.6896,1.6896,0.0,0.00014234,pretrain_full_4gpu_20260926.log,370891,264651,1.6923519999999965
2,2,26580,66163,1.7456,1.7456,0.0,0.00014225,pretrain_full_4gpu_20260926.log,370971,264651,1.6939599999999968
2,2,26600,66163,1.6611,1.6611,0.0,0.00014217,pretrain_full_4gpu_20260926.log,371051,264651,1.6897959999999967
2,2,26620,66163,1.7691,1.7691,0.0,0.00014208,pretrain_full_4gpu_20260926.log,371131,264651,1.6925359999999967
2,2,26640,66163,1.7039,1.7039,0.0,0.00014199,pretrain_full_4gpu_20260926.log,371211,264651,1.6931519999999967
2,2,26660,66163,1.6363,1.6363,0.0,0.00014191,pretrain_full_4gpu_20260926.log,371291,264651,1.6945559999999966
2,2,26680,66163,1.6609,1.6609,0.0,0.00014182,pretrain_full_4gpu_20260926.log,371371,264651,1.6939559999999967
2,2,26700,66163,1.6778,1.6778,0.0,0.00014174,pretrain_full_4gpu_20260926.log,371451,264651,1.6926239999999964
2,2,26720,66163,1.6306,1.6306,0.0,0.00014165,pretrain_full_4gpu_20260926.log,371531,264651,1.6894039999999964
2,2,26740,66163,1.6959,1.6959,0.0,0.00014156,pretrain_full_4gpu_20260926.log,371611,264651,1.6896879999999965
2,2,26760,66163,1.7388,1.7388,0.0,0.00014148,pretrain_full_4gpu_20260926.log,371691,264651,1.6920599999999966
2,2,26780,66163,1.6498,1.6498,0.0,0.00014139,pretrain_full_4gpu_20260926.log,371771,264651,1.6934679999999964
2,2,26800,66163,1.6894,1.6894,0.0,0.00014131,pretrain_full_4gpu_20260926.log,371851,264651,1.6931119999999962
2,2,26820,66163,1.7004,1.7004,0.0,0.00014122,pretrain_full_4gpu_20260926.log,371931,264651,1.6959639999999963
2,2,26840,66163,1.6764,1.6764,0.0,0.00014113,pretrain_full_4gpu_20260926.log,372011,264651,1.6966359999999963
2,2,26860,66163,1.644,1.644,0.0,0.00014105,pretrain_full_4gpu_20260926.log,372091,264651,1.6931119999999962
2,2,26880,66163,1.6721,1.6721,0.0,0.00014096,pretrain_full_4gpu_20260926.log,372171,264651,1.6944639999999962
2,2,26900,66163,1.7372,1.7372,0.0,0.00014088,pretrain_full_4gpu_20260926.log,372251,264651,1.6910879999999964
2,2,26920,66163,1.725,1.725,0.0,0.00014079,pretrain_full_4gpu_20260926.log,372331,264651,1.6961919999999964
2,2,26940,66163,1.7097,1.7097,0.0,0.0001407,pretrain_full_4gpu_20260926.log,372411,264651,1.6928679999999963
2,2,26960,66163,1.6741,1.6741,0.0,0.00014062,pretrain_full_4gpu_20260926.log,372491,264651,1.6895199999999964
2,2,26980,66163,1.6455,1.6455,0.0,0.00014053,pretrain_full_4gpu_20260926.log,372571,264651,1.6865999999999963
2,2,27000,66163,1.6108,1.6108,0.0,0.00014045,pretrain_full_4gpu_20260926.log,372651,264651,1.6826399999999961
2,2,27020,66163,1.6985,1.6985,0.0,0.00014036,pretrain_full_4gpu_20260926.log,372731,264651,1.6824079999999964
2,2,27040,66163,1.6353,1.6353,0.0,0.00014028,pretrain_full_4gpu_20260926.log,372811,264651,1.6831119999999964
2,2,27060,66163,1.6493,1.6493,0.0,0.00014019,pretrain_full_4gpu_20260926.log,372891,264651,1.6814999999999964
2,2,27080,66163,1.7615,1.7615,0.0,0.00014011,pretrain_full_4gpu_20260926.log,372971,264651,1.682135999999996
2,2,27100,66163,1.6905,1.6905,0.0,0.00014002,pretrain_full_4gpu_20260926.log,373051,264651,1.6833119999999964
2,2,27120,66163,1.7716,1.7716,0.0,0.00013993,pretrain_full_4gpu_20260926.log,373131,264651,1.6834119999999961
2,2,27140,66163,1.7416,1.7416,0.0,0.00013985,pretrain_full_4gpu_20260926.log,373211,264651,1.6849199999999962
2,2,27160,66163,1.5902,1.5902,0.0,0.00013976,pretrain_full_4gpu_20260926.log,373291,264651,1.6830759999999965
2,2,27180,66163,1.681,1.681,0.0,0.00013968,pretrain_full_4gpu_20260926.log,373371,264651,1.6838799999999963
2,2,27200,66163,1.6693,1.6693,0.0,0.00013959,pretrain_full_4gpu_20260926.log,373451,264651,1.6835399999999965
2,2,27220,66163,1.7874,1.7874,0.0,0.00013951,pretrain_full_4gpu_20260926.log,373531,264651,1.6898119999999963
2,2,27240,66163,1.7077,1.7077,0.0,0.00013942,pretrain_full_4gpu_20260926.log,373611,264651,1.6902839999999963
2,2,27260,66163,1.7384,1.7384,0.0,0.00013934,pretrain_full_4gpu_20260926.log,373691,264651,1.6902679999999963
2,2,27280,66163,1.6664,1.6664,0.0,0.00013925,pretrain_full_4gpu_20260926.log,373771,264651,1.6909319999999965
2,2,27300,66163,1.7644,1.7644,0.0,0.00013917,pretrain_full_4gpu_20260926.log,373851,264651,1.6939319999999967
2,2,27320,66163,1.5924,1.5924,0.0,0.00013908,pretrain_full_4gpu_20260926.log,373931,264651,1.6896119999999966
2,2,27340,66163,1.7673,1.7673,0.0,0.000139,pretrain_full_4gpu_20260926.log,374011,264651,1.6932479999999963
2,2,27360,66163,1.6954,1.6954,0.0,0.00013891,pretrain_full_4gpu_20260926.log,374091,264651,1.6953039999999964
2,2,27380,66163,1.7457,1.7457,0.0,0.00013883,pretrain_full_4gpu_20260926.log,374171,264651,1.6982479999999964
2,2,27400,66163,1.6477,1.6477,0.0,0.00013874,pretrain_full_4gpu_20260926.log,374251,264651,1.6946679999999963
2,2,27420,66163,1.6471,1.6471,0.0,0.00013866,pretrain_full_4gpu_20260926.log,374331,264651,1.6915519999999964
2,2,27440,66163,1.7233,1.7233,0.0,0.00013857,pretrain_full_4gpu_20260926.log,374411,264651,1.6920959999999965
2,2,27460,66163,1.7096,1.7096,0.0,0.00013849,pretrain_full_4gpu_20260926.log,374491,264651,1.6935159999999965
2,2,27480,66163,1.638,1.638,0.0,0.0001384,pretrain_full_4gpu_20260926.log,374571,264651,1.6932159999999965
2,2,27500,66163,1.7586,1.7586,0.0,0.00013832,pretrain_full_4gpu_20260926.log,374651,264651,1.6991279999999966
2,2,27520,66163,1.5381,1.5381,0.0,0.00013823,pretrain_full_4gpu_20260926.log,374731,264651,1.6927119999999964
2,2,27540,66163,1.6621,1.6621,0.0,0.00013815,pretrain_full_4gpu_20260926.log,374811,264651,1.6937839999999966
2,2,27560,66163,1.6295,1.6295,0.0,0.00013806,pretrain_full_4gpu_20260926.log,374891,264651,1.6929919999999967
2,2,27580,66163,1.5847,1.5847,0.0,0.00013798,pretrain_full_4gpu_20260926.log,374971,264651,1.6859199999999968
2,2,27600,66163,1.7335,1.7335,0.0,0.00013789,pretrain_full_4gpu_20260926.log,375051,264651,1.6876399999999967
2,2,27620,66163,1.6249,1.6249,0.0,0.00013781,pretrain_full_4gpu_20260926.log,375131,264651,1.6817719999999965
2,2,27640,66163,1.721,1.721,0.0,0.00013772,pretrain_full_4gpu_20260926.log,375211,264651,1.6809479999999966
2,2,27660,66163,1.7207,1.7207,0.0,0.00013764,pretrain_full_4gpu_20260926.log,375291,264651,1.6861679999999963
2,2,27680,66163,1.633,1.633,0.0,0.00013755,pretrain_full_4gpu_20260926.log,375371,264651,1.6842479999999966
2,2,27700,66163,1.7591,1.7591,0.0,0.00013747,pretrain_full_4gpu_20260926.log,375451,264651,1.687839999999997
2,2,27720,66163,1.7235,1.7235,0.0,0.00013739,pretrain_full_4gpu_20260926.log,375531,264651,1.685283999999997
2,2,27740,66163,1.7054,1.7054,0.0,0.0001373,pretrain_full_4gpu_20260926.log,375611,264651,1.6851919999999967
2,2,27760,66163,1.7236,1.7236,0.0,0.00013722,pretrain_full_4gpu_20260926.log,375691,264651,1.6845999999999968
2,2,27780,66163,1.8037,1.8037,0.0,0.00013713,pretrain_full_4gpu_20260926.log,375771,264651,1.6900919999999966
2,2,27800,66163,1.7993,1.7993,0.0,0.00013705,pretrain_full_4gpu_20260926.log,375851,264651,1.6914879999999965
2,2,27820,66163,1.7258,1.7258,0.0,0.00013696,pretrain_full_4gpu_20260926.log,375931,264651,1.6968239999999966
2,2,27840,66163,1.5878,1.5878,0.0,0.00013688,pretrain_full_4gpu_20260926.log,376011,264651,1.6896439999999968
2,2,27860,66163,1.7227,1.7227,0.0,0.00013679,pretrain_full_4gpu_20260926.log,376091,264651,1.690735999999997
2,2,27880,66163,1.6447,1.6447,0.0,0.00013671,pretrain_full_4gpu_20260926.log,376171,264651,1.6866959999999969
2,2,27900,66163,1.726,1.726,0.0,0.00013663,pretrain_full_4gpu_20260926.log,376251,264651,1.6898279999999968
2,2,27920,66163,1.6914,1.6914,0.0,0.00013654,pretrain_full_4gpu_20260926.log,376331,264651,1.6915999999999969
2,2,27940,66163,1.6317,1.6317,0.0,0.00013646,pretrain_full_4gpu_20260926.log,376411,264651,1.6879359999999968
2,2,27960,66163,1.6182,1.6182,0.0,0.00013637,pretrain_full_4gpu_20260926.log,376491,264651,1.684279999999997
2,2,27980,66163,1.6876,1.6876,0.0,0.00013629,pretrain_full_4gpu_20260926.log,376571,264651,1.686263999999997
2,2,28000,66163,1.6513,1.6513,0.0,0.0001362,pretrain_full_4gpu_20260926.log,376651,264651,1.681971999999997
2,2,28020,66163,1.7651,1.7651,0.0,0.00013612,pretrain_full_4gpu_20260926.log,376731,264651,1.691051999999997
2,2,28040,66163,1.683,1.683,0.0,0.00013604,pretrain_full_4gpu_20260926.log,376811,264651,1.6918879999999967
2,2,28060,66163,1.749,1.749,0.0,0.00013595,pretrain_full_4gpu_20260926.log,376891,264651,1.6966679999999967
2,2,28080,66163,1.6953,1.6953,0.0,0.00013587,pretrain_full_4gpu_20260926.log,376971,264651,1.701091999999997
2,2,28100,66163,1.6485,1.6485,0.0,0.00013578,pretrain_full_4gpu_20260926.log,377051,264651,1.697691999999997
2,2,28120,66163,1.7957,1.7957,0.0,0.0001357,pretrain_full_4gpu_20260926.log,377131,264651,1.7045239999999973
2,2,28140,66163,1.6866,1.6866,0.0,0.00013562,pretrain_full_4gpu_20260926.log,377211,264651,1.703147999999997
2,2,28160,66163,1.6006,1.6006,0.0,0.00013553,pretrain_full_4gpu_20260926.log,377291,264651,1.698343999999997
2,2,28180,66163,1.6921,1.6921,0.0,0.00013545,pretrain_full_4gpu_20260926.log,377371,264651,1.700707999999997
2,2,28200,66163,1.6574,1.6574,0.0,0.00013537,pretrain_full_4gpu_20260926.log,377451,264651,1.696639999999997
2,2,28220,66163,1.6636,1.6636,0.0,0.00013528,pretrain_full_4gpu_20260926.log,377531,264651,1.694243999999997
2,2,28240,66163,1.6624,1.6624,0.0,0.0001352,pretrain_full_4gpu_20260926.log,377611,264651,1.692523999999997
2,2,28260,66163,1.681,1.681,0.0,0.00013511,pretrain_full_4gpu_20260926.log,377691,264651,1.690819999999997
2,2,28280,66163,1.6732,1.6732,0.0,0.00013503,pretrain_full_4gpu_20260926.log,377771,264651,1.685599999999997
2,2,28300,66163,1.6603,1.6603,0.0,0.00013495,pretrain_full_4gpu_20260926.log,377851,264651,1.680039999999997
2,2,28320,66163,1.6806,1.6806,0.0,0.00013486,pretrain_full_4gpu_20260926.log,377931,264651,1.678231999999997
2,2,28340,66163,1.6998,1.6998,0.0,0.00013478,pretrain_full_4gpu_20260926.log,378011,264651,1.682711999999997
2,2,28360,66163,1.7276,1.7276,0.0,0.0001347,pretrain_full_4gpu_20260926.log,378091,264651,1.682907999999997
2,2,28380,66163,1.711,1.711,0.0,0.00013461,pretrain_full_4gpu_20260926.log,378171,264651,1.685559999999997
2,2,28400,66163,1.7688,1.7688,0.0,0.00013453,pretrain_full_4gpu_20260926.log,378251,264651,1.687271999999997
2,2,28420,66163,1.731,1.731,0.0,0.00013445,pretrain_full_4gpu_20260926.log,378331,264651,1.688855999999997
2,2,28440,66163,1.7144,1.7144,0.0,0.00013436,pretrain_full_4gpu_20260926.log,378411,264651,1.692163999999997
2,2,28460,66163,1.7008,1.7008,0.0,0.00013428,pretrain_full_4gpu_20260926.log,378491,264651,1.6954679999999969
2,2,28480,66163,1.7274,1.7274,0.0,0.0001342,pretrain_full_4gpu_20260926.log,378571,264651,1.6970599999999967
2,2,28500,66163,1.6749,1.6749,0.0,0.00013411,pretrain_full_4gpu_20260926.log,378651,264651,1.6980039999999967
2,2,28520,66163,1.6877,1.6877,0.0,0.00013403,pretrain_full_4gpu_20260926.log,378731,264651,1.694907999999997
2,2,28540,66163,1.6973,1.6973,0.0,0.00013395,pretrain_full_4gpu_20260926.log,378811,264651,1.695479999999997
2,2,28560,66163,1.6788,1.6788,0.0,0.00013386,pretrain_full_4gpu_20260926.log,378891,264651,1.6926719999999968
2,2,28580,66163,1.6437,1.6437,0.0,0.00013378,pretrain_full_4gpu_20260926.log,378971,264651,1.6906079999999968
2,2,28600,66163,1.6281,1.6281,0.0,0.0001337,pretrain_full_4gpu_20260926.log,379051,264651,1.689791999999997
2,2,28620,66163,1.6919,1.6919,0.0,0.00013361,pretrain_full_4gpu_20260926.log,379131,264651,1.6856399999999967
2,2,28640,66163,1.6365,1.6365,0.0,0.00013353,pretrain_full_4gpu_20260926.log,379211,264651,1.6836359999999968
2,2,28660,66163,1.6823,1.6823,0.0,0.00013345,pretrain_full_4gpu_20260926.log,379291,264651,1.6869039999999966
2,2,28680,66163,1.6829,1.6829,0.0,0.00013336,pretrain_full_4gpu_20260926.log,379371,264651,1.686535999999997
2,2,28700,66163,1.6438,1.6438,0.0,0.00013328,pretrain_full_4gpu_20260926.log,379451,264651,1.6859919999999968
2,2,28720,66163,1.7312,1.7312,0.0,0.0001332,pretrain_full_4gpu_20260926.log,379531,264651,1.6886959999999969
2,2,28740,66163,1.6353,1.6353,0.0,0.00013312,pretrain_full_4gpu_20260926.log,379611,264651,1.687611999999997
2,2,28760,66163,1.742,1.742,0.0,0.00013303,pretrain_full_4gpu_20260926.log,379691,264651,1.690051999999997
2,2,28780,66163,1.6708,1.6708,0.0,0.00013295,pretrain_full_4gpu_20260926.log,379771,264651,1.689955999999997
2,2,28800,66163,1.6535,1.6535,0.0,0.00013287,pretrain_full_4gpu_20260926.log,379851,264651,1.6896839999999969
2,2,28820,66163,1.6092,1.6092,0.0,0.00013278,pretrain_full_4gpu_20260926.log,379931,264651,1.686827999999997
2,2,28840,66163,1.6844,1.6844,0.0,0.0001327,pretrain_full_4gpu_20260926.log,380011,264651,1.6862119999999967
2,2,28860,66163,1.6639,1.6639,0.0,0.00013262,pretrain_full_4gpu_20260926.log,380091,264651,1.6836639999999965
2,2,28880,66163,1.718,1.718,0.0,0.00013254,pretrain_full_4gpu_20260926.log,380171,264651,1.6839439999999968
2,2,28900,66163,1.6147,1.6147,0.0,0.00013245,pretrain_full_4gpu_20260926.log,380251,264651,1.6777799999999967
2,2,28920,66163,1.7614,1.7614,0.0,0.00013237,pretrain_full_4gpu_20260926.log,380331,264651,1.6789959999999968
2,2,28940,66163,1.6995,1.6995,0.0,0.00013229,pretrain_full_4gpu_20260926.log,380411,264651,1.678399999999997
2,2,28960,66163,1.6647,1.6647,0.0,0.0001322,pretrain_full_4gpu_20260926.log,380491,264651,1.676955999999997
2,2,28980,66163,1.7286,1.7286,0.0,0.00013212,pretrain_full_4gpu_20260926.log,380571,264651,1.6770039999999968
2,2,29000,66163,1.6905,1.6905,0.0,0.00013204,pretrain_full_4gpu_20260926.log,380651,264651,1.6776279999999968
2,2,29020,66163,1.6802,1.6802,0.0,0.00013196,pretrain_full_4gpu_20260926.log,380731,264651,1.6773279999999968
2,2,29040,66163,1.6028,1.6028,0.0,0.00013188,pretrain_full_4gpu_20260926.log,380811,264651,1.673547999999997
2,2,29060,66163,1.6891,1.6891,0.0,0.00013179,pretrain_full_4gpu_20260926.log,380891,264651,1.673959999999997
2,2,29080,66163,1.7246,1.7246,0.0,0.00013171,pretrain_full_4gpu_20260926.log,380971,264651,1.677195999999997
2,2,29100,66163,1.7388,1.7388,0.0,0.00013163,pretrain_full_4gpu_20260926.log,381051,264651,1.6816239999999967
2,2,29120,66163,1.6874,1.6874,0.0,0.00013155,pretrain_full_4gpu_20260926.log,381131,264651,1.6814439999999968
2,2,29140,66163,1.5555,1.5555,0.0,0.00013146,pretrain_full_4gpu_20260926.log,381211,264651,1.678203999999997
2,2,29160,66163,1.5874,1.5874,0.0,0.00013138,pretrain_full_4gpu_20260926.log,381291,264651,1.674407999999997
2,2,29180,66163,1.6724,1.6724,0.0,0.0001313,pretrain_full_4gpu_20260926.log,381371,264651,1.6739879999999971
2,2,29200,66163,1.7563,1.7563,0.0,0.00013122,pretrain_full_4gpu_20260926.log,381451,264651,1.6784879999999973
2,2,29220,66163,1.6616,1.6616,0.0,0.00013113,pretrain_full_4gpu_20260926.log,381531,264651,1.6757039999999972
2,2,29240,66163,1.6504,1.6504,0.0,0.00013105,pretrain_full_4gpu_20260926.log,381611,264651,1.676307999999997
2,2,29260,66163,1.634,1.634,0.0,0.00013097,pretrain_full_4gpu_20260926.log,381691,264651,1.6719879999999971
2,2,29280,66163,1.6215,1.6215,0.0,0.00013089,pretrain_full_4gpu_20260926.log,381771,264651,1.670015999999997
2,2,29300,66163,1.7058,1.7058,0.0,0.00013081,pretrain_full_4gpu_20260926.log,381851,264651,1.672107999999997
2,2,29320,66163,1.6753,1.6753,0.0,0.00013072,pretrain_full_4gpu_20260926.log,381931,264651,1.674751999999997
2,2,29340,66163,1.6718,1.6718,0.0,0.00013064,pretrain_full_4gpu_20260926.log,382011,264651,1.6742479999999968
2,2,29360,66163,1.6652,1.6652,0.0,0.00013056,pretrain_full_4gpu_20260926.log,382091,264651,1.674299999999997
2,2,29380,66163,1.5897,1.5897,0.0,0.00013048,pretrain_full_4gpu_20260926.log,382171,264651,1.6691679999999969
2,2,29400,66163,1.6552,1.6552,0.0,0.0001304,pretrain_full_4gpu_20260926.log,382251,264651,1.6707879999999968
2,2,29420,66163,1.6011,1.6011,0.0,0.00013031,pretrain_full_4gpu_20260926.log,382331,264651,1.664375999999997
2,2,29440,66163,1.7267,1.7267,0.0,0.00013023,pretrain_full_4gpu_20260926.log,382411,264651,1.665463999999997
2,2,29460,66163,1.6544,1.6544,0.0,0.00013015,pretrain_full_4gpu_20260926.log,382491,264651,1.6650519999999969
2,2,29480,66163,1.6952,1.6952,0.0,0.00013007,pretrain_full_4gpu_20260926.log,382571,264651,1.6637159999999969
2,2,29500,66163,1.7358,1.7358,0.0,0.00012999,pretrain_full_4gpu_20260926.log,382651,264651,1.6655279999999968
2,2,29520,66163,1.7061,1.7061,0.0,0.00012991,pretrain_full_4gpu_20260926.log,382731,264651,1.6665639999999968
2,2,29540,66163,1.62,1.62,0.0,0.00012982,pretrain_full_4gpu_20260926.log,382811,264651,1.6672519999999966
2,2,29560,66163,1.574,1.574,0.0,0.00012974,pretrain_full_4gpu_20260926.log,382891,264651,1.6626479999999964
2,2,29580,66163,1.6738,1.6738,0.0,0.00012966,pretrain_full_4gpu_20260926.log,382971,264651,1.6606159999999963
2,2,29600,66163,1.7405,1.7405,0.0,0.00012958,pretrain_full_4gpu_20260926.log,383051,264651,1.6606839999999963
2,2,29620,66163,1.8017,1.8017,0.0,0.0001295,pretrain_full_4gpu_20260926.log,383131,264651,1.6652559999999963
2,2,29640,66163,1.6506,1.6506,0.0,0.00012942,pretrain_full_4gpu_20260926.log,383211,264651,1.669059999999996
2,2,29660,66163,1.6313,1.6313,0.0,0.00012934,pretrain_full_4gpu_20260926.log,383291,264651,1.670815999999996
2,2,29680,66163,1.7234,1.7234,0.0,0.00012925,pretrain_full_4gpu_20260926.log,383371,264651,1.672855999999996
2,2,29700,66163,1.5868,1.5868,0.0,0.00012917,pretrain_full_4gpu_20260926.log,383451,264651,1.6660759999999957
2,2,29720,66163,1.7253,1.7253,0.0,0.00012909,pretrain_full_4gpu_20260926.log,383531,264651,1.6686239999999954
2,2,29740,66163,1.659,1.659,0.0,0.00012901,pretrain_full_4gpu_20260926.log,383611,264651,1.6689679999999956
2,2,29760,66163,1.6747,1.6747,0.0,0.00012893,pretrain_full_4gpu_20260926.log,383691,264651,1.6705959999999955
2,2,29780,66163,1.6107,1.6107,0.0,0.00012885,pretrain_full_4gpu_20260926.log,383771,264651,1.6701639999999958
2,2,29800,66163,1.8167,1.8167,0.0,0.00012877,pretrain_full_4gpu_20260926.log,383851,264651,1.6745999999999959
2,2,29820,66163,1.7053,1.7053,0.0,0.00012868,pretrain_full_4gpu_20260926.log,383931,264651,1.675799999999996
2,2,29840,66163,1.6405,1.6405,0.0,0.0001286,pretrain_full_4gpu_20260926.log,384011,264651,1.6745479999999962
2,2,29860,66163,1.6604,1.6604,0.0,0.00012852,pretrain_full_4gpu_20260926.log,384091,264651,1.6743559999999962
2,2,29880,66163,1.6111,1.6111,0.0,0.00012844,pretrain_full_4gpu_20260926.log,384171,264651,1.6752119999999961
2,2,29900,66163,1.6204,1.6204,0.0,0.00012836,pretrain_full_4gpu_20260926.log,384251,264651,1.6738199999999963
2,2,29920,66163,1.6619,1.6619,0.0,0.00012828,pretrain_full_4gpu_20260926.log,384331,264651,1.6762519999999963
2,2,29940,66163,1.6175,1.6175,0.0,0.0001282,pretrain_full_4gpu_20260926.log,384411,264651,1.6718839999999964
2,2,29960,66163,1.7254,1.7254,0.0,0.00012812,pretrain_full_4gpu_20260926.log,384491,264651,1.6747239999999963
2,2,29980,66163,1.7115,1.7115,0.0,0.00012804,pretrain_full_4gpu_20260926.log,384571,264651,1.6753759999999962
2,2,30000,66163,1.6475,1.6475,0.0,0.00012796,pretrain_full_4gpu_20260926.log,384651,264651,1.6718439999999963
2,2,30020,66163,1.7073,1.7073,0.0,0.00012787,pretrain_full_4gpu_20260926.log,384731,264651,1.6718919999999966
2,2,30040,66163,1.6755,1.6755,0.0,0.00012779,pretrain_full_4gpu_20260926.log,384811,264651,1.6741119999999967
2,2,30060,66163,1.7169,1.7169,0.0,0.00012771,pretrain_full_4gpu_20260926.log,384891,264651,1.6798279999999968
2,2,30080,66163,1.7805,1.7805,0.0,0.00012763,pretrain_full_4gpu_20260926.log,384971,264651,1.6840959999999967
2,2,30100,66163,1.7467,1.7467,0.0,0.00012755,pretrain_full_4gpu_20260926.log,385051,264651,1.6843439999999967
2,2,30120,66163,1.6406,1.6406,0.0,0.00012747,pretrain_full_4gpu_20260926.log,385131,264651,1.6778999999999968
2,2,30140,66163,1.7121,1.7121,0.0,0.00012739,pretrain_full_4gpu_20260926.log,385211,264651,1.680359999999997
2,2,30160,66163,1.6963,1.6963,0.0,0.00012731,pretrain_full_4gpu_20260926.log,385291,264651,1.682959999999997
2,2,30180,66163,1.7893,1.7893,0.0,0.00012723,pretrain_full_4gpu_20260926.log,385371,264651,1.6855959999999968
2,2,30200,66163,1.5988,1.5988,0.0,0.00012715,pretrain_full_4gpu_20260926.log,385451,264651,1.6860759999999968
2,2,30220,66163,1.7187,1.7187,0.0,0.00012707,pretrain_full_4gpu_20260926.log,385531,264651,1.6858119999999968
2,2,30240,66163,1.7327,1.7327,0.0,0.00012699,pretrain_full_4gpu_20260926.log,385611,264651,1.688759999999997
2,2,30260,66163,1.631,1.631,0.0,0.00012691,pretrain_full_4gpu_20260926.log,385691,264651,1.6870119999999968
2,2,30280,66163,1.6108,1.6108,0.0,0.00012683,pretrain_full_4gpu_20260926.log,385771,264651,1.6870159999999967
2,2,30300,66163,1.6027,1.6027,0.0,0.00012675,pretrain_full_4gpu_20260926.log,385851,264651,1.6784559999999968
2,2,30320,66163,1.7566,1.7566,0.0,0.00012667,pretrain_full_4gpu_20260926.log,385931,264651,1.6805079999999968
2,2,30340,66163,1.6921,1.6921,0.0,0.00012659,pretrain_full_4gpu_20260926.log,386011,264651,1.6825719999999966
2,2,30360,66163,1.674,1.674,0.0,0.00012651,pretrain_full_4gpu_20260926.log,386091,264651,1.6831159999999965
2,2,30380,66163,1.7495,1.7495,0.0,0.00012643,pretrain_full_4gpu_20260926.log,386171,264651,1.6886519999999965
2,2,30400,66163,1.6381,1.6381,0.0,0.00012635,pretrain_full_4gpu_20260926.log,386251,264651,1.6893599999999964
2,2,30420,66163,1.7128,1.7128,0.0,0.00012626,pretrain_full_4gpu_20260926.log,386331,264651,1.6913959999999963
2,2,30440,66163,1.696,1.696,0.0,0.00012618,pretrain_full_4gpu_20260926.log,386411,264651,1.6945359999999963
2,2,30460,66163,1.6985,1.6985,0.0,0.0001261,pretrain_full_4gpu_20260926.log,386491,264651,1.6934599999999964
2,2,30480,66163,1.7674,1.7674,0.0,0.00012602,pretrain_full_4gpu_20260926.log,386571,264651,1.6956959999999963
2,2,30500,66163,1.6339,1.6339,0.0,0.00012594,pretrain_full_4gpu_20260926.log,386651,264651,1.6951519999999962
2,2,30520,66163,1.7484,1.7484,0.0,0.00012586,pretrain_full_4gpu_20260926.log,386731,264651,1.696795999999996
2,2,30540,66163,1.635,1.635,0.0,0.00012578,pretrain_full_4gpu_20260926.log,386811,264651,1.6951759999999958
2,2,30560,66163,1.6933,1.6933,0.0,0.0001257,pretrain_full_4gpu_20260926.log,386891,264651,1.6942319999999957
2,2,30580,66163,1.5726,1.5726,0.0,0.00012562,pretrain_full_4gpu_20260926.log,386971,264651,1.6859159999999958
2,2,30600,66163,1.6515,1.6515,0.0,0.00012554,pretrain_full_4gpu_20260926.log,387051,264651,1.6821079999999957
2,2,30620,66163,1.7086,1.7086,0.0,0.00012546,pretrain_full_4gpu_20260926.log,387131,264651,1.6848279999999958
2,2,30640,66163,1.61,1.61,0.0,0.00012539,pretrain_full_4gpu_20260926.log,387211,264651,1.6807439999999958
2,2,30660,66163,1.6233,1.6233,0.0,0.00012531,pretrain_full_4gpu_20260926.log,387291,264651,1.6778239999999958
2,2,30680,66163,1.6372,1.6372,0.0,0.00012523,pretrain_full_4gpu_20260926.log,387371,264651,1.6717399999999958
2,2,30700,66163,1.6639,1.6639,0.0,0.00012515,pretrain_full_4gpu_20260926.log,387451,264651,1.6743439999999958
2,2,30720,66163,1.6292,1.6292,0.0,0.00012507,pretrain_full_4gpu_20260926.log,387531,264651,1.6707639999999957
2,2,30740,66163,1.6503,1.6503,0.0,0.00012499,pretrain_full_4gpu_20260926.log,387611,264651,1.6674679999999957
2,2,30760,66163,1.6348,1.6348,0.0,0.00012491,pretrain_full_4gpu_20260926.log,387691,264651,1.6676199999999957
2,2,30780,66163,1.6025,1.6025,0.0,0.00012483,pretrain_full_4gpu_20260926.log,387771,264651,1.6672879999999959
2,2,30800,66163,1.6356,1.6356,0.0,0.00012475,pretrain_full_4gpu_20260926.log,387851,264651,1.6686039999999958
2,2,30820,66163,1.7024,1.7024,0.0,0.00012467,pretrain_full_4gpu_20260926.log,387931,264651,1.6664359999999956
2,2,30840,66163,1.6468,1.6468,0.0,0.00012459,pretrain_full_4gpu_20260926.log,388011,264651,1.6646239999999954
2,2,30860,66163,1.7293,1.7293,0.0,0.00012451,pretrain_full_4gpu_20260926.log,388091,264651,1.6668359999999955
2,2,30880,66163,1.6851,1.6851,0.0,0.00012443,pretrain_full_4gpu_20260926.log,388171,264651,1.6642599999999956
2,2,30900,66163,1.6261,1.6261,0.0,0.00012435,pretrain_full_4gpu_20260926.log,388251,264651,1.6637799999999956
2,2,30920,66163,1.6733,1.6733,0.0,0.00012427,pretrain_full_4gpu_20260926.log,388331,264651,1.6621999999999955
2,2,30940,66163,1.7571,1.7571,0.0,0.00012419,pretrain_full_4gpu_20260926.log,388411,264651,1.6646439999999956
2,2,30960,66163,1.5885,1.5885,0.0,0.00012411,pretrain_full_4gpu_20260926.log,388491,264651,1.6602439999999956
2,2,30980,66163,1.6598,1.6598,0.0,0.00012403,pretrain_full_4gpu_20260926.log,388571,264651,1.6559399999999953
2,2,31000,66163,1.7687,1.7687,0.0,0.00012395,pretrain_full_4gpu_20260926.log,388651,264651,1.6613319999999956
2,2,31020,66163,1.7162,1.7162,0.0,0.00012388,pretrain_full_4gpu_20260926.log,388731,264651,1.6600439999999959
2,2,31040,66163,1.6356,1.6356,0.0,0.0001238,pretrain_full_4gpu_20260926.log,388811,264651,1.6600679999999957
2,2,31060,66163,1.6339,1.6339,0.0,0.00012372,pretrain_full_4gpu_20260926.log,388891,264651,1.6576919999999955
2,2,31080,66163,1.7035,1.7035,0.0,0.00012364,pretrain_full_4gpu_20260926.log,388971,264651,1.6629279999999955
2,2,31100,66163,1.6972,1.6972,0.0,0.00012356,pretrain_full_4gpu_20260926.log,389051,264651,1.6647559999999957
2,2,31120,66163,1.662,1.662,0.0,0.00012348,pretrain_full_4gpu_20260926.log,389131,264651,1.6628919999999956
2,2,31140,66163,1.7588,1.7588,0.0,0.0001234,pretrain_full_4gpu_20260926.log,389211,264651,1.6688439999999958
2,2,31160,66163,1.6478,1.6478,0.0,0.00012332,pretrain_full_4gpu_20260926.log,389291,264651,1.6698239999999955
2,2,31180,66163,1.612,1.612,0.0,0.00012324,pretrain_full_4gpu_20260926.log,389371,264651,1.6688159999999956
2,2,31200,66163,1.7168,1.7168,0.0,0.00012316,pretrain_full_4gpu_20260926.log,389451,264651,1.6709319999999956
2,2,31220,66163,1.6705,1.6705,0.0,0.00012309,pretrain_full_4gpu_20260926.log,389531,264651,1.6725839999999956
2,2,31240,66163,1.7295,1.7295,0.0,0.00012301,pretrain_full_4gpu_20260926.log,389611,264651,1.6757519999999957
2,2,31260,66163,1.7392,1.7392,0.0,0.00012293,pretrain_full_4gpu_20260926.log,389691,264651,1.6799279999999956
2,2,31280,66163,1.6841,1.6841,0.0,0.00012285,pretrain_full_4gpu_20260926.log,389771,264651,1.6831919999999956
2,2,31300,66163,1.7006,1.7006,0.0,0.00012277,pretrain_full_4gpu_20260926.log,389851,264651,1.685791999999996
2,2,31320,66163,1.7278,1.7278,0.0,0.00012269,pretrain_full_4gpu_20260926.log,389931,264651,1.686807999999996
2,2,31340,66163,1.6651,1.6651,0.0,0.00012261,pretrain_full_4gpu_20260926.log,390011,264651,1.6875399999999963
2,2,31360,66163,1.6962,1.6962,0.0,0.00012253,pretrain_full_4gpu_20260926.log,390091,264651,1.686215999999996
2,2,31380,66163,1.6144,1.6144,0.0,0.00012246,pretrain_full_4gpu_20260926.log,390171,264651,1.6833879999999963
2,2,31400,66163,1.6902,1.6902,0.0,0.00012238,pretrain_full_4gpu_20260926.log,390251,264651,1.6859519999999961
2,2,31420,66163,1.6275,1.6275,0.0,0.0001223,pretrain_full_4gpu_20260926.log,390331,264651,1.684119999999996
2,2,31440,66163,1.6485,1.6485,0.0,0.00012222,pretrain_full_4gpu_20260926.log,390411,264651,1.679775999999996
2,2,31460,66163,1.6961,1.6961,0.0,0.00012214,pretrain_full_4gpu_20260926.log,390491,264651,1.6840799999999958
2,2,31480,66163,1.6563,1.6563,0.0,0.00012206,pretrain_full_4gpu_20260926.log,390571,264651,1.683939999999996
2,2,31500,66163,1.6559,1.6559,0.0,0.00012199,pretrain_full_4gpu_20260926.log,390651,264651,1.6794279999999961
2,2,31520,66163,1.6905,1.6905,0.0,0.00012191,pretrain_full_4gpu_20260926.log,390731,264651,1.6783999999999961
2,2,31540,66163,1.5991,1.5991,0.0,0.00012183,pretrain_full_4gpu_20260926.log,390811,264651,1.676939999999996
2,2,31560,66163,1.7361,1.7361,0.0,0.00012175,pretrain_full_4gpu_20260926.log,390891,264651,1.6810279999999964
2,2,31580,66163,1.682,1.682,0.0,0.00012167,pretrain_full_4gpu_20260926.log,390971,264651,1.6801679999999966
2,2,31600,66163,1.6685,1.6685,0.0,0.00012159,pretrain_full_4gpu_20260926.log,391051,264651,1.6790199999999964
2,2,31620,66163,1.6817,1.6817,0.0,0.00012152,pretrain_full_4gpu_20260926.log,391131,264651,1.6798079999999964
2,2,31640,66163,1.7466,1.7466,0.0,0.00012144,pretrain_full_4gpu_20260926.log,391211,264651,1.6793199999999964
2,2,31660,66163,1.6465,1.6465,0.0,0.00012136,pretrain_full_4gpu_20260926.log,391291,264651,1.6792679999999967
2,2,31680,66163,1.6607,1.6607,0.0,0.00012128,pretrain_full_4gpu_20260926.log,391371,264651,1.6812159999999965
2,2,31700,66163,1.7563,1.7563,0.0,0.0001212,pretrain_full_4gpu_20260926.log,391451,264651,1.6827959999999968
2,2,31720,66163,1.6865,1.6865,0.0,0.00012113,pretrain_full_4gpu_20260926.log,391531,264651,1.683435999999997
2,2,31740,66163,1.7221,1.7221,0.0,0.00012105,pretrain_full_4gpu_20260926.log,391611,264651,1.6831399999999967
2,2,31760,66163,1.7137,1.7137,0.0,0.00012097,pretrain_full_4gpu_20260926.log,391691,264651,1.682119999999997
2,2,31780,66163,1.7273,1.7273,0.0,0.00012089,pretrain_full_4gpu_20260926.log,391771,264651,1.683847999999997
2,2,31800,66163,1.765,1.765,0.0,0.00012081,pretrain_full_4gpu_20260926.log,391851,264651,1.686423999999997
2,2,31820,66163,1.6227,1.6227,0.0,0.00012074,pretrain_full_4gpu_20260926.log,391931,264651,1.682219999999997
2,2,31840,66163,1.634,1.634,0.0,0.00012066,pretrain_full_4gpu_20260926.log,392011,264651,1.680975999999997
2,2,31860,66163,1.6649,1.6649,0.0,0.00012058,pretrain_full_4gpu_20260926.log,392091,264651,1.679723999999997
2,2,31880,66163,1.7058,1.7058,0.0,0.0001205,pretrain_full_4gpu_20260926.log,392171,264651,1.6833799999999968
2,2,31900,66163,1.7193,1.7193,0.0,0.00012043,pretrain_full_4gpu_20260926.log,392251,264651,1.6845439999999967
2,2,31920,66163,1.6565,1.6565,0.0,0.00012035,pretrain_full_4gpu_20260926.log,392331,264651,1.685703999999997
2,2,31940,66163,1.6343,1.6343,0.0,0.00012027,pretrain_full_4gpu_20260926.log,392411,264651,1.685135999999997
2,2,31960,66163,1.6442,1.6442,0.0,0.00012019,pretrain_full_4gpu_20260926.log,392491,264651,1.683059999999997
2,2,31980,66163,1.6628,1.6628,0.0,0.00012012,pretrain_full_4gpu_20260926.log,392571,264651,1.6833199999999968
2,2,32000,66163,1.7022,1.7022,0.0,0.00012004,pretrain_full_4gpu_20260926.log,392651,264651,1.6851719999999966
2,2,32020,66163,1.6672,1.6672,0.0,0.00011996,pretrain_full_4gpu_20260926.log,392731,264651,1.6842399999999966
2,2,32040,66163,1.6774,1.6774,0.0,0.00011988,pretrain_full_4gpu_20260926.log,392811,264651,1.6873719999999965
2,2,32060,66163,1.7069,1.7069,0.0,0.00011981,pretrain_full_4gpu_20260926.log,392891,264651,1.6862039999999965
2,2,32080,66163,1.5907,1.5907,0.0,0.00011973,pretrain_full_4gpu_20260926.log,392971,264651,1.6825519999999963
2,2,32100,66163,1.6917,1.6917,0.0,0.00011965,pretrain_full_4gpu_20260926.log,393051,264651,1.683479999999996
2,2,32120,66163,1.6526,1.6526,0.0,0.00011957,pretrain_full_4gpu_20260926.log,393131,264651,1.6823159999999961
2,2,32140,66163,1.6448,1.6448,0.0,0.0001195,pretrain_full_4gpu_20260926.log,393211,264651,1.6782439999999963
2,2,32160,66163,1.6968,1.6968,0.0,0.00011942,pretrain_full_4gpu_20260926.log,393291,264651,1.6802559999999962
2,2,32180,66163,1.6644,1.6644,0.0,0.00011934,pretrain_full_4gpu_20260926.log,393371,264651,1.6804039999999965
2,2,32200,66163,1.7562,1.7562,0.0,0.00011927,pretrain_full_4gpu_20260926.log,393451,264651,1.6803999999999961
2,2,32220,66163,1.7037,1.7037,0.0,0.00011919,pretrain_full_4gpu_20260926.log,393531,264651,1.6810879999999961
2,2,32240,66163,1.696,1.696,0.0,0.00011911,pretrain_full_4gpu_20260926.log,393611,264651,1.680043999999996
2,2,32260,66163,1.786,1.786,0.0,0.00011903,pretrain_full_4gpu_20260926.log,393691,264651,1.682935999999996
2,2,32280,66163,1.6819,1.6819,0.0,0.00011896,pretrain_full_4gpu_20260926.log,393771,264651,1.681119999999996
2,2,32300,66163,1.7024,1.7024,0.0,0.00011888,pretrain_full_4gpu_20260926.log,393851,264651,1.678615999999996
2,2,32320,66163,1.6297,1.6297,0.0,0.0001188,pretrain_full_4gpu_20260926.log,393931,264651,1.6788959999999957
2,2,32340,66163,1.7002,1.7002,0.0,0.00011873,pretrain_full_4gpu_20260926.log,394011,264651,1.681543999999996
2,2,32360,66163,1.6775,1.6775,0.0,0.00011865,pretrain_full_4gpu_20260926.log,394091,264651,1.6820479999999958
2,2,32380,66163,1.8023,1.8023,0.0,0.00011857,pretrain_full_4gpu_20260926.log,394171,264651,1.685907999999996
2,2,32400,66163,1.6234,1.6234,0.0,0.0001185,pretrain_full_4gpu_20260926.log,394251,264651,1.682071999999996
2,2,32420,66163,1.668,1.668,0.0,0.00011842,pretrain_full_4gpu_20260926.log,394331,264651,1.682531999999996
2,2,32440,66163,1.6222,1.6222,0.0,0.00011834,pretrain_full_4gpu_20260926.log,394411,264651,1.6820479999999958
2,2,32460,66163,1.6068,1.6068,0.0,0.00011827,pretrain_full_4gpu_20260926.log,394491,264651,1.6805519999999958
2,2,32480,66163,1.6675,1.6675,0.0,0.00011819,pretrain_full_4gpu_20260926.log,394571,264651,1.680739999999996
2,2,32500,66163,1.5777,1.5777,0.0,0.00011811,pretrain_full_4gpu_20260926.log,394651,264651,1.675759999999996
2,2,32520,66163,1.6644,1.6644,0.0,0.00011804,pretrain_full_4gpu_20260926.log,394731,264651,1.675647999999996
2,2,32540,66163,1.6033,1.6033,0.0,0.00011796,pretrain_full_4gpu_20260926.log,394811,264651,1.6726839999999958
2,2,32560,66163,1.638,1.638,0.0,0.00011788,pretrain_full_4gpu_20260926.log,394891,264651,1.6699279999999959
2,2,32580,66163,1.7017,1.7017,0.0,0.00011781,pretrain_full_4gpu_20260926.log,394971,264651,1.674367999999996
2,2,32600,66163,1.7539,1.7539,0.0,0.00011773,pretrain_full_4gpu_20260926.log,395051,264651,1.6768559999999963
2,2,32620,66163,1.7425,1.7425,0.0,0.00011765,pretrain_full_4gpu_20260926.log,395131,264651,1.6804519999999963
2,2,32640,66163,1.7595,1.7595,0.0,0.00011758,pretrain_full_4gpu_20260926.log,395211,264651,1.6850399999999963
2,2,32660,66163,1.7142,1.7142,0.0,0.0001175,pretrain_full_4gpu_20260926.log,395291,264651,1.685735999999996
2,2,32680,66163,1.6502,1.6502,0.0,0.00011742,pretrain_full_4gpu_20260926.log,395371,264651,1.685167999999996
2,2,32700,66163,1.7071,1.7071,0.0,0.00011735,pretrain_full_4gpu_20260926.log,395451,264651,1.6832039999999957
2,2,32720,66163,1.7357,1.7357,0.0,0.00011727,pretrain_full_4gpu_20260926.log,395531,264651,1.6844839999999959
2,2,32740,66163,1.6705,1.6705,0.0,0.0001172,pretrain_full_4gpu_20260926.log,395611,264651,1.6834639999999959
2,2,32760,66163,1.7047,1.7047,0.0,0.00011712,pretrain_full_4gpu_20260926.log,395691,264651,1.680211999999996
2,2,32780,66163,1.5458,1.5458,0.0,0.00011704,pretrain_full_4gpu_20260926.log,395771,264651,1.674767999999996
2,2,32800,66163,1.7512,1.7512,0.0,0.00011697,pretrain_full_4gpu_20260926.log,395851,264651,1.676719999999996
2,2,32820,66163,1.6727,1.6727,0.0,0.00011689,pretrain_full_4gpu_20260926.log,395931,264651,1.678439999999996
2,2,32840,66163,1.6468,1.6468,0.0,0.00011682,pretrain_full_4gpu_20260926.log,396011,264651,1.6763039999999958
2,2,32860,66163,1.6404,1.6404,0.0,0.00011674,pretrain_full_4gpu_20260926.log,396091,264651,1.6748199999999958
2,2,32880,66163,1.6351,1.6351,0.0,0.00011666,pretrain_full_4gpu_20260926.log,396171,264651,1.6681319999999957
2,2,32900,66163,1.6526,1.6526,0.0,0.00011659,pretrain_full_4gpu_20260926.log,396251,264651,1.6692999999999958
2,2,32920,66163,1.6538,1.6538,0.0,0.00011651,pretrain_full_4gpu_20260926.log,396331,264651,1.6687319999999957
2,2,32940,66163,1.7042,1.7042,0.0,0.00011644,pretrain_full_4gpu_20260926.log,396411,264651,1.6720119999999958
2,2,32960,66163,1.6047,1.6047,0.0,0.00011636,pretrain_full_4gpu_20260926.log,396491,264651,1.6719279999999959
2,2,32980,66163,1.6775,1.6775,0.0,0.00011628,pretrain_full_4gpu_20260926.log,396571,264651,1.672327999999996
2,2,33000,66163,1.6414,1.6414,0.0,0.00011621,pretrain_full_4gpu_20260926.log,396651,264651,1.6748759999999958
2,2,33020,66163,1.7359,1.7359,0.0,0.00011613,pretrain_full_4gpu_20260926.log,396731,264651,1.677735999999996
2,2,33040,66163,1.6619,1.6619,0.0,0.00011606,pretrain_full_4gpu_20260926.log,396811,264651,1.680079999999996
2,2,33060,66163,1.6488,1.6488,0.0,0.00011598,pretrain_full_4gpu_20260926.log,396891,264651,1.6805119999999962
2,2,33080,66163,1.7001,1.7001,0.0,0.00011591,pretrain_full_4gpu_20260926.log,396971,264651,1.6804479999999962
2,2,33100,66163,1.7501,1.7501,0.0,0.00011583,pretrain_full_4gpu_20260926.log,397050,264651,1.6802959999999962
2,2,33120,66163,1.7726,1.7726,0.0,0.00011576,pretrain_full_4gpu_20260926.log,397130,264651,1.681499999999996
2,2,33140,66163,1.7816,1.7816,0.0,0.00011568,pretrain_full_4gpu_20260926.log,397210,264651,1.6823839999999959
2,2,33160,66163,1.7082,1.7082,0.0,0.0001156,pretrain_full_4gpu_20260926.log,397290,264651,1.6821439999999959
2,2,33180,66163,1.7229,1.7229,0.0,0.00011553,pretrain_full_4gpu_20260926.log,397370,264651,1.685051999999996
2,2,33200,66163,1.6047,1.6047,0.0,0.00011545,pretrain_full_4gpu_20260926.log,397450,264651,1.6809559999999961
2,2,33220,66163,1.6721,1.6721,0.0,0.00011538,pretrain_full_4gpu_20260926.log,397530,264651,1.6784119999999962
2,2,33240,66163,1.6971,1.6971,0.0,0.0001153,pretrain_full_4gpu_20260926.log,397610,264651,1.6794759999999962
2,2,33260,66163,1.6959,1.6959,0.0,0.00011523,pretrain_full_4gpu_20260926.log,397690,264651,1.6791239999999963
2,2,33280,66163,1.6662,1.6662,0.0,0.00011515,pretrain_full_4gpu_20260926.log,397770,264651,1.683939999999996
2,2,33300,66163,1.6228,1.6228,0.0,0.00011508,pretrain_full_4gpu_20260926.log,397850,264651,1.6788039999999962
2,2,33320,66163,1.6334,1.6334,0.0,0.000115,pretrain_full_4gpu_20260926.log,397930,264651,1.6772319999999963
2,2,33340,66163,1.7303,1.7303,0.0,0.00011493,pretrain_full_4gpu_20260926.log,398010,264651,1.6805719999999962
2,2,33360,66163,1.6956,1.6956,0.0,0.00011485,pretrain_full_4gpu_20260926.log,398090,264651,1.6827799999999962
2,2,33380,66163,1.7013,1.7013,0.0,0.00011478,pretrain_full_4gpu_20260926.log,398170,264651,1.6854279999999964
2,2,33400,66163,1.6425,1.6425,0.0,0.0001147,pretrain_full_4gpu_20260926.log,398250,264651,1.6850239999999963
2,2,33420,66163,1.616,1.616,0.0,0.00011463,pretrain_full_4gpu_20260926.log,398330,264651,1.6835119999999963
2,2,33440,66163,1.6121,1.6121,0.0,0.00011455,pretrain_full_4gpu_20260926.log,398410,264651,1.6798279999999963
2,2,33460,66163,1.6976,1.6976,0.0,0.00011448,pretrain_full_4gpu_20260926.log,398490,264651,1.6835439999999964
2,2,33480,66163,1.7087,1.7087,0.0,0.0001144,pretrain_full_4gpu_20260926.log,398570,264651,1.6847919999999963
2,2,33500,66163,1.6287,1.6287,0.0,0.00011433,pretrain_full_4gpu_20260926.log,398650,264651,1.6842839999999963
2,2,33520,66163,1.6304,1.6304,0.0,0.00011425,pretrain_full_4gpu_20260926.log,398730,264651,1.6800639999999964
2,2,33540,66163,1.7307,1.7307,0.0,0.00011418,pretrain_full_4gpu_20260926.log,398810,264651,1.6828159999999963
2,2,33560,66163,1.7481,1.7481,0.0,0.0001141,pretrain_full_4gpu_20260926.log,398890,264651,1.6867879999999962
2,2,33580,66163,1.6432,1.6432,0.0,0.00011403,pretrain_full_4gpu_20260926.log,398970,264651,1.6845119999999962
2,2,33600,66163,1.7168,1.7168,0.0,0.00011395,pretrain_full_4gpu_20260926.log,399050,264651,1.6831799999999961
2,2,33620,66163,1.6,1.6,0.0,0.00011388,pretrain_full_4gpu_20260926.log,399130,264651,1.6762759999999963
2,2,33640,66163,1.6462,1.6462,0.0,0.00011381,pretrain_full_4gpu_20260926.log,399210,264651,1.6708599999999965
2,2,33660,66163,1.6659,1.6659,0.0,0.00011373,pretrain_full_4gpu_20260926.log,399290,264651,1.6691679999999964
2,2,33680,66163,1.5737,1.5737,0.0,0.00011366,pretrain_full_4gpu_20260926.log,399370,264651,1.6631999999999965
2,2,33700,66163,1.6092,1.6092,0.0,0.00011358,pretrain_full_4gpu_20260926.log,399450,264651,1.6633799999999965
2,2,33720,66163,1.6594,1.6594,0.0,0.00011351,pretrain_full_4gpu_20260926.log,399530,264651,1.6628719999999964
2,2,33740,66163,1.7475,1.7475,0.0,0.00011343,pretrain_full_4gpu_20260926.log,399610,264651,1.6648879999999966
2,2,33760,66163,1.6417,1.6417,0.0,0.00011336,pretrain_full_4gpu_20260926.log,399690,264651,1.6627199999999964
2,2,33780,66163,1.5947,1.5947,0.0,0.00011328,pretrain_full_4gpu_20260926.log,399770,264651,1.6598599999999966
2,2,33800,66163,1.6586,1.6586,0.0,0.00011321,pretrain_full_4gpu_20260926.log,399850,264651,1.6612919999999967
2,2,33820,66163,1.609,1.609,0.0,0.00011314,pretrain_full_4gpu_20260926.log,399930,264651,1.6603159999999966
2,2,33840,66163,1.5655,1.5655,0.0,0.00011306,pretrain_full_4gpu_20260926.log,400010,264651,1.6537239999999966
2,2,33860,66163,1.6938,1.6938,0.0,0.00011299,pretrain_full_4gpu_20260926.log,400090,264651,1.6536519999999968
2,2,33880,66163,1.6564,1.6564,0.0,0.00011291,pretrain_full_4gpu_20260926.log,400170,264651,1.6518559999999964
2,2,33900,66163,1.7227,1.7227,0.0,0.00011284,pretrain_full_4gpu_20260926.log,400250,264651,1.6550639999999968
2,2,33920,66163,1.7539,1.7539,0.0,0.00011277,pretrain_full_4gpu_20260926.log,400330,264651,1.6605799999999968
2,2,33940,66163,1.747,1.747,0.0,0.00011269,pretrain_full_4gpu_20260926.log,400410,264651,1.6659759999999968
2,2,33960,66163,1.6197,1.6197,0.0,0.00011262,pretrain_full_4gpu_20260926.log,400490,264651,1.662859999999997
2,2,33980,66163,1.6355,1.6355,0.0,0.00011254,pretrain_full_4gpu_20260926.log,400570,264651,1.6599319999999969
2,2,34000,66163,1.6126,1.6126,0.0,0.00011247,pretrain_full_4gpu_20260926.log,400650,264651,1.6592879999999968
2,2,34020,66163,1.6149,1.6149,0.0,0.0001124,pretrain_full_4gpu_20260926.log,400730,264651,1.6586679999999967
2,2,34040,66163,1.8933,1.8933,0.0,0.00011232,pretrain_full_4gpu_20260926.log,400810,264651,1.6651719999999965
2,2,34060,66163,1.6424,1.6424,0.0,0.00011225,pretrain_full_4gpu_20260926.log,400890,264651,1.6609439999999966
2,2,34080,66163,1.649,1.649,0.0,0.00011217,pretrain_full_4gpu_20260926.log,400970,264651,1.6611759999999967
2,2,34100,66163,1.7133,1.7133,0.0,0.0001121,pretrain_full_4gpu_20260926.log,401050,264651,1.6610359999999966
2,2,34120,66163,1.5777,1.5777,0.0,0.00011203,pretrain_full_4gpu_20260926.log,401130,264651,1.6601439999999965
2,2,34140,66163,1.7177,1.7177,0.0,0.00011195,pretrain_full_4gpu_20260926.log,401210,264651,1.6630039999999966
2,2,34160,66163,1.7859,1.7859,0.0,0.00011188,pretrain_full_4gpu_20260926.log,401290,264651,1.6678039999999965
2,2,34180,66163,1.5644,1.5644,0.0,0.00011181,pretrain_full_4gpu_20260926.log,401370,264651,1.6674319999999963
2,2,34200,66163,1.7029,1.7029,0.0,0.00011173,pretrain_full_4gpu_20260926.log,401450,264651,1.6711799999999963
2,2,34220,66163,1.6759,1.6759,0.0,0.00011166,pretrain_full_4gpu_20260926.log,401530,264651,1.6718399999999962
2,2,34240,66163,1.6049,1.6049,0.0,0.00011159,pretrain_full_4gpu_20260926.log,401610,264651,1.6661359999999963
2,2,34260,66163,1.752,1.752,0.0,0.00011151,pretrain_full_4gpu_20260926.log,401690,264651,1.6705479999999964
2,2,34280,66163,1.6136,1.6136,0.0,0.00011144,pretrain_full_4gpu_20260926.log,401770,264651,1.6713039999999961
2,2,34300,66163,1.7179,1.7179,0.0,0.00011137,pretrain_full_4gpu_20260926.log,401850,264651,1.6736759999999962
2,2,34320,66163,1.6284,1.6284,0.0,0.00011129,pretrain_full_4gpu_20260926.log,401930,264651,1.674451999999996
2,2,34340,66163,1.6489,1.6489,0.0,0.00011122,pretrain_full_4gpu_20260926.log,402010,264651,1.6777879999999958
2,2,34360,66163,1.6968,1.6968,0.0,0.00011115,pretrain_full_4gpu_20260926.log,402090,264651,1.677907999999996
2,2,34380,66163,1.6381,1.6381,0.0,0.00011107,pretrain_full_4gpu_20260926.log,402170,264651,1.677175999999996
2,2,34400,66163,1.6969,1.6969,0.0,0.000111,pretrain_full_4gpu_20260926.log,402250,264651,1.6761439999999959
2,2,34420,66163,1.6759,1.6759,0.0,0.00011093,pretrain_full_4gpu_20260926.log,402330,264651,1.6730239999999958
2,2,34440,66163,1.7001,1.7001,0.0,0.00011085,pretrain_full_4gpu_20260926.log,402410,264651,1.6711479999999959
2,2,34460,66163,1.7336,1.7336,0.0,0.00011078,pretrain_full_4gpu_20260926.log,402490,264651,1.6757039999999959
2,2,34480,66163,1.7346,1.7346,0.0,0.00011071,pretrain_full_4gpu_20260926.log,402570,264651,1.6796679999999957
2,2,34500,66163,1.635,1.635,0.0,0.00011063,pretrain_full_4gpu_20260926.log,402650,264651,1.6805639999999957
2,2,34520,66163,1.7691,1.7691,0.0,0.00011056,pretrain_full_4gpu_20260926.log,402730,264651,1.686731999999996
2,2,34540,66163,1.7783,1.7783,0.0,0.00011049,pretrain_full_4gpu_20260926.log,402810,264651,1.6821319999999957
2,2,34560,66163,1.6679,1.6679,0.0,0.00011042,pretrain_full_4gpu_20260926.log,402890,264651,1.6831519999999958
2,2,34580,66163,1.6765,1.6765,0.0,0.00011034,pretrain_full_4gpu_20260926.log,402970,264651,1.6842519999999956
2,2,34600,66163,1.6647,1.6647,0.0,0.00011027,pretrain_full_4gpu_20260926.log,403050,264651,1.682307999999996
2,2,34620,66163,1.7753,1.7753,0.0,0.0001102,pretrain_full_4gpu_20260926.log,403130,264651,1.690211999999996
2,2,34640,66163,1.6765,1.6765,0.0,0.00011012,pretrain_full_4gpu_20260926.log,403210,264651,1.6885639999999957
2,2,34660,66163,1.6066,1.6066,0.0,0.00011005,pretrain_full_4gpu_20260926.log,403290,264651,1.681391999999996
2,2,34680,66163,1.6804,1.6804,0.0,0.00010998,pretrain_full_4gpu_20260926.log,403370,264651,1.686031999999996
2,2,34700,66163,1.6562,1.6562,0.0,0.00010991,pretrain_full_4gpu_20260926.log,403450,264651,1.6841639999999958
2,2,34720,66163,1.7271,1.7271,0.0,0.00010983,pretrain_full_4gpu_20260926.log,403530,264651,1.6862119999999958
2,2,34740,66163,1.7309,1.7309,0.0,0.00010976,pretrain_full_4gpu_20260926.log,403610,264651,1.6912519999999958
2,2,34760,66163,1.5287,1.5287,0.0,0.00010969,pretrain_full_4gpu_20260926.log,403690,264651,1.6823199999999958
2,2,34780,66163,1.5866,1.5866,0.0,0.00010962,pretrain_full_4gpu_20260926.log,403770,264651,1.6812399999999956
2,2,34800,66163,1.6944,1.6944,0.0,0.00010954,pretrain_full_4gpu_20260926.log,403850,264651,1.6802999999999957
2,2,34820,66163,1.6652,1.6652,0.0,0.00010947,pretrain_full_4gpu_20260926.log,403930,264651,1.6817719999999958
2,2,34840,66163,1.6224,1.6224,0.0,0.0001094,pretrain_full_4gpu_20260926.log,404010,264651,1.6807119999999958
2,2,34860,66163,1.7685,1.7685,0.0,0.00010933,pretrain_full_4gpu_20260926.log,404090,264651,1.6835799999999959
2,2,34880,66163,1.6468,1.6468,0.0,0.00010925,pretrain_full_4gpu_20260926.log,404170,264651,1.6839279999999957
2,2,34900,66163,1.6793,1.6793,0.0,0.00010918,pretrain_full_4gpu_20260926.log,404250,264651,1.6832239999999956
2,2,34920,66163,1.6292,1.6292,0.0,0.00010911,pretrain_full_4gpu_20260926.log,404330,264651,1.6813559999999956
2,2,34940,66163,1.6117,1.6117,0.0,0.00010904,pretrain_full_4gpu_20260926.log,404410,264651,1.6778199999999956
2,2,34960,66163,1.7273,1.7273,0.0,0.00010897,pretrain_full_4gpu_20260926.log,404490,264651,1.6775679999999955
2,2,34980,66163,1.656,1.656,0.0,0.00010889,pretrain_full_4gpu_20260926.log,404570,264651,1.6744239999999955
2,2,35000,66163,1.7369,1.7369,0.0,0.00010882,pretrain_full_4gpu_20260926.log,404650,264651,1.6784999999999954
2,2,35020,66163,1.6405,1.6405,0.0,0.00010875,pretrain_full_4gpu_20260926.log,404730,264651,1.6733559999999954
2,2,35040,66163,1.6499,1.6499,0.0,0.00010868,pretrain_full_4gpu_20260926.log,404810,264651,1.6682199999999954
2,2,35060,66163,1.6683,1.6683,0.0,0.00010861,pretrain_full_4gpu_20260926.log,404890,264651,1.6682359999999954
2,2,35080,66163,1.692,1.692,0.0,0.00010853,pretrain_full_4gpu_20260926.log,404970,264651,1.6688559999999955
2,2,35100,66163,1.7007,1.7007,0.0,0.00010846,pretrain_full_4gpu_20260926.log,405050,264651,1.6702959999999953
2,2,35120,66163,1.7245,1.7245,0.0,0.00010839,pretrain_full_4gpu_20260926.log,405130,264651,1.6682639999999953
2,2,35140,66163,1.6671,1.6671,0.0,0.00010832,pretrain_full_4gpu_20260926.log,405210,264651,1.6678879999999952
2,2,35160,66163,1.6431,1.6431,0.0,0.00010825,pretrain_full_4gpu_20260926.log,405290,264651,1.6693479999999952
2,2,35180,66163,1.6277,1.6277,0.0,0.00010818,pretrain_full_4gpu_20260926.log,405370,264651,1.6672399999999952
2,2,35200,66163,1.6691,1.6691,0.0,0.0001081,pretrain_full_4gpu_20260926.log,405450,264651,1.6677559999999951
2,2,35220,66163,1.6298,1.6298,0.0,0.00010803,pretrain_full_4gpu_20260926.log,405530,264651,1.6638639999999953
2,2,35240,66163,1.7066,1.7066,0.0,0.00010796,pretrain_full_4gpu_20260926.log,405610,264651,1.6628919999999954
2,2,35260,66163,1.7691,1.7691,0.0,0.00010789,pretrain_full_4gpu_20260926.log,405690,264651,1.6725079999999954
2,2,35280,66163,1.6559,1.6559,0.0,0.00010782,pretrain_full_4gpu_20260926.log,405770,264651,1.6752799999999957
2,2,35300,66163,1.677,1.677,0.0,0.00010775,pretrain_full_4gpu_20260926.log,405850,264651,1.6745839999999956
2,2,35320,66163,1.7491,1.7491,0.0,0.00010767,pretrain_full_4gpu_20260926.log,405930,264651,1.6779399999999955
2,2,35340,66163,1.7376,1.7376,0.0,0.0001076,pretrain_full_4gpu_20260926.log,406010,264651,1.6825479999999957
2,2,35360,66163,1.6345,1.6345,0.0,0.00010753,pretrain_full_4gpu_20260926.log,406090,264651,1.6771879999999957
2,2,35380,66163,1.6888,1.6888,0.0,0.00010746,pretrain_full_4gpu_20260926.log,406170,264651,1.6788679999999956
2,2,35400,66163,1.6733,1.6733,0.0,0.00010739,pretrain_full_4gpu_20260926.log,406250,264651,1.6786279999999956
2,2,35420,66163,1.6458,1.6458,0.0,0.00010732,pretrain_full_4gpu_20260926.log,406330,264651,1.6792919999999958
2,2,35440,66163,1.6862,1.6862,0.0,0.00010725,pretrain_full_4gpu_20260926.log,406410,264651,1.6822719999999958
2,2,35460,66163,1.6998,1.6998,0.0,0.00010718,pretrain_full_4gpu_20260926.log,406490,264651,1.681171999999996
2,2,35480,66163,1.7174,1.7174,0.0,0.0001071,pretrain_full_4gpu_20260926.log,406570,264651,1.683627999999996
2,2,35500,66163,1.7031,1.7031,0.0,0.00010703,pretrain_full_4gpu_20260926.log,406650,264651,1.6822759999999959
2,2,35520,66163,1.6851,1.6851,0.0,0.00010696,pretrain_full_4gpu_20260926.log,406730,264651,1.684059999999996
2,2,35540,66163,1.7468,1.7468,0.0,0.00010689,pretrain_full_4gpu_20260926.log,406810,264651,1.6879359999999957
2,2,35560,66163,1.7138,1.7138,0.0,0.00010682,pretrain_full_4gpu_20260926.log,406890,264651,1.6897559999999956
2,2,35580,66163,1.621,1.621,0.0,0.00010675,pretrain_full_4gpu_20260926.log,406970,264651,1.6869159999999956
2,2,35600,66163,1.6157,1.6157,0.0,0.00010668,pretrain_full_4gpu_20260926.log,407050,264651,1.6835159999999956
2,2,35620,66163,1.6185,1.6185,0.0,0.00010661,pretrain_full_4gpu_20260926.log,407130,264651,1.6792759999999956
2,2,35640,66163,1.6812,1.6812,0.0,0.00010654,pretrain_full_4gpu_20260926.log,407210,264651,1.6798399999999956
2,2,35660,66163,1.6601,1.6601,0.0,0.00010647,pretrain_full_4gpu_20260926.log,407290,264651,1.6805199999999956
2,2,35680,66163,1.6832,1.6832,0.0,0.00010639,pretrain_full_4gpu_20260926.log,407370,264651,1.6827399999999957
2,2,35700,66163,1.7154,1.7154,0.0,0.00010632,pretrain_full_4gpu_20260926.log,407450,264651,1.6845919999999959
2,2,35720,66163,1.6531,1.6531,0.0,0.00010625,pretrain_full_4gpu_20260926.log,407530,264651,1.6855239999999958
2,2,35740,66163,1.5868,1.5868,0.0,0.00010618,pretrain_full_4gpu_20260926.log,407610,264651,1.6807319999999957
2,2,35760,66163,1.6605,1.6605,0.0,0.00010611,pretrain_full_4gpu_20260926.log,407690,264651,1.6763879999999955
2,2,35780,66163,1.7084,1.7084,0.0,0.00010604,pretrain_full_4gpu_20260926.log,407770,264651,1.6784879999999953
2,2,35800,66163,1.6662,1.6662,0.0,0.00010597,pretrain_full_4gpu_20260926.log,407850,264651,1.6780559999999953
2,2,35820,66163,1.6347,1.6347,0.0,0.0001059,pretrain_full_4gpu_20260926.log,407930,264651,1.6734799999999956
2,2,35840,66163,1.6893,1.6893,0.0,0.00010583,pretrain_full_4gpu_20260926.log,408010,264651,1.6715479999999956
2,2,35860,66163,1.7336,1.7336,0.0,0.00010576,pretrain_full_4gpu_20260926.log,408090,264651,1.6755119999999957
2,2,35880,66163,1.5598,1.5598,0.0,0.00010569,pretrain_full_4gpu_20260926.log,408170,264651,1.6703519999999958
2,2,35900,66163,1.6043,1.6043,0.0,0.00010562,pretrain_full_4gpu_20260926.log,408250,264651,1.667591999999996
2,2,35920,66163,1.7423,1.7423,0.0,0.00010555,pretrain_full_4gpu_20260926.log,408330,264651,1.671451999999996
2,2,35940,66163,1.7602,1.7602,0.0,0.00010548,pretrain_full_4gpu_20260926.log,408410,264651,1.6744119999999958
2,2,35960,66163,1.5991,1.5991,0.0,0.00010541,pretrain_full_4gpu_20260926.log,408490,264651,1.6703839999999957
2,2,35980,66163,1.6274,1.6274,0.0,0.00010534,pretrain_full_4gpu_20260926.log,408570,264651,1.6667839999999958
2,2,36000,66163,1.745,1.745,0.0,0.00010527,pretrain_full_4gpu_20260926.log,408650,264651,1.6684599999999958
2,2,36020,66163,1.7394,1.7394,0.0,0.0001052,pretrain_full_4gpu_20260926.log,408730,264651,1.670631999999996
2,2,36040,66163,1.6297,1.6297,0.0,0.00010513,pretrain_full_4gpu_20260926.log,408810,264651,1.665947999999996
2,2,36060,66163,1.6235,1.6235,0.0,0.00010506,pretrain_full_4gpu_20260926.log,408890,264651,1.662335999999996
2,2,36080,66163,1.7165,1.7165,0.0,0.00010499,pretrain_full_4gpu_20260926.log,408970,264651,1.666155999999996
2,2,36100,66163,1.7083,1.7083,0.0,0.00010492,pretrain_full_4gpu_20260926.log,409050,264651,1.6698599999999961
2,2,36120,66163,1.6226,1.6226,0.0,0.00010485,pretrain_full_4gpu_20260926.log,409130,264651,1.6700239999999962
2,2,36140,66163,1.7034,1.7034,0.0,0.00010478,pretrain_full_4gpu_20260926.log,409210,264651,1.6709119999999964
2,2,36160,66163,1.7318,1.7318,0.0,0.00010471,pretrain_full_4gpu_20260926.log,409290,264651,1.6737799999999965
2,2,36180,66163,1.6581,1.6581,0.0,0.00010464,pretrain_full_4gpu_20260926.log,409370,264651,1.6727759999999963
2,2,36200,66163,1.6518,1.6518,0.0,0.00010457,pretrain_full_4gpu_20260926.log,409450,264651,1.6702319999999964
2,2,36220,66163,1.6037,1.6037,0.0,0.0001045,pretrain_full_4gpu_20260926.log,409530,264651,1.6682559999999964
2,2,36240,66163,1.6672,1.6672,0.0,0.00010443,pretrain_full_4gpu_20260926.log,409610,264651,1.6714719999999965
2,2,36260,66163,1.7264,1.7264,0.0,0.00010436,pretrain_full_4gpu_20260926.log,409690,264651,1.6741079999999966
2,2,36280,66163,1.7162,1.7162,0.0,0.00010429,pretrain_full_4gpu_20260926.log,409770,264651,1.6744199999999967
2,2,36300,66163,1.7208,1.7208,0.0,0.00010422,pretrain_full_4gpu_20260926.log,409850,264651,1.6766039999999964
2,2,36320,66163,1.6803,1.6803,0.0,0.00010415,pretrain_full_4gpu_20260926.log,409930,264651,1.6784279999999965
2,2,36340,66163,1.7616,1.7616,0.0,0.00010408,pretrain_full_4gpu_20260926.log,410010,264651,1.6813199999999964
2,2,36360,66163,1.7075,1.7075,0.0,0.00010401,pretrain_full_4gpu_20260926.log,410090,264651,1.6802759999999963
2,2,36380,66163,1.7787,1.7787,0.0,0.00010394,pretrain_full_4gpu_20260926.log,410170,264651,1.6890319999999963
2,2,36400,66163,1.6075,1.6075,0.0,0.00010387,pretrain_full_4gpu_20260926.log,410250,264651,1.6891599999999962
2,2,36420,66163,1.6863,1.6863,0.0,0.0001038,pretrain_full_4gpu_20260926.log,410330,264651,1.6869199999999964
2,2,36440,66163,1.5967,1.5967,0.0,0.00010373,pretrain_full_4gpu_20260926.log,410410,264651,1.6803799999999964
2,2,36460,66163,1.6634,1.6634,0.0,0.00010366,pretrain_full_4gpu_20260926.log,410490,264651,1.6829519999999965
2,2,36480,66163,1.6866,1.6866,0.0,0.0001036,pretrain_full_4gpu_20260926.log,410570,264651,1.6853199999999964
2,2,36500,66163,1.6663,1.6663,0.0,0.00010353,pretrain_full_4gpu_20260926.log,410650,264651,1.6821719999999964
2,2,36520,66163,1.7239,1.7239,0.0,0.00010346,pretrain_full_4gpu_20260926.log,410730,264651,1.6815519999999964
2,2,36540,66163,1.6956,1.6956,0.0,0.00010339,pretrain_full_4gpu_20260926.log,410810,264651,1.6841879999999962
2,2,36560,66163,1.7498,1.7498,0.0,0.00010332,pretrain_full_4gpu_20260926.log,410890,264651,1.6892399999999963
2,2,36580,66163,1.5851,1.5851,0.0,0.00010325,pretrain_full_4gpu_20260926.log,410970,264651,1.6839839999999964
2,2,36600,66163,1.7384,1.7384,0.0,0.00010318,pretrain_full_4gpu_20260926.log,411050,264651,1.6851879999999964
2,2,36620,66163,1.6778,1.6778,0.0,0.00010311,pretrain_full_4gpu_20260926.log,411130,264651,1.6873959999999963
2,2,36640,66163,1.7238,1.7238,0.0,0.00010304,pretrain_full_4gpu_20260926.log,411210,264651,1.688211999999996
2,2,36660,66163,1.6897,1.6897,0.0,0.00010297,pretrain_full_4gpu_20260926.log,411290,264651,1.6865279999999963
2,2,36680,66163,1.6972,1.6972,0.0,0.00010291,pretrain_full_4gpu_20260926.log,411370,264651,1.6880919999999964
2,2,36700,66163,1.7229,1.7229,0.0,0.00010284,pretrain_full_4gpu_20260926.log,411450,264651,1.6909359999999964
2,2,36720,66163,1.708,1.708,0.0,0.00010277,pretrain_full_4gpu_20260926.log,411530,264651,1.6951079999999963
2,2,36740,66163,1.6741,1.6741,0.0,0.0001027,pretrain_full_4gpu_20260926.log,411610,264651,1.6953839999999962
2,2,36760,66163,1.6484,1.6484,0.0,0.00010263,pretrain_full_4gpu_20260926.log,411690,264651,1.6922639999999964
2,2,36780,66163,1.6819,1.6819,0.0,0.00010256,pretrain_full_4gpu_20260926.log,411770,264651,1.6908919999999963
2,2,36800,66163,1.7075,1.7075,0.0,0.00010249,pretrain_full_4gpu_20260926.log,411850,264651,1.6903599999999965
2,2,36820,66163,1.6049,1.6049,0.0,0.00010242,pretrain_full_4gpu_20260926.log,411930,264651,1.6873439999999966
2,2,36840,66163,1.6008,1.6008,0.0,0.00010236,pretrain_full_4gpu_20260926.log,412010,264651,1.6809119999999964
2,2,36860,66163,1.6421,1.6421,0.0,0.00010229,pretrain_full_4gpu_20260926.log,412090,264651,1.6782959999999962
2,2,36880,66163,1.5915,1.5915,0.0,0.00010222,pretrain_full_4gpu_20260926.log,412170,264651,1.670807999999996
2,2,36900,66163,1.5426,1.5426,0.0,0.00010215,pretrain_full_4gpu_20260926.log,412250,264651,1.668211999999996
2,2,36920,66163,1.7091,1.7091,0.0,0.00010208,pretrain_full_4gpu_20260926.log,412330,264651,1.6691239999999958
2,2,36940,66163,1.6694,1.6694,0.0,0.00010201,pretrain_full_4gpu_20260926.log,412410,264651,1.6720319999999962
2,2,36960,66163,1.7907,1.7907,0.0,0.00010195,pretrain_full_4gpu_20260926.log,412490,264651,1.677123999999996
2,2,36980,66163,1.6001,1.6001,0.0,0.00010188,pretrain_full_4gpu_20260926.log,412570,264651,1.673663999999996
2,2,37000,66163,1.5976,1.5976,0.0,0.00010181,pretrain_full_4gpu_20260926.log,412650,264651,1.670915999999996
2,2,37020,66163,1.6443,1.6443,0.0,0.00010174,pretrain_full_4gpu_20260926.log,412730,264651,1.667731999999996
2,2,37040,66163,1.5595,1.5595,0.0,0.00010167,pretrain_full_4gpu_20260926.log,412810,264651,1.662287999999996
2,2,37060,66163,1.6673,1.6673,0.0,0.0001016,pretrain_full_4gpu_20260926.log,412890,264651,1.658987999999996
2,2,37080,66163,1.6624,1.6624,0.0,0.00010154,pretrain_full_4gpu_20260926.log,412970,264651,1.662079999999996
2,2,37100,66163,1.6271,1.6271,0.0,0.00010147,pretrain_full_4gpu_20260926.log,413050,264651,1.657627999999996
2,2,37120,66163,1.7325,1.7325,0.0,0.0001014,pretrain_full_4gpu_20260926.log,413130,264651,1.6598159999999962
2,2,37140,66163,1.6473,1.6473,0.0,0.00010133,pretrain_full_4gpu_20260926.log,413210,264651,1.6567559999999963
2,2,37160,66163,1.6778,1.6778,0.0,0.00010126,pretrain_full_4gpu_20260926.log,413290,264651,1.6562799999999962
2,2,37180,66163,1.6251,1.6251,0.0,0.0001012,pretrain_full_4gpu_20260926.log,413370,264651,1.6533959999999963
2,2,37200,66163,1.7067,1.7067,0.0,0.00010113,pretrain_full_4gpu_20260926.log,413450,264651,1.652747999999996
2,2,37220,66163,1.6226,1.6226,0.0,0.00010106,pretrain_full_4gpu_20260926.log,413530,264651,1.649331999999996
2,2,37240,66163,1.7058,1.7058,0.0,0.00010099,pretrain_full_4gpu_20260926.log,413610,264651,1.6505999999999958
2,2,37260,66163,1.6318,1.6318,0.0,0.00010093,pretrain_full_4gpu_20260926.log,413690,264651,1.6499359999999956
2,2,37280,66163,1.7084,1.7084,0.0,0.00010086,pretrain_full_4gpu_20260926.log,413770,264651,1.6509959999999955
2,2,37300,66163,1.7043,1.7043,0.0,0.00010079,pretrain_full_4gpu_20260926.log,413850,264651,1.6508679999999956
2,2,37320,66163,1.7155,1.7155,0.0,0.00010072,pretrain_full_4gpu_20260926.log,413930,264651,1.6552919999999955
2,2,37340,66163,1.6543,1.6543,0.0,0.00010066,pretrain_full_4gpu_20260926.log,414010,264651,1.6574319999999956
2,2,37360,66163,1.6863,1.6863,0.0,0.00010059,pretrain_full_4gpu_20260926.log,414090,264651,1.6591999999999956
2,2,37380,66163,1.6727,1.6727,0.0,0.00010052,pretrain_full_4gpu_20260926.log,414170,264651,1.6624479999999955
2,2,37400,66163,1.5911,1.5911,0.0,0.00010045,pretrain_full_4gpu_20260926.log,414250,264651,1.6643879999999953
2,2,37420,66163,1.6981,1.6981,0.0,0.00010039,pretrain_full_4gpu_20260926.log,414330,264651,1.663947999999995
2,2,37440,66163,1.6546,1.6546,0.0,0.00010032,pretrain_full_4gpu_20260926.log,414410,264651,1.6633559999999952
2,2,37460,66163,1.6451,1.6451,0.0,0.00010025,pretrain_full_4gpu_20260926.log,414490,264651,1.6575319999999951
2,2,37480,66163,1.5684,1.5684,0.0,0.00010018,pretrain_full_4gpu_20260926.log,414570,264651,1.656263999999995
2,2,37500,66163,1.7407,1.7407,0.0,0.00010012,pretrain_full_4gpu_20260926.log,414650,264651,1.661987999999995
2,2,37520,66163,1.5429,1.5429,0.0,0.00010005,pretrain_full_4gpu_20260926.log,414730,264651,1.657931999999995
2,2,37540,66163,1.7784,1.7784,0.0,9.998e-05,pretrain_full_4gpu_20260926.log,414810,264651,1.6666879999999948
2,2,37560,66163,1.6167,1.6167,0.0,9.992e-05,pretrain_full_4gpu_20260926.log,414890,264651,1.664663999999995
2,2,37580,66163,1.6502,1.6502,0.0,9.985e-05,pretrain_full_4gpu_20260926.log,414970,264651,1.664175999999995
2,2,37600,66163,1.6843,1.6843,0.0,9.978e-05,pretrain_full_4gpu_20260926.log,415050,264651,1.666463999999995
2,2,37620,66163,1.652,1.652,0.0,9.971e-05,pretrain_full_4gpu_20260926.log,415130,264651,1.663243999999995
2,2,37640,66163,1.7194,1.7194,0.0,9.965e-05,pretrain_full_4gpu_20260926.log,415210,264651,1.6661279999999952
2,2,37660,66163,1.7998,1.7998,0.0,9.958e-05,pretrain_full_4gpu_20260926.log,415290,264651,1.6710079999999952
2,2,37680,66163,1.6058,1.6058,0.0,9.951e-05,pretrain_full_4gpu_20260926.log,415370,264651,1.670235999999995
2,2,37700,66163,1.6619,1.6619,0.0,9.945e-05,pretrain_full_4gpu_20260926.log,415450,264651,1.6684439999999952
2,2,37720,66163,1.6371,1.6371,0.0,9.938e-05,pretrain_full_4gpu_20260926.log,415530,264651,1.6690239999999952
2,2,37740,66163,1.6677,1.6677,0.0,9.931e-05,pretrain_full_4gpu_20260926.log,415610,264651,1.6674999999999955
2,2,37760,66163,1.6081,1.6081,0.0,9.925e-05,pretrain_full_4gpu_20260926.log,415690,264651,1.6665519999999956
2,2,37780,66163,1.6069,1.6069,0.0,9.918e-05,pretrain_full_4gpu_20260926.log,415770,264651,1.6624919999999959
2,2,37800,66163,1.7226,1.7226,0.0,9.911e-05,pretrain_full_4gpu_20260926.log,415850,264651,1.6632239999999956
2,2,37820,66163,1.7421,1.7421,0.0,9.905e-05,pretrain_full_4gpu_20260926.log,415930,264651,1.6642879999999958
2,2,37840,66163,1.6394,1.6394,0.0,9.898e-05,pretrain_full_4gpu_20260926.log,416010,264651,1.6636919999999957
2,2,37860,66163,1.6948,1.6948,0.0,9.891e-05,pretrain_full_4gpu_20260926.log,416090,264651,1.6640319999999957
2,2,37880,66163,1.7081,1.7081,0.0,9.885e-05,pretrain_full_4gpu_20260926.log,416170,264651,1.6654479999999958
2,2,37900,66163,1.646,1.646,0.0,9.878e-05,pretrain_full_4gpu_20260926.log,416250,264651,1.667643999999996
2,2,37920,66163,1.5985,1.5985,0.0,9.871e-05,pretrain_full_4gpu_20260926.log,416330,264651,1.6636599999999961
2,2,37940,66163,1.6116,1.6116,0.0,9.865e-05,pretrain_full_4gpu_20260926.log,416410,264651,1.6619399999999962
2,2,37960,66163,1.6569,1.6569,0.0,9.858e-05,pretrain_full_4gpu_20260926.log,416490,264651,1.6624119999999962
2,2,37980,66163,1.7275,1.7275,0.0,9.851e-05,pretrain_full_4gpu_20260926.log,416570,264651,1.6687759999999963
2,2,38000,66163,1.7491,1.7491,0.0,9.845e-05,pretrain_full_4gpu_20260926.log,416650,264651,1.6691119999999964
2,2,38020,66163,1.7214,1.7214,0.0,9.838e-05,pretrain_full_4gpu_20260926.log,416730,264651,1.6762519999999963
2,2,38040,66163,1.594,1.594,0.0,9.832e-05,pretrain_full_4gpu_20260926.log,416810,264651,1.6688759999999965
2,2,38060,66163,1.6374,1.6374,0.0,9.825e-05,pretrain_full_4gpu_20260926.log,416890,264651,1.6697039999999965
2,2,38080,66163,1.6576,1.6576,0.0,9.818e-05,pretrain_full_4gpu_20260926.log,416970,264651,1.6699999999999966
2,2,38100,66163,1.7036,1.7036,0.0,9.812e-05,pretrain_full_4gpu_20260926.log,417050,264651,1.6707719999999966
2,2,38120,66163,1.6086,1.6086,0.0,9.805e-05,pretrain_full_4gpu_20260926.log,417130,264651,1.6690359999999966
2,2,38140,66163,1.7018,1.7018,0.0,9.799e-05,pretrain_full_4gpu_20260926.log,417210,264651,1.6683319999999966
2,2,38160,66163,1.6719,1.6719,0.0,9.792e-05,pretrain_full_4gpu_20260926.log,417290,264651,1.6632159999999967
2,2,38180,66163,1.5625,1.5625,0.0,9.785e-05,pretrain_full_4gpu_20260926.log,417370,264651,1.6614839999999966
2,2,38200,66163,1.6849,1.6849,0.0,9.779e-05,pretrain_full_4gpu_20260926.log,417450,264651,1.6624039999999964
2,2,38220,66163,1.5492,1.5492,0.0,9.772e-05,pretrain_full_4gpu_20260926.log,417530,264651,1.6588879999999966
2,2,38240,66163,1.6302,1.6302,0.0,9.766e-05,pretrain_full_4gpu_20260926.log,417610,264651,1.6573879999999968
2,2,38260,66163,1.6883,1.6883,0.0,9.759e-05,pretrain_full_4gpu_20260926.log,417690,264651,1.6605959999999969
2,2,38280,66163,1.7145,1.7145,0.0,9.753e-05,pretrain_full_4gpu_20260926.log,417770,264651,1.6648999999999967
2,2,38300,66163,1.6852,1.6852,0.0,9.746e-05,pretrain_full_4gpu_20260926.log,417850,264651,1.6634039999999968
2,2,38320,66163,1.6996,1.6996,0.0,9.739e-05,pretrain_full_4gpu_20260926.log,417930,264651,1.6617039999999965
2,2,38340,66163,1.7123,1.7123,0.0,9.733e-05,pretrain_full_4gpu_20260926.log,418010,264651,1.6646199999999964
2,2,38360,66163,1.7069,1.7069,0.0,9.726e-05,pretrain_full_4gpu_20260926.log,418090,264651,1.6651039999999964
2,2,38380,66163,1.6289,1.6289,0.0,9.72e-05,pretrain_full_4gpu_20260926.log,418170,264651,1.6619359999999963
2,2,38400,66163,1.7016,1.7016,0.0,9.713e-05,pretrain_full_4gpu_20260926.log,418250,264651,1.6641599999999963
2,2,38420,66163,1.6726,1.6726,0.0,9.707e-05,pretrain_full_4gpu_20260926.log,418330,264651,1.6671239999999963
2,2,38440,66163,1.6425,1.6425,0.0,9.7e-05,pretrain_full_4gpu_20260926.log,418410,264651,1.668359999999996
2,2,38460,66163,1.7768,1.7768,0.0,9.694e-05,pretrain_full_4gpu_20260926.log,418490,264651,1.673155999999996
2,2,38480,66163,1.6304,1.6304,0.0,9.687e-05,pretrain_full_4gpu_20260926.log,418570,264651,1.6692719999999963
2,2,38500,66163,1.6694,1.6694,0.0,9.681e-05,pretrain_full_4gpu_20260926.log,418650,264651,1.6660839999999966
2,2,38520,66163,1.7264,1.7264,0.0,9.674e-05,pretrain_full_4gpu_20260926.log,418730,264651,1.6662839999999963
2,2,38540,66163,1.7733,1.7733,0.0,9.667e-05,pretrain_full_4gpu_20260926.log,418810,264651,1.6734559999999963
2,2,38560,66163,1.6689,1.6689,0.0,9.661e-05,pretrain_full_4gpu_20260926.log,418890,264651,1.6747159999999963
2,2,38580,66163,1.752,1.752,0.0,9.654e-05,pretrain_full_4gpu_20260926.log,418970,264651,1.6784919999999963
2,2,38600,66163,1.7264,1.7264,0.0,9.648e-05,pretrain_full_4gpu_20260926.log,419050,264651,1.6794039999999961
2,2,38620,66163,1.7081,1.7081,0.0,9.641e-05,pretrain_full_4gpu_20260926.log,419130,264651,1.683383999999996
2,2,38640,66163,1.6634,1.6634,0.0,9.635e-05,pretrain_full_4gpu_20260926.log,419210,264651,1.6818479999999962
2,2,38660,66163,1.6435,1.6435,0.0,9.628e-05,pretrain_full_4gpu_20260926.log,419290,264651,1.6807119999999964
2,2,38680,66163,1.5874,1.5874,0.0,9.622e-05,pretrain_full_4gpu_20260926.log,419370,264651,1.6817079999999964
2,2,38700,66163,1.644,1.644,0.0,9.615e-05,pretrain_full_4gpu_20260926.log,419450,264651,1.6800719999999965
2,2,38720,66163,1.6366,1.6366,0.0,9.609e-05,pretrain_full_4gpu_20260926.log,419530,264651,1.6835679999999966
2,2,38740,66163,1.6402,1.6402,0.0,9.603e-05,pretrain_full_4gpu_20260926.log,419610,264651,1.6839679999999964
2,2,38760,66163,1.5853,1.5853,0.0,9.596e-05,pretrain_full_4gpu_20260926.log,419690,264651,1.6798479999999965
2,2,38780,66163,1.6536,1.6536,0.0,9.59e-05,pretrain_full_4gpu_20260926.log,419770,264651,1.6774119999999961
2,2,38800,66163,1.6684,1.6684,0.0,9.583e-05,pretrain_full_4gpu_20260926.log,419850,264651,1.6767399999999961
2,2,38820,66163,1.7095,1.7095,0.0,9.577e-05,pretrain_full_4gpu_20260926.log,419930,264651,1.6771359999999962
2,2,38840,66163,1.7072,1.7072,0.0,9.57e-05,pretrain_full_4gpu_20260926.log,420010,264651,1.6769319999999963
2,2,38860,66163,1.665,1.665,0.0,9.564e-05,pretrain_full_4gpu_20260926.log,420090,264651,1.6752559999999963
2,2,38880,66163,1.7041,1.7041,0.0,9.557e-05,pretrain_full_4gpu_20260926.log,420170,264651,1.678263999999996
2,2,38900,66163,1.6738,1.6738,0.0,9.551e-05,pretrain_full_4gpu_20260926.log,420250,264651,1.6771519999999962
2,2,38920,66163,1.6117,1.6117,0.0,9.544e-05,pretrain_full_4gpu_20260926.log,420330,264651,1.6747159999999959
2,2,38940,66163,1.6029,1.6029,0.0,9.538e-05,pretrain_full_4gpu_20260926.log,420410,264651,1.673131999999996
2,2,38960,66163,1.6158,1.6158,0.0,9.532e-05,pretrain_full_4gpu_20260926.log,420490,264651,1.6666919999999958
2,2,38980,66163,1.6802,1.6802,0.0,9.525e-05,pretrain_full_4gpu_20260926.log,420570,264651,1.6686839999999958
2,2,39000,66163,1.6743,1.6743,0.0,9.519e-05,pretrain_full_4gpu_20260926.log,420650,264651,1.6688799999999957
2,2,39020,66163,1.7223,1.7223,0.0,9.512e-05,pretrain_full_4gpu_20260926.log,420730,264651,1.6687159999999956
2,2,39040,66163,1.6714,1.6714,0.0,9.506e-05,pretrain_full_4gpu_20260926.log,420810,264651,1.6646399999999957
2,2,39060,66163,1.6109,1.6109,0.0,9.499e-05,pretrain_full_4gpu_20260926.log,420890,264651,1.6623199999999958
2,2,39080,66163,1.6124,1.6124,0.0,9.493e-05,pretrain_full_4gpu_20260926.log,420970,264651,1.6567359999999958
2,2,39100,66163,1.6576,1.6576,0.0,9.487e-05,pretrain_full_4gpu_20260926.log,421050,264651,1.653983999999996
2,2,39120,66163,1.6609,1.6609,0.0,9.48e-05,pretrain_full_4gpu_20260926.log,421130,264651,1.6520959999999958
2,2,39140,66163,1.6669,1.6669,0.0,9.474e-05,pretrain_full_4gpu_20260926.log,421210,264651,1.6522359999999956
2,2,39160,66163,1.7027,1.7027,0.0,9.467e-05,pretrain_full_4gpu_20260926.log,421290,264651,1.6546039999999953
2,2,39180,66163,1.6563,1.6563,0.0,9.461e-05,pretrain_full_4gpu_20260926.log,421370,264651,1.6573599999999953
2,2,39200,66163,1.6419,1.6419,0.0,9.455e-05,pretrain_full_4gpu_20260926.log,421450,264651,1.6572759999999953
2,2,39220,66163,1.6969,1.6969,0.0,9.448e-05,pretrain_full_4gpu_20260926.log,421530,264651,1.6596879999999954
2,2,39240,66163,1.7019,1.7019,0.0,9.442e-05,pretrain_full_4gpu_20260926.log,421610,264651,1.6621559999999953
2,2,39260,66163,1.61,1.61,0.0,9.436e-05,pretrain_full_4gpu_20260926.log,421690,264651,1.6631439999999955
2,2,39280,66163,1.6198,1.6198,0.0,9.429e-05,pretrain_full_4gpu_20260926.log,421770,264651,1.6617919999999955
2,2,39300,66163,1.6257,1.6257,0.0,9.423e-05,pretrain_full_4gpu_20260926.log,421850,264651,1.6600839999999957
2,2,39320,66163,1.6222,1.6222,0.0,9.416e-05,pretrain_full_4gpu_20260926.log,421930,264651,1.6565919999999956
2,2,39340,66163,1.6187,1.6187,0.0,9.41e-05,pretrain_full_4gpu_20260926.log,422010,264651,1.6530519999999955
2,2,39360,66163,1.6959,1.6959,0.0,9.404e-05,pretrain_full_4gpu_20260926.log,422090,264651,1.6542879999999958
2,2,39380,66163,1.6953,1.6953,0.0,9.397e-05,pretrain_full_4gpu_20260926.log,422170,264651,1.6539359999999959
2,2,39400,66163,1.6207,1.6207,0.0,9.391e-05,pretrain_full_4gpu_20260926.log,422250,264651,1.6518119999999958
2,2,39420,66163,1.7036,1.7036,0.0,9.385e-05,pretrain_full_4gpu_20260926.log,422330,264651,1.655487999999996
2,2,39440,66163,1.6986,1.6986,0.0,9.378e-05,pretrain_full_4gpu_20260926.log,422410,264651,1.659315999999996
2,2,39460,66163,1.5984,1.5984,0.0,9.372e-05,pretrain_full_4gpu_20260926.log,422490,264651,1.658619999999996
2,2,39480,66163,1.6069,1.6069,0.0,9.366e-05,pretrain_full_4gpu_20260926.log,422570,264651,1.655687999999996
2,2,39500,66163,1.6684,1.6684,0.0,9.359e-05,pretrain_full_4gpu_20260926.log,422650,264651,1.655451999999996
2,2,39520,66163,1.6726,1.6726,0.0,9.353e-05,pretrain_full_4gpu_20260926.log,422730,264651,1.6534639999999963
2,2,39540,66163,1.7074,1.7074,0.0,9.347e-05,pretrain_full_4gpu_20260926.log,422810,264651,1.6549039999999962
2,2,39560,66163,1.7151,1.7151,0.0,9.34e-05,pretrain_full_4gpu_20260926.log,422890,264651,1.659071999999996
2,2,39580,66163,1.5596,1.5596,0.0,9.334e-05,pretrain_full_4gpu_20260926.log,422970,264651,1.6569599999999962
2,2,39600,66163,1.6665,1.6665,0.0,9.328e-05,pretrain_full_4gpu_20260926.log,423050,264651,1.6573159999999962
2,2,39620,66163,1.6551,1.6551,0.0,9.322e-05,pretrain_full_4gpu_20260926.log,423130,264651,1.6570839999999962
2,2,39640,66163,1.6292,1.6292,0.0,9.315e-05,pretrain_full_4gpu_20260926.log,423210,264651,1.6555759999999962
2,2,39660,66163,1.636,1.636,0.0,9.309e-05,pretrain_full_4gpu_20260926.log,423290,264651,1.6529079999999963
2,2,39680,66163,1.6487,1.6487,0.0,9.303e-05,pretrain_full_4gpu_20260926.log,423370,264651,1.652603999999996
2,2,39700,66163,1.6351,1.6351,0.0,9.296e-05,pretrain_full_4gpu_20260926.log,423450,264651,1.6523319999999961
2,2,39720,66163,1.694,1.694,0.0,9.29e-05,pretrain_full_4gpu_20260926.log,423530,264651,1.6522159999999964
2,2,39740,66163,1.7447,1.7447,0.0,9.284e-05,pretrain_full_4gpu_20260926.log,423610,264651,1.6539279999999963
2,2,39760,66163,1.6642,1.6642,0.0,9.278e-05,pretrain_full_4gpu_20260926.log,423690,264651,1.6560959999999962
2,2,39780,66163,1.668,1.668,0.0,9.271e-05,pretrain_full_4gpu_20260926.log,423770,264651,1.6580239999999964
2,2,39800,66163,1.6484,1.6484,0.0,9.265e-05,pretrain_full_4gpu_20260926.log,423850,264651,1.6589319999999963
2,2,39820,66163,1.6769,1.6769,0.0,9.259e-05,pretrain_full_4gpu_20260926.log,423930,264651,1.6611199999999966
2,2,39840,66163,1.7774,1.7774,0.0,9.253e-05,pretrain_full_4gpu_20260926.log,424010,264651,1.6674679999999966
2,2,39860,66163,1.6884,1.6884,0.0,9.246e-05,pretrain_full_4gpu_20260926.log,424090,264651,1.6671679999999967
2,2,39880,66163,1.6901,1.6901,0.0,9.24e-05,pretrain_full_4gpu_20260926.log,424170,264651,1.6669599999999967
2,2,39900,66163,1.6491,1.6491,0.0,9.234e-05,pretrain_full_4gpu_20260926.log,424250,264651,1.6680959999999965
2,2,39920,66163,1.7024,1.7024,0.0,9.228e-05,pretrain_full_4gpu_20260926.log,424330,264651,1.6680479999999962
2,2,39940,66163,1.6697,1.6697,0.0,9.221e-05,pretrain_full_4gpu_20260926.log,424410,264651,1.6668919999999963
2,2,39960,66163,1.6819,1.6819,0.0,9.215e-05,pretrain_full_4gpu_20260926.log,424490,264651,1.6702319999999964
2,2,39980,66163,1.685,1.685,0.0,9.209e-05,pretrain_full_4gpu_20260926.log,424570,264651,1.6733559999999963
2,2,40000,66163,1.7226,1.7226,0.0,9.203e-05,pretrain_full_4gpu_20260926.log,424650,264651,1.6755239999999965
2,2,40020,66163,1.5592,1.5592,0.0,9.196e-05,pretrain_full_4gpu_20260926.log,424730,264651,1.6709879999999961
2,2,40040,66163,1.5554,1.5554,0.0,9.19e-05,pretrain_full_4gpu_20260926.log,424810,264651,1.664907999999996
2,2,40060,66163,1.6021,1.6021,0.0,9.184e-05,pretrain_full_4gpu_20260926.log,424890,264651,1.6603879999999962
2,2,40080,66163,1.6336,1.6336,0.0,9.178e-05,pretrain_full_4gpu_20260926.log,424970,264651,1.663347999999996
2,2,40100,66163,1.6597,1.6597,0.0,9.172e-05,pretrain_full_4gpu_20260926.log,425050,264651,1.663075999999996
2,2,40120,66163,1.7327,1.7327,0.0,9.165e-05,pretrain_full_4gpu_20260926.log,425130,264651,1.6661799999999962
2,2,40140,66163,1.6702,1.6702,0.0,9.159e-05,pretrain_full_4gpu_20260926.log,425210,264651,1.6678199999999963
2,2,40160,66163,1.6359,1.6359,0.0,9.153e-05,pretrain_full_4gpu_20260926.log,425290,264651,1.6678159999999962
2,2,40180,66163,1.7245,1.7245,0.0,9.147e-05,pretrain_full_4gpu_20260926.log,425370,264651,1.6708479999999963
2,2,40200,66163,1.6293,1.6293,0.0,9.141e-05,pretrain_full_4gpu_20260926.log,425450,264651,1.6706159999999963
2,2,40220,66163,1.6777,1.6777,0.0,9.135e-05,pretrain_full_4gpu_20260926.log,425530,264651,1.6699639999999962
2,2,40240,66163,1.689,1.689,0.0,9.128e-05,pretrain_full_4gpu_20260926.log,425610,264651,1.667735999999996
2,2,40260,66163,1.6657,1.6657,0.0,9.122e-05,pretrain_full_4gpu_20260926.log,425690,264651,1.6677959999999963
2,2,40280,66163,1.685,1.685,0.0,9.116e-05,pretrain_full_4gpu_20260926.log,425770,264651,1.6684759999999963
2,2,40300,66163,1.7019,1.7019,0.0,9.11e-05,pretrain_full_4gpu_20260926.log,425850,264651,1.6706159999999963
2,2,40320,66163,1.6322,1.6322,0.0,9.104e-05,pretrain_full_4gpu_20260926.log,425930,264651,1.668827999999996
2,2,40340,66163,1.6479,1.6479,0.0,9.098e-05,pretrain_full_4gpu_20260926.log,426010,264651,1.663647999999996
2,2,40360,66163,1.6638,1.6638,0.0,9.091e-05,pretrain_full_4gpu_20260926.log,426090,264651,1.6626639999999961
2,2,40380,66163,1.6069,1.6069,0.0,9.085e-05,pretrain_full_4gpu_20260926.log,426170,264651,1.6593359999999961
2,2,40400,66163,1.6626,1.6626,0.0,9.079e-05,pretrain_full_4gpu_20260926.log,426250,264651,1.6598759999999961
2,2,40420,66163,1.6899,1.6899,0.0,9.073e-05,pretrain_full_4gpu_20260926.log,426330,264651,1.6593759999999964
2,2,40440,66163,1.6874,1.6874,0.0,9.067e-05,pretrain_full_4gpu_20260926.log,426410,264651,1.6600839999999963
2,2,40460,66163,1.7239,1.7239,0.0,9.061e-05,pretrain_full_4gpu_20260926.log,426490,264651,1.6617639999999962
2,2,40480,66163,1.7304,1.7304,0.0,9.055e-05,pretrain_full_4gpu_20260926.log,426570,264651,1.6635799999999963
2,2,40500,66163,1.6081,1.6081,0.0,9.049e-05,pretrain_full_4gpu_20260926.log,426650,264651,1.6589999999999963
2,2,40520,66163,1.6521,1.6521,0.0,9.042e-05,pretrain_full_4gpu_20260926.log,426730,264651,1.6627159999999963
2,2,40540,66163,1.69,1.69,0.0,9.036e-05,pretrain_full_4gpu_20260926.log,426810,264651,1.6680999999999964
2,2,40560,66163,1.6918,1.6918,0.0,9.03e-05,pretrain_full_4gpu_20260926.log,426890,264651,1.6716879999999963
2,2,40580,66163,1.6226,1.6226,0.0,9.024e-05,pretrain_full_4gpu_20260926.log,426970,264651,1.6712479999999963
2,2,40600,66163,1.6696,1.6696,0.0,9.018e-05,pretrain_full_4gpu_20260926.log,427050,264651,1.6716439999999964
2,2,40620,66163,1.694,1.694,0.0,9.012e-05,pretrain_full_4gpu_20260926.log,427130,264651,1.6700959999999965
2,2,40640,66163,1.6458,1.6458,0.0,9.006e-05,pretrain_full_4gpu_20260926.log,427210,264651,1.6691199999999964
2,2,40660,66163,1.6259,1.6259,0.0,9e-05,pretrain_full_4gpu_20260926.log,427290,264651,1.6687199999999964
2,2,40680,66163,1.6001,1.6001,0.0,8.994e-05,pretrain_full_4gpu_20260926.log,427370,264651,1.6637439999999963
2,2,40700,66163,1.6177,1.6177,0.0,8.988e-05,pretrain_full_4gpu_20260926.log,427450,264651,1.6632799999999963
2,2,40720,66163,1.6757,1.6757,0.0,8.982e-05,pretrain_full_4gpu_20260926.log,427530,264651,1.6631999999999962
2,2,40740,66163,1.5861,1.5861,0.0,8.975e-05,pretrain_full_4gpu_20260926.log,427610,264651,1.6590839999999962
2,2,40760,66163,1.6436,1.6436,0.0,8.969e-05,pretrain_full_4gpu_20260926.log,427690,264651,1.6581999999999963
2,2,40780,66163,1.621,1.621,0.0,8.963e-05,pretrain_full_4gpu_20260926.log,427770,264651,1.6556399999999962
2,2,40800,66163,1.764,1.764,0.0,8.957e-05,pretrain_full_4gpu_20260926.log,427850,264651,1.6581239999999964
2,2,40820,66163,1.6484,1.6484,0.0,8.951e-05,pretrain_full_4gpu_20260926.log,427930,264651,1.6587719999999964
2,2,40840,66163,1.7472,1.7472,0.0,8.945e-05,pretrain_full_4gpu_20260926.log,428010,264651,1.6627439999999964
2,2,40860,66163,1.722,1.722,0.0,8.939e-05,pretrain_full_4gpu_20260926.log,428090,264651,1.6650719999999963
2,2,40880,66163,1.6667,1.6667,0.0,8.933e-05,pretrain_full_4gpu_20260926.log,428170,264651,1.6674639999999963
2,2,40900,66163,1.6136,1.6136,0.0,8.927e-05,pretrain_full_4gpu_20260926.log,428250,264651,1.6655039999999963
2,2,40920,66163,1.6031,1.6031,0.0,8.921e-05,pretrain_full_4gpu_20260926.log,428330,264651,1.6620319999999962
2,2,40940,66163,1.6084,1.6084,0.0,8.915e-05,pretrain_full_4gpu_20260926.log,428410,264651,1.6588719999999963
2,2,40960,66163,1.7315,1.7315,0.0,8.909e-05,pretrain_full_4gpu_20260926.log,428490,264651,1.6591759999999962
2,2,40980,66163,1.6933,1.6933,0.0,8.903e-05,pretrain_full_4gpu_20260926.log,428570,264651,1.6576919999999962
2,2,41000,66163,1.6016,1.6016,0.0,8.897e-05,pretrain_full_4gpu_20260926.log,428650,264651,1.657431999999996
2,2,41020,66163,1.8058,1.8058,0.0,8.891e-05,pretrain_full_4gpu_20260926.log,428730,264651,1.663579999999996
2,2,41040,66163,1.6815,1.6815,0.0,8.885e-05,pretrain_full_4gpu_20260926.log,428810,264651,1.663239999999996
2,2,41060,66163,1.6457,1.6457,0.0,8.879e-05,pretrain_full_4gpu_20260926.log,428890,264651,1.661395999999996
2,2,41080,66163,1.6379,1.6379,0.0,8.873e-05,pretrain_full_4gpu_20260926.log,428970,264651,1.6620079999999962
2,2,41100,66163,1.5309,1.5309,0.0,8.867e-05,pretrain_full_4gpu_20260926.log,429050,264651,1.6564599999999963
2,2,41120,66163,1.6983,1.6983,0.0,8.861e-05,pretrain_full_4gpu_20260926.log,429130,264651,1.656631999999996
2,2,41140,66163,1.646,1.646,0.0,8.855e-05,pretrain_full_4gpu_20260926.log,429210,264651,1.6566399999999961
2,2,41160,66163,1.7374,1.7374,0.0,8.849e-05,pretrain_full_4gpu_20260926.log,429290,264651,1.6610999999999962
2,2,41180,66163,1.6925,1.6925,0.0,8.843e-05,pretrain_full_4gpu_20260926.log,429370,264651,1.6647959999999964
2,2,41200,66163,1.6365,1.6365,0.0,8.837e-05,pretrain_full_4gpu_20260926.log,429450,264651,1.6655479999999963
2,2,41220,66163,1.7345,1.7345,0.0,8.831e-05,pretrain_full_4gpu_20260926.log,429530,264651,1.6678999999999962
2,2,41240,66163,1.6631,1.6631,0.0,8.825e-05,pretrain_full_4gpu_20260926.log,429610,264651,1.6709799999999961
2,2,41260,66163,1.7578,1.7578,0.0,8.819e-05,pretrain_full_4gpu_20260926.log,429690,264651,1.6755479999999963
2,2,41280,66163,1.7848,1.7848,0.0,8.813e-05,pretrain_full_4gpu_20260926.log,429770,264651,1.6820999999999962
2,2,41300,66163,1.5925,1.5925,0.0,8.807e-05,pretrain_full_4gpu_20260926.log,429850,264651,1.675239999999996
2,2,41320,66163,1.6605,1.6605,0.0,8.801e-05,pretrain_full_4gpu_20260926.log,429930,264651,1.675723999999996
2,2,41340,66163,1.7751,1.7751,0.0,8.795e-05,pretrain_full_4gpu_20260926.log,430010,264651,1.676839999999996
2,2,41360,66163,1.6548,1.6548,0.0,8.79e-05,pretrain_full_4gpu_20260926.log,430090,264651,1.674151999999996
2,2,41380,66163,1.6782,1.6782,0.0,8.784e-05,pretrain_full_4gpu_20260926.log,430170,264651,1.674611999999996
2,2,41400,66163,1.6655,1.6655,0.0,8.778e-05,pretrain_full_4gpu_20260926.log,430250,264651,1.676687999999996
2,2,41420,66163,1.6552,1.6552,0.0,8.772e-05,pretrain_full_4gpu_20260926.log,430330,264651,1.6787719999999962
2,2,41440,66163,1.698,1.698,0.0,8.766e-05,pretrain_full_4gpu_20260926.log,430410,264651,1.682355999999996
2,2,41460,66163,1.5671,1.5671,0.0,8.76e-05,pretrain_full_4gpu_20260926.log,430490,264651,1.6757799999999963
2,2,41480,66163,1.6861,1.6861,0.0,8.754e-05,pretrain_full_4gpu_20260926.log,430570,264651,1.6754919999999964
2,2,41500,66163,1.6252,1.6252,0.0,8.748e-05,pretrain_full_4gpu_20260926.log,430650,264651,1.6764359999999965
2,2,41520,66163,1.6843,1.6843,0.0,8.742e-05,pretrain_full_4gpu_20260926.log,430730,264651,1.6715759999999966
2,2,41540,66163,1.6157,1.6157,0.0,8.736e-05,pretrain_full_4gpu_20260926.log,430810,264651,1.6689439999999964
2,2,41560,66163,1.6953,1.6953,0.0,8.73e-05,pretrain_full_4gpu_20260926.log,430890,264651,1.6709279999999966
2,2,41580,66163,1.6182,1.6182,0.0,8.725e-05,pretrain_full_4gpu_20260926.log,430970,264651,1.6701399999999966
2,2,41600,66163,1.6035,1.6035,0.0,8.719e-05,pretrain_full_4gpu_20260926.log,431050,264651,1.6730439999999964
2,2,41620,66163,1.6794,1.6794,0.0,8.713e-05,pretrain_full_4gpu_20260926.log,431130,264651,1.6722879999999964
2,2,41640,66163,1.6293,1.6293,0.0,8.707e-05,pretrain_full_4gpu_20260926.log,431210,264651,1.6716199999999963
2,2,41660,66163,1.6813,1.6813,0.0,8.701e-05,pretrain_full_4gpu_20260926.log,431290,264651,1.6693759999999964
2,2,41680,66163,1.7511,1.7511,0.0,8.695e-05,pretrain_full_4gpu_20260926.log,431370,264651,1.6717199999999963
2,2,41700,66163,1.7065,1.7065,0.0,8.689e-05,pretrain_full_4gpu_20260926.log,431450,264651,1.6745199999999962
2,2,41720,66163,1.6542,1.6542,0.0,8.683e-05,pretrain_full_4gpu_20260926.log,431530,264651,1.6713079999999965
2,2,41740,66163,1.6797,1.6797,0.0,8.678e-05,pretrain_full_4gpu_20260926.log,431610,264651,1.6719719999999965
2,2,41760,66163,1.7226,1.7226,0.0,8.672e-05,pretrain_full_4gpu_20260926.log,431690,264651,1.6705639999999962
2,2,41780,66163,1.6577,1.6577,0.0,8.666e-05,pretrain_full_4gpu_20260926.log,431770,264651,1.6654799999999963
2,2,41800,66163,1.7025,1.7025,0.0,8.66e-05,pretrain_full_4gpu_20260926.log,431850,264651,1.6698799999999963
2,2,41820,66163,1.6543,1.6543,0.0,8.654e-05,pretrain_full_4gpu_20260926.log,431930,264651,1.6696319999999962
2,2,41840,66163,1.6358,1.6358,0.0,8.648e-05,pretrain_full_4gpu_20260926.log,432010,264651,1.6640599999999963
2,2,41860,66163,1.6558,1.6558,0.0,8.643e-05,pretrain_full_4gpu_20260926.log,432090,264651,1.6640999999999964
2,2,41880,66163,1.6388,1.6388,0.0,8.637e-05,pretrain_full_4gpu_20260926.log,432170,264651,1.6625239999999966
2,2,41900,66163,1.6953,1.6953,0.0,8.631e-05,pretrain_full_4gpu_20260926.log,432250,264651,1.6637159999999966
2,2,41920,66163,1.645,1.645,0.0,8.625e-05,pretrain_full_4gpu_20260926.log,432330,264651,1.6633079999999967
2,2,41940,66163,1.7046,1.7046,0.0,8.619e-05,pretrain_full_4gpu_20260926.log,432410,264651,1.6635719999999967
2,2,41960,66163,1.5758,1.5758,0.0,8.613e-05,pretrain_full_4gpu_20260926.log,432490,264651,1.6639199999999965
2,2,41980,66163,1.6799,1.6799,0.0,8.608e-05,pretrain_full_4gpu_20260926.log,432570,264651,1.6636719999999965
2,2,42000,66163,1.7631,1.7631,0.0,8.602e-05,pretrain_full_4gpu_20260926.log,432650,264651,1.6691879999999966
2,2,42020,66163,1.5967,1.5967,0.0,8.596e-05,pretrain_full_4gpu_20260926.log,432730,264651,1.6656839999999966
2,2,42040,66163,1.6568,1.6568,0.0,8.59e-05,pretrain_full_4gpu_20260926.log,432810,264651,1.6673279999999966
2,2,42060,66163,1.7132,1.7132,0.0,8.584e-05,pretrain_full_4gpu_20260926.log,432890,264651,1.6680439999999965
2,2,42080,66163,1.7086,1.7086,0.0,8.579e-05,pretrain_full_4gpu_20260926.log,432970,264651,1.6716599999999964
2,2,42100,66163,1.6526,1.6526,0.0,8.573e-05,pretrain_full_4gpu_20260926.log,433050,264651,1.6736239999999964
2,2,42120,66163,1.6447,1.6447,0.0,8.567e-05,pretrain_full_4gpu_20260926.log,433130,264651,1.6722359999999963
2,2,42140,66163,1.6289,1.6289,0.0,8.561e-05,pretrain_full_4gpu_20260926.log,433210,264651,1.6722199999999965
2,2,42160,66163,1.7004,1.7004,0.0,8.556e-05,pretrain_full_4gpu_20260926.log,433290,264651,1.6729839999999965
2,2,42180,66163,1.6447,1.6447,0.0,8.55e-05,pretrain_full_4gpu_20260926.log,433370,264651,1.6687279999999964
2,2,42200,66163,1.6632,1.6632,0.0,8.544e-05,pretrain_full_4gpu_20260926.log,433450,264651,1.6669959999999966
2,2,42220,66163,1.5982,1.5982,0.0,8.538e-05,pretrain_full_4gpu_20260926.log,433530,264651,1.6647559999999963
2,2,42240,66163,1.6653,1.6653,0.0,8.533e-05,pretrain_full_4gpu_20260926.log,433610,264651,1.6641799999999967
2,2,42260,66163,1.5985,1.5985,0.0,8.527e-05,pretrain_full_4gpu_20260926.log,433690,264651,1.6592159999999967
2,2,42280,66163,1.7371,1.7371,0.0,8.521e-05,pretrain_full_4gpu_20260926.log,433770,264651,1.6623919999999968
2,2,42300,66163,1.6987,1.6987,0.0,8.515e-05,pretrain_full_4gpu_20260926.log,433850,264651,1.6622399999999968
2,2,42320,66163,1.7328,1.7328,0.0,8.51e-05,pretrain_full_4gpu_20260926.log,433930,264651,1.6653799999999968
2,2,42340,66163,1.6607,1.6607,0.0,8.504e-05,pretrain_full_4gpu_20260926.log,434010,264651,1.6663759999999965
2,2,42360,66163,1.6871,1.6871,0.0,8.498e-05,pretrain_full_4gpu_20260926.log,434090,264651,1.6676279999999966
2,2,42380,66163,1.6933,1.6933,0.0,8.492e-05,pretrain_full_4gpu_20260926.log,434170,264651,1.6698079999999964
2,2,42400,66163,1.6958,1.6958,0.0,8.487e-05,pretrain_full_4gpu_20260926.log,434250,264651,1.6698279999999963
2,2,42420,66163,1.6763,1.6763,0.0,8.481e-05,pretrain_full_4gpu_20260926.log,434330,264651,1.6710799999999961
2,2,42440,66163,1.7302,1.7302,0.0,8.475e-05,pretrain_full_4gpu_20260926.log,434410,264651,1.672103999999996
2,2,42460,66163,1.638,1.638,0.0,8.47e-05,pretrain_full_4gpu_20260926.log,434490,264651,1.6745919999999959
2,2,42480,66163,1.6759,1.6759,0.0,8.464e-05,pretrain_full_4gpu_20260926.log,434570,264651,1.674431999999996
2,2,42500,66163,1.6115,1.6115,0.0,8.458e-05,pretrain_full_4gpu_20260926.log,434650,264651,1.6683679999999959
2,2,42520,66163,1.661,1.661,0.0,8.453e-05,pretrain_full_4gpu_20260926.log,434730,264651,1.6709399999999959
2,2,42540,66163,1.6808,1.6808,0.0,8.447e-05,pretrain_full_4gpu_20260926.log,434810,264651,1.671899999999996
2,2,42560,66163,1.6198,1.6198,0.0,8.441e-05,pretrain_full_4gpu_20260926.log,434890,264651,1.668163999999996
2,2,42580,66163,1.713,1.713,0.0,8.435e-05,pretrain_full_4gpu_20260926.log,434970,264651,1.6683399999999962
2,2,42600,66163,1.6555,1.6555,0.0,8.43e-05,pretrain_full_4gpu_20260926.log,435050,264651,1.6684559999999962
2,2,42620,66163,1.6888,1.6888,0.0,8.424e-05,pretrain_full_4gpu_20260926.log,435130,264651,1.6702199999999963
2,2,42640,66163,1.6509,1.6509,0.0,8.418e-05,pretrain_full_4gpu_20260926.log,435210,264651,1.6710999999999963
2,2,42660,66163,1.6585,1.6585,0.0,8.413e-05,pretrain_full_4gpu_20260926.log,435290,264651,1.6694239999999962
2,2,42680,66163,1.6684,1.6684,0.0,8.407e-05,pretrain_full_4gpu_20260926.log,435370,264651,1.6703719999999962
2,2,42700,66163,1.5914,1.5914,0.0,8.401e-05,pretrain_full_4gpu_20260926.log,435450,264651,1.667499999999996
2,2,42720,66163,1.6158,1.6158,0.0,8.396e-05,pretrain_full_4gpu_20260926.log,435530,264651,1.668203999999996
2,2,42740,66163,1.7104,1.7104,0.0,8.39e-05,pretrain_full_4gpu_20260926.log,435610,264651,1.670007999999996
2,2,42760,66163,1.646,1.646,0.0,8.385e-05,pretrain_full_4gpu_20260926.log,435690,264651,1.671907999999996
2,2,42780,66163,1.6767,1.6767,0.0,8.379e-05,pretrain_full_4gpu_20260926.log,435770,264651,1.669491999999996
2,2,42800,66163,1.7088,1.7088,0.0,8.373e-05,pretrain_full_4gpu_20260926.log,435850,264651,1.669895999999996
2,2,42820,66163,1.5775,1.5775,0.0,8.368e-05,pretrain_full_4gpu_20260926.log,435930,264651,1.6636839999999962
2,2,42840,66163,1.6653,1.6653,0.0,8.362e-05,pretrain_full_4gpu_20260926.log,436010,264651,1.6638679999999963
2,2,42860,66163,1.7217,1.7217,0.0,8.356e-05,pretrain_full_4gpu_20260926.log,436090,264651,1.6652519999999962
2,2,42880,66163,1.69,1.69,0.0,8.351e-05,pretrain_full_4gpu_20260926.log,436170,264651,1.665119999999996
2,2,42900,66163,1.6514,1.6514,0.0,8.345e-05,pretrain_full_4gpu_20260926.log,436250,264651,1.6633439999999962
2,2,42920,66163,1.7156,1.7156,0.0,8.34e-05,pretrain_full_4gpu_20260926.log,436330,264651,1.6649159999999963
2,2,42940,66163,1.6232,1.6232,0.0,8.334e-05,pretrain_full_4gpu_20260926.log,436410,264651,1.660635999999996
2,2,42960,66163,1.6541,1.6541,0.0,8.328e-05,pretrain_full_4gpu_20260926.log,436490,264651,1.661279999999996
2,2,42980,66163,1.6639,1.6639,0.0,8.323e-05,pretrain_full_4gpu_20260926.log,436570,264651,1.660799999999996
2,2,43000,66163,1.6065,1.6065,0.0,8.317e-05,pretrain_full_4gpu_20260926.log,436650,264651,1.660599999999996
2,2,43020,66163,1.7366,1.7366,0.0,8.312e-05,pretrain_full_4gpu_20260926.log,436730,264651,1.663623999999996
2,2,43040,66163,1.6427,1.6427,0.0,8.306e-05,pretrain_full_4gpu_20260926.log,436810,264651,1.6620999999999961
2,2,43060,66163,1.6633,1.6633,0.0,8.301e-05,pretrain_full_4gpu_20260926.log,436890,264651,1.6638399999999962
2,2,43080,66163,1.5868,1.5868,0.0,8.295e-05,pretrain_full_4gpu_20260926.log,436970,264651,1.658791999999996
2,2,43100,66163,1.6266,1.6266,0.0,8.289e-05,pretrain_full_4gpu_20260926.log,437050,264651,1.657635999999996
2,2,43120,66163,1.6594,1.6594,0.0,8.284e-05,pretrain_full_4gpu_20260926.log,437130,264651,1.6564599999999958
2,2,43140,66163,1.6,1.6,0.0,8.278e-05,pretrain_full_4gpu_20260926.log,437210,264651,1.654423999999996
2,2,43160,66163,1.6679,1.6679,0.0,8.273e-05,pretrain_full_4gpu_20260926.log,437290,264651,1.6547999999999963
2,2,43180,66163,1.6532,1.6532,0.0,8.267e-05,pretrain_full_4gpu_20260926.log,437370,264651,1.654191999999996
2,2,43200,66163,1.6154,1.6154,0.0,8.262e-05,pretrain_full_4gpu_20260926.log,437450,264651,1.6551519999999962
2,2,43220,66163,1.5118,1.5118,0.0,8.256e-05,pretrain_full_4gpu_20260926.log,437530,264651,1.6509919999999962
2,2,43240,66163,1.5873,1.5873,0.0,8.251e-05,pretrain_full_4gpu_20260926.log,437610,264651,1.6460679999999963
2,2,43260,66163,1.6538,1.6538,0.0,8.245e-05,pretrain_full_4gpu_20260926.log,437690,264651,1.6463799999999962
2,2,43280,66163,1.6904,1.6904,0.0,8.24e-05,pretrain_full_4gpu_20260926.log,437770,264651,1.6469279999999962
2,2,43300,66163,1.6111,1.6111,0.0,8.234e-05,pretrain_full_4gpu_20260926.log,437850,264651,1.6430199999999962
2,2,43320,66163,1.6934,1.6934,0.0,8.228e-05,pretrain_full_4gpu_20260926.log,437930,264651,1.647655999999996
2,2,43340,66163,1.6325,1.6325,0.0,8.223e-05,pretrain_full_4gpu_20260926.log,438010,264651,1.646343999999996
2,2,43360,66163,1.797,1.797,0.0,8.217e-05,pretrain_full_4gpu_20260926.log,438090,264651,1.649355999999996
2,2,43380,66163,1.7041,1.7041,0.0,8.212e-05,pretrain_full_4gpu_20260926.log,438170,264651,1.6499199999999958
2,2,43400,66163,1.736,1.736,0.0,8.206e-05,pretrain_full_4gpu_20260926.log,438250,264651,1.6533039999999957
2,2,43420,66163,1.6366,1.6366,0.0,8.201e-05,pretrain_full_4gpu_20260926.log,438330,264651,1.6501439999999956
2,2,43440,66163,1.6245,1.6245,0.0,8.195e-05,pretrain_full_4gpu_20260926.log,438410,264651,1.6501959999999958
2,2,43460,66163,1.6777,1.6777,0.0,8.19e-05,pretrain_full_4gpu_20260926.log,438490,264651,1.6511399999999958
2,2,43480,66163,1.5959,1.5959,0.0,8.185e-05,pretrain_full_4gpu_20260926.log,438570,264651,1.6484199999999958
2,2,43500,66163,1.6234,1.6234,0.0,8.179e-05,pretrain_full_4gpu_20260926.log,438650,264651,1.649095999999996
2,2,43520,66163,1.711,1.711,0.0,8.174e-05,pretrain_full_4gpu_20260926.log,438730,264651,1.6480719999999958
2,2,43540,66163,1.6273,1.6273,0.0,8.168e-05,pretrain_full_4gpu_20260926.log,438810,264651,1.6474559999999956
2,2,43560,66163,1.7059,1.7059,0.0,8.163e-05,pretrain_full_4gpu_20260926.log,438890,264651,1.6491599999999957
2,2,43580,66163,1.7072,1.7072,0.0,8.157e-05,pretrain_full_4gpu_20260926.log,438970,264651,1.653975999999996
2,2,43600,66163,1.6882,1.6882,0.0,8.152e-05,pretrain_full_4gpu_20260926.log,439050,264651,1.6564399999999957
2,2,43620,66163,1.72,1.72,0.0,8.146e-05,pretrain_full_4gpu_20260926.log,439130,264651,1.658863999999996
2,2,43640,66163,1.565,1.565,0.0,8.141e-05,pretrain_full_4gpu_20260926.log,439210,264651,1.6574639999999956
2,2,43660,66163,1.6211,1.6211,0.0,8.135e-05,pretrain_full_4gpu_20260926.log,439290,264651,1.6555919999999955
2,2,43680,66163,1.6609,1.6609,0.0,8.13e-05,pretrain_full_4gpu_20260926.log,439370,264651,1.6558999999999955
2,2,43700,66163,1.6832,1.6832,0.0,8.124e-05,pretrain_full_4gpu_20260926.log,439450,264651,1.6586119999999953
2,2,43720,66163,1.6556,1.6556,0.0,8.119e-05,pretrain_full_4gpu_20260926.log,439530,264651,1.6643639999999953
2,2,43740,66163,1.6537,1.6537,0.0,8.114e-05,pretrain_full_4gpu_20260926.log,439610,264651,1.6670199999999955
2,2,43760,66163,1.5498,1.5498,0.0,8.108e-05,pretrain_full_4gpu_20260926.log,439690,264651,1.6628599999999956
2,2,43780,66163,1.7226,1.7226,0.0,8.103e-05,pretrain_full_4gpu_20260926.log,439770,264651,1.6641479999999955
2,2,43800,66163,1.713,1.713,0.0,8.097e-05,pretrain_full_4gpu_20260926.log,439850,264651,1.6682239999999957
2,2,43820,66163,1.6864,1.6864,0.0,8.092e-05,pretrain_full_4gpu_20260926.log,439930,264651,1.6679439999999957
2,2,43840,66163,1.6515,1.6515,0.0,8.087e-05,pretrain_full_4gpu_20260926.log,440010,264651,1.6687039999999955
2,2,43860,66163,1.6582,1.6582,0.0,8.081e-05,pretrain_full_4gpu_20260926.log,440090,264651,1.6631519999999957
2,2,43880,66163,1.6439,1.6439,0.0,8.076e-05,pretrain_full_4gpu_20260926.log,440170,264651,1.660743999999996
2,2,43900,66163,1.5679,1.5679,0.0,8.07e-05,pretrain_full_4gpu_20260926.log,440250,264651,1.6540199999999963
2,2,43920,66163,1.7673,1.7673,0.0,8.065e-05,pretrain_full_4gpu_20260926.log,440330,264651,1.659247999999996
2,2,43940,66163,1.7377,1.7377,0.0,8.06e-05,pretrain_full_4gpu_20260926.log,440410,264651,1.663775999999996
2,2,43960,66163,1.6245,1.6245,0.0,8.054e-05,pretrain_full_4gpu_20260926.log,440490,264651,1.6616479999999958
2,2,43980,66163,1.6723,1.6723,0.0,8.049e-05,pretrain_full_4gpu_20260926.log,440570,264651,1.664703999999996
2,2,44000,66163,1.6756,1.6756,0.0,8.044e-05,pretrain_full_4gpu_20260926.log,440650,264651,1.666791999999996
2,2,44020,66163,1.6257,1.6257,0.0,8.038e-05,pretrain_full_4gpu_20260926.log,440730,264651,1.6633799999999963
2,2,44040,66163,1.7445,1.7445,0.0,8.033e-05,pretrain_full_4gpu_20260926.log,440810,264651,1.6680679999999963
2,2,44060,66163,1.6694,1.6694,0.0,8.027e-05,pretrain_full_4gpu_20260926.log,440890,264651,1.6666079999999965
2,2,44080,66163,1.5878,1.5878,0.0,8.022e-05,pretrain_full_4gpu_20260926.log,440970,264651,1.6618319999999966
2,2,44100,66163,1.6177,1.6177,0.0,8.017e-05,pretrain_full_4gpu_20260926.log,441050,264651,1.6590119999999964
2,2,44120,66163,1.6807,1.6807,0.0,8.011e-05,pretrain_full_4gpu_20260926.log,441130,264651,1.6574399999999967
2,2,44140,66163,1.7385,1.7385,0.0,8.006e-05,pretrain_full_4gpu_20260926.log,441210,264651,1.6643799999999969
2,2,44160,66163,1.6917,1.6917,0.0,8.001e-05,pretrain_full_4gpu_20260926.log,441290,264651,1.6672039999999968
2,2,44180,66163,1.6896,1.6896,0.0,7.995e-05,pretrain_full_4gpu_20260926.log,441370,264651,1.6683519999999967
2,2,44200,66163,1.6861,1.6861,0.0,7.99e-05,pretrain_full_4gpu_20260926.log,441450,264651,1.668467999999997
2,2,44220,66163,1.6664,1.6664,0.0,7.985e-05,pretrain_full_4gpu_20260926.log,441530,264651,1.668899999999997
2,2,44240,66163,1.6388,1.6388,0.0,7.979e-05,pretrain_full_4gpu_20260926.log,441610,264651,1.6683039999999971
2,2,44260,66163,1.7077,1.7077,0.0,7.974e-05,pretrain_full_4gpu_20260926.log,441690,264651,1.6746199999999973
2,2,44280,66163,1.6572,1.6572,0.0,7.969e-05,pretrain_full_4gpu_20260926.log,441770,264651,1.6720039999999974
2,2,44300,66163,1.6382,1.6382,0.0,7.964e-05,pretrain_full_4gpu_20260926.log,441850,264651,1.6690119999999973
2,2,44320,66163,1.6494,1.6494,0.0,7.958e-05,pretrain_full_4gpu_20260926.log,441930,264651,1.6675319999999973
2,2,44340,66163,1.6252,1.6252,0.0,7.953e-05,pretrain_full_4gpu_20260926.log,442010,264651,1.6664799999999973
2,2,44360,66163,1.6527,1.6527,0.0,7.948e-05,pretrain_full_4gpu_20260926.log,442090,264651,1.6662599999999974
2,2,44380,66163,1.6556,1.6556,0.0,7.942e-05,pretrain_full_4gpu_20260926.log,442170,264651,1.6667279999999973
2,2,44400,66163,1.7098,1.7098,0.0,7.937e-05,pretrain_full_4gpu_20260926.log,442250,264651,1.6724039999999973
2,2,44420,66163,1.6453,1.6453,0.0,7.932e-05,pretrain_full_4gpu_20260926.log,442330,264651,1.6675239999999973
2,2,44440,66163,1.6682,1.6682,0.0,7.927e-05,pretrain_full_4gpu_20260926.log,442410,264651,1.6647439999999976
2,2,44460,66163,1.612,1.612,0.0,7.921e-05,pretrain_full_4gpu_20260926.log,442490,264651,1.6642439999999976
2,2,44480,66163,1.6695,1.6695,0.0,7.916e-05,pretrain_full_4gpu_20260926.log,442570,264651,1.6641319999999977
2,2,44500,66163,1.6456,1.6456,0.0,7.911e-05,pretrain_full_4gpu_20260926.log,442650,264651,1.6629319999999976
2,2,44520,66163,1.6637,1.6637,0.0,7.905e-05,pretrain_full_4gpu_20260926.log,442730,264651,1.6644519999999974
2,2,44540,66163,1.5581,1.5581,0.0,7.9e-05,pretrain_full_4gpu_20260926.log,442810,264651,1.6569959999999975
2,2,44560,66163,1.632,1.632,0.0,7.895e-05,pretrain_full_4gpu_20260926.log,442890,264651,1.6554999999999973
2,2,44580,66163,1.6695,1.6695,0.0,7.89e-05,pretrain_full_4gpu_20260926.log,442970,264651,1.6587679999999971
2,2,44600,66163,1.7215,1.7215,0.0,7.885e-05,pretrain_full_4gpu_20260926.log,443050,264651,1.662919999999997
2,2,44620,66163,1.7121,1.7121,0.0,7.879e-05,pretrain_full_4gpu_20260926.log,443130,264651,1.664175999999997
2,2,44640,66163,1.5527,1.5527,0.0,7.874e-05,pretrain_full_4gpu_20260926.log,443210,264651,1.656743999999997
2,2,44660,66163,1.6783,1.6783,0.0,7.869e-05,pretrain_full_4gpu_20260926.log,443290,264651,1.6562079999999972
2,2,44680,66163,1.7431,1.7431,0.0,7.864e-05,pretrain_full_4gpu_20260926.log,443370,264651,1.6583479999999973
2,2,44700,66163,1.6707,1.6707,0.0,7.858e-05,pretrain_full_4gpu_20260926.log,443450,264651,1.657731999999997
2,2,44720,66163,1.6842,1.6842,0.0,7.853e-05,pretrain_full_4gpu_20260926.log,443530,264651,1.658443999999997
2,2,44740,66163,1.6568,1.6568,0.0,7.848e-05,pretrain_full_4gpu_20260926.log,443610,264651,1.6591639999999968
2,2,44760,66163,1.5906,1.5906,0.0,7.843e-05,pretrain_full_4gpu_20260926.log,443690,264651,1.6544799999999966
2,2,44780,66163,1.6594,1.6594,0.0,7.838e-05,pretrain_full_4gpu_20260926.log,443770,264651,1.6545679999999965
2,2,44800,66163,1.7421,1.7421,0.0,7.832e-05,pretrain_full_4gpu_20260926.log,443850,264651,1.6587239999999965
2,2,44820,66163,1.6273,1.6273,0.0,7.827e-05,pretrain_full_4gpu_20260926.log,443930,264651,1.6578399999999964
2,2,44840,66163,1.6412,1.6412,0.0,7.822e-05,pretrain_full_4gpu_20260926.log,444010,264651,1.6584799999999964
2,2,44860,66163,1.6153,1.6153,0.0,7.817e-05,pretrain_full_4gpu_20260926.log,444090,264651,1.6569839999999962
2,2,44880,66163,1.5687,1.5687,0.0,7.812e-05,pretrain_full_4gpu_20260926.log,444170,264651,1.6535079999999962
2,2,44900,66163,1.6462,1.6462,0.0,7.807e-05,pretrain_full_4gpu_20260926.log,444250,264651,1.650963999999996
2,2,44920,66163,1.6615,1.6615,0.0,7.801e-05,pretrain_full_4gpu_20260926.log,444330,264651,1.651611999999996
2,2,44940,66163,1.7152,1.7152,0.0,7.796e-05,pretrain_full_4gpu_20260926.log,444410,264651,1.6534919999999962
2,2,44960,66163,1.6973,1.6973,0.0,7.791e-05,pretrain_full_4gpu_20260926.log,444490,264651,1.6569039999999962
2,2,44980,66163,1.6234,1.6234,0.0,7.786e-05,pretrain_full_4gpu_20260926.log,444570,264651,1.655059999999996
2,2,45000,66163,1.6722,1.6722,0.0,7.781e-05,pretrain_full_4gpu_20260926.log,444650,264651,1.6561239999999957
2,2,45020,66163,1.7459,1.7459,0.0,7.776e-05,pretrain_full_4gpu_20260926.log,444730,264651,1.659411999999996
2,2,45040,66163,1.6615,1.6615,0.0,7.77e-05,pretrain_full_4gpu_20260926.log,444810,264651,1.6635479999999956
2,2,45060,66163,1.6993,1.6993,0.0,7.765e-05,pretrain_full_4gpu_20260926.log,444890,264651,1.6662399999999957
2,2,45080,66163,1.6399,1.6399,0.0,7.76e-05,pretrain_full_4gpu_20260926.log,444970,264651,1.6650559999999957
2,2,45100,66163,1.6592,1.6592,0.0,7.755e-05,pretrain_full_4gpu_20260926.log,445050,264651,1.6625639999999955
2,2,45120,66163,1.6583,1.6583,0.0,7.75e-05,pretrain_full_4gpu_20260926.log,445130,264651,1.6604119999999956
2,2,45140,66163,1.6702,1.6702,0.0,7.745e-05,pretrain_full_4gpu_20260926.log,445210,264651,1.6651119999999955
2,2,45160,66163,1.6901,1.6901,0.0,7.74e-05,pretrain_full_4gpu_20260926.log,445290,264651,1.6655839999999955
2,2,45180,66163,1.6993,1.6993,0.0,7.735e-05,pretrain_full_4gpu_20260926.log,445370,264651,1.6638319999999955
2,2,45200,66163,1.7337,1.7337,0.0,7.73e-05,pretrain_full_4gpu_20260926.log,445450,264651,1.6663519999999954
2,2,45220,66163,1.6962,1.6962,0.0,7.724e-05,pretrain_full_4gpu_20260926.log,445530,264651,1.6668319999999954
2,2,45240,66163,1.675,1.675,0.0,7.719e-05,pretrain_full_4gpu_20260926.log,445610,264651,1.6675599999999955
2,2,45260,66163,1.6595,1.6595,0.0,7.714e-05,pretrain_full_4gpu_20260926.log,445690,264651,1.6703159999999955
2,2,45280,66163,1.5946,1.5946,0.0,7.709e-05,pretrain_full_4gpu_20260926.log,445770,264651,1.6677239999999955
2,2,45300,66163,1.7101,1.7101,0.0,7.704e-05,pretrain_full_4gpu_20260926.log,445850,264651,1.6664439999999954
2,2,45320,66163,1.6733,1.6733,0.0,7.699e-05,pretrain_full_4gpu_20260926.log,445930,264651,1.6682839999999954
2,2,45340,66163,1.7167,1.7167,0.0,7.694e-05,pretrain_full_4gpu_20260926.log,446010,264651,1.6713039999999955
2,2,45360,66163,1.6154,1.6154,0.0,7.689e-05,pretrain_full_4gpu_20260926.log,446090,264651,1.6713079999999956
2,2,45380,66163,1.6754,1.6754,0.0,7.684e-05,pretrain_full_4gpu_20260926.log,446170,264651,1.6755759999999957
2,2,45400,66163,1.5531,1.5531,0.0,7.679e-05,pretrain_full_4gpu_20260926.log,446250,264651,1.671851999999996
2,2,45420,66163,1.5396,1.5396,0.0,7.674e-05,pretrain_full_4gpu_20260926.log,446330,264651,1.666975999999996
2,2,45440,66163,1.7269,1.7269,0.0,7.669e-05,pretrain_full_4gpu_20260926.log,446410,264651,1.667443999999996
2,2,45460,66163,1.694,1.694,0.0,7.664e-05,pretrain_full_4gpu_20260926.log,446490,264651,1.6673119999999961
2,2,45480,66163,1.67,1.67,0.0,7.659e-05,pretrain_full_4gpu_20260926.log,446570,264651,1.6691759999999962
2,2,45500,66163,1.6333,1.6333,0.0,7.654e-05,pretrain_full_4gpu_20260926.log,446650,264651,1.6676199999999963
2,2,45520,66163,1.6569,1.6569,0.0,7.648e-05,pretrain_full_4gpu_20260926.log,446730,264651,1.6640599999999963
2,2,45540,66163,1.7337,1.7337,0.0,7.643e-05,pretrain_full_4gpu_20260926.log,446810,264651,1.6669479999999965
2,2,45560,66163,1.6805,1.6805,0.0,7.638e-05,pretrain_full_4gpu_20260926.log,446890,264651,1.6661959999999965
2,2,45580,66163,1.6911,1.6911,0.0,7.633e-05,pretrain_full_4gpu_20260926.log,446970,264651,1.6682439999999965
2,2,45600,66163,1.5657,1.5657,0.0,7.628e-05,pretrain_full_4gpu_20260926.log,447050,264651,1.6645039999999967
2,2,45620,66163,1.6982,1.6982,0.0,7.623e-05,pretrain_full_4gpu_20260926.log,447130,264651,1.6660999999999968
2,2,45640,66163,1.7251,1.7251,0.0,7.618e-05,pretrain_full_4gpu_20260926.log,447210,264651,1.6682959999999967
2,2,45660,66163,1.6372,1.6372,0.0,7.613e-05,pretrain_full_4gpu_20260926.log,447290,264651,1.6661799999999964
2,2,45680,66163,1.6539,1.6539,0.0,7.608e-05,pretrain_full_4gpu_20260926.log,447370,264651,1.6643639999999964
2,2,45700,66163,1.6068,1.6068,0.0,7.603e-05,pretrain_full_4gpu_20260926.log,447450,264651,1.6592879999999965
2,2,45720,66163,1.5968,1.5968,0.0,7.598e-05,pretrain_full_4gpu_20260926.log,447530,264651,1.6553119999999968
2,2,45740,66163,1.6354,1.6354,0.0,7.593e-05,pretrain_full_4gpu_20260926.log,447610,264651,1.6537279999999968
2,2,45760,66163,1.7091,1.7091,0.0,7.588e-05,pretrain_full_4gpu_20260926.log,447690,264651,1.6557119999999967
2,2,45780,66163,1.6893,1.6893,0.0,7.583e-05,pretrain_full_4gpu_20260926.log,447770,264651,1.6594999999999969
2,2,45800,66163,1.7191,1.7191,0.0,7.579e-05,pretrain_full_4gpu_20260926.log,447850,264651,1.6598599999999968
2,2,45820,66163,1.6129,1.6129,0.0,7.574e-05,pretrain_full_4gpu_20260926.log,447930,264651,1.657443999999997
2,2,45840,66163,1.6454,1.6454,0.0,7.569e-05,pretrain_full_4gpu_20260926.log,448010,264651,1.654591999999997
2,2,45860,66163,1.6755,1.6755,0.0,7.564e-05,pretrain_full_4gpu_20260926.log,448090,264651,1.6569959999999968
2,2,45880,66163,1.7091,1.7091,0.0,7.559e-05,pretrain_full_4gpu_20260926.log,448170,264651,1.6583439999999967
2,2,45900,66163,1.6826,1.6826,0.0,7.554e-05,pretrain_full_4gpu_20260926.log,448250,264651,1.6635239999999967
2,2,45920,66163,1.7206,1.7206,0.0,7.549e-05,pretrain_full_4gpu_20260926.log,448330,264651,1.6707639999999966
2,2,45940,66163,1.6532,1.6532,0.0,7.544e-05,pretrain_full_4gpu_20260926.log,448410,264651,1.6678159999999966
2,2,45960,66163,1.6636,1.6636,0.0,7.539e-05,pretrain_full_4gpu_20260926.log,448490,264651,1.6665999999999965
2,2,45980,66163,1.6056,1.6056,0.0,7.534e-05,pretrain_full_4gpu_20260926.log,448570,264651,1.6640239999999966
2,2,46000,66163,1.6782,1.6782,0.0,7.529e-05,pretrain_full_4gpu_20260926.log,448650,264651,1.6658199999999965
2,2,46020,66163,1.6329,1.6329,0.0,7.524e-05,pretrain_full_4gpu_20260926.log,448730,264651,1.6648599999999965
2,2,46040,66163,1.629,1.629,0.0,7.519e-05,pretrain_full_4gpu_20260926.log,448810,264651,1.6606719999999964
2,2,46060,66163,1.6597,1.6597,0.0,7.514e-05,pretrain_full_4gpu_20260926.log,448890,264651,1.6598399999999964
2,2,46080,66163,1.6116,1.6116,0.0,7.509e-05,pretrain_full_4gpu_20260926.log,448970,264651,1.6566599999999965
2,2,46100,66163,1.5895,1.5895,0.0,7.505e-05,pretrain_full_4gpu_20260926.log,449050,264651,1.6576119999999965
2,2,46120,66163,1.6491,1.6491,0.0,7.5e-05,pretrain_full_4gpu_20260926.log,449130,264651,1.6556479999999965
2,2,46140,66163,1.6559,1.6559,0.0,7.495e-05,pretrain_full_4gpu_20260926.log,449210,264651,1.6528799999999968
2,2,46160,66163,1.6163,1.6163,0.0,7.49e-05,pretrain_full_4gpu_20260926.log,449290,264651,1.6520439999999967
2,2,46180,66163,1.6713,1.6713,0.0,7.485e-05,pretrain_full_4gpu_20260926.log,449370,264651,1.652739999999997
2,2,46200,66163,1.628,1.628,0.0,7.48e-05,pretrain_full_4gpu_20260926.log,449450,264651,1.653587999999997
2,2,46220,66163,1.6959,1.6959,0.0,7.475e-05,pretrain_full_4gpu_20260926.log,449530,264651,1.6575519999999968
2,2,46240,66163,1.6774,1.6774,0.0,7.47e-05,pretrain_full_4gpu_20260926.log,449610,264651,1.659231999999997
2,2,46260,66163,1.6442,1.6442,0.0,7.465e-05,pretrain_full_4gpu_20260926.log,449690,264651,1.6566359999999969
2,2,46280,66163,1.6018,1.6018,0.0,7.461e-05,pretrain_full_4gpu_20260926.log,449770,264651,1.6531359999999966
2,2,46300,66163,1.7151,1.7151,0.0,7.456e-05,pretrain_full_4gpu_20260926.log,449850,264651,1.6529759999999967
2,2,46320,66163,1.697,1.697,0.0,7.451e-05,pretrain_full_4gpu_20260926.log,449930,264651,1.6563399999999968
2,2,46340,66163,1.6375,1.6375,0.0,7.446e-05,pretrain_full_4gpu_20260926.log,450010,264651,1.6560239999999968
2,2,46360,66163,1.6974,1.6974,0.0,7.441e-05,pretrain_full_4gpu_20260926.log,450090,264651,1.656899999999997
2,2,46380,66163,1.5783,1.5783,0.0,7.436e-05,pretrain_full_4gpu_20260926.log,450170,264651,1.6516679999999968
2,2,46400,66163,1.7359,1.7359,0.0,7.432e-05,pretrain_full_4gpu_20260926.log,450250,264651,1.6537999999999968
2,2,46420,66163,1.7289,1.7289,0.0,7.427e-05,pretrain_full_4gpu_20260926.log,450330,264651,1.654131999999997
2,2,46440,66163,1.5426,1.5426,0.0,7.422e-05,pretrain_full_4gpu_20260926.log,450410,264651,1.649707999999997
2,2,46460,66163,1.5795,1.5795,0.0,7.417e-05,pretrain_full_4gpu_20260926.log,450490,264651,1.6463439999999971
2,2,46480,66163,1.659,1.659,0.0,7.412e-05,pretrain_full_4gpu_20260926.log,450570,264651,1.648479999999997
2,2,46500,66163,1.591,1.591,0.0,7.407e-05,pretrain_full_4gpu_20260926.log,450650,264651,1.6449919999999971
2,2,46520,66163,1.5945,1.5945,0.0,7.403e-05,pretrain_full_4gpu_20260926.log,450730,264651,1.6434559999999974
2,2,46540,66163,1.6289,1.6289,0.0,7.398e-05,pretrain_full_4gpu_20260926.log,450810,264651,1.6434519999999975
2,2,46560,66163,1.7175,1.7175,0.0,7.393e-05,pretrain_full_4gpu_20260926.log,450890,264651,1.6457639999999976
2,2,46580,66163,1.6406,1.6406,0.0,7.388e-05,pretrain_full_4gpu_20260926.log,450970,264651,1.6469239999999974
2,2,46600,66163,1.6416,1.6416,0.0,7.383e-05,pretrain_full_4gpu_20260926.log,451050,264651,1.6490079999999971
2,2,46620,66163,1.6408,1.6408,0.0,7.379e-05,pretrain_full_4gpu_20260926.log,451130,264651,1.6486759999999974
2,2,46640,66163,1.5584,1.5584,0.0,7.374e-05,pretrain_full_4gpu_20260926.log,451210,264651,1.6447759999999971
2,2,46660,66163,1.7005,1.7005,0.0,7.369e-05,pretrain_full_4gpu_20260926.log,451290,264651,1.648143999999997
2,2,46680,66163,1.6822,1.6822,0.0,7.364e-05,pretrain_full_4gpu_20260926.log,451370,264651,1.6485799999999968
2,2,46700,66163,1.61,1.61,0.0,7.36e-05,pretrain_full_4gpu_20260926.log,451450,264651,1.647859999999997
2,2,46720,66163,1.6683,1.6683,0.0,7.355e-05,pretrain_full_4gpu_20260926.log,451530,264651,1.646755999999997
2,2,46740,66163,1.6053,1.6053,0.0,7.35e-05,pretrain_full_4gpu_20260926.log,451610,264651,1.643871999999997
2,2,46760,66163,1.6323,1.6323,0.0,7.345e-05,pretrain_full_4gpu_20260926.log,451690,264651,1.643395999999997
2,2,46780,66163,1.659,1.659,0.0,7.341e-05,pretrain_full_4gpu_20260926.log,451770,264651,1.645683999999997
2,2,46800,66163,1.7258,1.7258,0.0,7.336e-05,pretrain_full_4gpu_20260926.log,451850,264651,1.6461119999999971
2,2,46820,66163,1.7316,1.7316,0.0,7.331e-05,pretrain_full_4gpu_20260926.log,451930,264651,1.647495999999997
2,2,46840,66163,1.7309,1.7309,0.0,7.326e-05,pretrain_full_4gpu_20260926.log,452010,264651,1.651231999999997
2,2,46860,66163,1.7049,1.7049,0.0,7.322e-05,pretrain_full_4gpu_20260926.log,452090,264651,1.651531999999997
2,2,46880,66163,1.7306,1.7306,0.0,7.317e-05,pretrain_full_4gpu_20260926.log,452170,264651,1.657623999999997
2,2,46900,66163,1.6252,1.6252,0.0,7.312e-05,pretrain_full_4gpu_20260926.log,452250,264651,1.653195999999997
2,2,46920,66163,1.5668,1.5668,0.0,7.307e-05,pretrain_full_4gpu_20260926.log,452330,264651,1.6467119999999968
2,2,46940,66163,1.5251,1.5251,0.0,7.303e-05,pretrain_full_4gpu_20260926.log,452410,264651,1.646011999999997
2,2,46960,66163,1.5826,1.5826,0.0,7.298e-05,pretrain_full_4gpu_20260926.log,452490,264651,1.6461359999999967
2,2,46980,66163,1.7515,1.7515,0.0,7.293e-05,pretrain_full_4gpu_20260926.log,452570,264651,1.6498359999999967
2,2,47000,66163,1.6106,1.6106,0.0,7.289e-05,pretrain_full_4gpu_20260926.log,452650,264651,1.6506199999999966
2,2,47020,66163,1.6733,1.6733,0.0,7.284e-05,pretrain_full_4gpu_20260926.log,452730,264651,1.6537719999999967
2,2,47040,66163,1.773,1.773,0.0,7.279e-05,pretrain_full_4gpu_20260926.log,452810,264651,1.6595359999999968
2,2,47060,66163,1.6351,1.6351,0.0,7.275e-05,pretrain_full_4gpu_20260926.log,452890,264651,1.6562399999999968
2,2,47080,66163,1.6653,1.6653,0.0,7.27e-05,pretrain_full_4gpu_20260926.log,452970,264651,1.657227999999997
2,2,47100,66163,1.664,1.664,0.0,7.265e-05,pretrain_full_4gpu_20260926.log,453050,264651,1.658123999999997
2,2,47120,66163,1.6886,1.6886,0.0,7.261e-05,pretrain_full_4gpu_20260926.log,453130,264651,1.6600359999999972
2,2,47140,66163,1.5918,1.5918,0.0,7.256e-05,pretrain_full_4gpu_20260926.log,453210,264651,1.6613719999999972
2,2,47160,66163,1.7356,1.7356,0.0,7.251e-05,pretrain_full_4gpu_20260926.log,453290,264651,1.6627759999999971
2,2,47180,66163,1.7339,1.7339,0.0,7.247e-05,pretrain_full_4gpu_20260926.log,453370,264651,1.664843999999997
2,2,47200,66163,1.5959,1.5959,0.0,7.242e-05,pretrain_full_4gpu_20260926.log,453450,264651,1.664279999999997
2,2,47220,66163,1.7349,1.7349,0.0,7.237e-05,pretrain_full_4gpu_20260926.log,453530,264651,1.666943999999997
2,2,47240,66163,1.7018,1.7018,0.0,7.233e-05,pretrain_full_4gpu_20260926.log,453610,264651,1.670803999999997
2,2,47260,66163,1.6794,1.6794,0.0,7.228e-05,pretrain_full_4gpu_20260926.log,453690,264651,1.672687999999997
2,2,47280,66163,1.6615,1.6615,0.0,7.223e-05,pretrain_full_4gpu_20260926.log,453770,264651,1.672787999999997
2,2,47300,66163,1.6398,1.6398,0.0,7.219e-05,pretrain_full_4gpu_20260926.log,453850,264651,1.6693479999999972
2,2,47320,66163,1.6574,1.6574,0.0,7.214e-05,pretrain_full_4gpu_20260926.log,453930,264651,1.6663799999999973
2,2,47340,66163,1.7035,1.7035,0.0,7.21e-05,pretrain_full_4gpu_20260926.log,454010,264651,1.665283999999997
2,2,47360,66163,1.6439,1.6439,0.0,7.205e-05,pretrain_full_4gpu_20260926.log,454090,264651,1.662843999999997
2,2,47380,66163,1.698,1.698,0.0,7.2e-05,pretrain_full_4gpu_20260926.log,454170,264651,1.6615399999999971
2,2,47400,66163,1.6857,1.6857,0.0,7.196e-05,pretrain_full_4gpu_20260926.log,454250,264651,1.663959999999997
2,2,47420,66163,1.6685,1.6685,0.0,7.191e-05,pretrain_full_4gpu_20260926.log,454330,264651,1.668027999999997
2,2,47440,66163,1.6554,1.6554,0.0,7.187e-05,pretrain_full_4gpu_20260926.log,454410,264651,1.673239999999997
2,2,47460,66163,1.6642,1.6642,0.0,7.182e-05,pretrain_full_4gpu_20260926.log,454490,264651,1.676503999999997
2,2,47480,66163,1.7084,1.7084,0.0,7.177e-05,pretrain_full_4gpu_20260926.log,454570,264651,1.674779999999997
2,2,47500,66163,1.6668,1.6668,0.0,7.173e-05,pretrain_full_4gpu_20260926.log,454650,264651,1.677027999999997
2,2,47520,66163,1.58,1.58,0.0,7.168e-05,pretrain_full_4gpu_20260926.log,454730,264651,1.6732959999999972
2,2,47540,66163,1.5944,1.5944,0.0,7.164e-05,pretrain_full_4gpu_20260926.log,454810,264651,1.666151999999997
2,2,47560,66163,1.6189,1.6189,0.0,7.159e-05,pretrain_full_4gpu_20260926.log,454890,264651,1.6655039999999972
2,2,47580,66163,1.6567,1.6567,0.0,7.154e-05,pretrain_full_4gpu_20260926.log,454970,264651,1.665159999999997
2,2,47600,66163,1.625,1.625,0.0,7.15e-05,pretrain_full_4gpu_20260926.log,455050,264651,1.663599999999997
2,2,47620,66163,1.6347,1.6347,0.0,7.145e-05,pretrain_full_4gpu_20260926.log,455130,264651,1.661443999999997
2,2,47640,66163,1.7474,1.7474,0.0,7.141e-05,pretrain_full_4gpu_20260926.log,455210,264651,1.667667999999997
2,2,47660,66163,1.6342,1.6342,0.0,7.136e-05,pretrain_full_4gpu_20260926.log,455290,264651,1.6636119999999972
2,2,47680,66163,1.6194,1.6194,0.0,7.132e-05,pretrain_full_4gpu_20260926.log,455370,264651,1.6590319999999972
2,2,47700,66163,1.7507,1.7507,0.0,7.127e-05,pretrain_full_4gpu_20260926.log,455450,264651,1.6652239999999972
2,2,47720,66163,1.6174,1.6174,0.0,7.123e-05,pretrain_full_4gpu_20260926.log,455530,264651,1.6605239999999972
2,2,47740,66163,1.6584,1.6584,0.0,7.118e-05,pretrain_full_4gpu_20260926.log,455610,264651,1.6587879999999973
2,2,47760,66163,1.6812,1.6812,0.0,7.114e-05,pretrain_full_4gpu_20260926.log,455690,264651,1.6588599999999971
2,2,47780,66163,1.622,1.622,0.0,7.109e-05,pretrain_full_4gpu_20260926.log,455770,264651,1.6572799999999972
2,2,47800,66163,1.5965,1.5965,0.0,7.105e-05,pretrain_full_4gpu_20260926.log,455850,264651,1.6555479999999971
2,2,47820,66163,1.7879,1.7879,0.0,7.1e-05,pretrain_full_4gpu_20260926.log,455930,264651,1.6607679999999971
2,2,47840,66163,1.6114,1.6114,0.0,7.096e-05,pretrain_full_4gpu_20260926.log,456010,264651,1.6570839999999973
2,2,47860,66163,1.6384,1.6384,0.0,7.091e-05,pretrain_full_4gpu_20260926.log,456090,264651,1.656863999999997
2,2,47880,66163,1.6378,1.6378,0.0,7.087e-05,pretrain_full_4gpu_20260926.log,456170,264651,1.654455999999997
2,2,47900,66163,1.6427,1.6427,0.0,7.082e-05,pretrain_full_4gpu_20260926.log,456250,264651,1.652735999999997
2,2,47920,66163,1.5935,1.5935,0.0,7.078e-05,pretrain_full_4gpu_20260926.log,456330,264651,1.649735999999997
2,2,47940,66163,1.6577,1.6577,0.0,7.073e-05,pretrain_full_4gpu_20260926.log,456410,264651,1.6498279999999967
2,2,47960,66163,1.6664,1.6664,0.0,7.069e-05,pretrain_full_4gpu_20260926.log,456490,264651,1.6499159999999968
2,2,47980,66163,1.6692,1.6692,0.0,7.064e-05,pretrain_full_4gpu_20260926.log,456570,264651,1.6483479999999968
2,2,48000,66163,1.6845,1.6845,0.0,7.06e-05,pretrain_full_4gpu_20260926.log,456650,264651,1.6490559999999967
2,2,48020,66163,1.6149,1.6149,0.0,7.055e-05,pretrain_full_4gpu_20260926.log,456730,264651,1.650451999999997
2,2,48040,66163,1.6069,1.6069,0.0,7.051e-05,pretrain_full_4gpu_20260926.log,456810,264651,1.6509519999999969
2,2,48060,66163,1.7976,1.7976,0.0,7.046e-05,pretrain_full_4gpu_20260926.log,456890,264651,1.6580999999999972
2,2,48080,66163,1.6212,1.6212,0.0,7.042e-05,pretrain_full_4gpu_20260926.log,456970,264651,1.6566799999999973
2,2,48100,66163,1.5518,1.5518,0.0,7.037e-05,pretrain_full_4gpu_20260926.log,457050,264651,1.6537519999999972
2,2,48120,66163,1.6134,1.6134,0.0,7.033e-05,pretrain_full_4gpu_20260926.log,457130,264651,1.6528999999999971
2,2,48140,66163,1.6919,1.6919,0.0,7.029e-05,pretrain_full_4gpu_20260926.log,457210,264651,1.650679999999997
2,2,48160,66163,1.5747,1.5747,0.0,7.024e-05,pretrain_full_4gpu_20260926.log,457290,264651,1.648299999999997
2,2,48180,66163,1.7199,1.7199,0.0,7.02e-05,pretrain_full_4gpu_20260926.log,457370,264651,1.6523199999999971
2,2,48200,66163,1.7377,1.7377,0.0,7.015e-05,pretrain_full_4gpu_20260926.log,457450,264651,1.651799999999997
2,2,48220,66163,1.6896,1.6896,0.0,7.011e-05,pretrain_full_4gpu_20260926.log,457530,264651,1.654687999999997
2,2,48240,66163,1.6182,1.6182,0.0,7.006e-05,pretrain_full_4gpu_20260926.log,457610,264651,1.653079999999997
2,2,48260,66163,1.5627,1.5627,0.0,7.002e-05,pretrain_full_4gpu_20260926.log,457690,264651,1.6483399999999973
2,2,48280,66163,1.6047,1.6047,0.0,6.998e-05,pretrain_full_4gpu_20260926.log,457770,264651,1.6476479999999973
2,2,48300,66163,1.6483,1.6483,0.0,6.993e-05,pretrain_full_4gpu_20260926.log,457850,264651,1.6497199999999972
2,2,48320,66163,1.6509,1.6509,0.0,6.989e-05,pretrain_full_4gpu_20260926.log,457930,264651,1.6442399999999973
2,2,48340,66163,1.6875,1.6875,0.0,6.984e-05,pretrain_full_4gpu_20260926.log,458010,264651,1.647283999999997
2,2,48360,66163,1.5684,1.5684,0.0,6.98e-05,pretrain_full_4gpu_20260926.log,458090,264651,1.6444839999999972
2,2,48380,66163,1.7374,1.7374,0.0,6.976e-05,pretrain_full_4gpu_20260926.log,458170,264651,1.6484679999999972
2,2,48400,66163,1.6592,1.6592,0.0,6.971e-05,pretrain_full_4gpu_20260926.log,458250,264651,1.6491279999999973
2,2,48420,66163,1.7105,1.7105,0.0,6.967e-05,pretrain_full_4gpu_20260926.log,458330,264651,1.6538079999999973
2,2,48440,66163,1.5409,1.5409,0.0,6.963e-05,pretrain_full_4gpu_20260926.log,458410,264651,1.6491359999999975
2,2,48460,66163,1.5934,1.5934,0.0,6.958e-05,pretrain_full_4gpu_20260926.log,458490,264651,1.6462159999999975
2,2,48480,66163,1.5638,1.5638,0.0,6.954e-05,pretrain_full_4gpu_20260926.log,458570,264651,1.6419999999999977
2,2,48500,66163,1.6997,1.6997,0.0,6.949e-05,pretrain_full_4gpu_20260926.log,458650,264651,1.6426079999999976
2,2,48520,66163,1.6668,1.6668,0.0,6.945e-05,pretrain_full_4gpu_20260926.log,458730,264651,1.6446839999999978
2,2,48540,66163,1.6751,1.6751,0.0,6.941e-05,pretrain_full_4gpu_20260926.log,458810,264651,1.6474119999999977
2,2,48560,66163,1.5895,1.5895,0.0,6.936e-05,pretrain_full_4gpu_20260926.log,458890,264651,1.6390879999999977
2,2,48580,66163,1.5931,1.5931,0.0,6.932e-05,pretrain_full_4gpu_20260926.log,458970,264651,1.6379639999999975
2,2,48600,66163,1.7256,1.7256,0.0,6.928e-05,pretrain_full_4gpu_20260926.log,459050,264651,1.6449159999999976
2,2,48620,66163,1.6391,1.6391,0.0,6.923e-05,pretrain_full_4gpu_20260926.log,459130,264651,1.6459439999999974
2,2,48640,66163,1.6377,1.6377,0.0,6.919e-05,pretrain_full_4gpu_20260926.log,459210,264651,1.6437759999999977
2,2,48660,66163,1.6313,1.6313,0.0,6.915e-05,pretrain_full_4gpu_20260926.log,459290,264651,1.646039999999998
2,2,48680,66163,1.6829,1.6829,0.0,6.911e-05,pretrain_full_4gpu_20260926.log,459370,264651,1.6445599999999976
2,2,48700,66163,1.6583,1.6583,0.0,6.906e-05,pretrain_full_4gpu_20260926.log,459450,264651,1.6413839999999977
2,2,48720,66163,1.6599,1.6599,0.0,6.902e-05,pretrain_full_4gpu_20260926.log,459530,264651,1.6401959999999978
2,2,48740,66163,1.6277,1.6277,0.0,6.898e-05,pretrain_full_4gpu_20260926.log,459610,264651,1.6405759999999976
2,2,48760,66163,1.636,1.636,0.0,6.893e-05,pretrain_full_4gpu_20260926.log,459690,264651,1.6435079999999977
2,2,48780,66163,1.6713,1.6713,0.0,6.889e-05,pretrain_full_4gpu_20260926.log,459770,264651,1.6461719999999977
2,2,48800,66163,1.6845,1.6845,0.0,6.885e-05,pretrain_full_4gpu_20260926.log,459850,264651,1.6476199999999976
2,2,48820,66163,1.7172,1.7172,0.0,6.88e-05,pretrain_full_4gpu_20260926.log,459930,264651,1.6502719999999977
2,2,48840,66163,1.6487,1.6487,0.0,6.876e-05,pretrain_full_4gpu_20260926.log,460010,264651,1.6487199999999975
2,2,48860,66163,1.6564,1.6564,0.0,6.872e-05,pretrain_full_4gpu_20260926.log,460090,264651,1.6522399999999977
2,2,48880,66163,1.5816,1.5816,0.0,6.868e-05,pretrain_full_4gpu_20260926.log,460170,264651,1.6460079999999977
2,2,48900,66163,1.6623,1.6623,0.0,6.863e-05,pretrain_full_4gpu_20260926.log,460250,264651,1.6461319999999977
2,2,48920,66163,1.5644,1.5644,0.0,6.859e-05,pretrain_full_4gpu_20260926.log,460330,264651,1.6402879999999975
2,2,48940,66163,1.602,1.602,0.0,6.855e-05,pretrain_full_4gpu_20260926.log,460410,264651,1.6427319999999974
2,2,48960,66163,1.6203,1.6203,0.0,6.851e-05,pretrain_full_4gpu_20260926.log,460490,264651,1.6438079999999973
2,2,48980,66163,1.6781,1.6781,0.0,6.846e-05,pretrain_full_4gpu_20260926.log,460570,264651,1.6483799999999973
2,2,49000,66163,1.6879,1.6879,0.0,6.842e-05,pretrain_full_4gpu_20260926.log,460650,264651,1.6479079999999973
2,2,49020,66163,1.6977,1.6977,0.0,6.838e-05,pretrain_full_4gpu_20260926.log,460730,264651,1.649143999999997
2,2,49040,66163,1.6423,1.6423,0.0,6.834e-05,pretrain_full_4gpu_20260926.log,460810,264651,1.647831999999997
2,2,49060,66163,1.6819,1.6819,0.0,6.829e-05,pretrain_full_4gpu_20260926.log,460890,264651,1.651527999999997
2,2,49080,66163,1.7283,1.7283,0.0,6.825e-05,pretrain_full_4gpu_20260926.log,460970,264651,1.6569359999999969
2,2,49100,66163,1.7148,1.7148,0.0,6.821e-05,pretrain_full_4gpu_20260926.log,461050,264651,1.6565039999999969
2,2,49120,66163,1.6812,1.6812,0.0,6.817e-05,pretrain_full_4gpu_20260926.log,461130,264651,1.6581879999999967
2,2,49140,66163,1.5913,1.5913,0.0,6.813e-05,pretrain_full_4gpu_20260926.log,461210,264651,1.6563319999999964
2,2,49160,66163,1.7188,1.7188,0.0,6.808e-05,pretrain_full_4gpu_20260926.log,461290,264651,1.6598319999999964
2,2,49180,66163,1.6611,1.6611,0.0,6.804e-05,pretrain_full_4gpu_20260926.log,461370,264651,1.6589599999999962
2,2,49200,66163,1.6208,1.6208,0.0,6.8e-05,pretrain_full_4gpu_20260926.log,461450,264651,1.6574599999999964
2,2,49220,66163,1.7542,1.7542,0.0,6.796e-05,pretrain_full_4gpu_20260926.log,461530,264651,1.6612319999999963
2,2,49240,66163,1.6597,1.6597,0.0,6.792e-05,pretrain_full_4gpu_20260926.log,461610,264651,1.6625119999999964
2,2,49260,66163,1.6588,1.6588,0.0,6.788e-05,pretrain_full_4gpu_20260926.log,461690,264651,1.6634239999999962
2,2,49280,66163,1.6085,1.6085,0.0,6.783e-05,pretrain_full_4gpu_20260926.log,461770,264651,1.6609119999999962
2,2,49300,66163,1.5785,1.5785,0.0,6.779e-05,pretrain_full_4gpu_20260926.log,461850,264651,1.6566719999999961
2,2,49320,66163,1.6522,1.6522,0.0,6.775e-05,pretrain_full_4gpu_20260926.log,461930,264651,1.6540719999999962
2,2,49340,66163,1.7183,1.7183,0.0,6.771e-05,pretrain_full_4gpu_20260926.log,462010,264651,1.6568559999999963
2,2,49360,66163,1.6482,1.6482,0.0,6.767e-05,pretrain_full_4gpu_20260926.log,462090,264651,1.6565279999999964
2,2,49380,66163,1.8135,1.8135,0.0,6.763e-05,pretrain_full_4gpu_20260926.log,462170,264651,1.6658039999999963
2,2,49400,66163,1.7784,1.7784,0.0,6.758e-05,pretrain_full_4gpu_20260926.log,462250,264651,1.6704479999999962
2,2,49420,66163,1.608,1.608,0.0,6.754e-05,pretrain_full_4gpu_20260926.log,462330,264651,1.6721919999999961
2,2,49440,66163,1.7343,1.7343,0.0,6.75e-05,pretrain_full_4gpu_20260926.log,462410,264651,1.677483999999996
2,2,49460,66163,1.6405,1.6405,0.0,6.746e-05,pretrain_full_4gpu_20260926.log,462490,264651,1.6782919999999961
2,2,49480,66163,1.7463,1.7463,0.0,6.742e-05,pretrain_full_4gpu_20260926.log,462570,264651,1.681019999999996
2,2,49500,66163,1.643,1.643,0.0,6.738e-05,pretrain_full_4gpu_20260926.log,462650,264651,1.679223999999996
2,2,49520,66163,1.7145,1.7145,0.0,6.734e-05,pretrain_full_4gpu_20260926.log,462730,264651,1.6798959999999963
2,2,49540,66163,1.6416,1.6416,0.0,6.73e-05,pretrain_full_4gpu_20260926.log,462810,264651,1.6798679999999961
2,2,49560,66163,1.6552,1.6552,0.0,6.725e-05,pretrain_full_4gpu_20260926.log,462890,264651,1.6787999999999963
2,2,49580,66163,1.5955,1.5955,0.0,6.721e-05,pretrain_full_4gpu_20260926.log,462970,264651,1.6734879999999963
2,2,49600,66163,1.6765,1.6765,0.0,6.717e-05,pretrain_full_4gpu_20260926.log,463050,264651,1.6719559999999964
2,2,49620,66163,1.7151,1.7151,0.0,6.713e-05,pretrain_full_4gpu_20260926.log,463130,264651,1.6733119999999966
2,2,49640,66163,1.6089,1.6089,0.0,6.709e-05,pretrain_full_4gpu_20260926.log,463210,264651,1.6740159999999966
2,2,49660,66163,1.6387,1.6387,0.0,6.705e-05,pretrain_full_4gpu_20260926.log,463290,264651,1.6708119999999966
2,2,49680,66163,1.7051,1.7051,0.0,6.701e-05,pretrain_full_4gpu_20260926.log,463370,264651,1.6725719999999966
2,2,49700,66163,1.6796,1.6796,0.0,6.697e-05,pretrain_full_4gpu_20260926.log,463450,264651,1.6749239999999965
2,2,49720,66163,1.672,1.672,0.0,6.693e-05,pretrain_full_4gpu_20260926.log,463530,264651,1.6716359999999966
2,2,49740,66163,1.6758,1.6758,0.0,6.689e-05,pretrain_full_4gpu_20260926.log,463610,264651,1.6722799999999967
2,2,49760,66163,1.7256,1.7256,0.0,6.685e-05,pretrain_full_4gpu_20260926.log,463690,264651,1.6749519999999967
2,2,49780,66163,1.6252,1.6252,0.0,6.681e-05,pretrain_full_4gpu_20260926.log,463770,264651,1.6756199999999968
2,2,49800,66163,1.6713,1.6713,0.0,6.677e-05,pretrain_full_4gpu_20260926.log,463850,264651,1.679331999999997
2,2,49820,66163,1.7026,1.7026,0.0,6.673e-05,pretrain_full_4gpu_20260926.log,463930,264651,1.6813479999999967
2,2,49840,66163,1.6708,1.6708,0.0,6.668e-05,pretrain_full_4gpu_20260926.log,464010,264651,1.6794479999999967
2,2,49860,66163,1.6304,1.6304,0.0,6.664e-05,pretrain_full_4gpu_20260926.log,464090,264651,1.6787359999999967
2,2,49880,66163,1.6871,1.6871,0.0,6.66e-05,pretrain_full_4gpu_20260926.log,464170,264651,1.6736799999999967
2,2,49900,66163,1.6604,1.6604,0.0,6.656e-05,pretrain_full_4gpu_20260926.log,464250,264651,1.6689599999999971
2,2,49920,66163,1.6664,1.6664,0.0,6.652e-05,pretrain_full_4gpu_20260926.log,464330,264651,1.6712959999999972
2,2,49940,66163,1.6111,1.6111,0.0,6.648e-05,pretrain_full_4gpu_20260926.log,464410,264651,1.6663679999999974
2,2,49960,66163,1.6401,1.6401,0.0,6.644e-05,pretrain_full_4gpu_20260926.log,464490,264651,1.6663519999999972
2,2,49980,66163,1.6393,1.6393,0.0,6.64e-05,pretrain_full_4gpu_20260926.log,464570,264651,1.662071999999997
2,2,50000,66163,1.5909,1.5909,0.0,6.636e-05,pretrain_full_4gpu_20260926.log,464650,264651,1.6599879999999971
2,2,50020,66163,1.6161,1.6161,0.0,6.632e-05,pretrain_full_4gpu_20260926.log,464730,264651,1.6560519999999972
2,2,50040,66163,1.6702,1.6702,0.0,6.628e-05,pretrain_full_4gpu_20260926.log,464810,264651,1.6571959999999972
2,2,50060,66163,1.6178,1.6178,0.0,6.624e-05,pretrain_full_4gpu_20260926.log,464890,264651,1.6556999999999973
2,2,50080,66163,1.5558,1.5558,0.0,6.62e-05,pretrain_full_4gpu_20260926.log,464970,264651,1.6541119999999971
2,2,50100,66163,1.8098,1.8098,0.0,6.616e-05,pretrain_full_4gpu_20260926.log,465050,264651,1.6594439999999975
2,2,50120,66163,1.6344,1.6344,0.0,6.612e-05,pretrain_full_4gpu_20260926.log,465130,264651,1.6562159999999975
2,2,50140,66163,1.6163,1.6163,0.0,6.608e-05,pretrain_full_4gpu_20260926.log,465210,264651,1.6565119999999975
2,2,50160,66163,1.6515,1.6515,0.0,6.604e-05,pretrain_full_4gpu_20260926.log,465290,264651,1.6570239999999976
2,2,50180,66163,1.679,1.679,0.0,6.601e-05,pretrain_full_4gpu_20260926.log,465370,264651,1.6559799999999976
2,2,50200,66163,1.7544,1.7544,0.0,6.597e-05,pretrain_full_4gpu_20260926.log,465450,264651,1.6589719999999974
2,2,50220,66163,1.784,1.784,0.0,6.593e-05,pretrain_full_4gpu_20260926.log,465530,264651,1.6634519999999975
2,2,50240,66163,1.6451,1.6451,0.0,6.589e-05,pretrain_full_4gpu_20260926.log,465610,264651,1.6622239999999975
2,2,50260,66163,1.6455,1.6455,0.0,6.585e-05,pretrain_full_4gpu_20260926.log,465690,264651,1.6590199999999973
2,2,50280,66163,1.631,1.631,0.0,6.581e-05,pretrain_full_4gpu_20260926.log,465770,264651,1.6592519999999973
2,2,50300,66163,1.7744,1.7744,0.0,6.577e-05,pretrain_full_4gpu_20260926.log,465850,264651,1.6633759999999973
2,2,50320,66163,1.6902,1.6902,0.0,6.573e-05,pretrain_full_4gpu_20260926.log,465930,264651,1.6628799999999972
2,2,50340,66163,1.6612,1.6612,0.0,6.569e-05,pretrain_full_4gpu_20260926.log,466010,264651,1.6624959999999973
2,2,50360,66163,1.6351,1.6351,0.0,6.565e-05,pretrain_full_4gpu_20260926.log,466090,264651,1.6626839999999974
2,2,50380,66163,1.6088,1.6088,0.0,6.561e-05,pretrain_full_4gpu_20260926.log,466170,264651,1.6595519999999973
2,2,50400,66163,1.6334,1.6334,0.0,6.557e-05,pretrain_full_4gpu_20260926.log,466250,264651,1.6584719999999973
2,2,50420,66163,1.6972,1.6972,0.0,6.553e-05,pretrain_full_4gpu_20260926.log,466330,264651,1.6597039999999972
2,2,50440,66163,1.6294,1.6294,0.0,6.549e-05,pretrain_full_4gpu_20260926.log,466410,264651,1.6604359999999971
2,2,50460,66163,1.7173,1.7173,0.0,6.546e-05,pretrain_full_4gpu_20260926.log,466490,264651,1.6635239999999973
2,2,50480,66163,1.655,1.655,0.0,6.542e-05,pretrain_full_4gpu_20260926.log,466570,264651,1.6641519999999974
2,2,50500,66163,1.6603,1.6603,0.0,6.538e-05,pretrain_full_4gpu_20260926.log,466650,264651,1.6669279999999975
2,2,50520,66163,1.6034,1.6034,0.0,6.534e-05,pretrain_full_4gpu_20260926.log,466730,264651,1.6664199999999973
2,2,50540,66163,1.6216,1.6216,0.0,6.53e-05,pretrain_full_4gpu_20260926.log,466810,264651,1.6644759999999974
2,2,50560,66163,1.6496,1.6496,0.0,6.526e-05,pretrain_full_4gpu_20260926.log,466890,264651,1.6657479999999973
2,2,50580,66163,1.671,1.671,0.0,6.522e-05,pretrain_full_4gpu_20260926.log,466970,264651,1.6703559999999973
2,2,50600,66163,1.6851,1.6851,0.0,6.518e-05,pretrain_full_4gpu_20260926.log,467050,264651,1.665367999999997
2,2,50620,66163,1.652,1.652,0.0,6.515e-05,pretrain_full_4gpu_20260926.log,467130,264651,1.666071999999997
2,2,50640,66163,1.5796,1.5796,0.0,6.511e-05,pretrain_full_4gpu_20260926.log,467210,264651,1.664603999999997
2,2,50660,66163,1.6603,1.6603,0.0,6.507e-05,pretrain_full_4gpu_20260926.log,467290,264651,1.6649559999999972
2,2,50680,66163,1.6802,1.6802,0.0,6.503e-05,pretrain_full_4gpu_20260926.log,467370,264651,1.665003999999997
2,2,50700,66163,1.643,1.643,0.0,6.499e-05,pretrain_full_4gpu_20260926.log,467450,264651,1.6605479999999972
2,2,50720,66163,1.6191,1.6191,0.0,6.495e-05,pretrain_full_4gpu_20260926.log,467530,264651,1.6539519999999974
2,2,50740,66163,1.7704,1.7704,0.0,6.492e-05,pretrain_full_4gpu_20260926.log,467610,264651,1.6589639999999974
2,2,50760,66163,1.6603,1.6603,0.0,6.488e-05,pretrain_full_4gpu_20260926.log,467690,264651,1.6595559999999976
2,2,50780,66163,1.6216,1.6216,0.0,6.484e-05,pretrain_full_4gpu_20260926.log,467770,264651,1.6591799999999974
2,2,50800,66163,1.5745,1.5745,0.0,6.48e-05,pretrain_full_4gpu_20260926.log,467850,264651,1.6511839999999975
2,2,50820,66163,1.7194,1.7194,0.0,6.476e-05,pretrain_full_4gpu_20260926.log,467930,264651,1.6523519999999976
2,2,50840,66163,1.5731,1.5731,0.0,6.472e-05,pretrain_full_4gpu_20260926.log,468010,264651,1.6488279999999975
2,2,50860,66163,1.7516,1.7516,0.0,6.469e-05,pretrain_full_4gpu_20260926.log,468090,264651,1.6534879999999976
2,2,50880,66163,1.6219,1.6219,0.0,6.465e-05,pretrain_full_4gpu_20260926.log,468170,264651,1.6540119999999974
2,2,50900,66163,1.6619,1.6619,0.0,6.461e-05,pretrain_full_4gpu_20260926.log,468250,264651,1.6551519999999973
2,2,50920,66163,1.71,1.71,0.0,6.457e-05,pretrain_full_4gpu_20260926.log,468330,264651,1.6556639999999974
2,2,50940,66163,1.7341,1.7341,0.0,6.454e-05,pretrain_full_4gpu_20260926.log,468410,264651,1.6598519999999974
2,2,50960,66163,1.6478,1.6478,0.0,6.45e-05,pretrain_full_4gpu_20260926.log,468490,264651,1.6570719999999972
2,2,50980,66163,1.6326,1.6326,0.0,6.446e-05,pretrain_full_4gpu_20260926.log,468570,264651,1.656175999999997
2,2,51000,66163,1.6957,1.6957,0.0,6.442e-05,pretrain_full_4gpu_20260926.log,468650,264651,1.657591999999997
2,2,51020,66163,1.6278,1.6278,0.0,6.438e-05,pretrain_full_4gpu_20260926.log,468730,264651,1.6585679999999972
2,2,51040,66163,1.6708,1.6708,0.0,6.435e-05,pretrain_full_4gpu_20260926.log,468810,264651,1.6605359999999971
2,2,51060,66163,1.6943,1.6943,0.0,6.431e-05,pretrain_full_4gpu_20260926.log,468890,264651,1.662323999999997
2,2,51080,66163,1.6677,1.6677,0.0,6.427e-05,pretrain_full_4gpu_20260926.log,468970,264651,1.6621919999999968
2,2,51100,66163,1.6601,1.6601,0.0,6.423e-05,pretrain_full_4gpu_20260926.log,469050,264651,1.661191999999997
2,2,51120,66163,1.6794,1.6794,0.0,6.42e-05,pretrain_full_4gpu_20260926.log,469130,264651,1.6622879999999969
2,2,51140,66163,1.6458,1.6458,0.0,6.416e-05,pretrain_full_4gpu_20260926.log,469210,264651,1.664935999999997
2,2,51160,66163,1.6029,1.6029,0.0,6.412e-05,pretrain_full_4gpu_20260926.log,469290,264651,1.662639999999997
2,2,51180,66163,1.7157,1.7157,0.0,6.409e-05,pretrain_full_4gpu_20260926.log,469370,264651,1.664059999999997
2,2,51200,66163,1.6497,1.6497,0.0,6.405e-05,pretrain_full_4gpu_20260926.log,469450,264651,1.664327999999997
2,2,51220,66163,1.6856,1.6856,0.0,6.401e-05,pretrain_full_4gpu_20260926.log,469530,264651,1.666987999999997
2,2,51240,66163,1.7317,1.7317,0.0,6.397e-05,pretrain_full_4gpu_20260926.log,469610,264651,1.6654399999999967
2,2,51260,66163,1.5474,1.5474,0.0,6.394e-05,pretrain_full_4gpu_20260926.log,469690,264651,1.660923999999997
2,2,51280,66163,1.7149,1.7149,0.0,6.39e-05,pretrain_full_4gpu_20260926.log,469770,264651,1.6646559999999968
2,2,51300,66163,1.6111,1.6111,0.0,6.386e-05,pretrain_full_4gpu_20260926.log,469850,264651,1.6661199999999967
2,2,51320,66163,1.7605,1.7605,0.0,6.383e-05,pretrain_full_4gpu_20260926.log,469930,264651,1.667763999999997
2,2,51340,66163,1.6414,1.6414,0.0,6.379e-05,pretrain_full_4gpu_20260926.log,470010,264651,1.6704959999999969
2,2,51360,66163,1.6641,1.6641,0.0,6.375e-05,pretrain_full_4gpu_20260926.log,470090,264651,1.6669959999999966
2,2,51380,66163,1.6774,1.6774,0.0,6.372e-05,pretrain_full_4gpu_20260926.log,470170,264651,1.6692159999999967
2,2,51400,66163,1.6964,1.6964,0.0,6.368e-05,pretrain_full_4gpu_20260926.log,470250,264651,1.6705959999999964
2,2,51420,66163,1.6168,1.6168,0.0,6.364e-05,pretrain_full_4gpu_20260926.log,470330,264651,1.6668679999999965
2,2,51440,66163,1.6674,1.6674,0.0,6.361e-05,pretrain_full_4gpu_20260926.log,470410,264651,1.6641999999999966
2,2,51460,66163,1.6247,1.6247,0.0,6.357e-05,pretrain_full_4gpu_20260926.log,470490,264651,1.6632759999999964
2,2,51480,66163,1.6275,1.6275,0.0,6.353e-05,pretrain_full_4gpu_20260926.log,470570,264651,1.6630719999999963
2,2,51500,66163,1.5826,1.5826,0.0,6.35e-05,pretrain_full_4gpu_20260926.log,470650,264651,1.6585479999999961
2,2,51520,66163,1.6867,1.6867,0.0,6.346e-05,pretrain_full_4gpu_20260926.log,470730,264651,1.6609039999999962
2,2,51540,66163,1.633,1.633,0.0,6.342e-05,pretrain_full_4gpu_20260926.log,470810,264651,1.6593919999999962
2,2,51560,66163,1.7124,1.7124,0.0,6.339e-05,pretrain_full_4gpu_20260926.log,470890,264651,1.6601159999999964
2,2,51580,66163,1.6505,1.6505,0.0,6.335e-05,pretrain_full_4gpu_20260926.log,470970,264651,1.6594279999999964
2,2,51600,66163,1.6738,1.6738,0.0,6.331e-05,pretrain_full_4gpu_20260926.log,471050,264651,1.6599759999999963
2,2,51620,66163,1.7168,1.7168,0.0,6.328e-05,pretrain_full_4gpu_20260926.log,471130,264651,1.6614719999999963
2,2,51640,66163,1.6976,1.6976,0.0,6.324e-05,pretrain_full_4gpu_20260926.log,471210,264651,1.6635439999999964
2,2,51660,66163,1.7219,1.7219,0.0,6.321e-05,pretrain_full_4gpu_20260926.log,471290,264651,1.6683039999999962
2,2,51680,66163,1.6915,1.6915,0.0,6.317e-05,pretrain_full_4gpu_20260926.log,471370,264651,1.6673359999999962
2,2,51700,66163,1.6154,1.6154,0.0,6.313e-05,pretrain_full_4gpu_20260926.log,471450,264651,1.6659639999999962
2,2,51720,66163,1.6779,1.6779,0.0,6.31e-05,pretrain_full_4gpu_20260926.log,471530,264651,1.6656559999999963
2,2,51740,66163,1.6801,1.6801,0.0,6.306e-05,pretrain_full_4gpu_20260926.log,471610,264651,1.6635919999999964
2,2,51760,66163,1.7286,1.7286,0.0,6.303e-05,pretrain_full_4gpu_20260926.log,471690,264651,1.6708399999999963
2,2,51780,66163,1.7128,1.7128,0.0,6.299e-05,pretrain_full_4gpu_20260926.log,471770,264651,1.6707559999999964
2,2,51800,66163,1.6368,1.6368,0.0,6.296e-05,pretrain_full_4gpu_20260926.log,471850,264651,1.6717839999999964
2,2,51820,66163,1.7066,1.7066,0.0,6.292e-05,pretrain_full_4gpu_20260926.log,471930,264651,1.6696279999999966
2,2,51840,66163,1.6342,1.6342,0.0,6.288e-05,pretrain_full_4gpu_20260926.log,472010,264651,1.6693399999999965
2,2,51860,66163,1.6353,1.6353,0.0,6.285e-05,pretrain_full_4gpu_20260926.log,472090,264651,1.6681879999999967
2,2,51880,66163,1.6727,1.6727,0.0,6.281e-05,pretrain_full_4gpu_20260926.log,472170,264651,1.6679999999999966
2,2,51900,66163,1.7012,1.7012,0.0,6.278e-05,pretrain_full_4gpu_20260926.log,472250,264651,1.6681919999999968
2,2,51920,66163,1.7043,1.7043,0.0,6.274e-05,pretrain_full_4gpu_20260926.log,472330,264651,1.671691999999997
2,2,51940,66163,1.6748,1.6748,0.0,6.271e-05,pretrain_full_4gpu_20260926.log,472410,264651,1.671987999999997
2,2,51960,66163,1.6392,1.6392,0.0,6.267e-05,pretrain_full_4gpu_20260926.log,472490,264651,1.6725679999999972
2,2,51980,66163,1.6577,1.6577,0.0,6.264e-05,pretrain_full_4gpu_20260926.log,472570,264651,1.6737759999999973
2,2,52000,66163,1.6883,1.6883,0.0,6.26e-05,pretrain_full_4gpu_20260926.log,472650,264651,1.6780039999999972
2,2,52020,66163,1.6658,1.6658,0.0,6.256e-05,pretrain_full_4gpu_20260926.log,472730,264651,1.6771679999999969
2,2,52040,66163,1.647,1.647,0.0,6.253e-05,pretrain_full_4gpu_20260926.log,472810,264651,1.6777279999999968
2,2,52060,66163,1.8129,1.8129,0.0,6.249e-05,pretrain_full_4gpu_20260926.log,472890,264651,1.6817479999999967
2,2,52080,66163,1.6734,1.6734,0.0,6.246e-05,pretrain_full_4gpu_20260926.log,472970,264651,1.6826639999999966
2,2,52100,66163,1.6773,1.6773,0.0,6.242e-05,pretrain_full_4gpu_20260926.log,473050,264651,1.6828039999999966
2,2,52120,66163,1.7079,1.7079,0.0,6.239e-05,pretrain_full_4gpu_20260926.log,473130,264651,1.6824479999999968
2,2,52140,66163,1.6538,1.6538,0.0,6.235e-05,pretrain_full_4gpu_20260926.log,473210,264651,1.6806959999999966
2,2,52160,66163,1.6744,1.6744,0.0,6.232e-05,pretrain_full_4gpu_20260926.log,473290,264651,1.6787959999999966
2,2,52180,66163,1.5901,1.5901,0.0,6.228e-05,pretrain_full_4gpu_20260926.log,473370,264651,1.6747399999999968
2,2,52200,66163,1.7044,1.7044,0.0,6.225e-05,pretrain_full_4gpu_20260926.log,473450,264651,1.6782999999999968
2,2,52220,66163,1.5937,1.5937,0.0,6.222e-05,pretrain_full_4gpu_20260926.log,473530,264651,1.6749319999999965
2,2,52240,66163,1.6448,1.6448,0.0,6.218e-05,pretrain_full_4gpu_20260926.log,473610,264651,1.6735199999999966
2,2,52260,66163,1.6733,1.6733,0.0,6.215e-05,pretrain_full_4gpu_20260926.log,473690,264651,1.6713079999999965
2,2,52280,66163,1.6176,1.6176,0.0,6.211e-05,pretrain_full_4gpu_20260926.log,473770,264651,1.6674999999999967
2,2,52300,66163,1.6792,1.6792,0.0,6.208e-05,pretrain_full_4gpu_20260926.log,473850,264651,1.6691959999999966
2,2,52320,66163,1.6175,1.6175,0.0,6.204e-05,pretrain_full_4gpu_20260926.log,473930,264651,1.6656319999999964
2,2,52340,66163,1.7242,1.7242,0.0,6.201e-05,pretrain_full_4gpu_20260926.log,474010,264651,1.6692319999999967
2,2,52360,66163,1.615,1.615,0.0,6.197e-05,pretrain_full_4gpu_20260926.log,474090,264651,1.6684199999999967
2,2,52380,66163,1.6427,1.6427,0.0,6.194e-05,pretrain_full_4gpu_20260926.log,474170,264651,1.6672199999999966
2,2,52400,66163,1.666,1.666,0.0,6.19e-05,pretrain_full_4gpu_20260926.log,474250,264651,1.6658119999999965
2,2,52420,66163,1.6719,1.6719,0.0,6.187e-05,pretrain_full_4gpu_20260926.log,474330,264651,1.6645159999999963
2,2,52440,66163,1.6334,1.6334,0.0,6.184e-05,pretrain_full_4gpu_20260926.log,474410,264651,1.6628599999999967
2,2,52460,66163,1.6869,1.6869,0.0,6.18e-05,pretrain_full_4gpu_20260926.log,474490,264651,1.6647679999999965
2,2,52480,66163,1.7018,1.7018,0.0,6.177e-05,pretrain_full_4gpu_20260926.log,474570,264651,1.6665319999999966
2,2,52500,66163,1.774,1.774,0.0,6.173e-05,pretrain_full_4gpu_20260926.log,474650,264651,1.6699599999999968
2,2,52520,66163,1.5135,1.5135,0.0,6.17e-05,pretrain_full_4gpu_20260926.log,474730,264651,1.6638679999999968
2,2,52540,66163,1.609,1.609,0.0,6.167e-05,pretrain_full_4gpu_20260926.log,474810,264651,1.662347999999997
2,2,52560,66163,1.6289,1.6289,0.0,6.163e-05,pretrain_full_4gpu_20260926.log,474890,264651,1.654987999999997
2,2,52580,66163,1.7274,1.7274,0.0,6.16e-05,pretrain_full_4gpu_20260926.log,474970,264651,1.6571479999999972
2,2,52600,66163,1.6613,1.6613,0.0,6.156e-05,pretrain_full_4gpu_20260926.log,475050,264651,1.656507999999997
2,2,52620,66163,1.6453,1.6453,0.0,6.153e-05,pretrain_full_4gpu_20260926.log,475130,264651,1.6540039999999967
2,2,52640,66163,1.5813,1.5813,0.0,6.15e-05,pretrain_full_4gpu_20260926.log,475210,264651,1.6511039999999968
2,2,52660,66163,1.549,1.549,0.0,6.146e-05,pretrain_full_4gpu_20260926.log,475290,264651,1.6460879999999969
2,2,52680,66163,1.6733,1.6733,0.0,6.143e-05,pretrain_full_4gpu_20260926.log,475370,264651,1.6494159999999969
2,2,52700,66163,1.5546,1.5546,0.0,6.14e-05,pretrain_full_4gpu_20260926.log,475450,264651,1.6434239999999969
2,2,52720,66163,1.6338,1.6338,0.0,6.136e-05,pretrain_full_4gpu_20260926.log,475530,264651,1.645027999999997
2,2,52740,66163,1.6277,1.6277,0.0,6.133e-05,pretrain_full_4gpu_20260926.log,475610,264651,1.644343999999997
2,2,52760,66163,1.6968,1.6968,0.0,6.13e-05,pretrain_full_4gpu_20260926.log,475690,264651,1.6452839999999973
2,2,52780,66163,1.6513,1.6513,0.0,6.126e-05,pretrain_full_4gpu_20260926.log,475770,264651,1.646631999999997
2,2,52800,66163,1.6597,1.6597,0.0,6.123e-05,pretrain_full_4gpu_20260926.log,475850,264651,1.645851999999997
2,2,52820,66163,1.6827,1.6827,0.0,6.12e-05,pretrain_full_4gpu_20260926.log,475930,264651,1.648459999999997
2,2,52840,66163,1.6382,1.6382,0.0,6.116e-05,pretrain_full_4gpu_20260926.log,476010,264651,1.6450199999999966
2,2,52860,66163,1.6581,1.6581,0.0,6.113e-05,pretrain_full_4gpu_20260926.log,476090,264651,1.6467439999999964
2,2,52880,66163,1.6507,1.6507,0.0,6.11e-05,pretrain_full_4gpu_20260926.log,476170,264651,1.6470639999999965
2,2,52900,66163,1.6115,1.6115,0.0,6.106e-05,pretrain_full_4gpu_20260926.log,476250,264651,1.6448839999999967
2,2,52920,66163,1.6885,1.6885,0.0,6.103e-05,pretrain_full_4gpu_20260926.log,476330,264651,1.6455479999999967
2,2,52940,66163,1.6928,1.6928,0.0,6.1e-05,pretrain_full_4gpu_20260926.log,476410,264651,1.6479239999999964
2,2,52960,66163,1.6533,1.6533,0.0,6.096e-05,pretrain_full_4gpu_20260926.log,476490,264651,1.6465799999999964
2,2,52980,66163,1.6733,1.6733,0.0,6.093e-05,pretrain_full_4gpu_20260926.log,476570,264651,1.6454399999999965
2,2,53000,66163,1.6391,1.6391,0.0,6.09e-05,pretrain_full_4gpu_20260926.log,476650,264651,1.6400439999999963
2,2,53020,66163,1.6134,1.6134,0.0,6.086e-05,pretrain_full_4gpu_20260926.log,476730,264651,1.6440399999999962
2,2,53040,66163,1.6078,1.6078,0.0,6.083e-05,pretrain_full_4gpu_20260926.log,476810,264651,1.6439919999999961
2,2,53060,66163,1.6639,1.6639,0.0,6.08e-05,pretrain_full_4gpu_20260926.log,476890,264651,1.645391999999996
2,2,53080,66163,1.6908,1.6908,0.0,6.077e-05,pretrain_full_4gpu_20260926.log,476970,264651,1.643927999999996
2,2,53100,66163,1.6771,1.6771,0.0,6.073e-05,pretrain_full_4gpu_20260926.log,477050,264651,1.6445599999999962
2,2,53120,66163,1.7158,1.7158,0.0,6.07e-05,pretrain_full_4gpu_20260926.log,477130,264651,1.6473799999999963
2,2,53140,66163,1.655,1.655,0.0,6.067e-05,pretrain_full_4gpu_20260926.log,477210,264651,1.6503279999999965
2,2,53160,66163,1.6646,1.6646,0.0,6.064e-05,pretrain_full_4gpu_20260926.log,477290,264651,1.6549519999999964
2,2,53180,66163,1.6244,1.6244,0.0,6.06e-05,pretrain_full_4gpu_20260926.log,477370,264651,1.6529959999999966
2,2,53200,66163,1.6838,1.6838,0.0,6.057e-05,pretrain_full_4gpu_20260926.log,477450,264651,1.6581639999999964
2,2,53220,66163,1.618,1.618,0.0,6.054e-05,pretrain_full_4gpu_20260926.log,477530,264651,1.6575319999999965
2,2,53240,66163,1.7053,1.7053,0.0,6.051e-05,pretrain_full_4gpu_20260926.log,477610,264651,1.6606359999999967
2,2,53260,66163,1.599,1.599,0.0,6.047e-05,pretrain_full_4gpu_20260926.log,477690,264651,1.6567239999999963
2,2,53280,66163,1.6232,1.6232,0.0,6.044e-05,pretrain_full_4gpu_20260926.log,477770,264651,1.6555999999999964
2,2,53300,66163,1.6358,1.6358,0.0,6.041e-05,pretrain_full_4gpu_20260926.log,477850,264651,1.6546439999999965
2,2,53320,66163,1.6025,1.6025,0.0,6.038e-05,pretrain_full_4gpu_20260926.log,477930,264651,1.6514359999999966
2,2,53340,66163,1.7134,1.7134,0.0,6.035e-05,pretrain_full_4gpu_20260926.log,478010,264651,1.6544439999999967
2,2,53360,66163,1.6145,1.6145,0.0,6.031e-05,pretrain_full_4gpu_20260926.log,478090,264651,1.6526999999999967
2,2,53380,66163,1.6556,1.6556,0.0,6.028e-05,pretrain_full_4gpu_20260926.log,478170,264651,1.6528959999999966
2,2,53400,66163,1.6553,1.6553,0.0,6.025e-05,pretrain_full_4gpu_20260926.log,478250,264651,1.6546479999999966
2,2,53420,66163,1.6374,1.6374,0.0,6.022e-05,pretrain_full_4gpu_20260926.log,478330,264651,1.6526039999999966
2,2,53440,66163,1.6387,1.6387,0.0,6.019e-05,pretrain_full_4gpu_20260926.log,478410,264651,1.6504399999999968
2,2,53460,66163,1.6586,1.6586,0.0,6.016e-05,pretrain_full_4gpu_20260926.log,478490,264651,1.6506519999999967
2,2,53480,66163,1.6432,1.6432,0.0,6.012e-05,pretrain_full_4gpu_20260926.log,478570,264651,1.6494479999999967
2,2,53500,66163,1.642,1.642,0.0,6.009e-05,pretrain_full_4gpu_20260926.log,478650,264651,1.649563999999997
2,2,53520,66163,1.7023,1.7023,0.0,6.006e-05,pretrain_full_4gpu_20260926.log,478730,264651,1.653119999999997
2,2,53540,66163,1.6371,1.6371,0.0,6.003e-05,pretrain_full_4gpu_20260926.log,478810,264651,1.654291999999997
2,2,53560,66163,1.6455,1.6455,0.0,6e-05,pretrain_full_4gpu_20260926.log,478890,264651,1.653555999999997
2,2,53580,66163,1.6134,1.6134,0.0,5.997e-05,pretrain_full_4gpu_20260926.log,478970,264651,1.6504599999999967
2,2,53600,66163,1.6499,1.6499,0.0,5.993e-05,pretrain_full_4gpu_20260926.log,479050,264651,1.6493719999999967
2,2,53620,66163,1.725,1.725,0.0,5.99e-05,pretrain_full_4gpu_20260926.log,479130,264651,1.6497399999999969
2,2,53640,66163,1.7304,1.7304,0.0,5.987e-05,pretrain_full_4gpu_20260926.log,479210,264651,1.6527559999999968
2,2,53660,66163,1.6618,1.6618,0.0,5.984e-05,pretrain_full_4gpu_20260926.log,479290,264651,1.652643999999997
2,2,53680,66163,1.7021,1.7021,0.0,5.981e-05,pretrain_full_4gpu_20260926.log,479370,264651,1.6557519999999968
2,2,53700,66163,1.6436,1.6436,0.0,5.978e-05,pretrain_full_4gpu_20260926.log,479450,264651,1.654143999999997
2,2,53720,66163,1.5729,1.5729,0.0,5.975e-05,pretrain_full_4gpu_20260926.log,479530,264651,1.6523399999999966
2,2,53740,66163,1.6464,1.6464,0.0,5.972e-05,pretrain_full_4gpu_20260926.log,479610,264651,1.6499839999999966
2,2,53760,66163,1.5829,1.5829,0.0,5.968e-05,pretrain_full_4gpu_20260926.log,479690,264651,1.649339999999997
2,2,53780,66163,1.6877,1.6877,0.0,5.965e-05,pretrain_full_4gpu_20260926.log,479770,264651,1.651919999999997
2,2,53800,66163,1.7129,1.7129,0.0,5.962e-05,pretrain_full_4gpu_20260926.log,479850,264651,1.6550039999999968
2,2,53820,66163,1.7228,1.7228,0.0,5.959e-05,pretrain_full_4gpu_20260926.log,479930,264651,1.6598159999999966
2,2,53840,66163,1.6085,1.6085,0.0,5.956e-05,pretrain_full_4gpu_20260926.log,480010,264651,1.6556199999999968
2,2,53860,66163,1.68,1.68,0.0,5.953e-05,pretrain_full_4gpu_20260926.log,480090,264651,1.6582399999999966
2,2,53880,66163,1.5585,1.5585,0.0,5.95e-05,pretrain_full_4gpu_20260926.log,480170,264651,1.6543559999999968
2,2,53900,66163,1.6496,1.6496,0.0,5.947e-05,pretrain_full_4gpu_20260926.log,480250,264651,1.654127999999997
2,2,53920,66163,1.5633,1.5633,0.0,5.944e-05,pretrain_full_4gpu_20260926.log,480330,264651,1.651163999999997
2,2,53940,66163,1.6072,1.6072,0.0,5.941e-05,pretrain_full_4gpu_20260926.log,480410,264651,1.6499039999999967
2,2,53960,66163,1.627,1.627,0.0,5.938e-05,pretrain_full_4gpu_20260926.log,480490,264651,1.648639999999997
2,2,53980,66163,1.6425,1.6425,0.0,5.935e-05,pretrain_full_4gpu_20260926.log,480570,264651,1.6486119999999969
2,2,54000,66163,1.6612,1.6612,0.0,5.932e-05,pretrain_full_4gpu_20260926.log,480650,264651,1.6493799999999967
2,2,54020,66163,1.6044,1.6044,0.0,5.929e-05,pretrain_full_4gpu_20260926.log,480730,264651,1.6454639999999967
2,2,54040,66163,1.621,1.621,0.0,5.926e-05,pretrain_full_4gpu_20260926.log,480810,264651,1.6448199999999968
2,2,54060,66163,1.5673,1.5673,0.0,5.922e-05,pretrain_full_4gpu_20260926.log,480890,264651,1.641691999999997
2,2,54080,66163,1.6301,1.6301,0.0,5.919e-05,pretrain_full_4gpu_20260926.log,480970,264651,1.6423599999999972
2,2,54100,66163,1.6299,1.6299,0.0,5.916e-05,pretrain_full_4gpu_20260926.log,481050,264651,1.641559999999997
2,2,54120,66163,1.5885,1.5885,0.0,5.913e-05,pretrain_full_4gpu_20260926.log,481130,264651,1.636099999999997
2,2,54140,66163,1.6905,1.6905,0.0,5.91e-05,pretrain_full_4gpu_20260926.log,481210,264651,1.6345039999999968
2,2,54160,66163,1.6963,1.6963,0.0,5.907e-05,pretrain_full_4gpu_20260926.log,481290,264651,1.635883999999997
2,2,54180,66163,1.6722,1.6722,0.0,5.904e-05,pretrain_full_4gpu_20260926.log,481370,264651,1.6346879999999968
2,2,54200,66163,1.6753,1.6753,0.0,5.901e-05,pretrain_full_4gpu_20260926.log,481450,264651,1.6359559999999969
2,2,54220,66163,1.7022,1.7022,0.0,5.898e-05,pretrain_full_4gpu_20260926.log,481530,264651,1.6411279999999968
2,2,54240,66163,1.5737,1.5737,0.0,5.895e-05,pretrain_full_4gpu_20260926.log,481610,264651,1.638219999999997
2,2,54260,66163,1.6601,1.6601,0.0,5.892e-05,pretrain_full_4gpu_20260926.log,481690,264651,1.6413079999999969
2,2,54280,66163,1.6003,1.6003,0.0,5.889e-05,pretrain_full_4gpu_20260926.log,481770,264651,1.6378119999999967
2,2,54300,66163,1.6691,1.6691,0.0,5.886e-05,pretrain_full_4gpu_20260926.log,481850,264651,1.6360599999999967
2,2,54320,66163,1.7055,1.7055,0.0,5.884e-05,pretrain_full_4gpu_20260926.log,481930,264651,1.6353679999999968
2,2,54340,66163,1.6699,1.6699,0.0,5.881e-05,pretrain_full_4gpu_20260926.log,482010,264651,1.6378239999999968
2,2,54360,66163,1.6631,1.6631,0.0,5.878e-05,pretrain_full_4gpu_20260926.log,482090,264651,1.637147999999997
2,2,54380,66163,1.6127,1.6127,0.0,5.875e-05,pretrain_full_4gpu_20260926.log,482170,264651,1.6393159999999967
2,2,54400,66163,1.5353,1.5353,0.0,5.872e-05,pretrain_full_4gpu_20260926.log,482250,264651,1.6347439999999966
2,2,54420,66163,1.7479,1.7479,0.0,5.869e-05,pretrain_full_4gpu_20260926.log,482330,264651,1.6421279999999967
2,2,54440,66163,1.7142,1.7142,0.0,5.866e-05,pretrain_full_4gpu_20260926.log,482410,264651,1.6464079999999968
2,2,54460,66163,1.6922,1.6922,0.0,5.863e-05,pretrain_full_4gpu_20260926.log,482490,264651,1.6490159999999967
2,2,54480,66163,1.6541,1.6541,0.0,5.86e-05,pretrain_full_4gpu_20260926.log,482570,264651,1.6494799999999967
2,2,54500,66163,1.5719,1.5719,0.0,5.857e-05,pretrain_full_4gpu_20260926.log,482650,264651,1.6459079999999966
2,2,54520,66163,1.6484,1.6484,0.0,5.854e-05,pretrain_full_4gpu_20260926.log,482730,264651,1.6476679999999968
2,2,54540,66163,1.6371,1.6371,0.0,5.851e-05,pretrain_full_4gpu_20260926.log,482810,264651,1.6483119999999964
2,2,54560,66163,1.5929,1.5929,0.0,5.848e-05,pretrain_full_4gpu_20260926.log,482890,264651,1.6493359999999964
2,2,54580,66163,1.7323,1.7323,0.0,5.845e-05,pretrain_full_4gpu_20260926.log,482970,264651,1.6534239999999967
2,2,54600,66163,1.5775,1.5775,0.0,5.843e-05,pretrain_full_4gpu_20260926.log,483050,264651,1.6513279999999966
2,2,54620,66163,1.6569,1.6569,0.0,5.84e-05,pretrain_full_4gpu_20260926.log,483130,264651,1.6540639999999964
2,2,54640,66163,1.5955,1.5955,0.0,5.837e-05,pretrain_full_4gpu_20260926.log,483210,264651,1.6502639999999966
2,2,54660,66163,1.5937,1.5937,0.0,5.834e-05,pretrain_full_4gpu_20260926.log,483290,264651,1.6461599999999965
2,2,54680,66163,1.5988,1.5988,0.0,5.831e-05,pretrain_full_4gpu_20260926.log,483370,264651,1.6432239999999965
2,2,54700,66163,1.6476,1.6476,0.0,5.828e-05,pretrain_full_4gpu_20260926.log,483450,264651,1.6421159999999964
2,2,54720,66163,1.6652,1.6652,0.0,5.825e-05,pretrain_full_4gpu_20260926.log,483530,264651,1.6406359999999964
2,2,54740,66163,1.5548,1.5548,0.0,5.822e-05,pretrain_full_4gpu_20260926.log,483610,264651,1.6398799999999962
2,2,54760,66163,1.592,1.592,0.0,5.819e-05,pretrain_full_4gpu_20260926.log,483690,264651,1.6371559999999963
2,2,54780,66163,1.5617,1.5617,0.0,5.817e-05,pretrain_full_4gpu_20260926.log,483770,264651,1.6356119999999965
2,2,54800,66163,1.6412,1.6412,0.0,5.814e-05,pretrain_full_4gpu_20260926.log,483850,264651,1.6344959999999964
2,2,54820,66163,1.5721,1.5721,0.0,5.811e-05,pretrain_full_4gpu_20260926.log,483930,264651,1.6291599999999962
2,2,54840,66163,1.6407,1.6407,0.0,5.808e-05,pretrain_full_4gpu_20260926.log,484010,264651,1.6279919999999963
2,2,54860,66163,1.585,1.585,0.0,5.805e-05,pretrain_full_4gpu_20260926.log,484090,264651,1.6248679999999964
2,2,54880,66163,1.7092,1.7092,0.0,5.802e-05,pretrain_full_4gpu_20260926.log,484170,264651,1.6287279999999966
2,2,54900,66163,1.5774,1.5774,0.0,5.8e-05,pretrain_full_4gpu_20260926.log,484250,264651,1.6304119999999966
2,2,54920,66163,1.6789,1.6789,0.0,5.797e-05,pretrain_full_4gpu_20260926.log,484330,264651,1.6276519999999965
2,2,54940,66163,1.6234,1.6234,0.0,5.794e-05,pretrain_full_4gpu_20260926.log,484410,264651,1.6240199999999965
2,2,54960,66163,1.6273,1.6273,0.0,5.791e-05,pretrain_full_4gpu_20260926.log,484490,264651,1.6214239999999964
2,2,54980,66163,1.6822,1.6822,0.0,5.788e-05,pretrain_full_4gpu_20260926.log,484570,264651,1.6225479999999965
2,2,55000,66163,1.6543,1.6543,0.0,5.786e-05,pretrain_full_4gpu_20260926.log,484650,264651,1.6258439999999965
2,2,55020,66163,1.6201,1.6201,0.0,5.783e-05,pretrain_full_4gpu_20260926.log,484730,264651,1.6247119999999964
2,2,55040,66163,1.5817,1.5817,0.0,5.78e-05,pretrain_full_4gpu_20260926.log,484810,264651,1.6224959999999964
2,2,55060,66163,1.6418,1.6418,0.0,5.777e-05,pretrain_full_4gpu_20260926.log,484890,264651,1.6244519999999967
2,2,55080,66163,1.7311,1.7311,0.0,5.774e-05,pretrain_full_4gpu_20260926.log,484970,264651,1.6244039999999964
2,2,55100,66163,1.6208,1.6208,0.0,5.772e-05,pretrain_full_4gpu_20260926.log,485050,264651,1.6261359999999965
2,2,55120,66163,1.6661,1.6661,0.0,5.769e-05,pretrain_full_4gpu_20260926.log,485130,264651,1.6265039999999964
2,2,55140,66163,1.6841,1.6841,0.0,5.766e-05,pretrain_full_4gpu_20260926.log,485210,264651,1.6300479999999964
2,2,55160,66163,1.6772,1.6772,0.0,5.763e-05,pretrain_full_4gpu_20260926.log,485290,264651,1.6333879999999965
2,2,55180,66163,1.6651,1.6651,0.0,5.761e-05,pretrain_full_4gpu_20260926.log,485370,264651,1.6360399999999968
2,2,55200,66163,1.6672,1.6672,0.0,5.758e-05,pretrain_full_4gpu_20260926.log,485450,264651,1.636823999999997
2,2,55220,66163,1.6522,1.6522,0.0,5.755e-05,pretrain_full_4gpu_20260926.log,485530,264651,1.6363039999999969
2,2,55240,66163,1.6529,1.6529,0.0,5.752e-05,pretrain_full_4gpu_20260926.log,485610,264651,1.6402279999999971
2,2,55260,66163,1.6997,1.6997,0.0,5.75e-05,pretrain_full_4gpu_20260926.log,485690,264651,1.6445359999999971
2,2,55280,66163,1.7073,1.7073,0.0,5.747e-05,pretrain_full_4gpu_20260926.log,485770,264651,1.6503599999999972
2,2,55300,66163,1.6066,1.6066,0.0,5.744e-05,pretrain_full_4gpu_20260926.log,485850,264651,1.6489759999999973
2,2,55320,66163,1.6061,1.6061,0.0,5.741e-05,pretrain_full_4gpu_20260926.log,485930,264651,1.6503359999999971
2,2,55340,66163,1.7158,1.7158,0.0,5.739e-05,pretrain_full_4gpu_20260926.log,486010,264651,1.6533399999999971
2,2,55360,66163,1.6102,1.6102,0.0,5.736e-05,pretrain_full_4gpu_20260926.log,486090,264651,1.654347999999997
2,2,55380,66163,1.7405,1.7405,0.0,5.733e-05,pretrain_full_4gpu_20260926.log,486170,264651,1.6555999999999969
2,2,55400,66163,1.6292,1.6292,0.0,5.731e-05,pretrain_full_4gpu_20260926.log,486250,264651,1.657671999999997
2,2,55420,66163,1.6668,1.6668,0.0,5.728e-05,pretrain_full_4gpu_20260926.log,486330,264651,1.657187999999997
2,2,55440,66163,1.6443,1.6443,0.0,5.725e-05,pretrain_full_4gpu_20260926.log,486410,264651,1.6580239999999973
2,2,55460,66163,1.6775,1.6775,0.0,5.722e-05,pretrain_full_4gpu_20260926.log,486490,264651,1.6600319999999973
2,2,55480,66163,1.6271,1.6271,0.0,5.72e-05,pretrain_full_4gpu_20260926.log,486570,264651,1.6578279999999972
2,2,55500,66163,1.6528,1.6528,0.0,5.717e-05,pretrain_full_4gpu_20260926.log,486650,264651,1.6577679999999972
2,2,55520,66163,1.7095,1.7095,0.0,5.714e-05,pretrain_full_4gpu_20260926.log,486730,264651,1.661343999999997
2,2,55540,66163,1.6848,1.6848,0.0,5.712e-05,pretrain_full_4gpu_20260926.log,486810,264651,1.6654679999999973
2,2,55560,66163,1.6409,1.6409,0.0,5.709e-05,pretrain_full_4gpu_20260926.log,486890,264651,1.6654319999999974
2,2,55580,66163,1.6501,1.6501,0.0,5.706e-05,pretrain_full_4gpu_20260926.log,486970,264651,1.6621919999999974
2,2,55600,66163,1.6872,1.6872,0.0,5.704e-05,pretrain_full_4gpu_20260926.log,487050,264651,1.6648479999999972
2,2,55620,66163,1.6397,1.6397,0.0,5.701e-05,pretrain_full_4gpu_20260926.log,487130,264651,1.663791999999997
2,2,55640,66163,1.5914,1.5914,0.0,5.699e-05,pretrain_full_4gpu_20260926.log,487210,264651,1.660083999999997
2,2,55660,66163,1.6921,1.6921,0.0,5.696e-05,pretrain_full_4gpu_20260926.log,487290,264651,1.660679999999997
2,2,55680,66163,1.7686,1.7686,0.0,5.693e-05,pretrain_full_4gpu_20260926.log,487370,264651,1.6648199999999969
2,2,55700,66163,1.6665,1.6665,0.0,5.691e-05,pretrain_full_4gpu_20260926.log,487450,264651,1.6647919999999967
2,2,55720,66163,1.6614,1.6614,0.0,5.688e-05,pretrain_full_4gpu_20260926.log,487530,264651,1.6651599999999969
2,2,55740,66163,1.7466,1.7466,0.0,5.685e-05,pretrain_full_4gpu_20260926.log,487610,264651,1.6689079999999967
2,2,55760,66163,1.7127,1.7127,0.0,5.683e-05,pretrain_full_4gpu_20260926.log,487690,264651,1.6694279999999966
2,2,55780,66163,1.6734,1.6734,0.0,5.68e-05,pretrain_full_4gpu_20260926.log,487770,264651,1.668071999999997
2,2,55800,66163,1.674,1.674,0.0,5.678e-05,pretrain_full_4gpu_20260926.log,487850,264651,1.6707679999999967
2,2,55820,66163,1.56,1.56,0.0,5.675e-05,pretrain_full_4gpu_20260926.log,487930,264651,1.668923999999997
2,2,55840,66163,1.6133,1.6133,0.0,5.672e-05,pretrain_full_4gpu_20260926.log,488010,264651,1.664823999999997
2,2,55860,66163,1.7262,1.7262,0.0,5.67e-05,pretrain_full_4gpu_20260926.log,488090,264651,1.669463999999997
2,2,55880,66163,1.6421,1.6421,0.0,5.667e-05,pretrain_full_4gpu_20260926.log,488170,264651,1.665527999999997
2,2,55900,66163,1.6982,1.6982,0.0,5.665e-05,pretrain_full_4gpu_20260926.log,488250,264651,1.668287999999997
2,2,55920,66163,1.6194,1.6194,0.0,5.662e-05,pretrain_full_4gpu_20260926.log,488330,264651,1.666391999999997
2,2,55940,66163,1.6539,1.6539,0.0,5.659e-05,pretrain_full_4gpu_20260926.log,488410,264651,1.666775999999997
2,2,55960,66163,1.673,1.673,0.0,5.657e-05,pretrain_full_4gpu_20260926.log,488490,264651,1.666595999999997
2,2,55980,66163,1.6386,1.6386,0.0,5.654e-05,pretrain_full_4gpu_20260926.log,488570,264651,1.667055999999997
2,2,56000,66163,1.6236,1.6236,0.0,5.652e-05,pretrain_full_4gpu_20260926.log,488650,264651,1.6658879999999971
2,2,56020,66163,1.6257,1.6257,0.0,5.649e-05,pretrain_full_4gpu_20260926.log,488730,264651,1.6625359999999971
2,2,56040,66163,1.6645,1.6645,0.0,5.647e-05,pretrain_full_4gpu_20260926.log,488810,264651,1.6617239999999969
2,2,56060,66163,1.6662,1.6662,0.0,5.644e-05,pretrain_full_4gpu_20260926.log,488890,264651,1.662735999999997
2,2,56080,66163,1.646,1.646,0.0,5.642e-05,pretrain_full_4gpu_20260926.log,488970,264651,1.662571999999997
2,2,56100,66163,1.6456,1.6456,0.0,5.639e-05,pretrain_full_4gpu_20260926.log,489050,264651,1.6609079999999972
2,2,56120,66163,1.6794,1.6794,0.0,5.637e-05,pretrain_full_4gpu_20260926.log,489130,264651,1.6624959999999973
2,2,56140,66163,1.5751,1.5751,0.0,5.634e-05,pretrain_full_4gpu_20260926.log,489210,264651,1.6618439999999972
2,2,56160,66163,1.6566,1.6566,0.0,5.632e-05,pretrain_full_4gpu_20260926.log,489290,264651,1.660423999999997
2,2,56180,66163,1.669,1.669,0.0,5.629e-05,pretrain_full_4gpu_20260926.log,489370,264651,1.656439999999997
2,2,56200,66163,1.6627,1.6627,0.0,5.626e-05,pretrain_full_4gpu_20260926.log,489450,264651,1.656287999999997
2,2,56220,66163,1.6132,1.6132,0.0,5.624e-05,pretrain_full_4gpu_20260926.log,489530,264651,1.654359999999997
2,2,56240,66163,1.6914,1.6914,0.0,5.621e-05,pretrain_full_4gpu_20260926.log,489610,264651,1.652151999999997
2,2,56260,66163,1.5655,1.5655,0.0,5.619e-05,pretrain_full_4gpu_20260926.log,489690,264651,1.646263999999997
2,2,56280,66163,1.6302,1.6302,0.0,5.617e-05,pretrain_full_4gpu_20260926.log,489770,264651,1.6445359999999971
2,2,56300,66163,1.5844,1.5844,0.0,5.614e-05,pretrain_full_4gpu_20260926.log,489850,264651,1.6409519999999973
2,2,56320,66163,1.7396,1.7396,0.0,5.612e-05,pretrain_full_4gpu_20260926.log,489930,264651,1.6481359999999972
2,2,56340,66163,1.6362,1.6362,0.0,5.609e-05,pretrain_full_4gpu_20260926.log,490010,264651,1.6490519999999973
2,2,56360,66163,1.691,1.691,0.0,5.607e-05,pretrain_full_4gpu_20260926.log,490090,264651,1.6476439999999974
2,2,56380,66163,1.6542,1.6542,0.0,5.604e-05,pretrain_full_4gpu_20260926.log,490170,264651,1.6481279999999976
2,2,56400,66163,1.6504,1.6504,0.0,5.602e-05,pretrain_full_4gpu_20260926.log,490250,264651,1.6462159999999975
2,2,56420,66163,1.5675,1.5675,0.0,5.599e-05,pretrain_full_4gpu_20260926.log,490330,264651,1.6441399999999975
2,2,56440,66163,1.6295,1.6295,0.0,5.597e-05,pretrain_full_4gpu_20260926.log,490410,264651,1.6431639999999976
2,2,56460,66163,1.5163,1.5163,0.0,5.594e-05,pretrain_full_4gpu_20260926.log,490490,264651,1.6368959999999975
2,2,56480,66163,1.5533,1.5533,0.0,5.592e-05,pretrain_full_4gpu_20260926.log,490570,264651,1.6334839999999977
2,2,56500,66163,1.6574,1.6574,0.0,5.589e-05,pretrain_full_4gpu_20260926.log,490650,264651,1.6348359999999977
2,2,56520,66163,1.6602,1.6602,0.0,5.587e-05,pretrain_full_4gpu_20260926.log,490730,264651,1.6362159999999977
2,2,56540,66163,1.7581,1.7581,0.0,5.585e-05,pretrain_full_4gpu_20260926.log,490810,264651,1.6399599999999979
2,2,56560,66163,1.5871,1.5871,0.0,5.582e-05,pretrain_full_4gpu_20260926.log,490890,264651,1.6367959999999977
2,2,56580,66163,1.6931,1.6931,0.0,5.58e-05,pretrain_full_4gpu_20260926.log,490970,264651,1.6386799999999977
2,2,56600,66163,1.641,1.641,0.0,5.577e-05,pretrain_full_4gpu_20260926.log,491050,264651,1.6384959999999975
2,2,56620,66163,1.6992,1.6992,0.0,5.575e-05,pretrain_full_4gpu_20260926.log,491130,264651,1.6392879999999974
2,2,56640,66163,1.5969,1.5969,0.0,5.573e-05,pretrain_full_4gpu_20260926.log,491210,264651,1.6401599999999974
2,2,56660,66163,1.5586,1.5586,0.0,5.57e-05,pretrain_full_4gpu_20260926.log,491290,264651,1.6362399999999975
2,2,56680,66163,1.8163,1.8163,0.0,5.568e-05,pretrain_full_4gpu_20260926.log,491370,264651,1.6421319999999975
2,2,56700,66163,1.6327,1.6327,0.0,5.565e-05,pretrain_full_4gpu_20260926.log,491450,264651,1.6409319999999974
2,2,56720,66163,1.6982,1.6982,0.0,5.563e-05,pretrain_full_4gpu_20260926.log,491530,264651,1.6443319999999975
2,2,56740,66163,1.6746,1.6746,0.0,5.561e-05,pretrain_full_4gpu_20260926.log,491610,264651,1.6436599999999972
2,2,56760,66163,1.5642,1.5642,0.0,5.558e-05,pretrain_full_4gpu_20260926.log,491690,264651,1.6436079999999973
2,2,56780,66163,1.6077,1.6077,0.0,5.556e-05,pretrain_full_4gpu_20260926.log,491770,264651,1.6427079999999972
2,2,56800,66163,1.5794,1.5794,0.0,5.554e-05,pretrain_full_4gpu_20260926.log,491850,264651,1.6425079999999972
2,2,56820,66163,1.6786,1.6786,0.0,5.551e-05,pretrain_full_4gpu_20260926.log,491930,264651,1.6400679999999972
2,2,56840,66163,1.6938,1.6938,0.0,5.549e-05,pretrain_full_4gpu_20260926.log,492010,264651,1.6423719999999973
2,2,56860,66163,1.7155,1.7155,0.0,5.547e-05,pretrain_full_4gpu_20260926.log,492090,264651,1.643351999999997
2,2,56880,66163,1.6516,1.6516,0.0,5.544e-05,pretrain_full_4gpu_20260926.log,492170,264651,1.643247999999997
2,2,56900,66163,1.6181,1.6181,0.0,5.542e-05,pretrain_full_4gpu_20260926.log,492250,264651,1.641955999999997
2,2,56920,66163,1.6933,1.6933,0.0,5.54e-05,pretrain_full_4gpu_20260926.log,492330,264651,1.646987999999997
2,2,56940,66163,1.6622,1.6622,0.0,5.537e-05,pretrain_full_4gpu_20260926.log,492410,264651,1.6482959999999969
2,2,56960,66163,1.6336,1.6336,0.0,5.535e-05,pretrain_full_4gpu_20260926.log,492490,264651,1.6529879999999968
2,2,56980,66163,1.6274,1.6274,0.0,5.533e-05,pretrain_full_4gpu_20260926.log,492570,264651,1.655951999999997
2,2,57000,66163,1.7179,1.7179,0.0,5.53e-05,pretrain_full_4gpu_20260926.log,492650,264651,1.6583719999999968
2,2,57020,66163,1.6719,1.6719,0.0,5.528e-05,pretrain_full_4gpu_20260926.log,492730,264651,1.6588399999999968
2,2,57040,66163,1.7311,1.7311,0.0,5.526e-05,pretrain_full_4gpu_20260926.log,492810,264651,1.6577599999999968
2,2,57060,66163,1.6553,1.6553,0.0,5.523e-05,pretrain_full_4gpu_20260926.log,492890,264651,1.6604879999999966
2,2,57080,66163,1.7153,1.7153,0.0,5.521e-05,pretrain_full_4gpu_20260926.log,492970,264651,1.6613759999999964
2,2,57100,66163,1.5319,1.5319,0.0,5.519e-05,pretrain_full_4gpu_20260926.log,493050,264651,1.6570119999999966
2,2,57120,66163,1.5805,1.5805,0.0,5.517e-05,pretrain_full_4gpu_20260926.log,493130,264651,1.6522639999999966
2,2,57140,66163,1.6024,1.6024,0.0,5.514e-05,pretrain_full_4gpu_20260926.log,493210,264651,1.652483999999997
2,2,57160,66163,1.6694,1.6694,0.0,5.512e-05,pretrain_full_4gpu_20260926.log,493290,264651,1.6569159999999972
2,2,57180,66163,1.6868,1.6868,0.0,5.51e-05,pretrain_full_4gpu_20260926.log,493370,264651,1.651735999999997
2,2,57200,66163,1.6079,1.6079,0.0,5.507e-05,pretrain_full_4gpu_20260926.log,493450,264651,1.650743999999997
2,2,57220,66163,1.7438,1.7438,0.0,5.505e-05,pretrain_full_4gpu_20260926.log,493530,264651,1.6525679999999972
2,2,57240,66163,1.6726,1.6726,0.0,5.503e-05,pretrain_full_4gpu_20260926.log,493610,264651,1.6524879999999973
2,2,57260,66163,1.6734,1.6734,0.0,5.501e-05,pretrain_full_4gpu_20260926.log,493690,264651,1.6568559999999974
2,2,57280,66163,1.6383,1.6383,0.0,5.499e-05,pretrain_full_4gpu_20260926.log,493770,264651,1.6580799999999973
2,2,57300,66163,1.7596,1.7596,0.0,5.496e-05,pretrain_full_4gpu_20260926.log,493850,264651,1.6652879999999974
2,2,57320,66163,1.6013,1.6013,0.0,5.494e-05,pretrain_full_4gpu_20260926.log,493930,264651,1.6621959999999973
2,2,57340,66163,1.7394,1.7394,0.0,5.492e-05,pretrain_full_4gpu_20260926.log,494010,264651,1.6640199999999974
2,2,57360,66163,1.6379,1.6379,0.0,5.49e-05,pretrain_full_4gpu_20260926.log,494090,264651,1.6609159999999974
2,2,57380,66163,1.6878,1.6878,0.0,5.487e-05,pretrain_full_4gpu_20260926.log,494170,264651,1.6623639999999975
2,2,57400,66163,1.676,1.676,0.0,5.485e-05,pretrain_full_4gpu_20260926.log,494250,264651,1.6646799999999977
2,2,57420,66163,1.6786,1.6786,0.0,5.483e-05,pretrain_full_4gpu_20260926.log,494330,264651,1.6640919999999977
2,2,57440,66163,1.7051,1.7051,0.0,5.481e-05,pretrain_full_4gpu_20260926.log,494410,264651,1.6658079999999977
2,2,57460,66163,1.6293,1.6293,0.0,5.479e-05,pretrain_full_4gpu_20260926.log,494490,264651,1.665635999999998
2,2,57480,66163,1.6998,1.6998,0.0,5.476e-05,pretrain_full_4gpu_20260926.log,494570,264651,1.668531999999998
2,2,57500,66163,1.6356,1.6356,0.0,5.474e-05,pretrain_full_4gpu_20260926.log,494650,264651,1.6652399999999978
2,2,57520,66163,1.7163,1.7163,0.0,5.472e-05,pretrain_full_4gpu_20260926.log,494730,264651,1.6670159999999976
2,2,57540,66163,1.6658,1.6658,0.0,5.47e-05,pretrain_full_4gpu_20260926.log,494810,264651,1.6644039999999976
2,2,57560,66163,1.6471,1.6471,0.0,5.468e-05,pretrain_full_4gpu_20260926.log,494890,264651,1.6640759999999977
2,2,57580,66163,1.5277,1.5277,0.0,5.466e-05,pretrain_full_4gpu_20260926.log,494970,264651,1.656571999999998
2,2,57600,66163,1.6428,1.6428,0.0,5.463e-05,pretrain_full_4gpu_20260926.log,495050,264651,1.661007999999998
2,2,57620,66163,1.6102,1.6102,0.0,5.461e-05,pretrain_full_4gpu_20260926.log,495130,264651,1.6621959999999978
2,2,57640,66163,1.6105,1.6105,0.0,5.459e-05,pretrain_full_4gpu_20260926.log,495210,264651,1.6625199999999978
2,2,57660,66163,1.6508,1.6508,0.0,5.457e-05,pretrain_full_4gpu_20260926.log,495290,264651,1.6617759999999975
2,2,57680,66163,1.613,1.613,0.0,5.455e-05,pretrain_full_4gpu_20260926.log,495370,264651,1.6588239999999976
2,2,57700,66163,1.6892,1.6892,0.0,5.453e-05,pretrain_full_4gpu_20260926.log,495450,264651,1.6620759999999977
2,2,57720,66163,1.704,1.704,0.0,5.451e-05,pretrain_full_4gpu_20260926.log,495530,264651,1.6604839999999976
2,2,57740,66163,1.709,1.709,0.0,5.448e-05,pretrain_full_4gpu_20260926.log,495610,264651,1.6619399999999975
2,2,57760,66163,1.6343,1.6343,0.0,5.446e-05,pretrain_full_4gpu_20260926.log,495690,264651,1.6603759999999976
2,2,57780,66163,1.6051,1.6051,0.0,5.444e-05,pretrain_full_4gpu_20260926.log,495770,264651,1.6590479999999976
2,2,57800,66163,1.6349,1.6349,0.0,5.442e-05,pretrain_full_4gpu_20260926.log,495850,264651,1.6540599999999979
2,2,57820,66163,1.5576,1.5576,0.0,5.44e-05,pretrain_full_4gpu_20260926.log,495930,264651,1.6523119999999978
2,2,57840,66163,1.6051,1.6051,0.0,5.438e-05,pretrain_full_4gpu_20260926.log,496010,264651,1.6469399999999976
2,2,57860,66163,1.6623,1.6623,0.0,5.436e-05,pretrain_full_4gpu_20260926.log,496090,264651,1.6479159999999977
2,2,57880,66163,1.6957,1.6957,0.0,5.434e-05,pretrain_full_4gpu_20260926.log,496170,264651,1.6482319999999975
2,2,57900,66163,1.6221,1.6221,0.0,5.432e-05,pretrain_full_4gpu_20260926.log,496250,264651,1.6460759999999977
2,2,57920,66163,1.6148,1.6148,0.0,5.429e-05,pretrain_full_4gpu_20260926.log,496330,264651,1.6435239999999975
2,2,57940,66163,1.598,1.598,0.0,5.427e-05,pretrain_full_4gpu_20260926.log,496410,264651,1.6392399999999976
2,2,57960,66163,1.6778,1.6778,0.0,5.425e-05,pretrain_full_4gpu_20260926.log,496490,264651,1.6411799999999974
2,2,57980,66163,1.6208,1.6208,0.0,5.423e-05,pretrain_full_4gpu_20260926.log,496570,264651,1.6380199999999974
2,2,58000,66163,1.6679,1.6679,0.0,5.421e-05,pretrain_full_4gpu_20260926.log,496650,264651,1.6393119999999977
2,2,58020,66163,1.716,1.716,0.0,5.419e-05,pretrain_full_4gpu_20260926.log,496730,264651,1.6392999999999978
2,2,58040,66163,1.7144,1.7144,0.0,5.417e-05,pretrain_full_4gpu_20260926.log,496810,264651,1.6412439999999977
2,2,58060,66163,1.7077,1.7077,0.0,5.415e-05,pretrain_full_4gpu_20260926.log,496890,264651,1.643667999999998
2,2,58080,66163,1.6646,1.6646,0.0,5.413e-05,pretrain_full_4gpu_20260926.log,496970,264651,1.6491439999999977
2,2,58100,66163,1.5665,1.5665,0.0,5.411e-05,pretrain_full_4gpu_20260926.log,497050,264651,1.6460919999999977
2,2,58120,66163,1.6473,1.6473,0.0,5.409e-05,pretrain_full_4gpu_20260926.log,497130,264651,1.6475759999999977
2,2,58140,66163,1.7445,1.7445,0.0,5.407e-05,pretrain_full_4gpu_20260926.log,497210,264651,1.6529359999999977
2,2,58160,66163,1.696,1.696,0.0,5.405e-05,pretrain_full_4gpu_20260926.log,497290,264651,1.6547439999999978
2,2,58180,66163,1.6799,1.6799,0.0,5.403e-05,pretrain_full_4gpu_20260926.log,497370,264651,1.657419999999998
2,2,58200,66163,1.5789,1.5789,0.0,5.401e-05,pretrain_full_4gpu_20260926.log,497450,264651,1.6530079999999978
2,2,58220,66163,1.6754,1.6754,0.0,5.399e-05,pretrain_full_4gpu_20260926.log,497530,264651,1.651863999999998
2,2,58240,66163,1.678,1.678,0.0,5.397e-05,pretrain_full_4gpu_20260926.log,497610,264651,1.6506239999999976
2,2,58260,66163,1.7177,1.7177,0.0,5.395e-05,pretrain_full_4gpu_20260926.log,497690,264651,1.6539599999999977
2,2,58280,66163,1.5891,1.5891,0.0,5.393e-05,pretrain_full_4gpu_20260926.log,497770,264651,1.6533199999999977
2,2,58300,66163,1.5708,1.5708,0.0,5.391e-05,pretrain_full_4gpu_20260926.log,497850,264651,1.6507559999999974
2,2,58320,66163,1.5961,1.5961,0.0,5.389e-05,pretrain_full_4gpu_20260926.log,497930,264651,1.6522959999999975
2,2,58340,66163,1.612,1.612,0.0,5.387e-05,pretrain_full_4gpu_20260926.log,498010,264651,1.6525719999999975
2,2,58360,66163,1.6465,1.6465,0.0,5.385e-05,pretrain_full_4gpu_20260926.log,498090,264651,1.6519399999999975
2,2,58380,66163,1.7839,1.7839,0.0,5.383e-05,pretrain_full_4gpu_20260926.log,498170,264651,1.6554679999999977
2,2,58400,66163,1.6929,1.6929,0.0,5.381e-05,pretrain_full_4gpu_20260926.log,498250,264651,1.6582999999999977
2,2,58420,66163,1.716,1.716,0.0,5.379e-05,pretrain_full_4gpu_20260926.log,498330,264651,1.6623479999999975
2,2,58440,66163,1.6667,1.6667,0.0,5.377e-05,pretrain_full_4gpu_20260926.log,498410,264651,1.6650959999999975
2,2,58460,66163,1.6385,1.6385,0.0,5.375e-05,pretrain_full_4gpu_20260926.log,498490,264651,1.6635239999999976
2,2,58480,66163,1.6934,1.6934,0.0,5.373e-05,pretrain_full_4gpu_20260926.log,498570,264651,1.6664279999999974
2,2,58500,66163,1.5673,1.5673,0.0,5.371e-05,pretrain_full_4gpu_20260926.log,498650,264651,1.6624039999999973
2,2,58520,66163,1.6439,1.6439,0.0,5.369e-05,pretrain_full_4gpu_20260926.log,498730,264651,1.6595199999999974
2,2,58540,66163,1.607,1.607,0.0,5.367e-05,pretrain_full_4gpu_20260926.log,498810,264651,1.6552239999999976
2,2,58560,66163,1.6037,1.6037,0.0,5.366e-05,pretrain_full_4gpu_20260926.log,498890,264651,1.6510639999999972
2,2,58580,66163,1.6633,1.6633,0.0,5.364e-05,pretrain_full_4gpu_20260926.log,498970,264651,1.6510119999999973
2,2,58600,66163,1.6237,1.6237,0.0,5.362e-05,pretrain_full_4gpu_20260926.log,499050,264651,1.6532999999999973
2,2,58620,66163,1.6889,1.6889,0.0,5.36e-05,pretrain_full_4gpu_20260926.log,499130,264651,1.654963999999997
2,2,58640,66163,1.6073,1.6073,0.0,5.358e-05,pretrain_full_4gpu_20260926.log,499210,264651,1.649475999999997
2,2,58660,66163,1.6894,1.6894,0.0,5.356e-05,pretrain_full_4gpu_20260926.log,499290,264651,1.6492119999999972
2,2,58680,66163,1.5909,1.5909,0.0,5.354e-05,pretrain_full_4gpu_20260926.log,499370,264651,1.6456519999999972
2,2,58700,66163,1.6257,1.6257,0.0,5.352e-05,pretrain_full_4gpu_20260926.log,499450,264651,1.6475239999999973
2,2,58720,66163,1.7192,1.7192,0.0,5.35e-05,pretrain_full_4gpu_20260926.log,499530,264651,1.6492759999999973
2,2,58740,66163,1.6189,1.6189,0.0,5.348e-05,pretrain_full_4gpu_20260926.log,499610,264651,1.6469119999999975
2,2,58760,66163,1.599,1.599,0.0,5.347e-05,pretrain_full_4gpu_20260926.log,499690,264651,1.6421639999999973
2,2,58780,66163,1.7017,1.7017,0.0,5.345e-05,pretrain_full_4gpu_20260926.log,499770,264651,1.6466679999999974
2,2,58800,66163,1.519,1.519,0.0,5.343e-05,pretrain_full_4gpu_20260926.log,499850,264651,1.6445959999999973
2,2,58820,66163,1.6512,1.6512,0.0,5.341e-05,pretrain_full_4gpu_20260926.log,499930,264651,1.6467999999999976
2,2,58840,66163,1.6138,1.6138,0.0,5.339e-05,pretrain_full_4gpu_20260926.log,500010,264651,1.6468719999999974
2,2,58860,66163,1.5859,1.5859,0.0,5.337e-05,pretrain_full_4gpu_20260926.log,500090,264651,1.6444479999999972
2,2,58880,66163,1.6704,1.6704,0.0,5.336e-05,pretrain_full_4gpu_20260926.log,500170,264651,1.6399079999999973
2,2,58900,66163,1.7281,1.7281,0.0,5.334e-05,pretrain_full_4gpu_20260926.log,500250,264651,1.641315999999997
2,2,58920,66163,1.6143,1.6143,0.0,5.332e-05,pretrain_full_4gpu_20260926.log,500330,264651,1.637247999999997
2,2,58940,66163,1.648,1.648,0.0,5.33e-05,pretrain_full_4gpu_20260926.log,500410,264651,1.6364999999999972
2,2,58960,66163,1.6369,1.6369,0.0,5.328e-05,pretrain_full_4gpu_20260926.log,500490,264651,1.6364359999999971
2,2,58980,66163,1.6846,1.6846,0.0,5.326e-05,pretrain_full_4gpu_20260926.log,500570,264651,1.6360839999999974
2,2,59000,66163,1.5902,1.5902,0.0,5.325e-05,pretrain_full_4gpu_20260926.log,500650,264651,1.6369999999999973
2,2,59020,66163,1.7278,1.7278,0.0,5.323e-05,pretrain_full_4gpu_20260926.log,500730,264651,1.6403559999999973
2,2,59040,66163,1.6893,1.6893,0.0,5.321e-05,pretrain_full_4gpu_20260926.log,500810,264651,1.6436479999999976
2,2,59060,66163,1.7454,1.7454,0.0,5.319e-05,pretrain_full_4gpu_20260926.log,500890,264651,1.6493159999999971
2,2,59080,66163,1.5851,1.5851,0.0,5.317e-05,pretrain_full_4gpu_20260926.log,500970,264651,1.646187999999997
2,2,59100,66163,1.6103,1.6103,0.0,5.316e-05,pretrain_full_4gpu_20260926.log,501050,264651,1.6456519999999972
2,2,59120,66163,1.5939,1.5939,0.0,5.314e-05,pretrain_full_4gpu_20260926.log,501130,264651,1.6418519999999972
2,2,59140,66163,1.7709,1.7709,0.0,5.312e-05,pretrain_full_4gpu_20260926.log,501210,264651,1.648395999999997
2,2,59160,66163,1.6253,1.6253,0.0,5.31e-05,pretrain_full_4gpu_20260926.log,501290,264651,1.6458319999999973
2,2,59180,66163,1.6516,1.6516,0.0,5.308e-05,pretrain_full_4gpu_20260926.log,501370,264651,1.6482599999999974
2,2,59200,66163,1.6773,1.6773,0.0,5.307e-05,pretrain_full_4gpu_20260926.log,501450,264651,1.6503239999999975
2,2,59220,66163,1.6049,1.6049,0.0,5.305e-05,pretrain_full_4gpu_20260926.log,501530,264651,1.6457519999999974
2,2,59240,66163,1.7292,1.7292,0.0,5.303e-05,pretrain_full_4gpu_20260926.log,501610,264651,1.6501639999999975
2,2,59260,66163,1.6428,1.6428,0.0,5.301e-05,pretrain_full_4gpu_20260926.log,501690,264651,1.6519159999999977
2,2,59280,66163,1.6191,1.6191,0.0,5.3e-05,pretrain_full_4gpu_20260926.log,501770,264651,1.6486119999999977
2,2,59300,66163,1.6359,1.6359,0.0,5.298e-05,pretrain_full_4gpu_20260926.log,501850,264651,1.6532879999999976
2,2,59320,66163,1.6208,1.6208,0.0,5.296e-05,pretrain_full_4gpu_20260926.log,501930,264651,1.6520719999999978
2,2,59340,66163,1.6772,1.6772,0.0,5.295e-05,pretrain_full_4gpu_20260926.log,502010,264651,1.6546079999999979
2,2,59360,66163,1.5762,1.5762,0.0,5.293e-05,pretrain_full_4gpu_20260926.log,502090,264651,1.6542199999999978
2,2,59380,66163,1.6684,1.6684,0.0,5.291e-05,pretrain_full_4gpu_20260926.log,502170,264651,1.6541399999999975
2,2,59400,66163,1.5647,1.5647,0.0,5.289e-05,pretrain_full_4gpu_20260926.log,502250,264651,1.6476039999999978
2,2,59420,66163,1.6823,1.6823,0.0,5.288e-05,pretrain_full_4gpu_20260926.log,502330,264651,1.6503239999999977
2,2,59440,66163,1.6748,1.6748,0.0,5.286e-05,pretrain_full_4gpu_20260926.log,502410,264651,1.6513959999999974
2,2,59460,66163,1.6138,1.6138,0.0,5.284e-05,pretrain_full_4gpu_20260926.log,502490,264651,1.6504719999999975
2,2,59480,66163,1.6658,1.6658,0.0,5.283e-05,pretrain_full_4gpu_20260926.log,502570,264651,1.6497199999999972
2,2,59500,66163,1.7105,1.7105,0.0,5.281e-05,pretrain_full_4gpu_20260926.log,502650,264651,1.6545319999999972
2,2,59520,66163,1.6586,1.6586,0.0,5.279e-05,pretrain_full_4gpu_20260926.log,502730,264651,1.6517639999999971
2,2,59540,66163,1.5968,1.5968,0.0,5.278e-05,pretrain_full_4gpu_20260926.log,502810,264651,1.648063999999997
2,2,59560,66163,1.4965,1.4965,0.0,5.276e-05,pretrain_full_4gpu_20260926.log,502890,264651,1.6381079999999968
2,2,59580,66163,1.6425,1.6425,0.0,5.274e-05,pretrain_full_4gpu_20260926.log,502970,264651,1.6404039999999969
2,2,59600,66163,1.6581,1.6581,0.0,5.273e-05,pretrain_full_4gpu_20260926.log,503050,264651,1.6423159999999968
2,2,59620,66163,1.6621,1.6621,0.0,5.271e-05,pretrain_full_4gpu_20260926.log,503130,264651,1.6450439999999968
2,2,59640,66163,1.6124,1.6124,0.0,5.269e-05,pretrain_full_4gpu_20260926.log,503210,264651,1.638703999999997
2,2,59660,66163,1.6191,1.6191,0.0,5.268e-05,pretrain_full_4gpu_20260926.log,503290,264651,1.638455999999997
2,2,59680,66163,1.6305,1.6305,0.0,5.266e-05,pretrain_full_4gpu_20260926.log,503370,264651,1.637611999999997
2,2,59700,66163,1.6054,1.6054,0.0,5.264e-05,pretrain_full_4gpu_20260926.log,503450,264651,1.6347359999999969
2,2,59720,66163,1.6967,1.6967,0.0,5.263e-05,pretrain_full_4gpu_20260926.log,503530,264651,1.638407999999997
2,2,59740,66163,1.7074,1.7074,0.0,5.261e-05,pretrain_full_4gpu_20260926.log,503610,264651,1.637535999999997
2,2,59760,66163,1.6869,1.6869,0.0,5.259e-05,pretrain_full_4gpu_20260926.log,503690,264651,1.6392999999999969
2,2,59780,66163,1.6753,1.6753,0.0,5.258e-05,pretrain_full_4gpu_20260926.log,503770,264651,1.641547999999997
2,2,59800,66163,1.618,1.618,0.0,5.256e-05,pretrain_full_4gpu_20260926.log,503850,264651,1.640831999999997
2,2,59820,66163,1.5868,1.5868,0.0,5.255e-05,pretrain_full_4gpu_20260926.log,503930,264651,1.6394719999999967
2,2,59840,66163,1.5772,1.5772,0.0,5.253e-05,pretrain_full_4gpu_20260926.log,504010,264651,1.6354719999999967
2,2,59860,66163,1.696,1.696,0.0,5.251e-05,pretrain_full_4gpu_20260926.log,504090,264651,1.6402639999999966
2,2,59880,66163,1.6528,1.6528,0.0,5.25e-05,pretrain_full_4gpu_20260926.log,504170,264651,1.6396399999999967
2,2,59900,66163,1.6083,1.6083,0.0,5.248e-05,pretrain_full_4gpu_20260926.log,504250,264651,1.6413839999999964
2,2,59920,66163,1.7138,1.7138,0.0,5.247e-05,pretrain_full_4gpu_20260926.log,504330,264651,1.6426439999999964
2,2,59940,66163,1.7191,1.7191,0.0,5.245e-05,pretrain_full_4gpu_20260926.log,504410,264651,1.6444159999999965
2,2,59960,66163,1.7183,1.7183,0.0,5.244e-05,pretrain_full_4gpu_20260926.log,504490,264651,1.6485959999999966
2,2,59980,66163,1.6296,1.6296,0.0,5.242e-05,pretrain_full_4gpu_20260926.log,504570,264651,1.6471479999999965
2,2,60000,66163,1.6551,1.6551,0.0,5.24e-05,pretrain_full_4gpu_20260926.log,504650,264651,1.6449319999999963
2,2,60020,66163,1.5426,1.5426,0.0,5.239e-05,pretrain_full_4gpu_20260926.log,504730,264651,1.6402919999999963
2,2,60040,66163,1.6445,1.6445,0.0,5.237e-05,pretrain_full_4gpu_20260926.log,504810,264651,1.6421999999999963
2,2,60060,66163,1.6226,1.6226,0.0,5.236e-05,pretrain_full_4gpu_20260926.log,504890,264651,1.6472439999999964
2,2,60080,66163,1.6891,1.6891,0.0,5.234e-05,pretrain_full_4gpu_20260926.log,504970,264651,1.6491079999999965
2,2,60100,66163,1.6702,1.6702,0.0,5.233e-05,pretrain_full_4gpu_20260926.log,505050,264651,1.6495919999999966
2,2,60120,66163,1.6365,1.6365,0.0,5.231e-05,pretrain_full_4gpu_20260926.log,505130,264651,1.6485679999999965
2,2,60140,66163,1.6922,1.6922,0.0,5.23e-05,pretrain_full_4gpu_20260926.log,505210,264651,1.6517599999999966
2,2,60160,66163,1.7223,1.7223,0.0,5.228e-05,pretrain_full_4gpu_20260926.log,505290,264651,1.6558879999999963
2,2,60180,66163,1.6407,1.6407,0.0,5.227e-05,pretrain_full_4gpu_20260926.log,505370,264651,1.6562959999999964
2,2,60200,66163,1.7725,1.7725,0.0,5.225e-05,pretrain_full_4gpu_20260926.log,505450,264651,1.6629799999999964
2,2,60220,66163,1.656,1.656,0.0,5.224e-05,pretrain_full_4gpu_20260926.log,505530,264651,1.6613519999999964
2,2,60240,66163,1.688,1.688,0.0,5.222e-05,pretrain_full_4gpu_20260926.log,505610,264651,1.6605759999999963
2,2,60260,66163,1.5677,1.5677,0.0,5.221e-05,pretrain_full_4gpu_20260926.log,505690,264651,1.6558079999999964
2,2,60280,66163,1.6343,1.6343,0.0,5.219e-05,pretrain_full_4gpu_20260926.log,505770,264651,1.6541679999999965
2,2,60300,66163,1.6028,1.6028,0.0,5.218e-05,pretrain_full_4gpu_20260926.log,505850,264651,1.6535599999999966
2,2,60320,66163,1.5842,1.5842,0.0,5.216e-05,pretrain_full_4gpu_20260926.log,505930,264651,1.6534559999999967
2,2,60340,66163,1.5995,1.5995,0.0,5.215e-05,pretrain_full_4gpu_20260926.log,506010,264651,1.6543479999999968
2,2,60360,66163,1.7741,1.7741,0.0,5.213e-05,pretrain_full_4gpu_20260926.log,506090,264651,1.6574719999999967
2,2,60380,66163,1.5429,1.5429,0.0,5.212e-05,pretrain_full_4gpu_20260926.log,506170,264651,1.6530759999999969
2,2,60400,66163,1.687,1.687,0.0,5.21e-05,pretrain_full_4gpu_20260926.log,506250,264651,1.6562239999999968
2,2,60420,66163,1.7087,1.7087,0.0,5.209e-05,pretrain_full_4gpu_20260926.log,506330,264651,1.656019999999997
2,2,60440,66163,1.6254,1.6254,0.0,5.207e-05,pretrain_full_4gpu_20260926.log,506410,264651,1.652271999999997
2,2,60460,66163,1.5654,1.5654,0.0,5.206e-05,pretrain_full_4gpu_20260926.log,506490,264651,1.6461559999999968
2,2,60480,66163,1.6421,1.6421,0.0,5.204e-05,pretrain_full_4gpu_20260926.log,506570,264651,1.646655999999997
2,2,60500,66163,1.5999,1.5999,0.0,5.203e-05,pretrain_full_4gpu_20260926.log,506650,264651,1.644447999999997
2,2,60520,66163,1.6828,1.6828,0.0,5.202e-05,pretrain_full_4gpu_20260926.log,506730,264651,1.650055999999997
2,2,60540,66163,1.6897,1.6897,0.0,5.2e-05,pretrain_full_4gpu_20260926.log,506810,264651,1.6518639999999971
2,2,60560,66163,1.69,1.69,0.0,5.199e-05,pretrain_full_4gpu_20260926.log,506890,264651,1.6545599999999971
2,2,60580,66163,1.6978,1.6978,0.0,5.197e-05,pretrain_full_4gpu_20260926.log,506970,264651,1.654907999999997
2,2,60600,66163,1.7123,1.7123,0.0,5.196e-05,pretrain_full_4gpu_20260926.log,507050,264651,1.656591999999997
2,2,60620,66163,1.6544,1.6544,0.0,5.195e-05,pretrain_full_4gpu_20260926.log,507130,264651,1.6573079999999971
2,2,60640,66163,1.6901,1.6901,0.0,5.193e-05,pretrain_full_4gpu_20260926.log,507210,264651,1.6572239999999971
2,2,60660,66163,1.6131,1.6131,0.0,5.192e-05,pretrain_full_4gpu_20260926.log,507290,264651,1.6528559999999972
2,2,60680,66163,1.6415,1.6415,0.0,5.19e-05,pretrain_full_4gpu_20260926.log,507370,264651,1.6528879999999972
2,2,60700,66163,1.5798,1.5798,0.0,5.189e-05,pretrain_full_4gpu_20260926.log,507450,264651,1.6451799999999972
2,2,60720,66163,1.6223,1.6223,0.0,5.188e-05,pretrain_full_4gpu_20260926.log,507530,264651,1.6438319999999973
2,2,60740,66163,1.5686,1.5686,0.0,5.186e-05,pretrain_full_4gpu_20260926.log,507610,264651,1.6390559999999972
2,2,60760,66163,1.7245,1.7245,0.0,5.185e-05,pretrain_full_4gpu_20260926.log,507690,264651,1.645327999999997
2,2,60780,66163,1.6566,1.6566,0.0,5.183e-05,pretrain_full_4gpu_20260926.log,507770,264651,1.6462199999999967
2,2,60800,66163,1.5816,1.5816,0.0,5.182e-05,pretrain_full_4gpu_20260926.log,507850,264651,1.6453719999999967
2,2,60820,66163,1.6318,1.6318,0.0,5.181e-05,pretrain_full_4gpu_20260926.log,507930,264651,1.6472759999999966
2,2,60840,66163,1.6443,1.6443,0.0,5.179e-05,pretrain_full_4gpu_20260926.log,508010,264651,1.6490679999999966
2,2,60860,66163,1.7529,1.7529,0.0,5.178e-05,pretrain_full_4gpu_20260926.log,508090,264651,1.6482199999999967
2,2,60880,66163,1.6228,1.6228,0.0,5.177e-05,pretrain_full_4gpu_20260926.log,508170,264651,1.6514159999999964
2,2,60900,66163,1.6487,1.6487,0.0,5.175e-05,pretrain_full_4gpu_20260926.log,508250,264651,1.6498839999999964
2,2,60920,66163,1.6633,1.6633,0.0,5.174e-05,pretrain_full_4gpu_20260926.log,508330,264651,1.6480679999999963
2,2,60940,66163,1.6441,1.6441,0.0,5.173e-05,pretrain_full_4gpu_20260926.log,508410,264651,1.6488159999999965
2,2,60960,66163,1.6964,1.6964,0.0,5.171e-05,pretrain_full_4gpu_20260926.log,508490,264651,1.6540559999999964
2,2,60980,66163,1.6673,1.6673,0.0,5.17e-05,pretrain_full_4gpu_20260926.log,508570,264651,1.6550639999999965
2,2,61000,66163,1.6191,1.6191,0.0,5.169e-05,pretrain_full_4gpu_20260926.log,508650,264651,1.6558319999999966
2,2,61020,66163,1.669,1.669,0.0,5.168e-05,pretrain_full_4gpu_20260926.log,508730,264651,1.6552799999999965
2,2,61040,66163,1.6712,1.6712,0.0,5.166e-05,pretrain_full_4gpu_20260926.log,508810,264651,1.6545399999999963
2,2,61060,66163,1.6944,1.6944,0.0,5.165e-05,pretrain_full_4gpu_20260926.log,508890,264651,1.6547159999999965
2,2,61080,66163,1.7395,1.7395,0.0,5.164e-05,pretrain_full_4gpu_20260926.log,508970,264651,1.6563839999999965
2,2,61100,66163,1.6719,1.6719,0.0,5.162e-05,pretrain_full_4gpu_20260926.log,509050,264651,1.6547679999999965
2,2,61120,66163,1.6129,1.6129,0.0,5.161e-05,pretrain_full_4gpu_20260926.log,509130,264651,1.6531079999999967
2,2,61140,66163,1.6366,1.6366,0.0,5.16e-05,pretrain_full_4gpu_20260926.log,509210,264651,1.6509679999999967
2,2,61160,66163,1.6365,1.6365,0.0,5.159e-05,pretrain_full_4gpu_20260926.log,509290,264651,1.6519039999999965
2,2,61180,66163,1.6282,1.6282,0.0,5.157e-05,pretrain_full_4gpu_20260926.log,509370,264651,1.6513719999999963
2,2,61200,66163,1.623,1.623,0.0,5.156e-05,pretrain_full_4gpu_20260926.log,509450,264651,1.6530999999999962
2,2,61220,66163,1.6208,1.6208,0.0,5.155e-05,pretrain_full_4gpu_20260926.log,509530,264651,1.6530399999999963
2,2,61240,66163,1.5686,1.5686,0.0,5.154e-05,pretrain_full_4gpu_20260926.log,509610,264651,1.6530399999999963
2,2,61260,66163,1.5985,1.5985,0.0,5.152e-05,pretrain_full_4gpu_20260926.log,509690,264651,1.6479999999999964
2,2,61280,66163,1.6428,1.6428,0.0,5.151e-05,pretrain_full_4gpu_20260926.log,509770,264651,1.6474479999999965
2,2,61300,66163,1.622,1.622,0.0,5.15e-05,pretrain_full_4gpu_20260926.log,509850,264651,1.6490639999999965
2,2,61320,66163,1.6793,1.6793,0.0,5.149e-05,pretrain_full_4gpu_20260926.log,509930,264651,1.6509639999999965
2,2,61340,66163,1.637,1.637,0.0,5.147e-05,pretrain_full_4gpu_20260926.log,510010,264651,1.6506719999999964
2,2,61360,66163,1.5959,1.5959,0.0,5.146e-05,pretrain_full_4gpu_20260926.log,510090,264651,1.6443919999999965
2,2,61380,66163,1.6549,1.6549,0.0,5.145e-05,pretrain_full_4gpu_20260926.log,510170,264651,1.6456759999999966
2,2,61400,66163,1.6535,1.6535,0.0,5.144e-05,pretrain_full_4gpu_20260926.log,510250,264651,1.6458679999999968
2,2,61420,66163,1.7161,1.7161,0.0,5.142e-05,pretrain_full_4gpu_20260926.log,510330,264651,1.6479799999999967
2,2,61440,66163,1.7377,1.7377,0.0,5.141e-05,pretrain_full_4gpu_20260926.log,510410,264651,1.6517239999999964
2,2,61460,66163,1.6416,1.6416,0.0,5.14e-05,pretrain_full_4gpu_20260926.log,510490,264651,1.6495319999999964
2,2,61480,66163,1.6705,1.6705,0.0,5.139e-05,pretrain_full_4gpu_20260926.log,510570,264651,1.6496599999999964
2,2,61500,66163,1.6107,1.6107,0.0,5.138e-05,pretrain_full_4gpu_20260926.log,510650,264651,1.6493239999999962
2,2,61520,66163,1.6728,1.6728,0.0,5.137e-05,pretrain_full_4gpu_20260926.log,510730,264651,1.6494759999999966
2,2,61540,66163,1.6468,1.6468,0.0,5.135e-05,pretrain_full_4gpu_20260926.log,510810,264651,1.6484999999999965
2,2,61560,66163,1.6786,1.6786,0.0,5.134e-05,pretrain_full_4gpu_20260926.log,510890,264651,1.6478679999999966
2,2,61580,66163,1.677,1.677,0.0,5.133e-05,pretrain_full_4gpu_20260926.log,510970,264651,1.6453679999999966
2,2,61600,66163,1.6954,1.6954,0.0,5.132e-05,pretrain_full_4gpu_20260926.log,511050,264651,1.6463079999999966
2,2,61620,66163,1.6896,1.6896,0.0,5.131e-05,pretrain_full_4gpu_20260926.log,511130,264651,1.6493759999999964
2,2,61640,66163,1.5865,1.5865,0.0,5.13e-05,pretrain_full_4gpu_20260926.log,511210,264651,1.6473719999999963
2,2,61660,66163,1.6203,1.6203,0.0,5.128e-05,pretrain_full_4gpu_20260926.log,511290,264651,1.6467239999999963
2,2,61680,66163,1.6991,1.6991,0.0,5.127e-05,pretrain_full_4gpu_20260926.log,511370,264651,1.6495599999999966
2,2,61700,66163,1.6778,1.6778,0.0,5.126e-05,pretrain_full_4gpu_20260926.log,511450,264651,1.6517519999999966
2,2,61720,66163,1.7203,1.7203,0.0,5.125e-05,pretrain_full_4gpu_20260926.log,511530,264651,1.6557319999999964
2,2,61740,66163,1.5911,1.5911,0.0,5.124e-05,pretrain_full_4gpu_20260926.log,511610,264651,1.656631999999996
2,2,61760,66163,1.5875,1.5875,0.0,5.123e-05,pretrain_full_4gpu_20260926.log,511690,264651,1.6561919999999961
2,2,61780,66163,1.5951,1.5951,0.0,5.122e-05,pretrain_full_4gpu_20260926.log,511770,264651,1.654283999999996
2,2,61800,66163,1.6859,1.6859,0.0,5.121e-05,pretrain_full_4gpu_20260926.log,511850,264651,1.656839999999996
2,2,61820,66163,1.6465,1.6465,0.0,5.119e-05,pretrain_full_4gpu_20260926.log,511930,264651,1.6555279999999961
2,2,61840,66163,1.6297,1.6297,0.0,5.118e-05,pretrain_full_4gpu_20260926.log,512010,264651,1.6552359999999962
2,2,61860,66163,1.5771,1.5771,0.0,5.117e-05,pretrain_full_4gpu_20260926.log,512090,264651,1.6544839999999963
2,2,61880,66163,1.6807,1.6807,0.0,5.116e-05,pretrain_full_4gpu_20260926.log,512170,264651,1.6555159999999964
2,2,61900,66163,1.6209,1.6209,0.0,5.115e-05,pretrain_full_4gpu_20260926.log,512250,264651,1.6542119999999962
2,2,61920,66163,1.5413,1.5413,0.0,5.114e-05,pretrain_full_4gpu_20260926.log,512330,264651,1.6472199999999964
2,2,61940,66163,1.5971,1.5971,0.0,5.113e-05,pretrain_full_4gpu_20260926.log,512410,264651,1.6415959999999965
2,2,61960,66163,1.6841,1.6841,0.0,5.112e-05,pretrain_full_4gpu_20260926.log,512490,264651,1.6432959999999965
2,2,61980,66163,1.6266,1.6266,0.0,5.111e-05,pretrain_full_4gpu_20260926.log,512570,264651,1.641539999999997
2,2,62000,66163,1.6638,1.6638,0.0,5.11e-05,pretrain_full_4gpu_20260926.log,512650,264651,1.643663999999997
2,2,62020,66163,1.6855,1.6855,0.0,5.109e-05,pretrain_full_4gpu_20260926.log,512730,264651,1.6441719999999966
2,2,62040,66163,1.7081,1.7081,0.0,5.108e-05,pretrain_full_4gpu_20260926.log,512810,264651,1.6466239999999968
2,2,62060,66163,1.6819,1.6819,0.0,5.107e-05,pretrain_full_4gpu_20260926.log,512890,264651,1.6467559999999966
2,2,62080,66163,1.6747,1.6747,0.0,5.106e-05,pretrain_full_4gpu_20260926.log,512970,264651,1.6466639999999968
2,2,62100,66163,1.6241,1.6241,0.0,5.105e-05,pretrain_full_4gpu_20260926.log,513050,264651,1.6438119999999967
2,2,62120,66163,1.6785,1.6785,0.0,5.104e-05,pretrain_full_4gpu_20260926.log,513130,264651,1.6433679999999966
2,2,62140,66163,1.6642,1.6642,0.0,5.103e-05,pretrain_full_4gpu_20260926.log,513210,264651,1.6464759999999967
2,2,62160,66163,1.7662,1.7662,0.0,5.102e-05,pretrain_full_4gpu_20260926.log,513290,264651,1.6523119999999967
2,2,62180,66163,1.6273,1.6273,0.0,5.101e-05,pretrain_full_4gpu_20260926.log,513370,264651,1.6494399999999965
2,2,62200,66163,1.6036,1.6036,0.0,5.1e-05,pretrain_full_4gpu_20260926.log,513450,264651,1.6464719999999966
2,2,62220,66163,1.6484,1.6484,0.0,5.099e-05,pretrain_full_4gpu_20260926.log,513530,264651,1.6435959999999965
2,2,62240,66163,1.6249,1.6249,0.0,5.098e-05,pretrain_full_4gpu_20260926.log,513610,264651,1.6449479999999965
2,2,62260,66163,1.5674,1.5674,0.0,5.097e-05,pretrain_full_4gpu_20260926.log,513690,264651,1.6441439999999965
2,2,62280,66163,1.6302,1.6302,0.0,5.096e-05,pretrain_full_4gpu_20260926.log,513770,264651,1.6455479999999967
2,2,62300,66163,1.6421,1.6421,0.0,5.095e-05,pretrain_full_4gpu_20260926.log,513850,264651,1.6437959999999967
2,2,62320,66163,1.7054,1.7054,0.0,5.094e-05,pretrain_full_4gpu_20260926.log,513930,264651,1.6461519999999965
2,2,62340,66163,1.5707,1.5707,0.0,5.093e-05,pretrain_full_4gpu_20260926.log,514010,264651,1.6437919999999966
2,2,62360,66163,1.679,1.679,0.0,5.092e-05,pretrain_full_4gpu_20260926.log,514090,264651,1.6478679999999966
2,2,62380,66163,1.5089,1.5089,0.0,5.091e-05,pretrain_full_4gpu_20260926.log,514170,264651,1.6409959999999963
2,2,62400,66163,1.6412,1.6412,0.0,5.09e-05,pretrain_full_4gpu_20260926.log,514250,264651,1.6418079999999964
2,2,62420,66163,1.6559,1.6559,0.0,5.089e-05,pretrain_full_4gpu_20260926.log,514330,264651,1.6463919999999965
2,2,62440,66163,1.6392,1.6392,0.0,5.088e-05,pretrain_full_4gpu_20260926.log,514410,264651,1.6480759999999968
2,2,62460,66163,1.6307,1.6307,0.0,5.087e-05,pretrain_full_4gpu_20260926.log,514490,264651,1.6459399999999966
2,2,62480,66163,1.6797,1.6797,0.0,5.086e-05,pretrain_full_4gpu_20260926.log,514570,264651,1.6480639999999962
2,2,62500,66163,1.6337,1.6337,0.0,5.085e-05,pretrain_full_4gpu_20260926.log,514650,264651,1.646859999999996
2,2,62520,66163,1.6667,1.6667,0.0,5.084e-05,pretrain_full_4gpu_20260926.log,514730,264651,1.6461079999999961
2,2,62540,66163,1.71,1.71,0.0,5.083e-05,pretrain_full_4gpu_20260926.log,514810,264651,1.646183999999996
2,2,62560,66163,1.6358,1.6358,0.0,5.082e-05,pretrain_full_4gpu_20260926.log,514890,264651,1.6443399999999964
2,2,62580,66163,1.6524,1.6524,0.0,5.081e-05,pretrain_full_4gpu_20260926.log,514970,264651,1.6434479999999962
2,2,62600,66163,1.6441,1.6441,0.0,5.08e-05,pretrain_full_4gpu_20260926.log,515050,264651,1.6442479999999964
2,2,62620,66163,1.6871,1.6871,0.0,5.08e-05,pretrain_full_4gpu_20260926.log,515130,264651,1.6445919999999965
2,2,62640,66163,1.717,1.717,0.0,5.079e-05,pretrain_full_4gpu_20260926.log,515210,264651,1.6467039999999964
2,2,62660,66163,1.6936,1.6936,0.0,5.078e-05,pretrain_full_4gpu_20260926.log,515290,264651,1.6437999999999966
2,2,62680,66163,1.6821,1.6821,0.0,5.077e-05,pretrain_full_4gpu_20260926.log,515370,264651,1.6459919999999966
2,2,62700,66163,1.7265,1.7265,0.0,5.076e-05,pretrain_full_4gpu_20260926.log,515450,264651,1.6509079999999967
2,2,62720,66163,1.7028,1.7028,0.0,5.075e-05,pretrain_full_4gpu_20260926.log,515530,264651,1.6530839999999967
2,2,62740,66163,1.721,1.721,0.0,5.074e-05,pretrain_full_4gpu_20260926.log,515610,264651,1.6569279999999968
2,2,62760,66163,1.6837,1.6837,0.0,5.073e-05,pretrain_full_4gpu_20260926.log,515690,264651,1.661579999999997
2,2,62780,66163,1.6057,1.6057,0.0,5.073e-05,pretrain_full_4gpu_20260926.log,515770,264651,1.660599999999997
2,2,62800,66163,1.7466,1.7466,0.0,5.072e-05,pretrain_full_4gpu_20260926.log,515850,264651,1.664779999999997
2,2,62820,66163,1.6575,1.6575,0.0,5.071e-05,pretrain_full_4gpu_20260926.log,515930,264651,1.662863999999997
2,2,62840,66163,1.694,1.694,0.0,5.07e-05,pretrain_full_4gpu_20260926.log,516010,264651,1.667795999999997
2,2,62860,66163,1.5897,1.5897,0.0,5.069e-05,pretrain_full_4gpu_20260926.log,516090,264651,1.664223999999997
2,2,62880,66163,1.6686,1.6686,0.0,5.068e-05,pretrain_full_4gpu_20260926.log,516170,264651,1.670611999999997
2,2,62900,66163,1.6464,1.6464,0.0,5.067e-05,pretrain_full_4gpu_20260926.log,516250,264651,1.670819999999997
2,2,62920,66163,1.5986,1.5986,0.0,5.067e-05,pretrain_full_4gpu_20260926.log,516330,264651,1.668527999999997
2,2,62940,66163,1.66,1.66,0.0,5.066e-05,pretrain_full_4gpu_20260926.log,516410,264651,1.6693599999999966
2,2,62960,66163,1.7391,1.7391,0.0,5.065e-05,pretrain_full_4gpu_20260926.log,516490,264651,1.6736959999999967
2,2,62980,66163,1.5382,1.5382,0.0,5.064e-05,pretrain_full_4gpu_20260926.log,516570,264651,1.668035999999997
2,2,63000,66163,1.6537,1.6537,0.0,5.063e-05,pretrain_full_4gpu_20260926.log,516650,264651,1.668835999999997
2,2,63020,66163,1.6838,1.6838,0.0,5.063e-05,pretrain_full_4gpu_20260926.log,516730,264651,1.6695199999999972
2,2,63040,66163,1.663,1.663,0.0,5.062e-05,pretrain_full_4gpu_20260926.log,516810,264651,1.667639999999997
2,2,63060,66163,1.6031,1.6031,0.0,5.061e-05,pretrain_full_4gpu_20260926.log,516890,264651,1.6663319999999968
2,2,63080,66163,1.6833,1.6833,0.0,5.06e-05,pretrain_full_4gpu_20260926.log,516970,264651,1.6675679999999968
2,2,63100,66163,1.756,1.756,0.0,5.059e-05,pretrain_full_4gpu_20260926.log,517050,264651,1.6720439999999968
2,2,63120,66163,1.6937,1.6937,0.0,5.059e-05,pretrain_full_4gpu_20260926.log,517130,264651,1.6723079999999968
2,2,63140,66163,1.6337,1.6337,0.0,5.058e-05,pretrain_full_4gpu_20260926.log,517210,264651,1.6689759999999967
2,2,63160,66163,1.6641,1.6641,0.0,5.057e-05,pretrain_full_4gpu_20260926.log,517290,264651,1.6677959999999967
2,2,63180,66163,1.6021,1.6021,0.0,5.056e-05,pretrain_full_4gpu_20260926.log,517370,264651,1.6645959999999969
2,2,63200,66163,1.671,1.671,0.0,5.056e-05,pretrain_full_4gpu_20260926.log,517450,264651,1.6623759999999967
2,2,63220,66163,1.5953,1.5953,0.0,5.055e-05,pretrain_full_4gpu_20260926.log,517530,264651,1.6580759999999968
2,2,63240,66163,1.6643,1.6643,0.0,5.054e-05,pretrain_full_4gpu_20260926.log,517610,264651,1.6558079999999966
2,2,63260,66163,1.6332,1.6332,0.0,5.053e-05,pretrain_full_4gpu_20260926.log,517690,264651,1.6537879999999967
2,2,63280,66163,1.6343,1.6343,0.0,5.053e-05,pretrain_full_4gpu_20260926.log,517770,264651,1.654931999999997
2,2,63300,66163,1.6874,1.6874,0.0,5.052e-05,pretrain_full_4gpu_20260926.log,517850,264651,1.6525639999999968
2,2,63320,66163,1.6749,1.6749,0.0,5.051e-05,pretrain_full_4gpu_20260926.log,517930,264651,1.6532599999999968
2,2,63340,66163,1.6347,1.6347,0.0,5.051e-05,pretrain_full_4gpu_20260926.log,518010,264651,1.6508879999999968
2,2,63360,66163,1.6378,1.6378,0.0,5.05e-05,pretrain_full_4gpu_20260926.log,518090,264651,1.6528119999999966
2,2,63380,66163,1.6849,1.6849,0.0,5.049e-05,pretrain_full_4gpu_20260926.log,518170,264651,1.6534639999999967
2,2,63400,66163,1.6706,1.6706,0.0,5.048e-05,pretrain_full_4gpu_20260926.log,518250,264651,1.6544319999999968
2,2,63420,66163,1.5888,1.5888,0.0,5.048e-05,pretrain_full_4gpu_20260926.log,518330,264651,1.6540399999999968
2,2,63440,66163,1.645,1.645,0.0,5.047e-05,pretrain_full_4gpu_20260926.log,518410,264651,1.6534399999999971
2,2,63460,66163,1.6439,1.6439,0.0,5.046e-05,pretrain_full_4gpu_20260926.log,518490,264651,1.649631999999997
2,2,63480,66163,1.6965,1.6965,0.0,5.046e-05,pretrain_full_4gpu_20260926.log,518570,264651,1.655963999999997
2,2,63500,66163,1.5887,1.5887,0.0,5.045e-05,pretrain_full_4gpu_20260926.log,518650,264651,1.6533639999999972
2,2,63520,66163,1.6005,1.6005,0.0,5.044e-05,pretrain_full_4gpu_20260926.log,518730,264651,1.650031999999997
2,2,63540,66163,1.6675,1.6675,0.0,5.044e-05,pretrain_full_4gpu_20260926.log,518810,264651,1.6502119999999971
2,2,63560,66163,1.7071,1.7071,0.0,5.043e-05,pretrain_full_4gpu_20260926.log,518890,264651,1.654371999999997
2,2,63580,66163,1.5943,1.5943,0.0,5.042e-05,pretrain_full_4gpu_20260926.log,518970,264651,1.6508119999999968
2,2,63600,66163,1.6878,1.6878,0.0,5.042e-05,pretrain_full_4gpu_20260926.log,519050,264651,1.648083999999997
2,2,63620,66163,1.5882,1.5882,0.0,5.041e-05,pretrain_full_4gpu_20260926.log,519130,264651,1.6438639999999969
2,2,63640,66163,1.6802,1.6802,0.0,5.04e-05,pretrain_full_4gpu_20260926.log,519210,264651,1.645723999999997
2,2,63660,66163,1.609,1.609,0.0,5.04e-05,pretrain_full_4gpu_20260926.log,519290,264651,1.6435199999999972
2,2,63680,66163,1.7058,1.7058,0.0,5.039e-05,pretrain_full_4gpu_20260926.log,519370,264651,1.6476679999999972
2,2,63700,66163,1.6699,1.6699,0.0,5.038e-05,pretrain_full_4gpu_20260926.log,519450,264651,1.6476239999999973
2,2,63720,66163,1.6324,1.6324,0.0,5.038e-05,pretrain_full_4gpu_20260926.log,519530,264651,1.6491079999999971
2,2,63740,66163,1.6904,1.6904,0.0,5.037e-05,pretrain_full_4gpu_20260926.log,519610,264651,1.6501519999999972
2,2,63760,66163,1.6412,1.6412,0.0,5.037e-05,pretrain_full_4gpu_20260926.log,519690,264651,1.6504719999999968
2,2,63780,66163,1.5535,1.5535,0.0,5.036e-05,pretrain_full_4gpu_20260926.log,519770,264651,1.6472399999999967
2,2,63800,66163,1.5834,1.5834,0.0,5.035e-05,pretrain_full_4gpu_20260926.log,519850,264651,1.6430799999999968
2,2,63820,66163,1.5783,1.5783,0.0,5.035e-05,pretrain_full_4gpu_20260926.log,519930,264651,1.6392159999999967
2,2,63840,66163,1.5971,1.5971,0.0,5.034e-05,pretrain_full_4gpu_20260926.log,520010,264651,1.6377119999999965
2,2,63860,66163,1.6677,1.6677,0.0,5.034e-05,pretrain_full_4gpu_20260926.log,520090,264651,1.6389079999999967
2,2,63880,66163,1.6462,1.6462,0.0,5.033e-05,pretrain_full_4gpu_20260926.log,520170,264651,1.6373599999999968
2,2,63900,66163,1.7139,1.7139,0.0,5.032e-05,pretrain_full_4gpu_20260926.log,520250,264651,1.6390919999999969
2,2,63920,66163,1.704,1.704,0.0,5.032e-05,pretrain_full_4gpu_20260926.log,520330,264651,1.6436999999999968
2,2,63940,66163,1.5984,1.5984,0.0,5.031e-05,pretrain_full_4gpu_20260926.log,520410,264651,1.6418359999999967
2,2,63960,66163,1.6216,1.6216,0.0,5.031e-05,pretrain_full_4gpu_20260926.log,520490,264651,1.6409439999999966
2,2,63980,66163,1.6228,1.6228,0.0,5.03e-05,pretrain_full_4gpu_20260926.log,520570,264651,1.6379959999999967
2,2,64000,66163,1.6589,1.6589,0.0,5.03e-05,pretrain_full_4gpu_20260926.log,520650,264651,1.6408039999999966
2,2,64020,66163,1.5792,1.5792,0.0,5.029e-05,pretrain_full_4gpu_20260926.log,520730,264651,1.6399519999999967
2,2,64040,66163,1.635,1.635,0.0,5.029e-05,pretrain_full_4gpu_20260926.log,520810,264651,1.6386519999999967
2,2,64060,66163,1.6699,1.6699,0.0,5.028e-05,pretrain_full_4gpu_20260926.log,520890,264651,1.6371639999999967
2,2,64080,66163,1.5904,1.5904,0.0,5.028e-05,pretrain_full_4gpu_20260926.log,520970,264651,1.6370079999999971
2,2,64100,66163,1.633,1.633,0.0,5.027e-05,pretrain_full_4gpu_20260926.log,521050,264651,1.634815999999997
2,2,64120,66163,1.714,1.714,0.0,5.026e-05,pretrain_full_4gpu_20260926.log,521130,264651,1.6398479999999969
2,2,64140,66163,1.6644,1.6644,0.0,5.026e-05,pretrain_full_4gpu_20260926.log,521210,264651,1.639215999999997
2,2,64160,66163,1.6259,1.6259,0.0,5.025e-05,pretrain_full_4gpu_20260926.log,521290,264651,1.639891999999997
2,2,64180,66163,1.5481,1.5481,0.0,5.025e-05,pretrain_full_4gpu_20260926.log,521370,264651,1.6335839999999968
2,2,64200,66163,1.6593,1.6593,0.0,5.024e-05,pretrain_full_4gpu_20260926.log,521450,264651,1.6331599999999968
2,2,64220,66163,1.5906,1.5906,0.0,5.024e-05,pretrain_full_4gpu_20260926.log,521530,264651,1.6314879999999972
2,2,64240,66163,1.6019,1.6019,0.0,5.023e-05,pretrain_full_4gpu_20260926.log,521610,264651,1.6279479999999973
2,2,64260,66163,1.6145,1.6145,0.0,5.023e-05,pretrain_full_4gpu_20260926.log,521690,264651,1.6268799999999972
2,2,64280,66163,1.6654,1.6654,0.0,5.022e-05,pretrain_full_4gpu_20260926.log,521770,264651,1.6313559999999974
2,2,64300,66163,1.6716,1.6716,0.0,5.022e-05,pretrain_full_4gpu_20260926.log,521850,264651,1.6348839999999973
2,2,64320,66163,1.6324,1.6324,0.0,5.022e-05,pretrain_full_4gpu_20260926.log,521930,264651,1.6370479999999972
2,2,64340,66163,1.6382,1.6382,0.0,5.021e-05,pretrain_full_4gpu_20260926.log,522010,264651,1.6386919999999972
2,2,64360,66163,1.6108,1.6108,0.0,5.021e-05,pretrain_full_4gpu_20260926.log,522090,264651,1.636415999999997
2,2,64380,66163,1.6264,1.6264,0.0,5.02e-05,pretrain_full_4gpu_20260926.log,522170,264651,1.6356239999999969
2,2,64400,66163,1.6045,1.6045,0.0,5.02e-05,pretrain_full_4gpu_20260926.log,522250,264651,1.6312479999999967
2,2,64420,66163,1.658,1.658,0.0,5.019e-05,pretrain_full_4gpu_20260926.log,522330,264651,1.6294079999999969
2,2,64440,66163,1.5762,1.5762,0.0,5.019e-05,pretrain_full_4gpu_20260926.log,522410,264651,1.6285199999999969
2,2,64460,66163,1.6002,1.6002,0.0,5.018e-05,pretrain_full_4gpu_20260926.log,522490,264651,1.627663999999997
2,2,64480,66163,1.6175,1.6175,0.0,5.018e-05,pretrain_full_4gpu_20260926.log,522570,264651,1.627451999999997
2,2,64500,66163,1.6587,1.6587,0.0,5.018e-05,pretrain_full_4gpu_20260926.log,522650,264651,1.627443999999997
2,2,64520,66163,1.6551,1.6551,0.0,5.017e-05,pretrain_full_4gpu_20260926.log,522730,264651,1.6304799999999968
2,2,64540,66163,1.5792,1.5792,0.0,5.017e-05,pretrain_full_4gpu_20260926.log,522810,264651,1.628247999999997
2,2,64560,66163,1.6278,1.6278,0.0,5.016e-05,pretrain_full_4gpu_20260926.log,522890,264651,1.626563999999997
2,2,64580,66163,1.6202,1.6202,0.0,5.016e-05,pretrain_full_4gpu_20260926.log,522970,264651,1.6277559999999969
2,2,64600,66163,1.6437,1.6437,0.0,5.015e-05,pretrain_full_4gpu_20260926.log,523050,264651,1.6281839999999967
2,2,64620,66163,1.6399,1.6399,0.0,5.015e-05,pretrain_full_4gpu_20260926.log,523130,264651,1.6252199999999968
2,2,64640,66163,1.6568,1.6568,0.0,5.015e-05,pretrain_full_4gpu_20260926.log,523210,264651,1.6249159999999967
2,2,64660,66163,1.7221,1.7221,0.0,5.014e-05,pretrain_full_4gpu_20260926.log,523290,264651,1.6287639999999965
2,2,64680,66163,1.6545,1.6545,0.0,5.014e-05,pretrain_full_4gpu_20260926.log,523370,264651,1.6330199999999966
2,2,64700,66163,1.6522,1.6522,0.0,5.014e-05,pretrain_full_4gpu_20260926.log,523450,264651,1.6327359999999964
2,2,64720,66163,1.6698,1.6698,0.0,5.013e-05,pretrain_full_4gpu_20260926.log,523530,264651,1.6359039999999965
2,2,64740,66163,1.6321,1.6321,0.0,5.013e-05,pretrain_full_4gpu_20260926.log,523610,264651,1.6371119999999966
2,2,64760,66163,1.6706,1.6706,0.0,5.012e-05,pretrain_full_4gpu_20260926.log,523690,264651,1.6393559999999965
2,2,64780,66163,1.713,1.713,0.0,5.012e-05,pretrain_full_4gpu_20260926.log,523770,264651,1.6412599999999966
2,2,64800,66163,1.6781,1.6781,0.0,5.012e-05,pretrain_full_4gpu_20260926.log,523850,264651,1.6415199999999968
2,2,64820,66163,1.557,1.557,0.0,5.011e-05,pretrain_full_4gpu_20260926.log,523930,264651,1.6385039999999969
2,2,64840,66163,1.6843,1.6843,0.0,5.011e-05,pretrain_full_4gpu_20260926.log,524010,264651,1.640347999999997
2,2,64860,66163,1.654,1.654,0.0,5.011e-05,pretrain_full_4gpu_20260926.log,524090,264651,1.6420759999999972
2,2,64880,66163,1.6919,1.6919,0.0,5.01e-05,pretrain_full_4gpu_20260926.log,524170,264651,1.6446959999999973
2,2,64900,66163,1.6198,1.6198,0.0,5.01e-05,pretrain_full_4gpu_20260926.log,524250,264651,1.645307999999997
2,2,64920,66163,1.6211,1.6211,0.0,5.01e-05,pretrain_full_4gpu_20260926.log,524330,264651,1.643831999999997
2,2,64940,66163,1.6302,1.6302,0.0,5.009e-05,pretrain_full_4gpu_20260926.log,524410,264651,1.645991999999997
2,2,64960,66163,1.5398,1.5398,0.0,5.009e-05,pretrain_full_4gpu_20260926.log,524490,264651,1.643575999999997
2,2,64980,66163,1.6709,1.6709,0.0,5.009e-05,pretrain_full_4gpu_20260926.log,524570,264651,1.6457119999999972
2,2,65000,66163,1.6117,1.6117,0.0,5.009e-05,pretrain_full_4gpu_20260926.log,524650,264651,1.643831999999997
2,2,65020,66163,1.7759,1.7759,0.0,5.008e-05,pretrain_full_4gpu_20260926.log,524730,264651,1.6486639999999972
2,2,65040,66163,1.7326,1.7326,0.0,5.008e-05,pretrain_full_4gpu_20260926.log,524810,264651,1.6547999999999972
2,2,65060,66163,1.6953,1.6953,0.0,5.008e-05,pretrain_full_4gpu_20260926.log,524890,264651,1.657499999999997
2,2,65080,66163,1.6494,1.6494,0.0,5.007e-05,pretrain_full_4gpu_20260926.log,524970,264651,1.6586679999999974
2,2,65100,66163,1.6697,1.6697,0.0,5.007e-05,pretrain_full_4gpu_20260926.log,525050,264651,1.659707999999997
2,2,65120,66163,1.6198,1.6198,0.0,5.007e-05,pretrain_full_4gpu_20260926.log,525130,264651,1.658903999999997
2,2,65140,66163,1.6813,1.6813,0.0,5.007e-05,pretrain_full_4gpu_20260926.log,525210,264651,1.6598839999999973
2,2,65160,66163,1.5957,1.5957,0.0,5.006e-05,pretrain_full_4gpu_20260926.log,525290,264651,1.6548279999999975
2,2,65180,66163,1.5978,1.5978,0.0,5.006e-05,pretrain_full_4gpu_20260926.log,525370,264651,1.6525599999999974
2,2,65200,66163,1.7554,1.7554,0.0,5.006e-05,pretrain_full_4gpu_20260926.log,525450,264651,1.6566879999999975
2,2,65220,66163,1.5778,1.5778,0.0,5.006e-05,pretrain_full_4gpu_20260926.log,525530,264651,1.6530079999999976
2,2,65240,66163,1.6972,1.6972,0.0,5.005e-05,pretrain_full_4gpu_20260926.log,525610,264651,1.6556119999999976
2,2,65260,66163,1.6069,1.6069,0.0,5.005e-05,pretrain_full_4gpu_20260926.log,525690,264651,1.6530639999999976
2,2,65280,66163,1.5638,1.5638,0.0,5.005e-05,pretrain_full_4gpu_20260926.log,525770,264651,1.6470959999999977
2,2,65300,66163,1.6059,1.6059,0.0,5.005e-05,pretrain_full_4gpu_20260926.log,525850,264651,1.6442079999999977
2,2,65320,66163,1.6359,1.6359,0.0,5.005e-05,pretrain_full_4gpu_20260926.log,525930,264651,1.6473639999999974
2,2,65340,66163,1.6516,1.6516,0.0,5.004e-05,pretrain_full_4gpu_20260926.log,526010,264651,1.6460559999999975
2,2,65360,66163,1.6717,1.6717,0.0,5.004e-05,pretrain_full_4gpu_20260926.log,526090,264651,1.6467639999999977
2,2,65380,66163,1.5475,1.5475,0.0,5.004e-05,pretrain_full_4gpu_20260926.log,526170,264651,1.640987999999998
2,2,65400,66163,1.6715,1.6715,0.0,5.004e-05,pretrain_full_4gpu_20260926.log,526250,264651,1.643055999999998
2,2,65420,66163,1.6766,1.6766,0.0,5.004e-05,pretrain_full_4gpu_20260926.log,526330,264651,1.6452759999999982
2,2,65440,66163,1.662,1.662,0.0,5.003e-05,pretrain_full_4gpu_20260926.log,526410,264651,1.646547999999998
2,2,65460,66163,1.751,1.751,0.0,5.003e-05,pretrain_full_4gpu_20260926.log,526490,264651,1.654995999999998
2,2,65480,66163,1.6478,1.6478,0.0,5.003e-05,pretrain_full_4gpu_20260926.log,526570,264651,1.6540719999999975
2,2,65500,66163,1.7217,1.7217,0.0,5.003e-05,pretrain_full_4gpu_20260926.log,526650,264651,1.6584719999999975
2,2,65520,66163,1.6428,1.6428,0.0,5.003e-05,pretrain_full_4gpu_20260926.log,526730,264651,1.6531479999999976
2,2,65540,66163,1.6338,1.6338,0.0,5.002e-05,pretrain_full_4gpu_20260926.log,526810,264651,1.6491959999999977
2,2,65560,66163,1.6281,1.6281,0.0,5.002e-05,pretrain_full_4gpu_20260926.log,526890,264651,1.6465079999999979
2,2,65580,66163,1.6733,1.6733,0.0,5.002e-05,pretrain_full_4gpu_20260926.log,526970,264651,1.6474639999999976
2,2,65600,66163,1.6216,1.6216,0.0,5.002e-05,pretrain_full_4gpu_20260926.log,527050,264651,1.6455399999999978
2,2,65620,66163,1.698,1.698,0.0,5.002e-05,pretrain_full_4gpu_20260926.log,527130,264651,1.6486679999999978
2,2,65640,66163,1.6684,1.6684,0.0,5.002e-05,pretrain_full_4gpu_20260926.log,527210,264651,1.6481519999999978
2,2,65660,66163,1.6672,1.6672,0.0,5.002e-05,pretrain_full_4gpu_20260926.log,527290,264651,1.6510119999999977
2,2,65680,66163,1.633,1.633,0.0,5.001e-05,pretrain_full_4gpu_20260926.log,527370,264651,1.652419999999998
2,2,65700,66163,1.631,1.631,0.0,5.001e-05,pretrain_full_4gpu_20260926.log,527450,264651,1.647443999999998
2,2,65720,66163,1.6468,1.6468,0.0,5.001e-05,pretrain_full_4gpu_20260926.log,527530,264651,1.6502039999999978
2,2,65740,66163,1.6857,1.6857,0.0,5.001e-05,pretrain_full_4gpu_20260926.log,527610,264651,1.6497439999999974
2,2,65760,66163,1.6068,1.6068,0.0,5.001e-05,pretrain_full_4gpu_20260926.log,527690,264651,1.6497399999999973
2,2,65780,66163,1.5914,1.5914,0.0,5.001e-05,pretrain_full_4gpu_20260926.log,527770,264651,1.6508439999999973
2,2,65800,66163,1.682,1.682,0.0,5.001e-05,pretrain_full_4gpu_20260926.log,527850,264651,1.6538879999999976
2,2,65820,66163,1.682,1.682,0.0,5.001e-05,pretrain_full_4gpu_20260926.log,527930,264651,1.6557319999999975
2,2,65840,66163,1.6195,1.6195,0.0,5.001e-05,pretrain_full_4gpu_20260926.log,528010,264651,1.6544479999999977
2,2,65860,66163,1.6411,1.6411,0.0,5.001e-05,pretrain_full_4gpu_20260926.log,528090,264651,1.6532239999999976
2,2,65880,66163,1.6244,1.6244,0.0,5.001e-05,pretrain_full_4gpu_20260926.log,528170,264651,1.6562999999999977
2,2,65900,66163,1.6215,1.6215,0.0,5e-05,pretrain_full_4gpu_20260926.log,528250,264651,1.6542999999999974
2,2,65920,66163,1.5982,1.5982,0.0,5e-05,pretrain_full_4gpu_20260926.log,528330,264651,1.6511639999999974
2,2,65940,66163,1.6803,1.6803,0.0,5e-05,pretrain_full_4gpu_20260926.log,528410,264651,1.6518959999999976
2,2,65960,66163,1.6537,1.6537,0.0,5e-05,pretrain_full_4gpu_20260926.log,528490,264651,1.6480039999999976
2,2,65980,66163,1.5794,1.5794,0.0,5e-05,pretrain_full_4gpu_20260926.log,528570,264651,1.6452679999999977
2,2,66000,66163,1.6865,1.6865,0.0,5e-05,pretrain_full_4gpu_20260926.log,528650,264651,1.6438599999999979
2,2,66020,66163,1.6235,1.6235,0.0,5e-05,pretrain_full_4gpu_20260926.log,528730,264651,1.6430879999999979
2,2,66040,66163,1.564,1.564,0.0,5e-05,pretrain_full_4gpu_20260926.log,528810,264651,1.640295999999998
2,2,66060,66163,1.6614,1.6614,0.0,5e-05,pretrain_full_4gpu_20260926.log,528890,264651,1.6416279999999979
2,2,66080,66163,1.635,1.635,0.0,5e-05,pretrain_full_4gpu_20260926.log,528970,264651,1.6400959999999978
2,2,66100,66163,1.5602,1.5602,0.0,5e-05,pretrain_full_4gpu_20260926.log,529050,264651,1.6376399999999978
2,2,66120,66163,1.6614,1.6614,0.0,5e-05,pretrain_full_4gpu_20260926.log,529130,264651,1.6361759999999979
2,2,66140,66163,1.6158,1.6158,0.0,5e-05,pretrain_full_4gpu_20260926.log,529210,264651,1.634071999999998
2,2,66160,66163,1.6818,1.6818,0.0,5e-05,pretrain_full_4gpu_20260926.log,529290,264651,1.6346559999999979
2,2,66163,66163,1.5467,1.5467,0.0,5e-05,pretrain_full_4gpu_20260926.log,529302,264651,1.6312039999999979
