W0926 22:47:19.378000 75934 torch/distributed/run.py:792] 
W0926 22:47:19.378000 75934 torch/distributed/run.py:792] *****************************************
W0926 22:47:19.378000 75934 torch/distributed/run.py:792] Setting OMP_NUM_THREADS environment variable for each process to be 1 in default, to avoid your system being overloaded, please further tune the variable for optimal performance in your application as needed. 
W0926 22:47:19.378000 75934 torch/distributed/run.py:792] *****************************************
GPU数量变化(1→4)，step已自动转换为7125
swanlab: Tracking run with swanlab version 0.7.11
swanlab: Run data will be saved locally in 
/home/jk/work/minimind/trainer/swanlog/run-20260926_224725-bdivuzzpqk51fpkh1dnmm
swanlab: Backing up run 
MiniMind-Pretrain-Epoch-2-BatchSize-32-LearningRate-0.0005 locally
swanlab:  ☁️ Run `swanlab sync 
/home/jk/work/minimind/trainer/swanlog/run-20260926_224725-bdivuzzpqk51fpkh1dnmm
` to sync logs to remote server
Model Params: 63.91M
Trainable Params: 63.912M
torch.compile enabled
Epoch [1/2]: 跳过前7125个step，从step 7126开始
Epoch:[1/2](7140/66163), loss: 2.1975, logits_loss: 2.1975, aux_loss: 0.0000, lr: 0.00049678, epoch_time: 2772.0min
Epoch:[1/2](7160/66163), loss: 2.1712, logits_loss: 2.1712, aux_loss: 0.0000, lr: 0.00049676, epoch_time: 1257.0min
Epoch:[1/2](7180/66163), loss: 2.0997, logits_loss: 2.0997, aux_loss: 0.0000, lr: 0.00049674, epoch_time: 844.0min
Epoch:[1/2](7200/66163), loss: 2.0779, logits_loss: 2.0779, aux_loss: 0.0000, lr: 0.00049672, epoch_time: 651.0min
Epoch:[1/2](7220/66163), loss: 2.1882, logits_loss: 2.1882, aux_loss: 0.0000, lr: 0.00049670, epoch_time: 540.0min
Epoch:[1/2](7240/66163), loss: 2.2234, logits_loss: 2.2234, aux_loss: 0.0000, lr: 0.00049668, epoch_time: 467.0min
Epoch:[1/2](7260/66163), loss: 2.1538, logits_loss: 2.1538, aux_loss: 0.0000, lr: 0.00049667, epoch_time: 415.0min
Epoch:[1/2](7280/66163), loss: 2.1710, logits_loss: 2.1710, aux_loss: 0.0000, lr: 0.00049665, epoch_time: 377.0min
Epoch:[1/2](7300/66163), loss: 2.2959, logits_loss: 2.2959, aux_loss: 0.0000, lr: 0.00049663, epoch_time: 348.0min
Epoch:[1/2](7320/66163), loss: 2.2503, logits_loss: 2.2503, aux_loss: 0.0000, lr: 0.00049661, epoch_time: 325.0min
Epoch:[1/2](7340/66163), loss: 2.1135, logits_loss: 2.1135, aux_loss: 0.0000, lr: 0.00049659, epoch_time: 306.0min
Epoch:[1/2](7360/66163), loss: 2.1947, logits_loss: 2.1947, aux_loss: 0.0000, lr: 0.00049657, epoch_time: 290.0min
Epoch:[1/2](7380/66163), loss: 2.1311, logits_loss: 2.1311, aux_loss: 0.0000, lr: 0.00049656, epoch_time: 276.0min
Epoch:[1/2](7400/66163), loss: 2.2164, logits_loss: 2.2164, aux_loss: 0.0000, lr: 0.00049654, epoch_time: 265.0min
Epoch:[1/2](7420/66163), loss: 2.0474, logits_loss: 2.0474, aux_loss: 0.0000, lr: 0.00049652, epoch_time: 255.0min
Epoch:[1/2](7440/66163), loss: 2.1540, logits_loss: 2.1540, aux_loss: 0.0000, lr: 0.00049650, epoch_time: 247.0min
Epoch:[1/2](7460/66163), loss: 2.1754, logits_loss: 2.1754, aux_loss: 0.0000, lr: 0.00049648, epoch_time: 239.0min
Epoch:[1/2](7480/66163), loss: 2.1756, logits_loss: 2.1756, aux_loss: 0.0000, lr: 0.00049646, epoch_time: 232.0min
Epoch:[1/2](7500/66163), loss: 2.0855, logits_loss: 2.0855, aux_loss: 0.0000, lr: 0.00049644, epoch_time: 226.0min
Epoch:[1/2](7520/66163), loss: 2.1689, logits_loss: 2.1689, aux_loss: 0.0000, lr: 0.00049642, epoch_time: 221.0min
Epoch:[1/2](7540/66163), loss: 2.1687, logits_loss: 2.1687, aux_loss: 0.0000, lr: 0.00049640, epoch_time: 216.0min
Epoch:[1/2](7560/66163), loss: 2.2218, logits_loss: 2.2218, aux_loss: 0.0000, lr: 0.00049639, epoch_time: 211.0min
Epoch:[1/2](7580/66163), loss: 2.1833, logits_loss: 2.1833, aux_loss: 0.0000, lr: 0.00049637, epoch_time: 207.0min
Epoch:[1/2](7600/66163), loss: 2.2253, logits_loss: 2.2253, aux_loss: 0.0000, lr: 0.00049635, epoch_time: 204.0min
Epoch:[1/2](7620/66163), loss: 2.1077, logits_loss: 2.1077, aux_loss: 0.0000, lr: 0.00049633, epoch_time: 200.0min
Epoch:[1/2](7640/66163), loss: 2.0424, logits_loss: 2.0424, aux_loss: 0.0000, lr: 0.00049631, epoch_time: 197.0min
Epoch:[1/2](7660/66163), loss: 2.2567, logits_loss: 2.2567, aux_loss: 0.0000, lr: 0.00049629, epoch_time: 194.0min
Epoch:[1/2](7680/66163), loss: 2.1000, logits_loss: 2.1000, aux_loss: 0.0000, lr: 0.00049627, epoch_time: 191.0min
Epoch:[1/2](7700/66163), loss: 2.2077, logits_loss: 2.2077, aux_loss: 0.0000, lr: 0.00049625, epoch_time: 189.0min
Epoch:[1/2](7720/66163), loss: 2.1684, logits_loss: 2.1684, aux_loss: 0.0000, lr: 0.00049623, epoch_time: 186.0min
Epoch:[1/2](7740/66163), loss: 2.1260, logits_loss: 2.1260, aux_loss: 0.0000, lr: 0.00049621, epoch_time: 184.0min
Epoch:[1/2](7760/66163), loss: 2.0929, logits_loss: 2.0929, aux_loss: 0.0000, lr: 0.00049619, epoch_time: 182.0min
Epoch:[1/2](7780/66163), loss: 2.3080, logits_loss: 2.3080, aux_loss: 0.0000, lr: 0.00049617, epoch_time: 180.0min
Epoch:[1/2](7800/66163), loss: 2.1036, logits_loss: 2.1036, aux_loss: 0.0000, lr: 0.00049615, epoch_time: 178.0min
Epoch:[1/2](7820/66163), loss: 2.2208, logits_loss: 2.2208, aux_loss: 0.0000, lr: 0.00049613, epoch_time: 177.0min
Epoch:[1/2](7840/66163), loss: 2.1717, logits_loss: 2.1717, aux_loss: 0.0000, lr: 0.00049611, epoch_time: 175.0min
Epoch:[1/2](7860/66163), loss: 2.2264, logits_loss: 2.2264, aux_loss: 0.0000, lr: 0.00049609, epoch_time: 173.0min
Epoch:[1/2](7880/66163), loss: 2.1442, logits_loss: 2.1442, aux_loss: 0.0000, lr: 0.00049607, epoch_time: 172.0min
Epoch:[1/2](7900/66163), loss: 2.1879, logits_loss: 2.1879, aux_loss: 0.0000, lr: 0.00049605, epoch_time: 171.0min
Epoch:[1/2](7920/66163), loss: 2.1744, logits_loss: 2.1744, aux_loss: 0.0000, lr: 0.00049603, epoch_time: 169.0min
Epoch:[1/2](7940/66163), loss: 2.1749, logits_loss: 2.1749, aux_loss: 0.0000, lr: 0.00049601, epoch_time: 168.0min
Epoch:[1/2](7960/66163), loss: 2.1319, logits_loss: 2.1319, aux_loss: 0.0000, lr: 0.00049599, epoch_time: 167.0min
Epoch:[1/2](7980/66163), loss: 2.1512, logits_loss: 2.1512, aux_loss: 0.0000, lr: 0.00049597, epoch_time: 166.0min
Epoch:[1/2](8000/66163), loss: 2.1128, logits_loss: 2.1128, aux_loss: 0.0000, lr: 0.00049595, epoch_time: 164.0min
Epoch:[1/2](8020/66163), loss: 2.1454, logits_loss: 2.1454, aux_loss: 0.0000, lr: 0.00049593, epoch_time: 163.0min
Epoch:[1/2](8040/66163), loss: 2.2548, logits_loss: 2.2548, aux_loss: 0.0000, lr: 0.00049591, epoch_time: 162.0min
Epoch:[1/2](8060/66163), loss: 2.0818, logits_loss: 2.0818, aux_loss: 0.0000, lr: 0.00049589, epoch_time: 161.0min
Epoch:[1/2](8080/66163), loss: 2.1914, logits_loss: 2.1914, aux_loss: 0.0000, lr: 0.00049587, epoch_time: 161.0min
Epoch:[1/2](8100/66163), loss: 2.0501, logits_loss: 2.0501, aux_loss: 0.0000, lr: 0.00049585, epoch_time: 160.0min
Epoch:[1/2](8120/66163), loss: 2.1721, logits_loss: 2.1721, aux_loss: 0.0000, lr: 0.00049583, epoch_time: 159.0min
Epoch:[1/2](8140/66163), loss: 2.0408, logits_loss: 2.0408, aux_loss: 0.0000, lr: 0.00049581, epoch_time: 158.0min
Epoch:[1/2](8160/66163), loss: 2.1352, logits_loss: 2.1352, aux_loss: 0.0000, lr: 0.00049579, epoch_time: 157.0min
Epoch:[1/2](8180/66163), loss: 2.1253, logits_loss: 2.1253, aux_loss: 0.0000, lr: 0.00049577, epoch_time: 156.0min
Epoch:[1/2](8200/66163), loss: 2.0975, logits_loss: 2.0975, aux_loss: 0.0000, lr: 0.00049575, epoch_time: 156.0min
Epoch:[1/2](8220/66163), loss: 2.0236, logits_loss: 2.0236, aux_loss: 0.0000, lr: 0.00049573, epoch_time: 155.0min
Epoch:[1/2](8240/66163), loss: 2.0608, logits_loss: 2.0608, aux_loss: 0.0000, lr: 0.00049571, epoch_time: 154.0min
Epoch:[1/2](8260/66163), loss: 2.1049, logits_loss: 2.1049, aux_loss: 0.0000, lr: 0.00049569, epoch_time: 154.0min
Epoch:[1/2](8280/66163), loss: 2.0939, logits_loss: 2.0939, aux_loss: 0.0000, lr: 0.00049567, epoch_time: 204.0min
Epoch:[1/2](8300/66163), loss: 2.1548, logits_loss: 2.1548, aux_loss: 0.0000, lr: 0.00049565, epoch_time: 202.0min
Epoch:[1/2](8320/66163), loss: 2.0647, logits_loss: 2.0647, aux_loss: 0.0000, lr: 0.00049562, epoch_time: 201.0min
Epoch:[1/2](8340/66163), loss: 2.0945, logits_loss: 2.0945, aux_loss: 0.0000, lr: 0.00049560, epoch_time: 199.0min
Epoch:[1/2](8360/66163), loss: 2.1335, logits_loss: 2.1335, aux_loss: 0.0000, lr: 0.00049558, epoch_time: 198.0min
Epoch:[1/2](8380/66163), loss: 2.1166, logits_loss: 2.1166, aux_loss: 0.0000, lr: 0.00049556, epoch_time: 197.0min
Epoch:[1/2](8400/66163), loss: 2.0802, logits_loss: 2.0802, aux_loss: 0.0000, lr: 0.00049554, epoch_time: 195.0min
Epoch:[1/2](8420/66163), loss: 2.1687, logits_loss: 2.1687, aux_loss: 0.0000, lr: 0.00049552, epoch_time: 194.0min
Epoch:[1/2](8440/66163), loss: 2.0987, logits_loss: 2.0987, aux_loss: 0.0000, lr: 0.00049550, epoch_time: 193.0min
Epoch:[1/2](8460/66163), loss: 2.0375, logits_loss: 2.0375, aux_loss: 0.0000, lr: 0.00049548, epoch_time: 192.0min
Epoch:[1/2](8480/66163), loss: 2.0532, logits_loss: 2.0532, aux_loss: 0.0000, lr: 0.00049546, epoch_time: 191.0min
Epoch:[1/2](8500/66163), loss: 2.1125, logits_loss: 2.1125, aux_loss: 0.0000, lr: 0.00049543, epoch_time: 190.0min
Epoch:[1/2](8520/66163), loss: 2.1958, logits_loss: 2.1958, aux_loss: 0.0000, lr: 0.00049541, epoch_time: 188.0min
Epoch:[1/2](8540/66163), loss: 2.1257, logits_loss: 2.1257, aux_loss: 0.0000, lr: 0.00049539, epoch_time: 187.0min
Epoch:[1/2](8560/66163), loss: 2.0925, logits_loss: 2.0925, aux_loss: 0.0000, lr: 0.00049537, epoch_time: 186.0min
Epoch:[1/2](8580/66163), loss: 2.0913, logits_loss: 2.0913, aux_loss: 0.0000, lr: 0.00049535, epoch_time: 185.0min
Epoch:[1/2](8600/66163), loss: 2.1605, logits_loss: 2.1605, aux_loss: 0.0000, lr: 0.00049533, epoch_time: 184.0min
Epoch:[1/2](8620/66163), loss: 2.0462, logits_loss: 2.0462, aux_loss: 0.0000, lr: 0.00049530, epoch_time: 183.0min
Epoch:[1/2](8640/66163), loss: 2.0577, logits_loss: 2.0577, aux_loss: 0.0000, lr: 0.00049528, epoch_time: 183.0min
Epoch:[1/2](8660/66163), loss: 2.1403, logits_loss: 2.1403, aux_loss: 0.0000, lr: 0.00049526, epoch_time: 182.0min
Epoch:[1/2](8680/66163), loss: 2.0966, logits_loss: 2.0966, aux_loss: 0.0000, lr: 0.00049524, epoch_time: 181.0min
Epoch:[1/2](8700/66163), loss: 1.9845, logits_loss: 1.9845, aux_loss: 0.0000, lr: 0.00049522, epoch_time: 180.0min
Epoch:[1/2](8720/66163), loss: 2.0324, logits_loss: 2.0324, aux_loss: 0.0000, lr: 0.00049520, epoch_time: 179.0min
Epoch:[1/2](8740/66163), loss: 2.1250, logits_loss: 2.1250, aux_loss: 0.0000, lr: 0.00049517, epoch_time: 178.0min
Epoch:[1/2](8760/66163), loss: 2.1625, logits_loss: 2.1625, aux_loss: 0.0000, lr: 0.00049515, epoch_time: 177.0min
Epoch:[1/2](8780/66163), loss: 2.1120, logits_loss: 2.1120, aux_loss: 0.0000, lr: 0.00049513, epoch_time: 177.0min
Epoch:[1/2](8800/66163), loss: 2.0827, logits_loss: 2.0827, aux_loss: 0.0000, lr: 0.00049511, epoch_time: 176.0min
Epoch:[1/2](8820/66163), loss: 2.0498, logits_loss: 2.0498, aux_loss: 0.0000, lr: 0.00049509, epoch_time: 175.0min
Epoch:[1/2](8840/66163), loss: 2.1310, logits_loss: 2.1310, aux_loss: 0.0000, lr: 0.00049506, epoch_time: 174.0min
Epoch:[1/2](8860/66163), loss: 2.1223, logits_loss: 2.1223, aux_loss: 0.0000, lr: 0.00049504, epoch_time: 174.0min
Epoch:[1/2](8880/66163), loss: 2.0978, logits_loss: 2.0978, aux_loss: 0.0000, lr: 0.00049502, epoch_time: 173.0min
Epoch:[1/2](8900/66163), loss: 2.1692, logits_loss: 2.1692, aux_loss: 0.0000, lr: 0.00049500, epoch_time: 172.0min
Epoch:[1/2](8920/66163), loss: 2.0337, logits_loss: 2.0337, aux_loss: 0.0000, lr: 0.00049497, epoch_time: 172.0min
Epoch:[1/2](8940/66163), loss: 2.0915, logits_loss: 2.0915, aux_loss: 0.0000, lr: 0.00049495, epoch_time: 171.0min
Epoch:[1/2](8960/66163), loss: 2.0551, logits_loss: 2.0551, aux_loss: 0.0000, lr: 0.00049493, epoch_time: 170.0min
Epoch:[1/2](8980/66163), loss: 2.0447, logits_loss: 2.0447, aux_loss: 0.0000, lr: 0.00049491, epoch_time: 170.0min
Epoch:[1/2](9000/66163), loss: 2.0454, logits_loss: 2.0454, aux_loss: 0.0000, lr: 0.00049488, epoch_time: 169.0min
Epoch:[1/2](9020/66163), loss: 2.1661, logits_loss: 2.1661, aux_loss: 0.0000, lr: 0.00049486, epoch_time: 169.0min
Epoch:[1/2](9040/66163), loss: 2.1628, logits_loss: 2.1628, aux_loss: 0.0000, lr: 0.00049484, epoch_time: 168.0min
Epoch:[1/2](9060/66163), loss: 2.0647, logits_loss: 2.0647, aux_loss: 0.0000, lr: 0.00049482, epoch_time: 167.0min
Epoch:[1/2](9080/66163), loss: 1.9568, logits_loss: 1.9568, aux_loss: 0.0000, lr: 0.00049479, epoch_time: 167.0min
Epoch:[1/2](9100/66163), loss: 2.1580, logits_loss: 2.1580, aux_loss: 0.0000, lr: 0.00049477, epoch_time: 196.0min
Epoch:[1/2](9120/66163), loss: 2.1352, logits_loss: 2.1352, aux_loss: 0.0000, lr: 0.00049475, epoch_time: 195.0min
Epoch:[1/2](9140/66163), loss: 2.1050, logits_loss: 2.1050, aux_loss: 0.0000, lr: 0.00049472, epoch_time: 194.0min
Epoch:[1/2](9160/66163), loss: 2.0475, logits_loss: 2.0475, aux_loss: 0.0000, lr: 0.00049470, epoch_time: 193.0min
Epoch:[1/2](9180/66163), loss: 1.9878, logits_loss: 1.9878, aux_loss: 0.0000, lr: 0.00049468, epoch_time: 192.0min
Epoch:[1/2](9200/66163), loss: 2.2072, logits_loss: 2.2072, aux_loss: 0.0000, lr: 0.00049465, epoch_time: 192.0min
Epoch:[1/2](9220/66163), loss: 2.1155, logits_loss: 2.1155, aux_loss: 0.0000, lr: 0.00049463, epoch_time: 191.0min
Epoch:[1/2](9240/66163), loss: 2.0433, logits_loss: 2.0433, aux_loss: 0.0000, lr: 0.00049461, epoch_time: 190.0min
Epoch:[1/2](9260/66163), loss: 2.1847, logits_loss: 2.1847, aux_loss: 0.0000, lr: 0.00049458, epoch_time: 189.0min
Epoch:[1/2](9280/66163), loss: 1.9955, logits_loss: 1.9955, aux_loss: 0.0000, lr: 0.00049456, epoch_time: 188.0min
Epoch:[1/2](9300/66163), loss: 2.0917, logits_loss: 2.0917, aux_loss: 0.0000, lr: 0.00049454, epoch_time: 188.0min
Epoch:[1/2](9320/66163), loss: 2.1354, logits_loss: 2.1354, aux_loss: 0.0000, lr: 0.00049451, epoch_time: 187.0min
Epoch:[1/2](9340/66163), loss: 2.1051, logits_loss: 2.1051, aux_loss: 0.0000, lr: 0.00049449, epoch_time: 186.0min
Epoch:[1/2](9360/66163), loss: 2.1721, logits_loss: 2.1721, aux_loss: 0.0000, lr: 0.00049447, epoch_time: 186.0min
Epoch:[1/2](9380/66163), loss: 2.1330, logits_loss: 2.1330, aux_loss: 0.0000, lr: 0.00049444, epoch_time: 185.0min
Epoch:[1/2](9400/66163), loss: 2.0847, logits_loss: 2.0847, aux_loss: 0.0000, lr: 0.00049442, epoch_time: 184.0min
Epoch:[1/2](9420/66163), loss: 2.1994, logits_loss: 2.1994, aux_loss: 0.0000, lr: 0.00049440, epoch_time: 184.0min
Epoch:[1/2](9440/66163), loss: 2.1341, logits_loss: 2.1341, aux_loss: 0.0000, lr: 0.00049437, epoch_time: 183.0min
Epoch:[1/2](9460/66163), loss: 2.1215, logits_loss: 2.1215, aux_loss: 0.0000, lr: 0.00049435, epoch_time: 182.0min
Epoch:[1/2](9480/66163), loss: 2.1732, logits_loss: 2.1732, aux_loss: 0.0000, lr: 0.00049433, epoch_time: 182.0min
Epoch:[1/2](9500/66163), loss: 2.0637, logits_loss: 2.0637, aux_loss: 0.0000, lr: 0.00049430, epoch_time: 181.0min
Epoch:[1/2](9520/66163), loss: 2.1397, logits_loss: 2.1397, aux_loss: 0.0000, lr: 0.00049428, epoch_time: 181.0min
Epoch:[1/2](9540/66163), loss: 2.0381, logits_loss: 2.0381, aux_loss: 0.0000, lr: 0.00049425, epoch_time: 180.0min
Epoch:[1/2](9560/66163), loss: 2.1689, logits_loss: 2.1689, aux_loss: 0.0000, lr: 0.00049423, epoch_time: 179.0min
Epoch:[1/2](9580/66163), loss: 2.1094, logits_loss: 2.1094, aux_loss: 0.0000, lr: 0.00049421, epoch_time: 179.0min
Epoch:[1/2](9600/66163), loss: 2.1283, logits_loss: 2.1283, aux_loss: 0.0000, lr: 0.00049418, epoch_time: 178.0min
Epoch:[1/2](9620/66163), loss: 2.1511, logits_loss: 2.1511, aux_loss: 0.0000, lr: 0.00049416, epoch_time: 178.0min
Epoch:[1/2](9640/66163), loss: 2.0977, logits_loss: 2.0977, aux_loss: 0.0000, lr: 0.00049413, epoch_time: 177.0min
Epoch:[1/2](9660/66163), loss: 2.1702, logits_loss: 2.1702, aux_loss: 0.0000, lr: 0.00049411, epoch_time: 177.0min
Epoch:[1/2](9680/66163), loss: 2.1696, logits_loss: 2.1696, aux_loss: 0.0000, lr: 0.00049408, epoch_time: 176.0min
Epoch:[1/2](9700/66163), loss: 2.0560, logits_loss: 2.0560, aux_loss: 0.0000, lr: 0.00049406, epoch_time: 176.0min
Epoch:[1/2](9720/66163), loss: 2.0311, logits_loss: 2.0311, aux_loss: 0.0000, lr: 0.00049404, epoch_time: 175.0min
Epoch:[1/2](9740/66163), loss: 2.0169, logits_loss: 2.0169, aux_loss: 0.0000, lr: 0.00049401, epoch_time: 174.0min
Epoch:[1/2](9760/66163), loss: 2.1132, logits_loss: 2.1132, aux_loss: 0.0000, lr: 0.00049399, epoch_time: 174.0min
Epoch:[1/2](9780/66163), loss: 2.0222, logits_loss: 2.0222, aux_loss: 0.0000, lr: 0.00049396, epoch_time: 173.0min
Epoch:[1/2](9800/66163), loss: 2.2215, logits_loss: 2.2215, aux_loss: 0.0000, lr: 0.00049394, epoch_time: 173.0min
Epoch:[1/2](9820/66163), loss: 2.0818, logits_loss: 2.0818, aux_loss: 0.0000, lr: 0.00049391, epoch_time: 173.0min
Epoch:[1/2](9840/66163), loss: 2.0024, logits_loss: 2.0024, aux_loss: 0.0000, lr: 0.00049389, epoch_time: 172.0min
Epoch:[1/2](9860/66163), loss: 2.1057, logits_loss: 2.1057, aux_loss: 0.0000, lr: 0.00049386, epoch_time: 172.0min
Epoch:[1/2](9880/66163), loss: 2.1100, logits_loss: 2.1100, aux_loss: 0.0000, lr: 0.00049384, epoch_time: 171.0min
Epoch:[1/2](9900/66163), loss: 2.0158, logits_loss: 2.0158, aux_loss: 0.0000, lr: 0.00049381, epoch_time: 171.0min
Epoch:[1/2](9920/66163), loss: 1.9777, logits_loss: 1.9777, aux_loss: 0.0000, lr: 0.00049379, epoch_time: 170.0min
Epoch:[1/2](9940/66163), loss: 2.0420, logits_loss: 2.0420, aux_loss: 0.0000, lr: 0.00049376, epoch_time: 170.0min
Epoch:[1/2](9960/66163), loss: 2.0725, logits_loss: 2.0725, aux_loss: 0.0000, lr: 0.00049374, epoch_time: 169.0min
Epoch:[1/2](9980/66163), loss: 2.0579, logits_loss: 2.0579, aux_loss: 0.0000, lr: 0.00049371, epoch_time: 189.0min
Epoch:[1/2](10000/66163), loss: 2.2146, logits_loss: 2.2146, aux_loss: 0.0000, lr: 0.00049369, epoch_time: 188.0min
Epoch:[1/2](10020/66163), loss: 2.0854, logits_loss: 2.0854, aux_loss: 0.0000, lr: 0.00049366, epoch_time: 192.0min
Epoch:[1/2](10040/66163), loss: 2.1852, logits_loss: 2.1852, aux_loss: 0.0000, lr: 0.00049364, epoch_time: 191.0min
Epoch:[1/2](10060/66163), loss: 2.1177, logits_loss: 2.1177, aux_loss: 0.0000, lr: 0.00049361, epoch_time: 191.0min
Epoch:[1/2](10080/66163), loss: 2.0529, logits_loss: 2.0529, aux_loss: 0.0000, lr: 0.00049359, epoch_time: 190.0min
Epoch:[1/2](10100/66163), loss: 2.0699, logits_loss: 2.0699, aux_loss: 0.0000, lr: 0.00049356, epoch_time: 190.0min
Epoch:[1/2](10120/66163), loss: 2.0336, logits_loss: 2.0336, aux_loss: 0.0000, lr: 0.00049354, epoch_time: 189.0min
Epoch:[1/2](10140/66163), loss: 2.1378, logits_loss: 2.1378, aux_loss: 0.0000, lr: 0.00049351, epoch_time: 189.0min
Epoch:[1/2](10160/66163), loss: 2.1454, logits_loss: 2.1454, aux_loss: 0.0000, lr: 0.00049349, epoch_time: 188.0min
Epoch:[1/2](10180/66163), loss: 2.0647, logits_loss: 2.0647, aux_loss: 0.0000, lr: 0.00049346, epoch_time: 188.0min
Epoch:[1/2](10200/66163), loss: 2.1132, logits_loss: 2.1132, aux_loss: 0.0000, lr: 0.00049343, epoch_time: 187.0min
Epoch:[1/2](10220/66163), loss: 2.0944, logits_loss: 2.0944, aux_loss: 0.0000, lr: 0.00049341, epoch_time: 186.0min
Epoch:[1/2](10240/66163), loss: 2.0242, logits_loss: 2.0242, aux_loss: 0.0000, lr: 0.00049338, epoch_time: 186.0min
Epoch:[1/2](10260/66163), loss: 2.1065, logits_loss: 2.1065, aux_loss: 0.0000, lr: 0.00049336, epoch_time: 185.0min
Epoch:[1/2](10280/66163), loss: 2.0970, logits_loss: 2.0970, aux_loss: 0.0000, lr: 0.00049333, epoch_time: 185.0min
Epoch:[1/2](10300/66163), loss: 2.0350, logits_loss: 2.0350, aux_loss: 0.0000, lr: 0.00049331, epoch_time: 184.0min
Epoch:[1/2](10320/66163), loss: 1.9985, logits_loss: 1.9985, aux_loss: 0.0000, lr: 0.00049328, epoch_time: 184.0min
Epoch:[1/2](10340/66163), loss: 1.9945, logits_loss: 1.9945, aux_loss: 0.0000, lr: 0.00049325, epoch_time: 183.0min
Epoch:[1/2](10360/66163), loss: 2.0818, logits_loss: 2.0818, aux_loss: 0.0000, lr: 0.00049323, epoch_time: 183.0min
Epoch:[1/2](10380/66163), loss: 2.0447, logits_loss: 2.0447, aux_loss: 0.0000, lr: 0.00049320, epoch_time: 182.0min
Epoch:[1/2](10400/66163), loss: 2.1177, logits_loss: 2.1177, aux_loss: 0.0000, lr: 0.00049318, epoch_time: 182.0min
Epoch:[1/2](10420/66163), loss: 2.0165, logits_loss: 2.0165, aux_loss: 0.0000, lr: 0.00049315, epoch_time: 181.0min
Epoch:[1/2](10440/66163), loss: 2.1703, logits_loss: 2.1703, aux_loss: 0.0000, lr: 0.00049312, epoch_time: 181.0min
Epoch:[1/2](10460/66163), loss: 2.1035, logits_loss: 2.1035, aux_loss: 0.0000, lr: 0.00049310, epoch_time: 181.0min
Epoch:[1/2](10480/66163), loss: 2.0928, logits_loss: 2.0928, aux_loss: 0.0000, lr: 0.00049307, epoch_time: 180.0min
Epoch:[1/2](10500/66163), loss: 2.0724, logits_loss: 2.0724, aux_loss: 0.0000, lr: 0.00049305, epoch_time: 180.0min
Epoch:[1/2](10520/66163), loss: 2.2030, logits_loss: 2.2030, aux_loss: 0.0000, lr: 0.00049302, epoch_time: 179.0min
Epoch:[1/2](10540/66163), loss: 2.0354, logits_loss: 2.0354, aux_loss: 0.0000, lr: 0.00049299, epoch_time: 179.0min
Epoch:[1/2](10560/66163), loss: 2.0951, logits_loss: 2.0951, aux_loss: 0.0000, lr: 0.00049297, epoch_time: 178.0min
Epoch:[1/2](10580/66163), loss: 2.1138, logits_loss: 2.1138, aux_loss: 0.0000, lr: 0.00049294, epoch_time: 178.0min
Epoch:[1/2](10600/66163), loss: 2.1537, logits_loss: 2.1537, aux_loss: 0.0000, lr: 0.00049291, epoch_time: 177.0min
Epoch:[1/2](10620/66163), loss: 2.1676, logits_loss: 2.1676, aux_loss: 0.0000, lr: 0.00049289, epoch_time: 177.0min
Epoch:[1/2](10640/66163), loss: 2.1481, logits_loss: 2.1481, aux_loss: 0.0000, lr: 0.00049286, epoch_time: 177.0min
Epoch:[1/2](10660/66163), loss: 1.9154, logits_loss: 1.9154, aux_loss: 0.0000, lr: 0.00049283, epoch_time: 176.0min
Epoch:[1/2](10680/66163), loss: 2.1285, logits_loss: 2.1285, aux_loss: 0.0000, lr: 0.00049281, epoch_time: 176.0min
Epoch:[1/2](10700/66163), loss: 2.0542, logits_loss: 2.0542, aux_loss: 0.0000, lr: 0.00049278, epoch_time: 175.0min
Epoch:[1/2](10720/66163), loss: 1.9987, logits_loss: 1.9987, aux_loss: 0.0000, lr: 0.00049275, epoch_time: 175.0min
Epoch:[1/2](10740/66163), loss: 2.0435, logits_loss: 2.0435, aux_loss: 0.0000, lr: 0.00049273, epoch_time: 175.0min
Epoch:[1/2](10760/66163), loss: 2.0586, logits_loss: 2.0586, aux_loss: 0.0000, lr: 0.00049270, epoch_time: 174.0min
Epoch:[1/2](10780/66163), loss: 2.1621, logits_loss: 2.1621, aux_loss: 0.0000, lr: 0.00049267, epoch_time: 174.0min
Epoch:[1/2](10800/66163), loss: 2.0817, logits_loss: 2.0817, aux_loss: 0.0000, lr: 0.00049264, epoch_time: 173.0min
Epoch:[1/2](10820/66163), loss: 2.1779, logits_loss: 2.1779, aux_loss: 0.0000, lr: 0.00049262, epoch_time: 188.0min
Epoch:[1/2](10840/66163), loss: 2.0810, logits_loss: 2.0810, aux_loss: 0.0000, lr: 0.00049259, epoch_time: 188.0min
Epoch:[1/2](10860/66163), loss: 2.0656, logits_loss: 2.0656, aux_loss: 0.0000, lr: 0.00049256, epoch_time: 187.0min
Epoch:[1/2](10880/66163), loss: 2.0856, logits_loss: 2.0856, aux_loss: 0.0000, lr: 0.00049254, epoch_time: 187.0min
Epoch:[1/2](10900/66163), loss: 2.0716, logits_loss: 2.0716, aux_loss: 0.0000, lr: 0.00049251, epoch_time: 186.0min
Epoch:[1/2](10920/66163), loss: 2.0649, logits_loss: 2.0649, aux_loss: 0.0000, lr: 0.00049248, epoch_time: 186.0min
Epoch:[1/2](10940/66163), loss: 2.0180, logits_loss: 2.0180, aux_loss: 0.0000, lr: 0.00049245, epoch_time: 185.0min
Epoch:[1/2](10960/66163), loss: 2.0315, logits_loss: 2.0315, aux_loss: 0.0000, lr: 0.00049243, epoch_time: 185.0min
Epoch:[1/2](10980/66163), loss: 2.0864, logits_loss: 2.0864, aux_loss: 0.0000, lr: 0.00049240, epoch_time: 185.0min
Epoch:[1/2](11000/66163), loss: 2.1291, logits_loss: 2.1291, aux_loss: 0.0000, lr: 0.00049237, epoch_time: 184.0min
Epoch:[1/2](11020/66163), loss: 1.9972, logits_loss: 1.9972, aux_loss: 0.0000, lr: 0.00049234, epoch_time: 184.0min
Epoch:[1/2](11040/66163), loss: 2.0962, logits_loss: 2.0962, aux_loss: 0.0000, lr: 0.00049232, epoch_time: 183.0min
Epoch:[1/2](11060/66163), loss: 1.9643, logits_loss: 1.9643, aux_loss: 0.0000, lr: 0.00049229, epoch_time: 183.0min
Epoch:[1/2](11080/66163), loss: 2.0123, logits_loss: 2.0123, aux_loss: 0.0000, lr: 0.00049226, epoch_time: 182.0min
Epoch:[1/2](11100/66163), loss: 2.0476, logits_loss: 2.0476, aux_loss: 0.0000, lr: 0.00049223, epoch_time: 182.0min
Epoch:[1/2](11120/66163), loss: 2.1511, logits_loss: 2.1511, aux_loss: 0.0000, lr: 0.00049220, epoch_time: 182.0min
Epoch:[1/2](11140/66163), loss: 2.0673, logits_loss: 2.0673, aux_loss: 0.0000, lr: 0.00049218, epoch_time: 181.0min
Epoch:[1/2](11160/66163), loss: 2.1557, logits_loss: 2.1557, aux_loss: 0.0000, lr: 0.00049215, epoch_time: 181.0min
Epoch:[1/2](11180/66163), loss: 1.9731, logits_loss: 1.9731, aux_loss: 0.0000, lr: 0.00049212, epoch_time: 180.0min
Epoch:[1/2](11200/66163), loss: 2.1130, logits_loss: 2.1130, aux_loss: 0.0000, lr: 0.00049209, epoch_time: 180.0min
Epoch:[1/2](11220/66163), loss: 1.9403, logits_loss: 1.9403, aux_loss: 0.0000, lr: 0.00049206, epoch_time: 180.0min
Epoch:[1/2](11240/66163), loss: 2.0400, logits_loss: 2.0400, aux_loss: 0.0000, lr: 0.00049204, epoch_time: 179.0min
Epoch:[1/2](11260/66163), loss: 2.1320, logits_loss: 2.1320, aux_loss: 0.0000, lr: 0.00049201, epoch_time: 179.0min
Epoch:[1/2](11280/66163), loss: 2.1078, logits_loss: 2.1078, aux_loss: 0.0000, lr: 0.00049198, epoch_time: 178.0min
Epoch:[1/2](11300/66163), loss: 1.9759, logits_loss: 1.9759, aux_loss: 0.0000, lr: 0.00049195, epoch_time: 178.0min
Epoch:[1/2](11320/66163), loss: 2.0816, logits_loss: 2.0816, aux_loss: 0.0000, lr: 0.00049192, epoch_time: 178.0min
Epoch:[1/2](11340/66163), loss: 2.0258, logits_loss: 2.0258, aux_loss: 0.0000, lr: 0.00049189, epoch_time: 177.0min
Epoch:[1/2](11360/66163), loss: 2.0715, logits_loss: 2.0715, aux_loss: 0.0000, lr: 0.00049187, epoch_time: 177.0min
Epoch:[1/2](11380/66163), loss: 2.0017, logits_loss: 2.0017, aux_loss: 0.0000, lr: 0.00049184, epoch_time: 177.0min
Epoch:[1/2](11400/66163), loss: 2.0621, logits_loss: 2.0621, aux_loss: 0.0000, lr: 0.00049181, epoch_time: 176.0min
Epoch:[1/2](11420/66163), loss: 2.1569, logits_loss: 2.1569, aux_loss: 0.0000, lr: 0.00049178, epoch_time: 176.0min
Epoch:[1/2](11440/66163), loss: 2.1046, logits_loss: 2.1046, aux_loss: 0.0000, lr: 0.00049175, epoch_time: 176.0min
Epoch:[1/2](11460/66163), loss: 2.0846, logits_loss: 2.0846, aux_loss: 0.0000, lr: 0.00049172, epoch_time: 175.0min
Epoch:[1/2](11480/66163), loss: 2.0254, logits_loss: 2.0254, aux_loss: 0.0000, lr: 0.00049169, epoch_time: 175.0min
Epoch:[1/2](11500/66163), loss: 2.0691, logits_loss: 2.0691, aux_loss: 0.0000, lr: 0.00049167, epoch_time: 174.0min
Epoch:[1/2](11520/66163), loss: 2.1175, logits_loss: 2.1175, aux_loss: 0.0000, lr: 0.00049164, epoch_time: 174.0min
Epoch:[1/2](11540/66163), loss: 2.0215, logits_loss: 2.0215, aux_loss: 0.0000, lr: 0.00049161, epoch_time: 174.0min
Epoch:[1/2](11560/66163), loss: 2.0461, logits_loss: 2.0461, aux_loss: 0.0000, lr: 0.00049158, epoch_time: 173.0min
Epoch:[1/2](11580/66163), loss: 2.0967, logits_loss: 2.0967, aux_loss: 0.0000, lr: 0.00049155, epoch_time: 173.0min
Epoch:[1/2](11600/66163), loss: 2.0339, logits_loss: 2.0339, aux_loss: 0.0000, lr: 0.00049152, epoch_time: 173.0min
Epoch:[1/2](11620/66163), loss: 2.0524, logits_loss: 2.0524, aux_loss: 0.0000, lr: 0.00049149, epoch_time: 172.0min
Epoch:[1/2](11640/66163), loss: 2.0194, logits_loss: 2.0194, aux_loss: 0.0000, lr: 0.00049146, epoch_time: 172.0min
Epoch:[1/2](11660/66163), loss: 2.0995, logits_loss: 2.0995, aux_loss: 0.0000, lr: 0.00049143, epoch_time: 184.0min
Epoch:[1/2](11680/66163), loss: 2.0296, logits_loss: 2.0296, aux_loss: 0.0000, lr: 0.00049140, epoch_time: 184.0min
Epoch:[1/2](11700/66163), loss: 1.9868, logits_loss: 1.9868, aux_loss: 0.0000, lr: 0.00049138, epoch_time: 183.0min
Epoch:[1/2](11720/66163), loss: 2.0698, logits_loss: 2.0698, aux_loss: 0.0000, lr: 0.00049135, epoch_time: 183.0min
Epoch:[1/2](11740/66163), loss: 2.0364, logits_loss: 2.0364, aux_loss: 0.0000, lr: 0.00049132, epoch_time: 182.0min
Epoch:[1/2](11760/66163), loss: 2.1242, logits_loss: 2.1242, aux_loss: 0.0000, lr: 0.00049129, epoch_time: 182.0min
Epoch:[1/2](11780/66163), loss: 2.1541, logits_loss: 2.1541, aux_loss: 0.0000, lr: 0.00049126, epoch_time: 182.0min
Epoch:[1/2](11800/66163), loss: 2.0814, logits_loss: 2.0814, aux_loss: 0.0000, lr: 0.00049123, epoch_time: 181.0min
Epoch:[1/2](11820/66163), loss: 2.1521, logits_loss: 2.1521, aux_loss: 0.0000, lr: 0.00049120, epoch_time: 181.0min
Epoch:[1/2](11840/66163), loss: 2.1470, logits_loss: 2.1470, aux_loss: 0.0000, lr: 0.00049117, epoch_time: 181.0min
Epoch:[1/2](11860/66163), loss: 2.0657, logits_loss: 2.0657, aux_loss: 0.0000, lr: 0.00049114, epoch_time: 180.0min
Epoch:[1/2](11880/66163), loss: 1.9289, logits_loss: 1.9289, aux_loss: 0.0000, lr: 0.00049111, epoch_time: 180.0min
Epoch:[1/2](11900/66163), loss: 2.1072, logits_loss: 2.1072, aux_loss: 0.0000, lr: 0.00049108, epoch_time: 180.0min
Epoch:[1/2](11920/66163), loss: 2.0130, logits_loss: 2.0130, aux_loss: 0.0000, lr: 0.00049105, epoch_time: 179.0min
Epoch:[1/2](11940/66163), loss: 2.0513, logits_loss: 2.0513, aux_loss: 0.0000, lr: 0.00049102, epoch_time: 179.0min
Epoch:[1/2](11960/66163), loss: 2.1355, logits_loss: 2.1355, aux_loss: 0.0000, lr: 0.00049099, epoch_time: 179.0min
Epoch:[1/2](11980/66163), loss: 1.9613, logits_loss: 1.9613, aux_loss: 0.0000, lr: 0.00049096, epoch_time: 178.0min
Epoch:[1/2](12000/66163), loss: 2.0623, logits_loss: 2.0623, aux_loss: 0.0000, lr: 0.00049093, epoch_time: 178.0min
Epoch:[1/2](12020/66163), loss: 2.0866, logits_loss: 2.0866, aux_loss: 0.0000, lr: 0.00049090, epoch_time: 178.0min
Epoch:[1/2](12040/66163), loss: 2.0038, logits_loss: 2.0038, aux_loss: 0.0000, lr: 0.00049087, epoch_time: 177.0min
Epoch:[1/2](12060/66163), loss: 2.0024, logits_loss: 2.0024, aux_loss: 0.0000, lr: 0.00049084, epoch_time: 177.0min
Epoch:[1/2](12080/66163), loss: 2.0726, logits_loss: 2.0726, aux_loss: 0.0000, lr: 0.00049081, epoch_time: 177.0min
Epoch:[1/2](12100/66163), loss: 2.0257, logits_loss: 2.0257, aux_loss: 0.0000, lr: 0.00049078, epoch_time: 176.0min
Epoch:[1/2](12120/66163), loss: 2.1186, logits_loss: 2.1186, aux_loss: 0.0000, lr: 0.00049075, epoch_time: 176.0min
Epoch:[1/2](12140/66163), loss: 2.0550, logits_loss: 2.0550, aux_loss: 0.0000, lr: 0.00049072, epoch_time: 176.0min
Epoch:[1/2](12160/66163), loss: 1.9419, logits_loss: 1.9419, aux_loss: 0.0000, lr: 0.00049069, epoch_time: 175.0min
Epoch:[1/2](12180/66163), loss: 2.0653, logits_loss: 2.0653, aux_loss: 0.0000, lr: 0.00049066, epoch_time: 175.0min
Epoch:[1/2](12200/66163), loss: 2.0123, logits_loss: 2.0123, aux_loss: 0.0000, lr: 0.00049063, epoch_time: 175.0min
Epoch:[1/2](12220/66163), loss: 2.0024, logits_loss: 2.0024, aux_loss: 0.0000, lr: 0.00049060, epoch_time: 174.0min
Epoch:[1/2](12240/66163), loss: 2.0366, logits_loss: 2.0366, aux_loss: 0.0000, lr: 0.00049057, epoch_time: 174.0min
Epoch:[1/2](12260/66163), loss: 2.1197, logits_loss: 2.1197, aux_loss: 0.0000, lr: 0.00049054, epoch_time: 174.0min
Epoch:[1/2](12280/66163), loss: 2.0407, logits_loss: 2.0407, aux_loss: 0.0000, lr: 0.00049051, epoch_time: 173.0min
Epoch:[1/2](12300/66163), loss: 2.0662, logits_loss: 2.0662, aux_loss: 0.0000, lr: 0.00049047, epoch_time: 173.0min
Epoch:[1/2](12320/66163), loss: 2.0261, logits_loss: 2.0261, aux_loss: 0.0000, lr: 0.00049044, epoch_time: 173.0min
Epoch:[1/2](12340/66163), loss: 2.1342, logits_loss: 2.1342, aux_loss: 0.0000, lr: 0.00049041, epoch_time: 172.0min
Epoch:[1/2](12360/66163), loss: 2.0657, logits_loss: 2.0657, aux_loss: 0.0000, lr: 0.00049038, epoch_time: 172.0min
Epoch:[1/2](12380/66163), loss: 2.0704, logits_loss: 2.0704, aux_loss: 0.0000, lr: 0.00049035, epoch_time: 172.0min
Epoch:[1/2](12400/66163), loss: 2.0075, logits_loss: 2.0075, aux_loss: 0.0000, lr: 0.00049032, epoch_time: 172.0min
Epoch:[1/2](12420/66163), loss: 2.0387, logits_loss: 2.0387, aux_loss: 0.0000, lr: 0.00049029, epoch_time: 171.0min
Epoch:[1/2](12440/66163), loss: 2.0488, logits_loss: 2.0488, aux_loss: 0.0000, lr: 0.00049026, epoch_time: 171.0min
Epoch:[1/2](12460/66163), loss: 2.0296, logits_loss: 2.0296, aux_loss: 0.0000, lr: 0.00049023, epoch_time: 171.0min
Epoch:[1/2](12480/66163), loss: 2.0298, logits_loss: 2.0298, aux_loss: 0.0000, lr: 0.00049020, epoch_time: 181.0min
Epoch:[1/2](12500/66163), loss: 2.0858, logits_loss: 2.0858, aux_loss: 0.0000, lr: 0.00049016, epoch_time: 180.0min
Epoch:[1/2](12520/66163), loss: 2.0614, logits_loss: 2.0614, aux_loss: 0.0000, lr: 0.00049013, epoch_time: 180.0min
Epoch:[1/2](12540/66163), loss: 2.0250, logits_loss: 2.0250, aux_loss: 0.0000, lr: 0.00049010, epoch_time: 180.0min
Epoch:[1/2](12560/66163), loss: 1.9748, logits_loss: 1.9748, aux_loss: 0.0000, lr: 0.00049007, epoch_time: 179.0min
Epoch:[1/2](12580/66163), loss: 2.0665, logits_loss: 2.0665, aux_loss: 0.0000, lr: 0.00049004, epoch_time: 179.0min
Epoch:[1/2](12600/66163), loss: 2.1210, logits_loss: 2.1210, aux_loss: 0.0000, lr: 0.00049001, epoch_time: 179.0min
Epoch:[1/2](12620/66163), loss: 2.0216, logits_loss: 2.0216, aux_loss: 0.0000, lr: 0.00048998, epoch_time: 178.0min
Epoch:[1/2](12640/66163), loss: 2.0907, logits_loss: 2.0907, aux_loss: 0.0000, lr: 0.00048994, epoch_time: 178.0min
Epoch:[1/2](12660/66163), loss: 2.0389, logits_loss: 2.0389, aux_loss: 0.0000, lr: 0.00048991, epoch_time: 178.0min
Epoch:[1/2](12680/66163), loss: 2.0383, logits_loss: 2.0383, aux_loss: 0.0000, lr: 0.00048988, epoch_time: 177.0min
Epoch:[1/2](12700/66163), loss: 2.1059, logits_loss: 2.1059, aux_loss: 0.0000, lr: 0.00048985, epoch_time: 177.0min
Epoch:[1/2](12720/66163), loss: 2.1191, logits_loss: 2.1191, aux_loss: 0.0000, lr: 0.00048982, epoch_time: 177.0min
Epoch:[1/2](12740/66163), loss: 2.0381, logits_loss: 2.0381, aux_loss: 0.0000, lr: 0.00048979, epoch_time: 176.0min
Epoch:[1/2](12760/66163), loss: 2.2227, logits_loss: 2.2227, aux_loss: 0.0000, lr: 0.00048975, epoch_time: 176.0min
Epoch:[1/2](12780/66163), loss: 2.0179, logits_loss: 2.0179, aux_loss: 0.0000, lr: 0.00048972, epoch_time: 176.0min
Epoch:[1/2](12800/66163), loss: 2.0312, logits_loss: 2.0312, aux_loss: 0.0000, lr: 0.00048969, epoch_time: 176.0min
Epoch:[1/2](12820/66163), loss: 2.0133, logits_loss: 2.0133, aux_loss: 0.0000, lr: 0.00048966, epoch_time: 175.0min
Epoch:[1/2](12840/66163), loss: 2.0406, logits_loss: 2.0406, aux_loss: 0.0000, lr: 0.00048963, epoch_time: 175.0min
Epoch:[1/2](12860/66163), loss: 2.0043, logits_loss: 2.0043, aux_loss: 0.0000, lr: 0.00048959, epoch_time: 175.0min
Epoch:[1/2](12880/66163), loss: 2.1037, logits_loss: 2.1037, aux_loss: 0.0000, lr: 0.00048956, epoch_time: 174.0min
Epoch:[1/2](12900/66163), loss: 1.9125, logits_loss: 1.9125, aux_loss: 0.0000, lr: 0.00048953, epoch_time: 174.0min
Epoch:[1/2](12920/66163), loss: 2.1180, logits_loss: 2.1180, aux_loss: 0.0000, lr: 0.00048950, epoch_time: 174.0min
Epoch:[1/2](12940/66163), loss: 2.0376, logits_loss: 2.0376, aux_loss: 0.0000, lr: 0.00048947, epoch_time: 174.0min
Epoch:[1/2](12960/66163), loss: 2.0775, logits_loss: 2.0775, aux_loss: 0.0000, lr: 0.00048943, epoch_time: 173.0min
Epoch:[1/2](12980/66163), loss: 2.0321, logits_loss: 2.0321, aux_loss: 0.0000, lr: 0.00048940, epoch_time: 173.0min
Epoch:[1/2](13000/66163), loss: 1.9942, logits_loss: 1.9942, aux_loss: 0.0000, lr: 0.00048937, epoch_time: 173.0min
Epoch:[1/2](13020/66163), loss: 1.9927, logits_loss: 1.9927, aux_loss: 0.0000, lr: 0.00048934, epoch_time: 172.0min
Epoch:[1/2](13040/66163), loss: 2.1394, logits_loss: 2.1394, aux_loss: 0.0000, lr: 0.00048930, epoch_time: 172.0min
Epoch:[1/2](13060/66163), loss: 2.0755, logits_loss: 2.0755, aux_loss: 0.0000, lr: 0.00048927, epoch_time: 172.0min
Epoch:[1/2](13080/66163), loss: 2.0055, logits_loss: 2.0055, aux_loss: 0.0000, lr: 0.00048924, epoch_time: 172.0min
Epoch:[1/2](13100/66163), loss: 1.9370, logits_loss: 1.9370, aux_loss: 0.0000, lr: 0.00048921, epoch_time: 171.0min
Epoch:[1/2](13120/66163), loss: 2.1003, logits_loss: 2.1003, aux_loss: 0.0000, lr: 0.00048917, epoch_time: 171.0min
Epoch:[1/2](13140/66163), loss: 1.9706, logits_loss: 1.9706, aux_loss: 0.0000, lr: 0.00048914, epoch_time: 171.0min
Epoch:[1/2](13160/66163), loss: 2.0549, logits_loss: 2.0549, aux_loss: 0.0000, lr: 0.00048911, epoch_time: 170.0min
Epoch:[1/2](13180/66163), loss: 1.9756, logits_loss: 1.9756, aux_loss: 0.0000, lr: 0.00048907, epoch_time: 170.0min
Epoch:[1/2](13200/66163), loss: 2.1152, logits_loss: 2.1152, aux_loss: 0.0000, lr: 0.00048904, epoch_time: 170.0min
Epoch:[1/2](13220/66163), loss: 1.9350, logits_loss: 1.9350, aux_loss: 0.0000, lr: 0.00048901, epoch_time: 170.0min
Epoch:[1/2](13240/66163), loss: 2.0830, logits_loss: 2.0830, aux_loss: 0.0000, lr: 0.00048898, epoch_time: 169.0min
Epoch:[1/2](13260/66163), loss: 2.1009, logits_loss: 2.1009, aux_loss: 0.0000, lr: 0.00048894, epoch_time: 169.0min
Epoch:[1/2](13280/66163), loss: 2.0799, logits_loss: 2.0799, aux_loss: 0.0000, lr: 0.00048891, epoch_time: 169.0min
Epoch:[1/2](13300/66163), loss: 1.9834, logits_loss: 1.9834, aux_loss: 0.0000, lr: 0.00048888, epoch_time: 169.0min
Epoch:[1/2](13320/66163), loss: 2.0619, logits_loss: 2.0619, aux_loss: 0.0000, lr: 0.00048884, epoch_time: 177.0min
Epoch:[1/2](13340/66163), loss: 2.0601, logits_loss: 2.0601, aux_loss: 0.0000, lr: 0.00048881, epoch_time: 177.0min
Epoch:[1/2](13360/66163), loss: 1.9962, logits_loss: 1.9962, aux_loss: 0.0000, lr: 0.00048878, epoch_time: 176.0min
Epoch:[1/2](13380/66163), loss: 2.0325, logits_loss: 2.0325, aux_loss: 0.0000, lr: 0.00048874, epoch_time: 176.0min
Epoch:[1/2](13400/66163), loss: 1.9975, logits_loss: 1.9975, aux_loss: 0.0000, lr: 0.00048871, epoch_time: 176.0min
Epoch:[1/2](13420/66163), loss: 2.0324, logits_loss: 2.0324, aux_loss: 0.0000, lr: 0.00048868, epoch_time: 176.0min
Epoch:[1/2](13440/66163), loss: 2.1351, logits_loss: 2.1351, aux_loss: 0.0000, lr: 0.00048864, epoch_time: 175.0min
Epoch:[1/2](13460/66163), loss: 2.0733, logits_loss: 2.0733, aux_loss: 0.0000, lr: 0.00048861, epoch_time: 175.0min
Epoch:[1/2](13480/66163), loss: 2.0071, logits_loss: 2.0071, aux_loss: 0.0000, lr: 0.00048858, epoch_time: 175.0min
Epoch:[1/2](13500/66163), loss: 2.0274, logits_loss: 2.0274, aux_loss: 0.0000, lr: 0.00048854, epoch_time: 175.0min
Epoch:[1/2](13520/66163), loss: 1.9579, logits_loss: 1.9579, aux_loss: 0.0000, lr: 0.00048851, epoch_time: 174.0min
Epoch:[1/2](13540/66163), loss: 2.0839, logits_loss: 2.0839, aux_loss: 0.0000, lr: 0.00048847, epoch_time: 174.0min
Epoch:[1/2](13560/66163), loss: 2.0720, logits_loss: 2.0720, aux_loss: 0.0000, lr: 0.00048844, epoch_time: 174.0min
Epoch:[1/2](13580/66163), loss: 2.0608, logits_loss: 2.0608, aux_loss: 0.0000, lr: 0.00048841, epoch_time: 173.0min
Epoch:[1/2](13600/66163), loss: 2.0333, logits_loss: 2.0333, aux_loss: 0.0000, lr: 0.00048837, epoch_time: 173.0min
Epoch:[1/2](13620/66163), loss: 2.0069, logits_loss: 2.0069, aux_loss: 0.0000, lr: 0.00048834, epoch_time: 173.0min
Epoch:[1/2](13640/66163), loss: 2.0024, logits_loss: 2.0024, aux_loss: 0.0000, lr: 0.00048831, epoch_time: 173.0min
Epoch:[1/2](13660/66163), loss: 2.1525, logits_loss: 2.1525, aux_loss: 0.0000, lr: 0.00048827, epoch_time: 172.0min
Epoch:[1/2](13680/66163), loss: 1.9959, logits_loss: 1.9959, aux_loss: 0.0000, lr: 0.00048824, epoch_time: 172.0min
Epoch:[1/2](13700/66163), loss: 2.0807, logits_loss: 2.0807, aux_loss: 0.0000, lr: 0.00048820, epoch_time: 172.0min
Epoch:[1/2](13720/66163), loss: 2.0078, logits_loss: 2.0078, aux_loss: 0.0000, lr: 0.00048817, epoch_time: 172.0min
Epoch:[1/2](13740/66163), loss: 2.0327, logits_loss: 2.0327, aux_loss: 0.0000, lr: 0.00048813, epoch_time: 171.0min
Epoch:[1/2](13760/66163), loss: 2.0119, logits_loss: 2.0119, aux_loss: 0.0000, lr: 0.00048810, epoch_time: 171.0min
Epoch:[1/2](13780/66163), loss: 1.9747, logits_loss: 1.9747, aux_loss: 0.0000, lr: 0.00048807, epoch_time: 171.0min
Epoch:[1/2](13800/66163), loss: 2.0582, logits_loss: 2.0582, aux_loss: 0.0000, lr: 0.00048803, epoch_time: 171.0min
Epoch:[1/2](13820/66163), loss: 2.0480, logits_loss: 2.0480, aux_loss: 0.0000, lr: 0.00048800, epoch_time: 170.0min
Epoch:[1/2](13840/66163), loss: 2.0774, logits_loss: 2.0774, aux_loss: 0.0000, lr: 0.00048796, epoch_time: 170.0min
Epoch:[1/2](13860/66163), loss: 2.0972, logits_loss: 2.0972, aux_loss: 0.0000, lr: 0.00048793, epoch_time: 170.0min
Epoch:[1/2](13880/66163), loss: 1.9780, logits_loss: 1.9780, aux_loss: 0.0000, lr: 0.00048789, epoch_time: 170.0min
Epoch:[1/2](13900/66163), loss: 2.0203, logits_loss: 2.0203, aux_loss: 0.0000, lr: 0.00048786, epoch_time: 169.0min
Epoch:[1/2](13920/66163), loss: 2.1113, logits_loss: 2.1113, aux_loss: 0.0000, lr: 0.00048782, epoch_time: 169.0min
Epoch:[1/2](13940/66163), loss: 2.0079, logits_loss: 2.0079, aux_loss: 0.0000, lr: 0.00048779, epoch_time: 169.0min
Epoch:[1/2](13960/66163), loss: 1.9022, logits_loss: 1.9022, aux_loss: 0.0000, lr: 0.00048776, epoch_time: 169.0min
Epoch:[1/2](13980/66163), loss: 2.0668, logits_loss: 2.0668, aux_loss: 0.0000, lr: 0.00048772, epoch_time: 168.0min
Epoch:[1/2](14000/66163), loss: 2.0056, logits_loss: 2.0056, aux_loss: 0.0000, lr: 0.00048769, epoch_time: 168.0min
Epoch:[1/2](14020/66163), loss: 2.0239, logits_loss: 2.0239, aux_loss: 0.0000, lr: 0.00048765, epoch_time: 168.0min
Epoch:[1/2](14040/66163), loss: 2.0068, logits_loss: 2.0068, aux_loss: 0.0000, lr: 0.00048762, epoch_time: 168.0min
Epoch:[1/2](14060/66163), loss: 1.9453, logits_loss: 1.9453, aux_loss: 0.0000, lr: 0.00048758, epoch_time: 167.0min
Epoch:[1/2](14080/66163), loss: 1.9322, logits_loss: 1.9322, aux_loss: 0.0000, lr: 0.00048755, epoch_time: 167.0min
Epoch:[1/2](14100/66163), loss: 1.9803, logits_loss: 1.9803, aux_loss: 0.0000, lr: 0.00048751, epoch_time: 167.0min
Epoch:[1/2](14120/66163), loss: 1.9868, logits_loss: 1.9868, aux_loss: 0.0000, lr: 0.00048748, epoch_time: 167.0min
Epoch:[1/2](14140/66163), loss: 2.0880, logits_loss: 2.0880, aux_loss: 0.0000, lr: 0.00048744, epoch_time: 166.0min
Epoch:[1/2](14160/66163), loss: 2.0033, logits_loss: 2.0033, aux_loss: 0.0000, lr: 0.00048741, epoch_time: 166.0min
Epoch:[1/2](14180/66163), loss: 2.0849, logits_loss: 2.0849, aux_loss: 0.0000, lr: 0.00048737, epoch_time: 173.0min
Epoch:[1/2](14200/66163), loss: 1.9334, logits_loss: 1.9334, aux_loss: 0.0000, lr: 0.00048733, epoch_time: 173.0min
Epoch:[1/2](14220/66163), loss: 1.9642, logits_loss: 1.9642, aux_loss: 0.0000, lr: 0.00048730, epoch_time: 173.0min
Epoch:[1/2](14240/66163), loss: 1.9808, logits_loss: 1.9808, aux_loss: 0.0000, lr: 0.00048726, epoch_time: 173.0min
Epoch:[1/2](14260/66163), loss: 2.0096, logits_loss: 2.0096, aux_loss: 0.0000, lr: 0.00048723, epoch_time: 172.0min
Epoch:[1/2](14280/66163), loss: 2.0147, logits_loss: 2.0147, aux_loss: 0.0000, lr: 0.00048719, epoch_time: 172.0min
Epoch:[1/2](14300/66163), loss: 2.0784, logits_loss: 2.0784, aux_loss: 0.0000, lr: 0.00048716, epoch_time: 172.0min
Epoch:[1/2](14320/66163), loss: 1.9909, logits_loss: 1.9909, aux_loss: 0.0000, lr: 0.00048712, epoch_time: 172.0min
Epoch:[1/2](14340/66163), loss: 1.9081, logits_loss: 1.9081, aux_loss: 0.0000, lr: 0.00048709, epoch_time: 171.0min
Epoch:[1/2](14360/66163), loss: 2.0497, logits_loss: 2.0497, aux_loss: 0.0000, lr: 0.00048705, epoch_time: 171.0min
Epoch:[1/2](14380/66163), loss: 2.0510, logits_loss: 2.0510, aux_loss: 0.0000, lr: 0.00048701, epoch_time: 171.0min
Epoch:[1/2](14400/66163), loss: 2.0382, logits_loss: 2.0382, aux_loss: 0.0000, lr: 0.00048698, epoch_time: 171.0min
Epoch:[1/2](14420/66163), loss: 2.0245, logits_loss: 2.0245, aux_loss: 0.0000, lr: 0.00048694, epoch_time: 170.0min
Epoch:[1/2](14440/66163), loss: 1.9768, logits_loss: 1.9768, aux_loss: 0.0000, lr: 0.00048691, epoch_time: 170.0min
Epoch:[1/2](14460/66163), loss: 2.0076, logits_loss: 2.0076, aux_loss: 0.0000, lr: 0.00048687, epoch_time: 170.0min
Epoch:[1/2](14480/66163), loss: 2.0491, logits_loss: 2.0491, aux_loss: 0.0000, lr: 0.00048684, epoch_time: 170.0min
Epoch:[1/2](14500/66163), loss: 2.0363, logits_loss: 2.0363, aux_loss: 0.0000, lr: 0.00048680, epoch_time: 169.0min
Epoch:[1/2](14520/66163), loss: 2.0079, logits_loss: 2.0079, aux_loss: 0.0000, lr: 0.00048676, epoch_time: 169.0min
Epoch:[1/2](14540/66163), loss: 2.0414, logits_loss: 2.0414, aux_loss: 0.0000, lr: 0.00048673, epoch_time: 169.0min
Epoch:[1/2](14560/66163), loss: 2.0905, logits_loss: 2.0905, aux_loss: 0.0000, lr: 0.00048669, epoch_time: 169.0min
Epoch:[1/2](14580/66163), loss: 2.0910, logits_loss: 2.0910, aux_loss: 0.0000, lr: 0.00048665, epoch_time: 169.0min
Epoch:[1/2](14600/66163), loss: 1.9878, logits_loss: 1.9878, aux_loss: 0.0000, lr: 0.00048662, epoch_time: 168.0min
Epoch:[1/2](14620/66163), loss: 1.9789, logits_loss: 1.9789, aux_loss: 0.0000, lr: 0.00048658, epoch_time: 168.0min
Epoch:[1/2](14640/66163), loss: 1.9586, logits_loss: 1.9586, aux_loss: 0.0000, lr: 0.00048655, epoch_time: 168.0min
Epoch:[1/2](14660/66163), loss: 2.0583, logits_loss: 2.0583, aux_loss: 0.0000, lr: 0.00048651, epoch_time: 168.0min
Epoch:[1/2](14680/66163), loss: 1.9723, logits_loss: 1.9723, aux_loss: 0.0000, lr: 0.00048647, epoch_time: 167.0min
Epoch:[1/2](14700/66163), loss: 2.0495, logits_loss: 2.0495, aux_loss: 0.0000, lr: 0.00048644, epoch_time: 167.0min
Epoch:[1/2](14720/66163), loss: 2.0509, logits_loss: 2.0509, aux_loss: 0.0000, lr: 0.00048640, epoch_time: 167.0min
Epoch:[1/2](14740/66163), loss: 2.0322, logits_loss: 2.0322, aux_loss: 0.0000, lr: 0.00048636, epoch_time: 167.0min
Epoch:[1/2](14760/66163), loss: 1.9435, logits_loss: 1.9435, aux_loss: 0.0000, lr: 0.00048633, epoch_time: 166.0min
Epoch:[1/2](14780/66163), loss: 2.0937, logits_loss: 2.0937, aux_loss: 0.0000, lr: 0.00048629, epoch_time: 166.0min
Epoch:[1/2](14800/66163), loss: 1.9852, logits_loss: 1.9852, aux_loss: 0.0000, lr: 0.00048625, epoch_time: 166.0min
Epoch:[1/2](14820/66163), loss: 1.9717, logits_loss: 1.9717, aux_loss: 0.0000, lr: 0.00048622, epoch_time: 166.0min
Epoch:[1/2](14840/66163), loss: 2.0128, logits_loss: 2.0128, aux_loss: 0.0000, lr: 0.00048618, epoch_time: 166.0min
Epoch:[1/2](14860/66163), loss: 2.0444, logits_loss: 2.0444, aux_loss: 0.0000, lr: 0.00048614, epoch_time: 165.0min
Epoch:[1/2](14880/66163), loss: 2.0019, logits_loss: 2.0019, aux_loss: 0.0000, lr: 0.00048611, epoch_time: 165.0min
Epoch:[1/2](14900/66163), loss: 2.0276, logits_loss: 2.0276, aux_loss: 0.0000, lr: 0.00048607, epoch_time: 165.0min
Epoch:[1/2](14920/66163), loss: 2.0491, logits_loss: 2.0491, aux_loss: 0.0000, lr: 0.00048603, epoch_time: 165.0min
Epoch:[1/2](14940/66163), loss: 2.0568, logits_loss: 2.0568, aux_loss: 0.0000, lr: 0.00048599, epoch_time: 165.0min
Epoch:[1/2](14960/66163), loss: 1.9531, logits_loss: 1.9531, aux_loss: 0.0000, lr: 0.00048596, epoch_time: 164.0min
Epoch:[1/2](14980/66163), loss: 2.0211, logits_loss: 2.0211, aux_loss: 0.0000, lr: 0.00048592, epoch_time: 164.0min
Epoch:[1/2](15000/66163), loss: 1.9654, logits_loss: 1.9654, aux_loss: 0.0000, lr: 0.00048588, epoch_time: 164.0min
Epoch:[1/2](15020/66163), loss: 2.0055, logits_loss: 2.0055, aux_loss: 0.0000, lr: 0.00048585, epoch_time: 165.0min
Epoch:[1/2](15040/66163), loss: 2.0825, logits_loss: 2.0825, aux_loss: 0.0000, lr: 0.00048581, epoch_time: 165.0min
Epoch:[1/2](15060/66163), loss: 2.0674, logits_loss: 2.0674, aux_loss: 0.0000, lr: 0.00048577, epoch_time: 165.0min
Epoch:[1/2](15080/66163), loss: 1.9373, logits_loss: 1.9373, aux_loss: 0.0000, lr: 0.00048573, epoch_time: 165.0min
Epoch:[1/2](15100/66163), loss: 2.0596, logits_loss: 2.0596, aux_loss: 0.0000, lr: 0.00048570, epoch_time: 164.0min
Epoch:[1/2](15120/66163), loss: 2.0461, logits_loss: 2.0461, aux_loss: 0.0000, lr: 0.00048566, epoch_time: 164.0min
Epoch:[1/2](15140/66163), loss: 1.9445, logits_loss: 1.9445, aux_loss: 0.0000, lr: 0.00048562, epoch_time: 164.0min
Epoch:[1/2](15160/66163), loss: 2.0427, logits_loss: 2.0427, aux_loss: 0.0000, lr: 0.00048558, epoch_time: 164.0min
Epoch:[1/2](15180/66163), loss: 2.0669, logits_loss: 2.0669, aux_loss: 0.0000, lr: 0.00048555, epoch_time: 163.0min
Epoch:[1/2](15200/66163), loss: 1.9448, logits_loss: 1.9448, aux_loss: 0.0000, lr: 0.00048551, epoch_time: 163.0min
Epoch:[1/2](15220/66163), loss: 2.0348, logits_loss: 2.0348, aux_loss: 0.0000, lr: 0.00048547, epoch_time: 163.0min
Epoch:[1/2](15240/66163), loss: 1.9953, logits_loss: 1.9953, aux_loss: 0.0000, lr: 0.00048543, epoch_time: 163.0min
Epoch:[1/2](15260/66163), loss: 2.0068, logits_loss: 2.0068, aux_loss: 0.0000, lr: 0.00048539, epoch_time: 163.0min
Epoch:[1/2](15280/66163), loss: 1.9246, logits_loss: 1.9246, aux_loss: 0.0000, lr: 0.00048536, epoch_time: 169.0min
Epoch:[1/2](15300/66163), loss: 2.0558, logits_loss: 2.0558, aux_loss: 0.0000, lr: 0.00048532, epoch_time: 169.0min
Epoch:[1/2](15320/66163), loss: 1.9808, logits_loss: 1.9808, aux_loss: 0.0000, lr: 0.00048528, epoch_time: 168.0min
Epoch:[1/2](15340/66163), loss: 1.9913, logits_loss: 1.9913, aux_loss: 0.0000, lr: 0.00048524, epoch_time: 168.0min
Epoch:[1/2](15360/66163), loss: 1.8762, logits_loss: 1.8762, aux_loss: 0.0000, lr: 0.00048520, epoch_time: 168.0min
Epoch:[1/2](15380/66163), loss: 1.9938, logits_loss: 1.9938, aux_loss: 0.0000, lr: 0.00048517, epoch_time: 168.0min
Epoch:[1/2](15400/66163), loss: 2.0071, logits_loss: 2.0071, aux_loss: 0.0000, lr: 0.00048513, epoch_time: 167.0min
Epoch:[1/2](15420/66163), loss: 2.0439, logits_loss: 2.0439, aux_loss: 0.0000, lr: 0.00048509, epoch_time: 167.0min
Epoch:[1/2](15440/66163), loss: 2.0094, logits_loss: 2.0094, aux_loss: 0.0000, lr: 0.00048505, epoch_time: 167.0min
Epoch:[1/2](15460/66163), loss: 2.0415, logits_loss: 2.0415, aux_loss: 0.0000, lr: 0.00048501, epoch_time: 167.0min
Epoch:[1/2](15480/66163), loss: 2.0523, logits_loss: 2.0523, aux_loss: 0.0000, lr: 0.00048498, epoch_time: 167.0min
Epoch:[1/2](15500/66163), loss: 2.0607, logits_loss: 2.0607, aux_loss: 0.0000, lr: 0.00048494, epoch_time: 166.0min
Epoch:[1/2](15520/66163), loss: 1.9818, logits_loss: 1.9818, aux_loss: 0.0000, lr: 0.00048490, epoch_time: 166.0min
Epoch:[1/2](15540/66163), loss: 2.0295, logits_loss: 2.0295, aux_loss: 0.0000, lr: 0.00048486, epoch_time: 166.0min
Epoch:[1/2](15560/66163), loss: 1.8805, logits_loss: 1.8805, aux_loss: 0.0000, lr: 0.00048482, epoch_time: 166.0min
Epoch:[1/2](15580/66163), loss: 2.0535, logits_loss: 2.0535, aux_loss: 0.0000, lr: 0.00048478, epoch_time: 166.0min
Epoch:[1/2](15600/66163), loss: 1.9593, logits_loss: 1.9593, aux_loss: 0.0000, lr: 0.00048474, epoch_time: 165.0min
Epoch:[1/2](15620/66163), loss: 2.1026, logits_loss: 2.1026, aux_loss: 0.0000, lr: 0.00048471, epoch_time: 165.0min
Epoch:[1/2](15640/66163), loss: 1.9132, logits_loss: 1.9132, aux_loss: 0.0000, lr: 0.00048467, epoch_time: 165.0min
Epoch:[1/2](15660/66163), loss: 2.0035, logits_loss: 2.0035, aux_loss: 0.0000, lr: 0.00048463, epoch_time: 165.0min
Epoch:[1/2](15680/66163), loss: 1.9696, logits_loss: 1.9696, aux_loss: 0.0000, lr: 0.00048459, epoch_time: 164.0min
Epoch:[1/2](15700/66163), loss: 1.9056, logits_loss: 1.9056, aux_loss: 0.0000, lr: 0.00048455, epoch_time: 164.0min
Epoch:[1/2](15720/66163), loss: 2.0217, logits_loss: 2.0217, aux_loss: 0.0000, lr: 0.00048451, epoch_time: 164.0min
Epoch:[1/2](15740/66163), loss: 1.9672, logits_loss: 1.9672, aux_loss: 0.0000, lr: 0.00048447, epoch_time: 164.0min
Epoch:[1/2](15760/66163), loss: 2.0088, logits_loss: 2.0088, aux_loss: 0.0000, lr: 0.00048443, epoch_time: 164.0min
Epoch:[1/2](15780/66163), loss: 1.9853, logits_loss: 1.9853, aux_loss: 0.0000, lr: 0.00048439, epoch_time: 163.0min
Epoch:[1/2](15800/66163), loss: 2.0011, logits_loss: 2.0011, aux_loss: 0.0000, lr: 0.00048435, epoch_time: 163.0min
Epoch:[1/2](15820/66163), loss: 2.0640, logits_loss: 2.0640, aux_loss: 0.0000, lr: 0.00048432, epoch_time: 163.0min
Epoch:[1/2](15840/66163), loss: 2.0934, logits_loss: 2.0934, aux_loss: 0.0000, lr: 0.00048428, epoch_time: 163.0min
Epoch:[1/2](15860/66163), loss: 1.9544, logits_loss: 1.9544, aux_loss: 0.0000, lr: 0.00048424, epoch_time: 163.0min
Epoch:[1/2](15880/66163), loss: 1.9846, logits_loss: 1.9846, aux_loss: 0.0000, lr: 0.00048420, epoch_time: 162.0min
Epoch:[1/2](15900/66163), loss: 2.1008, logits_loss: 2.1008, aux_loss: 0.0000, lr: 0.00048416, epoch_time: 162.0min
Epoch:[1/2](15920/66163), loss: 2.0379, logits_loss: 2.0379, aux_loss: 0.0000, lr: 0.00048412, epoch_time: 162.0min
Epoch:[1/2](15940/66163), loss: 1.9536, logits_loss: 1.9536, aux_loss: 0.0000, lr: 0.00048408, epoch_time: 162.0min
Epoch:[1/2](15960/66163), loss: 2.0388, logits_loss: 2.0388, aux_loss: 0.0000, lr: 0.00048404, epoch_time: 162.0min
Epoch:[1/2](15980/66163), loss: 1.9398, logits_loss: 1.9398, aux_loss: 0.0000, lr: 0.00048400, epoch_time: 161.0min
Epoch:[1/2](16000/66163), loss: 2.0474, logits_loss: 2.0474, aux_loss: 0.0000, lr: 0.00048396, epoch_time: 161.0min
Epoch:[1/2](16020/66163), loss: 2.0628, logits_loss: 2.0628, aux_loss: 0.0000, lr: 0.00048392, epoch_time: 161.0min
Epoch:[1/2](16040/66163), loss: 1.9530, logits_loss: 1.9530, aux_loss: 0.0000, lr: 0.00048388, epoch_time: 161.0min
Epoch:[1/2](16060/66163), loss: 2.0359, logits_loss: 2.0359, aux_loss: 0.0000, lr: 0.00048384, epoch_time: 161.0min
Epoch:[1/2](16080/66163), loss: 2.0606, logits_loss: 2.0606, aux_loss: 0.0000, lr: 0.00048380, epoch_time: 160.0min
Epoch:[1/2](16100/66163), loss: 1.9359, logits_loss: 1.9359, aux_loss: 0.0000, lr: 0.00048376, epoch_time: 160.0min
Epoch:[1/2](16120/66163), loss: 2.0254, logits_loss: 2.0254, aux_loss: 0.0000, lr: 0.00048372, epoch_time: 160.0min
Epoch:[1/2](16140/66163), loss: 1.9880, logits_loss: 1.9880, aux_loss: 0.0000, lr: 0.00048368, epoch_time: 160.0min
Epoch:[1/2](16160/66163), loss: 1.9296, logits_loss: 1.9296, aux_loss: 0.0000, lr: 0.00048364, epoch_time: 160.0min
Epoch:[1/2](16180/66163), loss: 2.0399, logits_loss: 2.0399, aux_loss: 0.0000, lr: 0.00048360, epoch_time: 165.0min
Epoch:[1/2](16200/66163), loss: 2.0285, logits_loss: 2.0285, aux_loss: 0.0000, lr: 0.00048356, epoch_time: 165.0min
Epoch:[1/2](16220/66163), loss: 1.9938, logits_loss: 1.9938, aux_loss: 0.0000, lr: 0.00048352, epoch_time: 165.0min
Epoch:[1/2](16240/66163), loss: 2.0735, logits_loss: 2.0735, aux_loss: 0.0000, lr: 0.00048348, epoch_time: 165.0min
Epoch:[1/2](16260/66163), loss: 2.0234, logits_loss: 2.0234, aux_loss: 0.0000, lr: 0.00048344, epoch_time: 164.0min
Epoch:[1/2](16280/66163), loss: 2.0053, logits_loss: 2.0053, aux_loss: 0.0000, lr: 0.00048340, epoch_time: 164.0min
Epoch:[1/2](16300/66163), loss: 1.9753, logits_loss: 1.9753, aux_loss: 0.0000, lr: 0.00048336, epoch_time: 164.0min
Epoch:[1/2](16320/66163), loss: 1.9465, logits_loss: 1.9465, aux_loss: 0.0000, lr: 0.00048332, epoch_time: 164.0min
Epoch:[1/2](16340/66163), loss: 2.0223, logits_loss: 2.0223, aux_loss: 0.0000, lr: 0.00048328, epoch_time: 164.0min
Epoch:[1/2](16360/66163), loss: 1.8779, logits_loss: 1.8779, aux_loss: 0.0000, lr: 0.00048324, epoch_time: 163.0min
Epoch:[1/2](16380/66163), loss: 1.9238, logits_loss: 1.9238, aux_loss: 0.0000, lr: 0.00048320, epoch_time: 163.0min
Epoch:[1/2](16400/66163), loss: 2.0767, logits_loss: 2.0767, aux_loss: 0.0000, lr: 0.00048316, epoch_time: 163.0min
Epoch:[1/2](16420/66163), loss: 1.9263, logits_loss: 1.9263, aux_loss: 0.0000, lr: 0.00048312, epoch_time: 163.0min
Epoch:[1/2](16440/66163), loss: 2.0680, logits_loss: 2.0680, aux_loss: 0.0000, lr: 0.00048308, epoch_time: 163.0min
Epoch:[1/2](16460/66163), loss: 1.9846, logits_loss: 1.9846, aux_loss: 0.0000, lr: 0.00048304, epoch_time: 162.0min
Epoch:[1/2](16480/66163), loss: 1.9479, logits_loss: 1.9479, aux_loss: 0.0000, lr: 0.00048300, epoch_time: 162.0min
Epoch:[1/2](16500/66163), loss: 2.0400, logits_loss: 2.0400, aux_loss: 0.0000, lr: 0.00048296, epoch_time: 162.0min
Epoch:[1/2](16520/66163), loss: 2.0175, logits_loss: 2.0175, aux_loss: 0.0000, lr: 0.00048292, epoch_time: 162.0min
Epoch:[1/2](16540/66163), loss: 1.9452, logits_loss: 1.9452, aux_loss: 0.0000, lr: 0.00048287, epoch_time: 162.0min
Epoch:[1/2](16560/66163), loss: 1.9284, logits_loss: 1.9284, aux_loss: 0.0000, lr: 0.00048283, epoch_time: 161.0min
Epoch:[1/2](16580/66163), loss: 1.9372, logits_loss: 1.9372, aux_loss: 0.0000, lr: 0.00048279, epoch_time: 161.0min
Epoch:[1/2](16600/66163), loss: 1.9498, logits_loss: 1.9498, aux_loss: 0.0000, lr: 0.00048275, epoch_time: 161.0min
Epoch:[1/2](16620/66163), loss: 1.9151, logits_loss: 1.9151, aux_loss: 0.0000, lr: 0.00048271, epoch_time: 161.0min
Epoch:[1/2](16640/66163), loss: 1.8618, logits_loss: 1.8618, aux_loss: 0.0000, lr: 0.00048267, epoch_time: 161.0min
Epoch:[1/2](16660/66163), loss: 1.9777, logits_loss: 1.9777, aux_loss: 0.0000, lr: 0.00048263, epoch_time: 160.0min
Epoch:[1/2](16680/66163), loss: 1.9530, logits_loss: 1.9530, aux_loss: 0.0000, lr: 0.00048259, epoch_time: 160.0min
Epoch:[1/2](16700/66163), loss: 2.0098, logits_loss: 2.0098, aux_loss: 0.0000, lr: 0.00048255, epoch_time: 160.0min
Epoch:[1/2](16720/66163), loss: 2.1396, logits_loss: 2.1396, aux_loss: 0.0000, lr: 0.00048250, epoch_time: 160.0min
Epoch:[1/2](16740/66163), loss: 2.0692, logits_loss: 2.0692, aux_loss: 0.0000, lr: 0.00048246, epoch_time: 160.0min
Epoch:[1/2](16760/66163), loss: 1.9830, logits_loss: 1.9830, aux_loss: 0.0000, lr: 0.00048242, epoch_time: 159.0min
Epoch:[1/2](16780/66163), loss: 1.9848, logits_loss: 1.9848, aux_loss: 0.0000, lr: 0.00048238, epoch_time: 159.0min
Epoch:[1/2](16800/66163), loss: 2.0301, logits_loss: 2.0301, aux_loss: 0.0000, lr: 0.00048234, epoch_time: 159.0min
Epoch:[1/2](16820/66163), loss: 2.0381, logits_loss: 2.0381, aux_loss: 0.0000, lr: 0.00048230, epoch_time: 159.0min
Epoch:[1/2](16840/66163), loss: 1.9843, logits_loss: 1.9843, aux_loss: 0.0000, lr: 0.00048226, epoch_time: 159.0min
Epoch:[1/2](16860/66163), loss: 1.9396, logits_loss: 1.9396, aux_loss: 0.0000, lr: 0.00048221, epoch_time: 159.0min
Epoch:[1/2](16880/66163), loss: 1.9982, logits_loss: 1.9982, aux_loss: 0.0000, lr: 0.00048217, epoch_time: 158.0min
Epoch:[1/2](16900/66163), loss: 1.8982, logits_loss: 1.8982, aux_loss: 0.0000, lr: 0.00048213, epoch_time: 158.0min
Epoch:[1/2](16920/66163), loss: 1.9694, logits_loss: 1.9694, aux_loss: 0.0000, lr: 0.00048209, epoch_time: 158.0min
Epoch:[1/2](16940/66163), loss: 1.9834, logits_loss: 1.9834, aux_loss: 0.0000, lr: 0.00048205, epoch_time: 158.0min
Epoch:[1/2](16960/66163), loss: 2.0038, logits_loss: 2.0038, aux_loss: 0.0000, lr: 0.00048201, epoch_time: 158.0min
Epoch:[1/2](16980/66163), loss: 2.0593, logits_loss: 2.0593, aux_loss: 0.0000, lr: 0.00048196, epoch_time: 157.0min
Epoch:[1/2](17000/66163), loss: 1.9392, logits_loss: 1.9392, aux_loss: 0.0000, lr: 0.00048192, epoch_time: 157.0min
Epoch:[1/2](17020/66163), loss: 2.0489, logits_loss: 2.0489, aux_loss: 0.0000, lr: 0.00048188, epoch_time: 157.0min
Epoch:[1/2](17040/66163), loss: 2.0287, logits_loss: 2.0287, aux_loss: 0.0000, lr: 0.00048184, epoch_time: 157.0min
Epoch:[1/2](17060/66163), loss: 2.0564, logits_loss: 2.0564, aux_loss: 0.0000, lr: 0.00048180, epoch_time: 162.0min
Epoch:[1/2](17080/66163), loss: 1.9034, logits_loss: 1.9034, aux_loss: 0.0000, lr: 0.00048175, epoch_time: 162.0min
Epoch:[1/2](17100/66163), loss: 1.9646, logits_loss: 1.9646, aux_loss: 0.0000, lr: 0.00048171, epoch_time: 161.0min
Epoch:[1/2](17120/66163), loss: 1.9526, logits_loss: 1.9526, aux_loss: 0.0000, lr: 0.00048167, epoch_time: 161.0min
Epoch:[1/2](17140/66163), loss: 1.9700, logits_loss: 1.9700, aux_loss: 0.0000, lr: 0.00048163, epoch_time: 161.0min
Epoch:[1/2](17160/66163), loss: 2.0280, logits_loss: 2.0280, aux_loss: 0.0000, lr: 0.00048158, epoch_time: 161.0min
Epoch:[1/2](17180/66163), loss: 2.0179, logits_loss: 2.0179, aux_loss: 0.0000, lr: 0.00048154, epoch_time: 161.0min
Epoch:[1/2](17200/66163), loss: 2.0061, logits_loss: 2.0061, aux_loss: 0.0000, lr: 0.00048150, epoch_time: 161.0min
Epoch:[1/2](17220/66163), loss: 1.9762, logits_loss: 1.9762, aux_loss: 0.0000, lr: 0.00048146, epoch_time: 160.0min
Epoch:[1/2](17240/66163), loss: 2.0782, logits_loss: 2.0782, aux_loss: 0.0000, lr: 0.00048141, epoch_time: 160.0min
Epoch:[1/2](17260/66163), loss: 2.0617, logits_loss: 2.0617, aux_loss: 0.0000, lr: 0.00048137, epoch_time: 160.0min
Epoch:[1/2](17280/66163), loss: 1.9407, logits_loss: 1.9407, aux_loss: 0.0000, lr: 0.00048133, epoch_time: 160.0min
Epoch:[1/2](17300/66163), loss: 1.9542, logits_loss: 1.9542, aux_loss: 0.0000, lr: 0.00048129, epoch_time: 160.0min
Epoch:[1/2](17320/66163), loss: 1.9242, logits_loss: 1.9242, aux_loss: 0.0000, lr: 0.00048124, epoch_time: 159.0min
Epoch:[1/2](17340/66163), loss: 2.0338, logits_loss: 2.0338, aux_loss: 0.0000, lr: 0.00048120, epoch_time: 159.0min
Epoch:[1/2](17360/66163), loss: 1.9662, logits_loss: 1.9662, aux_loss: 0.0000, lr: 0.00048116, epoch_time: 159.0min
Epoch:[1/2](17380/66163), loss: 1.9733, logits_loss: 1.9733, aux_loss: 0.0000, lr: 0.00048112, epoch_time: 159.0min
Epoch:[1/2](17400/66163), loss: 1.9493, logits_loss: 1.9493, aux_loss: 0.0000, lr: 0.00048107, epoch_time: 159.0min
Epoch:[1/2](17420/66163), loss: 1.9967, logits_loss: 1.9967, aux_loss: 0.0000, lr: 0.00048103, epoch_time: 159.0min
Epoch:[1/2](17440/66163), loss: 2.0408, logits_loss: 2.0408, aux_loss: 0.0000, lr: 0.00048099, epoch_time: 158.0min
Epoch:[1/2](17460/66163), loss: 1.9599, logits_loss: 1.9599, aux_loss: 0.0000, lr: 0.00048094, epoch_time: 158.0min
Epoch:[1/2](17480/66163), loss: 2.0934, logits_loss: 2.0934, aux_loss: 0.0000, lr: 0.00048090, epoch_time: 158.0min
Epoch:[1/2](17500/66163), loss: 2.0323, logits_loss: 2.0323, aux_loss: 0.0000, lr: 0.00048086, epoch_time: 158.0min
Epoch:[1/2](17520/66163), loss: 1.9644, logits_loss: 1.9644, aux_loss: 0.0000, lr: 0.00048082, epoch_time: 158.0min
Epoch:[1/2](17540/66163), loss: 2.0493, logits_loss: 2.0493, aux_loss: 0.0000, lr: 0.00048077, epoch_time: 157.0min
Epoch:[1/2](17560/66163), loss: 1.9158, logits_loss: 1.9158, aux_loss: 0.0000, lr: 0.00048073, epoch_time: 157.0min
Epoch:[1/2](17580/66163), loss: 1.9623, logits_loss: 1.9623, aux_loss: 0.0000, lr: 0.00048069, epoch_time: 157.0min
Epoch:[1/2](17600/66163), loss: 1.9545, logits_loss: 1.9545, aux_loss: 0.0000, lr: 0.00048064, epoch_time: 157.0min
Epoch:[1/2](17620/66163), loss: 1.9939, logits_loss: 1.9939, aux_loss: 0.0000, lr: 0.00048060, epoch_time: 157.0min
Epoch:[1/2](17640/66163), loss: 2.0076, logits_loss: 2.0076, aux_loss: 0.0000, lr: 0.00048056, epoch_time: 157.0min
Epoch:[1/2](17660/66163), loss: 2.0211, logits_loss: 2.0211, aux_loss: 0.0000, lr: 0.00048051, epoch_time: 156.0min
Epoch:[1/2](17680/66163), loss: 1.9793, logits_loss: 1.9793, aux_loss: 0.0000, lr: 0.00048047, epoch_time: 156.0min
Epoch:[1/2](17700/66163), loss: 2.0074, logits_loss: 2.0074, aux_loss: 0.0000, lr: 0.00048042, epoch_time: 156.0min
Epoch:[1/2](17720/66163), loss: 1.9388, logits_loss: 1.9388, aux_loss: 0.0000, lr: 0.00048038, epoch_time: 156.0min
Epoch:[1/2](17740/66163), loss: 1.9151, logits_loss: 1.9151, aux_loss: 0.0000, lr: 0.00048034, epoch_time: 156.0min
Epoch:[1/2](17760/66163), loss: 1.9556, logits_loss: 1.9556, aux_loss: 0.0000, lr: 0.00048029, epoch_time: 156.0min
Epoch:[1/2](17780/66163), loss: 2.0370, logits_loss: 2.0370, aux_loss: 0.0000, lr: 0.00048025, epoch_time: 155.0min
Epoch:[1/2](17800/66163), loss: 1.9512, logits_loss: 1.9512, aux_loss: 0.0000, lr: 0.00048021, epoch_time: 155.0min
Epoch:[1/2](17820/66163), loss: 2.0232, logits_loss: 2.0232, aux_loss: 0.0000, lr: 0.00048016, epoch_time: 155.0min
Epoch:[1/2](17840/66163), loss: 1.9392, logits_loss: 1.9392, aux_loss: 0.0000, lr: 0.00048012, epoch_time: 155.0min
Epoch:[1/2](17860/66163), loss: 1.9411, logits_loss: 1.9411, aux_loss: 0.0000, lr: 0.00048007, epoch_time: 155.0min
Epoch:[1/2](17880/66163), loss: 2.0041, logits_loss: 2.0041, aux_loss: 0.0000, lr: 0.00048003, epoch_time: 155.0min
Epoch:[1/2](17900/66163), loss: 1.9752, logits_loss: 1.9752, aux_loss: 0.0000, lr: 0.00047999, epoch_time: 154.0min
Epoch:[1/2](17920/66163), loss: 1.9949, logits_loss: 1.9949, aux_loss: 0.0000, lr: 0.00047994, epoch_time: 159.0min
Epoch:[1/2](17940/66163), loss: 1.9833, logits_loss: 1.9833, aux_loss: 0.0000, lr: 0.00047990, epoch_time: 159.0min
Epoch:[1/2](17960/66163), loss: 1.8956, logits_loss: 1.8956, aux_loss: 0.0000, lr: 0.00047985, epoch_time: 158.0min
Epoch:[1/2](17980/66163), loss: 2.0069, logits_loss: 2.0069, aux_loss: 0.0000, lr: 0.00047981, epoch_time: 158.0min
Epoch:[1/2](18000/66163), loss: 1.9220, logits_loss: 1.9220, aux_loss: 0.0000, lr: 0.00047977, epoch_time: 158.0min
Epoch:[1/2](18020/66163), loss: 1.9316, logits_loss: 1.9316, aux_loss: 0.0000, lr: 0.00047972, epoch_time: 158.0min
Epoch:[1/2](18040/66163), loss: 1.9828, logits_loss: 1.9828, aux_loss: 0.0000, lr: 0.00047968, epoch_time: 158.0min
Epoch:[1/2](18060/66163), loss: 1.9026, logits_loss: 1.9026, aux_loss: 0.0000, lr: 0.00047963, epoch_time: 158.0min
Epoch:[1/2](18080/66163), loss: 1.9722, logits_loss: 1.9722, aux_loss: 0.0000, lr: 0.00047959, epoch_time: 157.0min
Epoch:[1/2](18100/66163), loss: 1.9762, logits_loss: 1.9762, aux_loss: 0.0000, lr: 0.00047954, epoch_time: 157.0min
Epoch:[1/2](18120/66163), loss: 2.0471, logits_loss: 2.0471, aux_loss: 0.0000, lr: 0.00047950, epoch_time: 157.0min
Epoch:[1/2](18140/66163), loss: 1.9175, logits_loss: 1.9175, aux_loss: 0.0000, lr: 0.00047945, epoch_time: 157.0min
Epoch:[1/2](18160/66163), loss: 2.0254, logits_loss: 2.0254, aux_loss: 0.0000, lr: 0.00047941, epoch_time: 157.0min
Epoch:[1/2](18180/66163), loss: 2.0367, logits_loss: 2.0367, aux_loss: 0.0000, lr: 0.00047937, epoch_time: 156.0min
Epoch:[1/2](18200/66163), loss: 2.0235, logits_loss: 2.0235, aux_loss: 0.0000, lr: 0.00047932, epoch_time: 156.0min
Epoch:[1/2](18220/66163), loss: 1.9207, logits_loss: 1.9207, aux_loss: 0.0000, lr: 0.00047928, epoch_time: 156.0min
Epoch:[1/2](18240/66163), loss: 1.9987, logits_loss: 1.9987, aux_loss: 0.0000, lr: 0.00047923, epoch_time: 156.0min
Epoch:[1/2](18260/66163), loss: 1.8910, logits_loss: 1.8910, aux_loss: 0.0000, lr: 0.00047919, epoch_time: 156.0min
Epoch:[1/2](18280/66163), loss: 1.9680, logits_loss: 1.9680, aux_loss: 0.0000, lr: 0.00047914, epoch_time: 156.0min
Epoch:[1/2](18300/66163), loss: 1.9072, logits_loss: 1.9072, aux_loss: 0.0000, lr: 0.00047910, epoch_time: 155.0min
Epoch:[1/2](18320/66163), loss: 1.9218, logits_loss: 1.9218, aux_loss: 0.0000, lr: 0.00047905, epoch_time: 155.0min
Epoch:[1/2](18340/66163), loss: 1.8753, logits_loss: 1.8753, aux_loss: 0.0000, lr: 0.00047901, epoch_time: 155.0min
Epoch:[1/2](18360/66163), loss: 2.0135, logits_loss: 2.0135, aux_loss: 0.0000, lr: 0.00047896, epoch_time: 155.0min
Epoch:[1/2](18380/66163), loss: 1.9933, logits_loss: 1.9933, aux_loss: 0.0000, lr: 0.00047892, epoch_time: 155.0min
Epoch:[1/2](18400/66163), loss: 2.0801, logits_loss: 2.0801, aux_loss: 0.0000, lr: 0.00047887, epoch_time: 155.0min
Epoch:[1/2](18420/66163), loss: 2.0032, logits_loss: 2.0032, aux_loss: 0.0000, lr: 0.00047883, epoch_time: 154.0min
Epoch:[1/2](18440/66163), loss: 1.9611, logits_loss: 1.9611, aux_loss: 0.0000, lr: 0.00047878, epoch_time: 154.0min
Epoch:[1/2](18460/66163), loss: 1.9287, logits_loss: 1.9287, aux_loss: 0.0000, lr: 0.00047874, epoch_time: 154.0min
Epoch:[1/2](18480/66163), loss: 1.8958, logits_loss: 1.8958, aux_loss: 0.0000, lr: 0.00047869, epoch_time: 154.0min
Epoch:[1/2](18500/66163), loss: 1.9487, logits_loss: 1.9487, aux_loss: 0.0000, lr: 0.00047864, epoch_time: 154.0min
Epoch:[1/2](18520/66163), loss: 2.0228, logits_loss: 2.0228, aux_loss: 0.0000, lr: 0.00047860, epoch_time: 154.0min
Epoch:[1/2](18540/66163), loss: 1.9099, logits_loss: 1.9099, aux_loss: 0.0000, lr: 0.00047855, epoch_time: 154.0min
Epoch:[1/2](18560/66163), loss: 1.8502, logits_loss: 1.8502, aux_loss: 0.0000, lr: 0.00047851, epoch_time: 153.0min
Epoch:[1/2](18580/66163), loss: 1.9260, logits_loss: 1.9260, aux_loss: 0.0000, lr: 0.00047846, epoch_time: 153.0min
Epoch:[1/2](18600/66163), loss: 1.9055, logits_loss: 1.9055, aux_loss: 0.0000, lr: 0.00047842, epoch_time: 153.0min
Epoch:[1/2](18620/66163), loss: 2.0511, logits_loss: 2.0511, aux_loss: 0.0000, lr: 0.00047837, epoch_time: 153.0min
Epoch:[1/2](18640/66163), loss: 1.8465, logits_loss: 1.8465, aux_loss: 0.0000, lr: 0.00047833, epoch_time: 153.0min
Epoch:[1/2](18660/66163), loss: 1.9968, logits_loss: 1.9968, aux_loss: 0.0000, lr: 0.00047828, epoch_time: 153.0min
Epoch:[1/2](18680/66163), loss: 2.0807, logits_loss: 2.0807, aux_loss: 0.0000, lr: 0.00047823, epoch_time: 152.0min
Epoch:[1/2](18700/66163), loss: 1.9254, logits_loss: 1.9254, aux_loss: 0.0000, lr: 0.00047819, epoch_time: 152.0min
Epoch:[1/2](18720/66163), loss: 2.0186, logits_loss: 2.0186, aux_loss: 0.0000, lr: 0.00047814, epoch_time: 152.0min
Epoch:[1/2](18740/66163), loss: 1.9150, logits_loss: 1.9150, aux_loss: 0.0000, lr: 0.00047810, epoch_time: 152.0min
Epoch:[1/2](18760/66163), loss: 1.9657, logits_loss: 1.9657, aux_loss: 0.0000, lr: 0.00047805, epoch_time: 156.0min
Epoch:[1/2](18780/66163), loss: 2.0386, logits_loss: 2.0386, aux_loss: 0.0000, lr: 0.00047800, epoch_time: 156.0min
Epoch:[1/2](18800/66163), loss: 1.9320, logits_loss: 1.9320, aux_loss: 0.0000, lr: 0.00047796, epoch_time: 156.0min
Epoch:[1/2](18820/66163), loss: 2.0158, logits_loss: 2.0158, aux_loss: 0.0000, lr: 0.00047791, epoch_time: 155.0min
Epoch:[1/2](18840/66163), loss: 1.9879, logits_loss: 1.9879, aux_loss: 0.0000, lr: 0.00047787, epoch_time: 155.0min
Epoch:[1/2](18860/66163), loss: 1.9730, logits_loss: 1.9730, aux_loss: 0.0000, lr: 0.00047782, epoch_time: 155.0min
Epoch:[1/2](18880/66163), loss: 1.9708, logits_loss: 1.9708, aux_loss: 0.0000, lr: 0.00047777, epoch_time: 155.0min
Epoch:[1/2](18900/66163), loss: 1.8542, logits_loss: 1.8542, aux_loss: 0.0000, lr: 0.00047773, epoch_time: 155.0min
Epoch:[1/2](18920/66163), loss: 1.9233, logits_loss: 1.9233, aux_loss: 0.0000, lr: 0.00047768, epoch_time: 155.0min
Epoch:[1/2](18940/66163), loss: 1.9462, logits_loss: 1.9462, aux_loss: 0.0000, lr: 0.00047763, epoch_time: 154.0min
Epoch:[1/2](18960/66163), loss: 2.0200, logits_loss: 2.0200, aux_loss: 0.0000, lr: 0.00047759, epoch_time: 154.0min
Epoch:[1/2](18980/66163), loss: 1.9332, logits_loss: 1.9332, aux_loss: 0.0000, lr: 0.00047754, epoch_time: 154.0min
Epoch:[1/2](19000/66163), loss: 2.0285, logits_loss: 2.0285, aux_loss: 0.0000, lr: 0.00047749, epoch_time: 154.0min
Epoch:[1/2](19020/66163), loss: 1.9748, logits_loss: 1.9748, aux_loss: 0.0000, lr: 0.00047745, epoch_time: 154.0min
Epoch:[1/2](19040/66163), loss: 1.9486, logits_loss: 1.9486, aux_loss: 0.0000, lr: 0.00047740, epoch_time: 154.0min
Epoch:[1/2](19060/66163), loss: 1.9051, logits_loss: 1.9051, aux_loss: 0.0000, lr: 0.00047735, epoch_time: 153.0min
Epoch:[1/2](19080/66163), loss: 2.0313, logits_loss: 2.0313, aux_loss: 0.0000, lr: 0.00047731, epoch_time: 153.0min
Epoch:[1/2](19100/66163), loss: 1.9870, logits_loss: 1.9870, aux_loss: 0.0000, lr: 0.00047726, epoch_time: 153.0min
Epoch:[1/2](19120/66163), loss: 1.9245, logits_loss: 1.9245, aux_loss: 0.0000, lr: 0.00047721, epoch_time: 153.0min
Epoch:[1/2](19140/66163), loss: 1.8764, logits_loss: 1.8764, aux_loss: 0.0000, lr: 0.00047717, epoch_time: 153.0min
Epoch:[1/2](19160/66163), loss: 1.9785, logits_loss: 1.9785, aux_loss: 0.0000, lr: 0.00047712, epoch_time: 153.0min
Epoch:[1/2](19180/66163), loss: 1.8871, logits_loss: 1.8871, aux_loss: 0.0000, lr: 0.00047707, epoch_time: 152.0min
Epoch:[1/2](19200/66163), loss: 1.9002, logits_loss: 1.9002, aux_loss: 0.0000, lr: 0.00047703, epoch_time: 152.0min
Epoch:[1/2](19220/66163), loss: 1.9297, logits_loss: 1.9297, aux_loss: 0.0000, lr: 0.00047698, epoch_time: 152.0min
Epoch:[1/2](19240/66163), loss: 1.9471, logits_loss: 1.9471, aux_loss: 0.0000, lr: 0.00047693, epoch_time: 152.0min
Epoch:[1/2](19260/66163), loss: 1.9458, logits_loss: 1.9458, aux_loss: 0.0000, lr: 0.00047688, epoch_time: 152.0min
Epoch:[1/2](19280/66163), loss: 1.9769, logits_loss: 1.9769, aux_loss: 0.0000, lr: 0.00047684, epoch_time: 152.0min
Epoch:[1/2](19300/66163), loss: 2.0250, logits_loss: 2.0250, aux_loss: 0.0000, lr: 0.00047679, epoch_time: 152.0min
Epoch:[1/2](19320/66163), loss: 2.0567, logits_loss: 2.0567, aux_loss: 0.0000, lr: 0.00047674, epoch_time: 151.0min
Epoch:[1/2](19340/66163), loss: 2.0352, logits_loss: 2.0352, aux_loss: 0.0000, lr: 0.00047670, epoch_time: 151.0min
Epoch:[1/2](19360/66163), loss: 1.9261, logits_loss: 1.9261, aux_loss: 0.0000, lr: 0.00047665, epoch_time: 151.0min
Epoch:[1/2](19380/66163), loss: 2.0004, logits_loss: 2.0004, aux_loss: 0.0000, lr: 0.00047660, epoch_time: 151.0min
Epoch:[1/2](19400/66163), loss: 1.8687, logits_loss: 1.8687, aux_loss: 0.0000, lr: 0.00047655, epoch_time: 151.0min
Epoch:[1/2](19420/66163), loss: 1.9696, logits_loss: 1.9696, aux_loss: 0.0000, lr: 0.00047651, epoch_time: 151.0min
Epoch:[1/2](19440/66163), loss: 1.9217, logits_loss: 1.9217, aux_loss: 0.0000, lr: 0.00047646, epoch_time: 150.0min
Epoch:[1/2](19460/66163), loss: 2.0415, logits_loss: 2.0415, aux_loss: 0.0000, lr: 0.00047641, epoch_time: 150.0min
Epoch:[1/2](19480/66163), loss: 2.0034, logits_loss: 2.0034, aux_loss: 0.0000, lr: 0.00047636, epoch_time: 150.0min
Epoch:[1/2](19500/66163), loss: 1.8623, logits_loss: 1.8623, aux_loss: 0.0000, lr: 0.00047632, epoch_time: 150.0min
Epoch:[1/2](19520/66163), loss: 2.0558, logits_loss: 2.0558, aux_loss: 0.0000, lr: 0.00047627, epoch_time: 150.0min
Epoch:[1/2](19540/66163), loss: 1.9643, logits_loss: 1.9643, aux_loss: 0.0000, lr: 0.00047622, epoch_time: 150.0min
Epoch:[1/2](19560/66163), loss: 1.9445, logits_loss: 1.9445, aux_loss: 0.0000, lr: 0.00047617, epoch_time: 150.0min
Epoch:[1/2](19580/66163), loss: 1.8923, logits_loss: 1.8923, aux_loss: 0.0000, lr: 0.00047612, epoch_time: 153.0min
Epoch:[1/2](19600/66163), loss: 1.8948, logits_loss: 1.8948, aux_loss: 0.0000, lr: 0.00047608, epoch_time: 153.0min
Epoch:[1/2](19620/66163), loss: 1.9431, logits_loss: 1.9431, aux_loss: 0.0000, lr: 0.00047603, epoch_time: 153.0min
Epoch:[1/2](19640/66163), loss: 1.9837, logits_loss: 1.9837, aux_loss: 0.0000, lr: 0.00047598, epoch_time: 153.0min
Epoch:[1/2](19660/66163), loss: 1.9462, logits_loss: 1.9462, aux_loss: 0.0000, lr: 0.00047593, epoch_time: 153.0min
Epoch:[1/2](19680/66163), loss: 1.9989, logits_loss: 1.9989, aux_loss: 0.0000, lr: 0.00047588, epoch_time: 152.0min
Epoch:[1/2](19700/66163), loss: 1.9510, logits_loss: 1.9510, aux_loss: 0.0000, lr: 0.00047584, epoch_time: 152.0min
Epoch:[1/2](19720/66163), loss: 1.9791, logits_loss: 1.9791, aux_loss: 0.0000, lr: 0.00047579, epoch_time: 152.0min
Epoch:[1/2](19740/66163), loss: 1.9834, logits_loss: 1.9834, aux_loss: 0.0000, lr: 0.00047574, epoch_time: 152.0min
Epoch:[1/2](19760/66163), loss: 2.0285, logits_loss: 2.0285, aux_loss: 0.0000, lr: 0.00047569, epoch_time: 152.0min
Epoch:[1/2](19780/66163), loss: 1.8983, logits_loss: 1.8983, aux_loss: 0.0000, lr: 0.00047564, epoch_time: 152.0min
Epoch:[1/2](19800/66163), loss: 1.9959, logits_loss: 1.9959, aux_loss: 0.0000, lr: 0.00047559, epoch_time: 151.0min
Epoch:[1/2](19820/66163), loss: 1.8188, logits_loss: 1.8188, aux_loss: 0.0000, lr: 0.00047555, epoch_time: 151.0min
Epoch:[1/2](19840/66163), loss: 1.9833, logits_loss: 1.9833, aux_loss: 0.0000, lr: 0.00047550, epoch_time: 151.0min
Epoch:[1/2](19860/66163), loss: 1.9197, logits_loss: 1.9197, aux_loss: 0.0000, lr: 0.00047545, epoch_time: 151.0min
Epoch:[1/2](19880/66163), loss: 1.9336, logits_loss: 1.9336, aux_loss: 0.0000, lr: 0.00047540, epoch_time: 151.0min
Epoch:[1/2](19900/66163), loss: 1.9297, logits_loss: 1.9297, aux_loss: 0.0000, lr: 0.00047535, epoch_time: 151.0min
Epoch:[1/2](19920/66163), loss: 1.9174, logits_loss: 1.9174, aux_loss: 0.0000, lr: 0.00047530, epoch_time: 151.0min
Epoch:[1/2](19940/66163), loss: 1.9134, logits_loss: 1.9134, aux_loss: 0.0000, lr: 0.00047526, epoch_time: 150.0min
Epoch:[1/2](19960/66163), loss: 2.0089, logits_loss: 2.0089, aux_loss: 0.0000, lr: 0.00047521, epoch_time: 150.0min
Epoch:[1/2](19980/66163), loss: 1.8418, logits_loss: 1.8418, aux_loss: 0.0000, lr: 0.00047516, epoch_time: 150.0min
Epoch:[1/2](20000/66163), loss: 1.9908, logits_loss: 1.9908, aux_loss: 0.0000, lr: 0.00047511, epoch_time: 150.0min
Epoch:[1/2](20020/66163), loss: 1.8729, logits_loss: 1.8729, aux_loss: 0.0000, lr: 0.00047506, epoch_time: 151.0min
Epoch:[1/2](20040/66163), loss: 1.9235, logits_loss: 1.9235, aux_loss: 0.0000, lr: 0.00047501, epoch_time: 150.0min
Epoch:[1/2](20060/66163), loss: 1.9874, logits_loss: 1.9874, aux_loss: 0.0000, lr: 0.00047496, epoch_time: 150.0min
Epoch:[1/2](20080/66163), loss: 1.9165, logits_loss: 1.9165, aux_loss: 0.0000, lr: 0.00047491, epoch_time: 150.0min
Epoch:[1/2](20100/66163), loss: 2.0165, logits_loss: 2.0165, aux_loss: 0.0000, lr: 0.00047486, epoch_time: 150.0min
Epoch:[1/2](20120/66163), loss: 1.9413, logits_loss: 1.9413, aux_loss: 0.0000, lr: 0.00047481, epoch_time: 150.0min
Epoch:[1/2](20140/66163), loss: 1.8911, logits_loss: 1.8911, aux_loss: 0.0000, lr: 0.00047477, epoch_time: 150.0min
Epoch:[1/2](20160/66163), loss: 2.0371, logits_loss: 2.0371, aux_loss: 0.0000, lr: 0.00047472, epoch_time: 150.0min
Epoch:[1/2](20180/66163), loss: 1.9077, logits_loss: 1.9077, aux_loss: 0.0000, lr: 0.00047467, epoch_time: 149.0min
Epoch:[1/2](20200/66163), loss: 2.0519, logits_loss: 2.0519, aux_loss: 0.0000, lr: 0.00047462, epoch_time: 149.0min
Epoch:[1/2](20220/66163), loss: 1.8230, logits_loss: 1.8230, aux_loss: 0.0000, lr: 0.00047457, epoch_time: 149.0min
Epoch:[1/2](20240/66163), loss: 1.8736, logits_loss: 1.8736, aux_loss: 0.0000, lr: 0.00047452, epoch_time: 149.0min
Epoch:[1/2](20260/66163), loss: 1.9482, logits_loss: 1.9482, aux_loss: 0.0000, lr: 0.00047447, epoch_time: 149.0min
Epoch:[1/2](20280/66163), loss: 1.9802, logits_loss: 1.9802, aux_loss: 0.0000, lr: 0.00047442, epoch_time: 149.0min
Epoch:[1/2](20300/66163), loss: 2.0110, logits_loss: 2.0110, aux_loss: 0.0000, lr: 0.00047437, epoch_time: 149.0min
Epoch:[1/2](20320/66163), loss: 2.0043, logits_loss: 2.0043, aux_loss: 0.0000, lr: 0.00047432, epoch_time: 148.0min
Epoch:[1/2](20340/66163), loss: 1.9891, logits_loss: 1.9891, aux_loss: 0.0000, lr: 0.00047427, epoch_time: 148.0min
Epoch:[1/2](20360/66163), loss: 1.9152, logits_loss: 1.9152, aux_loss: 0.0000, lr: 0.00047422, epoch_time: 148.0min
Epoch:[1/2](20380/66163), loss: 2.0064, logits_loss: 2.0064, aux_loss: 0.0000, lr: 0.00047417, epoch_time: 148.0min
Epoch:[1/2](20400/66163), loss: 2.0538, logits_loss: 2.0538, aux_loss: 0.0000, lr: 0.00047412, epoch_time: 148.0min
Epoch:[1/2](20420/66163), loss: 1.9521, logits_loss: 1.9521, aux_loss: 0.0000, lr: 0.00047407, epoch_time: 148.0min
Epoch:[1/2](20440/66163), loss: 1.8997, logits_loss: 1.8997, aux_loss: 0.0000, lr: 0.00047402, epoch_time: 147.0min
Epoch:[1/2](20460/66163), loss: 1.9794, logits_loss: 1.9794, aux_loss: 0.0000, lr: 0.00047397, epoch_time: 147.0min
Epoch:[1/2](20480/66163), loss: 1.8930, logits_loss: 1.8930, aux_loss: 0.0000, lr: 0.00047392, epoch_time: 147.0min
Epoch:[1/2](20500/66163), loss: 2.0636, logits_loss: 2.0636, aux_loss: 0.0000, lr: 0.00047387, epoch_time: 147.0min
Epoch:[1/2](20520/66163), loss: 1.9846, logits_loss: 1.9846, aux_loss: 0.0000, lr: 0.00047382, epoch_time: 147.0min
Epoch:[1/2](20540/66163), loss: 1.8807, logits_loss: 1.8807, aux_loss: 0.0000, lr: 0.00047377, epoch_time: 147.0min
Epoch:[1/2](20560/66163), loss: 1.9467, logits_loss: 1.9467, aux_loss: 0.0000, lr: 0.00047372, epoch_time: 147.0min
Epoch:[1/2](20580/66163), loss: 1.9246, logits_loss: 1.9246, aux_loss: 0.0000, lr: 0.00047367, epoch_time: 146.0min
Epoch:[1/2](20600/66163), loss: 1.8799, logits_loss: 1.8799, aux_loss: 0.0000, lr: 0.00047362, epoch_time: 146.0min
Epoch:[1/2](20620/66163), loss: 1.9324, logits_loss: 1.9324, aux_loss: 0.0000, lr: 0.00047357, epoch_time: 146.0min
Epoch:[1/2](20640/66163), loss: 1.9436, logits_loss: 1.9436, aux_loss: 0.0000, lr: 0.00047352, epoch_time: 146.0min
Epoch:[1/2](20660/66163), loss: 1.9668, logits_loss: 1.9668, aux_loss: 0.0000, lr: 0.00047347, epoch_time: 146.0min
Epoch:[1/2](20680/66163), loss: 1.9144, logits_loss: 1.9144, aux_loss: 0.0000, lr: 0.00047342, epoch_time: 146.0min
Epoch:[1/2](20700/66163), loss: 1.9106, logits_loss: 1.9106, aux_loss: 0.0000, lr: 0.00047337, epoch_time: 146.0min
Epoch:[1/2](20720/66163), loss: 2.0215, logits_loss: 2.0215, aux_loss: 0.0000, lr: 0.00047332, epoch_time: 149.0min
Epoch:[1/2](20740/66163), loss: 1.8989, logits_loss: 1.8989, aux_loss: 0.0000, lr: 0.00047327, epoch_time: 149.0min
Epoch:[1/2](20760/66163), loss: 1.8691, logits_loss: 1.8691, aux_loss: 0.0000, lr: 0.00047322, epoch_time: 149.0min
Epoch:[1/2](20780/66163), loss: 1.9679, logits_loss: 1.9679, aux_loss: 0.0000, lr: 0.00047317, epoch_time: 148.0min
Epoch:[1/2](20800/66163), loss: 1.9173, logits_loss: 1.9173, aux_loss: 0.0000, lr: 0.00047312, epoch_time: 148.0min
Epoch:[1/2](20820/66163), loss: 1.9223, logits_loss: 1.9223, aux_loss: 0.0000, lr: 0.00047307, epoch_time: 148.0min
Epoch:[1/2](20840/66163), loss: 1.9347, logits_loss: 1.9347, aux_loss: 0.0000, lr: 0.00047302, epoch_time: 148.0min
Epoch:[1/2](20860/66163), loss: 1.9822, logits_loss: 1.9822, aux_loss: 0.0000, lr: 0.00047297, epoch_time: 148.0min
Epoch:[1/2](20880/66163), loss: 1.9219, logits_loss: 1.9219, aux_loss: 0.0000, lr: 0.00047292, epoch_time: 148.0min
Epoch:[1/2](20900/66163), loss: 1.9794, logits_loss: 1.9794, aux_loss: 0.0000, lr: 0.00047287, epoch_time: 148.0min
Epoch:[1/2](20920/66163), loss: 2.0282, logits_loss: 2.0282, aux_loss: 0.0000, lr: 0.00047281, epoch_time: 147.0min
Epoch:[1/2](20940/66163), loss: 1.8249, logits_loss: 1.8249, aux_loss: 0.0000, lr: 0.00047276, epoch_time: 147.0min
Epoch:[1/2](20960/66163), loss: 1.8730, logits_loss: 1.8730, aux_loss: 0.0000, lr: 0.00047271, epoch_time: 147.0min
Epoch:[1/2](20980/66163), loss: 1.9041, logits_loss: 1.9041, aux_loss: 0.0000, lr: 0.00047266, epoch_time: 147.0min
Epoch:[1/2](21000/66163), loss: 1.9768, logits_loss: 1.9768, aux_loss: 0.0000, lr: 0.00047261, epoch_time: 147.0min
Epoch:[1/2](21020/66163), loss: 2.0395, logits_loss: 2.0395, aux_loss: 0.0000, lr: 0.00047256, epoch_time: 147.0min
Epoch:[1/2](21040/66163), loss: 1.9449, logits_loss: 1.9449, aux_loss: 0.0000, lr: 0.00047251, epoch_time: 147.0min
Epoch:[1/2](21060/66163), loss: 1.8537, logits_loss: 1.8537, aux_loss: 0.0000, lr: 0.00047246, epoch_time: 146.0min
Epoch:[1/2](21080/66163), loss: 1.9385, logits_loss: 1.9385, aux_loss: 0.0000, lr: 0.00047241, epoch_time: 146.0min
Epoch:[1/2](21100/66163), loss: 1.9097, logits_loss: 1.9097, aux_loss: 0.0000, lr: 0.00047235, epoch_time: 146.0min
Epoch:[1/2](21120/66163), loss: 1.8288, logits_loss: 1.8288, aux_loss: 0.0000, lr: 0.00047230, epoch_time: 146.0min
Epoch:[1/2](21140/66163), loss: 1.9396, logits_loss: 1.9396, aux_loss: 0.0000, lr: 0.00047225, epoch_time: 146.0min
Epoch:[1/2](21160/66163), loss: 1.9785, logits_loss: 1.9785, aux_loss: 0.0000, lr: 0.00047220, epoch_time: 146.0min
Epoch:[1/2](21180/66163), loss: 1.8404, logits_loss: 1.8404, aux_loss: 0.0000, lr: 0.00047215, epoch_time: 146.0min
Epoch:[1/2](21200/66163), loss: 1.9652, logits_loss: 1.9652, aux_loss: 0.0000, lr: 0.00047210, epoch_time: 145.0min
Epoch:[1/2](21220/66163), loss: 1.9012, logits_loss: 1.9012, aux_loss: 0.0000, lr: 0.00047205, epoch_time: 145.0min
Epoch:[1/2](21240/66163), loss: 1.9330, logits_loss: 1.9330, aux_loss: 0.0000, lr: 0.00047199, epoch_time: 145.0min
Epoch:[1/2](21260/66163), loss: 1.9347, logits_loss: 1.9347, aux_loss: 0.0000, lr: 0.00047194, epoch_time: 145.0min
Epoch:[1/2](21280/66163), loss: 1.9432, logits_loss: 1.9432, aux_loss: 0.0000, lr: 0.00047189, epoch_time: 145.0min
Epoch:[1/2](21300/66163), loss: 1.9073, logits_loss: 1.9073, aux_loss: 0.0000, lr: 0.00047184, epoch_time: 145.0min
Epoch:[1/2](21320/66163), loss: 1.9389, logits_loss: 1.9389, aux_loss: 0.0000, lr: 0.00047179, epoch_time: 145.0min
Epoch:[1/2](21340/66163), loss: 1.9438, logits_loss: 1.9438, aux_loss: 0.0000, lr: 0.00047174, epoch_time: 144.0min
Epoch:[1/2](21360/66163), loss: 1.9985, logits_loss: 1.9985, aux_loss: 0.0000, lr: 0.00047168, epoch_time: 144.0min
Epoch:[1/2](21380/66163), loss: 2.0087, logits_loss: 2.0087, aux_loss: 0.0000, lr: 0.00047163, epoch_time: 144.0min
Epoch:[1/2](21400/66163), loss: 1.9951, logits_loss: 1.9951, aux_loss: 0.0000, lr: 0.00047158, epoch_time: 144.0min
Epoch:[1/2](21420/66163), loss: 1.8964, logits_loss: 1.8964, aux_loss: 0.0000, lr: 0.00047153, epoch_time: 144.0min
Epoch:[1/2](21440/66163), loss: 1.9730, logits_loss: 1.9730, aux_loss: 0.0000, lr: 0.00047148, epoch_time: 144.0min
Epoch:[1/2](21460/66163), loss: 1.8989, logits_loss: 1.8989, aux_loss: 0.0000, lr: 0.00047142, epoch_time: 144.0min
Epoch:[1/2](21480/66163), loss: 1.8741, logits_loss: 1.8741, aux_loss: 0.0000, lr: 0.00047137, epoch_time: 143.0min
Epoch:[1/2](21500/66163), loss: 2.0448, logits_loss: 2.0448, aux_loss: 0.0000, lr: 0.00047132, epoch_time: 143.0min
Epoch:[1/2](21520/66163), loss: 1.8584, logits_loss: 1.8584, aux_loss: 0.0000, lr: 0.00047127, epoch_time: 143.0min
Epoch:[1/2](21540/66163), loss: 1.9743, logits_loss: 1.9743, aux_loss: 0.0000, lr: 0.00047121, epoch_time: 143.0min
Epoch:[1/2](21560/66163), loss: 1.9570, logits_loss: 1.9570, aux_loss: 0.0000, lr: 0.00047116, epoch_time: 146.0min
Epoch:[1/2](21580/66163), loss: 1.9731, logits_loss: 1.9731, aux_loss: 0.0000, lr: 0.00047111, epoch_time: 146.0min
Epoch:[1/2](21600/66163), loss: 1.9497, logits_loss: 1.9497, aux_loss: 0.0000, lr: 0.00047106, epoch_time: 146.0min
Epoch:[1/2](21620/66163), loss: 1.9177, logits_loss: 1.9177, aux_loss: 0.0000, lr: 0.00047101, epoch_time: 146.0min
Epoch:[1/2](21640/66163), loss: 1.9785, logits_loss: 1.9785, aux_loss: 0.0000, lr: 0.00047095, epoch_time: 146.0min
Epoch:[1/2](21660/66163), loss: 1.9673, logits_loss: 1.9673, aux_loss: 0.0000, lr: 0.00047090, epoch_time: 145.0min
Epoch:[1/2](21680/66163), loss: 1.8359, logits_loss: 1.8359, aux_loss: 0.0000, lr: 0.00047085, epoch_time: 145.0min
Epoch:[1/2](21700/66163), loss: 1.8349, logits_loss: 1.8349, aux_loss: 0.0000, lr: 0.00047080, epoch_time: 145.0min
Epoch:[1/2](21720/66163), loss: 1.8432, logits_loss: 1.8432, aux_loss: 0.0000, lr: 0.00047074, epoch_time: 145.0min
Epoch:[1/2](21740/66163), loss: 1.9525, logits_loss: 1.9525, aux_loss: 0.0000, lr: 0.00047069, epoch_time: 145.0min
Epoch:[1/2](21760/66163), loss: 1.9399, logits_loss: 1.9399, aux_loss: 0.0000, lr: 0.00047064, epoch_time: 145.0min
Epoch:[1/2](21780/66163), loss: 1.9604, logits_loss: 1.9604, aux_loss: 0.0000, lr: 0.00047058, epoch_time: 145.0min
Epoch:[1/2](21800/66163), loss: 1.9005, logits_loss: 1.9005, aux_loss: 0.0000, lr: 0.00047053, epoch_time: 144.0min
Epoch:[1/2](21820/66163), loss: 1.9111, logits_loss: 1.9111, aux_loss: 0.0000, lr: 0.00047048, epoch_time: 144.0min
Epoch:[1/2](21840/66163), loss: 1.8785, logits_loss: 1.8785, aux_loss: 0.0000, lr: 0.00047043, epoch_time: 144.0min
Epoch:[1/2](21860/66163), loss: 1.9479, logits_loss: 1.9479, aux_loss: 0.0000, lr: 0.00047037, epoch_time: 144.0min
Epoch:[1/2](21880/66163), loss: 1.8851, logits_loss: 1.8851, aux_loss: 0.0000, lr: 0.00047032, epoch_time: 144.0min
Epoch:[1/2](21900/66163), loss: 1.9370, logits_loss: 1.9370, aux_loss: 0.0000, lr: 0.00047027, epoch_time: 144.0min
Epoch:[1/2](21920/66163), loss: 1.9287, logits_loss: 1.9287, aux_loss: 0.0000, lr: 0.00047021, epoch_time: 144.0min
Epoch:[1/2](21940/66163), loss: 1.9857, logits_loss: 1.9857, aux_loss: 0.0000, lr: 0.00047016, epoch_time: 143.0min
Epoch:[1/2](21960/66163), loss: 2.0209, logits_loss: 2.0209, aux_loss: 0.0000, lr: 0.00047011, epoch_time: 143.0min
Epoch:[1/2](21980/66163), loss: 1.9696, logits_loss: 1.9696, aux_loss: 0.0000, lr: 0.00047005, epoch_time: 143.0min
Epoch:[1/2](22000/66163), loss: 1.9651, logits_loss: 1.9651, aux_loss: 0.0000, lr: 0.00047000, epoch_time: 143.0min
Epoch:[1/2](22020/66163), loss: 1.9555, logits_loss: 1.9555, aux_loss: 0.0000, lr: 0.00046995, epoch_time: 143.0min
Epoch:[1/2](22040/66163), loss: 1.8982, logits_loss: 1.8982, aux_loss: 0.0000, lr: 0.00046989, epoch_time: 143.0min
Epoch:[1/2](22060/66163), loss: 1.8677, logits_loss: 1.8677, aux_loss: 0.0000, lr: 0.00046984, epoch_time: 143.0min
Epoch:[1/2](22080/66163), loss: 1.8873, logits_loss: 1.8873, aux_loss: 0.0000, lr: 0.00046979, epoch_time: 143.0min
Epoch:[1/2](22100/66163), loss: 1.8510, logits_loss: 1.8510, aux_loss: 0.0000, lr: 0.00046973, epoch_time: 142.0min
Epoch:[1/2](22120/66163), loss: 1.9980, logits_loss: 1.9980, aux_loss: 0.0000, lr: 0.00046968, epoch_time: 142.0min
Epoch:[1/2](22140/66163), loss: 1.9718, logits_loss: 1.9718, aux_loss: 0.0000, lr: 0.00046963, epoch_time: 142.0min
Epoch:[1/2](22160/66163), loss: 1.9620, logits_loss: 1.9620, aux_loss: 0.0000, lr: 0.00046957, epoch_time: 142.0min
Epoch:[1/2](22180/66163), loss: 1.9799, logits_loss: 1.9799, aux_loss: 0.0000, lr: 0.00046952, epoch_time: 142.0min
Epoch:[1/2](22200/66163), loss: 1.9447, logits_loss: 1.9447, aux_loss: 0.0000, lr: 0.00046947, epoch_time: 142.0min
Epoch:[1/2](22220/66163), loss: 1.8594, logits_loss: 1.8594, aux_loss: 0.0000, lr: 0.00046941, epoch_time: 142.0min
Epoch:[1/2](22240/66163), loss: 1.9224, logits_loss: 1.9224, aux_loss: 0.0000, lr: 0.00046936, epoch_time: 141.0min
Epoch:[1/2](22260/66163), loss: 1.8843, logits_loss: 1.8843, aux_loss: 0.0000, lr: 0.00046930, epoch_time: 141.0min
Epoch:[1/2](22280/66163), loss: 1.8881, logits_loss: 1.8881, aux_loss: 0.0000, lr: 0.00046925, epoch_time: 141.0min
Epoch:[1/2](22300/66163), loss: 1.9347, logits_loss: 1.9347, aux_loss: 0.0000, lr: 0.00046920, epoch_time: 141.0min
Epoch:[1/2](22320/66163), loss: 1.8709, logits_loss: 1.8709, aux_loss: 0.0000, lr: 0.00046914, epoch_time: 141.0min
Epoch:[1/2](22340/66163), loss: 1.9936, logits_loss: 1.9936, aux_loss: 0.0000, lr: 0.00046909, epoch_time: 141.0min
Epoch:[1/2](22360/66163), loss: 1.9972, logits_loss: 1.9972, aux_loss: 0.0000, lr: 0.00046903, epoch_time: 141.0min
Epoch:[1/2](22380/66163), loss: 1.9309, logits_loss: 1.9309, aux_loss: 0.0000, lr: 0.00046898, epoch_time: 141.0min
Epoch:[1/2](22400/66163), loss: 1.8814, logits_loss: 1.8814, aux_loss: 0.0000, lr: 0.00046893, epoch_time: 140.0min
Epoch:[1/2](22420/66163), loss: 1.8707, logits_loss: 1.8707, aux_loss: 0.0000, lr: 0.00046887, epoch_time: 140.0min
Epoch:[1/2](22440/66163), loss: 1.9167, logits_loss: 1.9167, aux_loss: 0.0000, lr: 0.00046882, epoch_time: 140.0min
Epoch:[1/2](22460/66163), loss: 1.9112, logits_loss: 1.9112, aux_loss: 0.0000, lr: 0.00046876, epoch_time: 140.0min
Epoch:[1/2](22480/66163), loss: 1.9260, logits_loss: 1.9260, aux_loss: 0.0000, lr: 0.00046871, epoch_time: 140.0min
Epoch:[1/2](22500/66163), loss: 1.9846, logits_loss: 1.9846, aux_loss: 0.0000, lr: 0.00046865, epoch_time: 140.0min
Epoch:[1/2](22520/66163), loss: 1.9638, logits_loss: 1.9638, aux_loss: 0.0000, lr: 0.00046860, epoch_time: 140.0min
Epoch:[1/2](22540/66163), loss: 1.9125, logits_loss: 1.9125, aux_loss: 0.0000, lr: 0.00046855, epoch_time: 139.0min
Epoch:[1/2](22560/66163), loss: 1.9894, logits_loss: 1.9894, aux_loss: 0.0000, lr: 0.00046849, epoch_time: 142.0min
Epoch:[1/2](22580/66163), loss: 1.9948, logits_loss: 1.9948, aux_loss: 0.0000, lr: 0.00046844, epoch_time: 142.0min
Epoch:[1/2](22600/66163), loss: 1.9665, logits_loss: 1.9665, aux_loss: 0.0000, lr: 0.00046838, epoch_time: 142.0min
Epoch:[1/2](22620/66163), loss: 1.9700, logits_loss: 1.9700, aux_loss: 0.0000, lr: 0.00046833, epoch_time: 142.0min
Epoch:[1/2](22640/66163), loss: 2.0636, logits_loss: 2.0636, aux_loss: 0.0000, lr: 0.00046827, epoch_time: 142.0min
Epoch:[1/2](22660/66163), loss: 1.8921, logits_loss: 1.8921, aux_loss: 0.0000, lr: 0.00046822, epoch_time: 142.0min
Epoch:[1/2](22680/66163), loss: 1.9508, logits_loss: 1.9508, aux_loss: 0.0000, lr: 0.00046816, epoch_time: 141.0min
Epoch:[1/2](22700/66163), loss: 1.9517, logits_loss: 1.9517, aux_loss: 0.0000, lr: 0.00046811, epoch_time: 141.0min
Epoch:[1/2](22720/66163), loss: 1.8364, logits_loss: 1.8364, aux_loss: 0.0000, lr: 0.00046805, epoch_time: 141.0min
Epoch:[1/2](22740/66163), loss: 1.8762, logits_loss: 1.8762, aux_loss: 0.0000, lr: 0.00046800, epoch_time: 141.0min
Epoch:[1/2](22760/66163), loss: 1.9529, logits_loss: 1.9529, aux_loss: 0.0000, lr: 0.00046794, epoch_time: 141.0min
Epoch:[1/2](22780/66163), loss: 1.9078, logits_loss: 1.9078, aux_loss: 0.0000, lr: 0.00046789, epoch_time: 141.0min
Epoch:[1/2](22800/66163), loss: 1.9176, logits_loss: 1.9176, aux_loss: 0.0000, lr: 0.00046783, epoch_time: 141.0min
Epoch:[1/2](22820/66163), loss: 1.9221, logits_loss: 1.9221, aux_loss: 0.0000, lr: 0.00046778, epoch_time: 141.0min
Epoch:[1/2](22840/66163), loss: 1.9287, logits_loss: 1.9287, aux_loss: 0.0000, lr: 0.00046772, epoch_time: 140.0min
Epoch:[1/2](22860/66163), loss: 1.8886, logits_loss: 1.8886, aux_loss: 0.0000, lr: 0.00046767, epoch_time: 140.0min
Epoch:[1/2](22880/66163), loss: 1.8825, logits_loss: 1.8825, aux_loss: 0.0000, lr: 0.00046761, epoch_time: 140.0min
Epoch:[1/2](22900/66163), loss: 1.8752, logits_loss: 1.8752, aux_loss: 0.0000, lr: 0.00046756, epoch_time: 140.0min
Epoch:[1/2](22920/66163), loss: 1.8865, logits_loss: 1.8865, aux_loss: 0.0000, lr: 0.00046750, epoch_time: 140.0min
Epoch:[1/2](22940/66163), loss: 1.9617, logits_loss: 1.9617, aux_loss: 0.0000, lr: 0.00046745, epoch_time: 140.0min
Epoch:[1/2](22960/66163), loss: 1.9972, logits_loss: 1.9972, aux_loss: 0.0000, lr: 0.00046739, epoch_time: 140.0min
Epoch:[1/2](22980/66163), loss: 1.9196, logits_loss: 1.9196, aux_loss: 0.0000, lr: 0.00046734, epoch_time: 139.0min
Epoch:[1/2](23000/66163), loss: 1.9462, logits_loss: 1.9462, aux_loss: 0.0000, lr: 0.00046728, epoch_time: 139.0min
Epoch:[1/2](23020/66163), loss: 1.9106, logits_loss: 1.9106, aux_loss: 0.0000, lr: 0.00046723, epoch_time: 139.0min
Epoch:[1/2](23040/66163), loss: 1.9168, logits_loss: 1.9168, aux_loss: 0.0000, lr: 0.00046717, epoch_time: 139.0min
Epoch:[1/2](23060/66163), loss: 1.9707, logits_loss: 1.9707, aux_loss: 0.0000, lr: 0.00046711, epoch_time: 139.0min
Epoch:[1/2](23080/66163), loss: 1.8801, logits_loss: 1.8801, aux_loss: 0.0000, lr: 0.00046706, epoch_time: 139.0min
Epoch:[1/2](23100/66163), loss: 1.9034, logits_loss: 1.9034, aux_loss: 0.0000, lr: 0.00046700, epoch_time: 139.0min
Epoch:[1/2](23120/66163), loss: 1.9558, logits_loss: 1.9558, aux_loss: 0.0000, lr: 0.00046695, epoch_time: 139.0min
Epoch:[1/2](23140/66163), loss: 2.0087, logits_loss: 2.0087, aux_loss: 0.0000, lr: 0.00046689, epoch_time: 138.0min
Epoch:[1/2](23160/66163), loss: 1.9343, logits_loss: 1.9343, aux_loss: 0.0000, lr: 0.00046684, epoch_time: 138.0min
Epoch:[1/2](23180/66163), loss: 1.8917, logits_loss: 1.8917, aux_loss: 0.0000, lr: 0.00046678, epoch_time: 138.0min
Epoch:[1/2](23200/66163), loss: 1.9847, logits_loss: 1.9847, aux_loss: 0.0000, lr: 0.00046672, epoch_time: 138.0min
Epoch:[1/2](23220/66163), loss: 1.8665, logits_loss: 1.8665, aux_loss: 0.0000, lr: 0.00046667, epoch_time: 138.0min
Epoch:[1/2](23240/66163), loss: 1.9546, logits_loss: 1.9546, aux_loss: 0.0000, lr: 0.00046661, epoch_time: 138.0min
Epoch:[1/2](23260/66163), loss: 1.8524, logits_loss: 1.8524, aux_loss: 0.0000, lr: 0.00046656, epoch_time: 138.0min
Epoch:[1/2](23280/66163), loss: 1.8999, logits_loss: 1.8999, aux_loss: 0.0000, lr: 0.00046650, epoch_time: 138.0min
Epoch:[1/2](23300/66163), loss: 2.0084, logits_loss: 2.0084, aux_loss: 0.0000, lr: 0.00046644, epoch_time: 137.0min
Epoch:[1/2](23320/66163), loss: 1.9315, logits_loss: 1.9315, aux_loss: 0.0000, lr: 0.00046639, epoch_time: 137.0min
Epoch:[1/2](23340/66163), loss: 1.9263, logits_loss: 1.9263, aux_loss: 0.0000, lr: 0.00046633, epoch_time: 137.0min
Epoch:[1/2](23360/66163), loss: 1.9150, logits_loss: 1.9150, aux_loss: 0.0000, lr: 0.00046628, epoch_time: 137.0min
Epoch:[1/2](23380/66163), loss: 1.9130, logits_loss: 1.9130, aux_loss: 0.0000, lr: 0.00046622, epoch_time: 137.0min
Epoch:[1/2](23400/66163), loss: 1.9506, logits_loss: 1.9506, aux_loss: 0.0000, lr: 0.00046616, epoch_time: 137.0min
Epoch:[1/2](23420/66163), loss: 2.0445, logits_loss: 2.0445, aux_loss: 0.0000, lr: 0.00046611, epoch_time: 139.0min
Epoch:[1/2](23440/66163), loss: 1.9797, logits_loss: 1.9797, aux_loss: 0.0000, lr: 0.00046605, epoch_time: 139.0min
Epoch:[1/2](23460/66163), loss: 1.9324, logits_loss: 1.9324, aux_loss: 0.0000, lr: 0.00046599, epoch_time: 139.0min
Epoch:[1/2](23480/66163), loss: 1.9304, logits_loss: 1.9304, aux_loss: 0.0000, lr: 0.00046594, epoch_time: 139.0min
Epoch:[1/2](23500/66163), loss: 2.0346, logits_loss: 2.0346, aux_loss: 0.0000, lr: 0.00046588, epoch_time: 139.0min
Epoch:[1/2](23520/66163), loss: 1.9659, logits_loss: 1.9659, aux_loss: 0.0000, lr: 0.00046582, epoch_time: 139.0min
Epoch:[1/2](23540/66163), loss: 1.8403, logits_loss: 1.8403, aux_loss: 0.0000, lr: 0.00046577, epoch_time: 139.0min
Epoch:[1/2](23560/66163), loss: 1.8875, logits_loss: 1.8875, aux_loss: 0.0000, lr: 0.00046571, epoch_time: 138.0min
Epoch:[1/2](23580/66163), loss: 1.8841, logits_loss: 1.8841, aux_loss: 0.0000, lr: 0.00046565, epoch_time: 138.0min
Epoch:[1/2](23600/66163), loss: 1.8785, logits_loss: 1.8785, aux_loss: 0.0000, lr: 0.00046560, epoch_time: 138.0min
Epoch:[1/2](23620/66163), loss: 1.9972, logits_loss: 1.9972, aux_loss: 0.0000, lr: 0.00046554, epoch_time: 138.0min
Epoch:[1/2](23640/66163), loss: 1.8386, logits_loss: 1.8386, aux_loss: 0.0000, lr: 0.00046548, epoch_time: 138.0min
Epoch:[1/2](23660/66163), loss: 2.0337, logits_loss: 2.0337, aux_loss: 0.0000, lr: 0.00046543, epoch_time: 138.0min
Epoch:[1/2](23680/66163), loss: 1.9384, logits_loss: 1.9384, aux_loss: 0.0000, lr: 0.00046537, epoch_time: 138.0min
Epoch:[1/2](23700/66163), loss: 1.8028, logits_loss: 1.8028, aux_loss: 0.0000, lr: 0.00046531, epoch_time: 138.0min
Epoch:[1/2](23720/66163), loss: 1.9337, logits_loss: 1.9337, aux_loss: 0.0000, lr: 0.00046526, epoch_time: 137.0min
Epoch:[1/2](23740/66163), loss: 1.9226, logits_loss: 1.9226, aux_loss: 0.0000, lr: 0.00046520, epoch_time: 137.0min
Epoch:[1/2](23760/66163), loss: 1.9890, logits_loss: 1.9890, aux_loss: 0.0000, lr: 0.00046514, epoch_time: 137.0min
Epoch:[1/2](23780/66163), loss: 1.9194, logits_loss: 1.9194, aux_loss: 0.0000, lr: 0.00046508, epoch_time: 137.0min
Epoch:[1/2](23800/66163), loss: 1.9055, logits_loss: 1.9055, aux_loss: 0.0000, lr: 0.00046503, epoch_time: 137.0min
Epoch:[1/2](23820/66163), loss: 1.9458, logits_loss: 1.9458, aux_loss: 0.0000, lr: 0.00046497, epoch_time: 137.0min
Epoch:[1/2](23840/66163), loss: 1.9414, logits_loss: 1.9414, aux_loss: 0.0000, lr: 0.00046491, epoch_time: 137.0min
Epoch:[1/2](23860/66163), loss: 1.8301, logits_loss: 1.8301, aux_loss: 0.0000, lr: 0.00046486, epoch_time: 137.0min
Epoch:[1/2](23880/66163), loss: 1.9323, logits_loss: 1.9323, aux_loss: 0.0000, lr: 0.00046480, epoch_time: 136.0min
Epoch:[1/2](23900/66163), loss: 1.9067, logits_loss: 1.9067, aux_loss: 0.0000, lr: 0.00046474, epoch_time: 136.0min
Epoch:[1/2](23920/66163), loss: 1.8681, logits_loss: 1.8681, aux_loss: 0.0000, lr: 0.00046468, epoch_time: 136.0min
Epoch:[1/2](23940/66163), loss: 1.9506, logits_loss: 1.9506, aux_loss: 0.0000, lr: 0.00046463, epoch_time: 136.0min
Epoch:[1/2](23960/66163), loss: 1.9137, logits_loss: 1.9137, aux_loss: 0.0000, lr: 0.00046457, epoch_time: 136.0min
Epoch:[1/2](23980/66163), loss: 1.8748, logits_loss: 1.8748, aux_loss: 0.0000, lr: 0.00046451, epoch_time: 136.0min
Epoch:[1/2](24000/66163), loss: 1.8275, logits_loss: 1.8275, aux_loss: 0.0000, lr: 0.00046445, epoch_time: 136.0min
Epoch:[1/2](24020/66163), loss: 1.8794, logits_loss: 1.8794, aux_loss: 0.0000, lr: 0.00046440, epoch_time: 136.0min
Epoch:[1/2](24040/66163), loss: 1.9221, logits_loss: 1.9221, aux_loss: 0.0000, lr: 0.00046434, epoch_time: 135.0min
Epoch:[1/2](24060/66163), loss: 2.0042, logits_loss: 2.0042, aux_loss: 0.0000, lr: 0.00046428, epoch_time: 135.0min
Epoch:[1/2](24080/66163), loss: 1.8299, logits_loss: 1.8299, aux_loss: 0.0000, lr: 0.00046422, epoch_time: 135.0min
Epoch:[1/2](24100/66163), loss: 2.0174, logits_loss: 2.0174, aux_loss: 0.0000, lr: 0.00046416, epoch_time: 135.0min
Epoch:[1/2](24120/66163), loss: 1.9301, logits_loss: 1.9301, aux_loss: 0.0000, lr: 0.00046411, epoch_time: 135.0min
Epoch:[1/2](24140/66163), loss: 1.8755, logits_loss: 1.8755, aux_loss: 0.0000, lr: 0.00046405, epoch_time: 135.0min
Epoch:[1/2](24160/66163), loss: 1.9360, logits_loss: 1.9360, aux_loss: 0.0000, lr: 0.00046399, epoch_time: 135.0min
Epoch:[1/2](24180/66163), loss: 1.9610, logits_loss: 1.9610, aux_loss: 0.0000, lr: 0.00046393, epoch_time: 135.0min
Epoch:[1/2](24200/66163), loss: 1.8890, logits_loss: 1.8890, aux_loss: 0.0000, lr: 0.00046387, epoch_time: 134.0min
Epoch:[1/2](24220/66163), loss: 1.9037, logits_loss: 1.9037, aux_loss: 0.0000, lr: 0.00046382, epoch_time: 134.0min
Epoch:[1/2](24240/66163), loss: 1.8882, logits_loss: 1.8882, aux_loss: 0.0000, lr: 0.00046376, epoch_time: 134.0min
Epoch:[1/2](24260/66163), loss: 1.9346, logits_loss: 1.9346, aux_loss: 0.0000, lr: 0.00046370, epoch_time: 137.0min
Epoch:[1/2](24280/66163), loss: 1.8674, logits_loss: 1.8674, aux_loss: 0.0000, lr: 0.00046364, epoch_time: 136.0min
Epoch:[1/2](24300/66163), loss: 1.8710, logits_loss: 1.8710, aux_loss: 0.0000, lr: 0.00046358, epoch_time: 136.0min
Epoch:[1/2](24320/66163), loss: 1.9207, logits_loss: 1.9207, aux_loss: 0.0000, lr: 0.00046353, epoch_time: 136.0min
Epoch:[1/2](24340/66163), loss: 1.9440, logits_loss: 1.9440, aux_loss: 0.0000, lr: 0.00046347, epoch_time: 136.0min
Epoch:[1/2](24360/66163), loss: 1.8333, logits_loss: 1.8333, aux_loss: 0.0000, lr: 0.00046341, epoch_time: 136.0min
Epoch:[1/2](24380/66163), loss: 1.8790, logits_loss: 1.8790, aux_loss: 0.0000, lr: 0.00046335, epoch_time: 136.0min
Epoch:[1/2](24400/66163), loss: 1.9665, logits_loss: 1.9665, aux_loss: 0.0000, lr: 0.00046329, epoch_time: 136.0min
Epoch:[1/2](24420/66163), loss: 1.8614, logits_loss: 1.8614, aux_loss: 0.0000, lr: 0.00046323, epoch_time: 136.0min
Epoch:[1/2](24440/66163), loss: 1.8760, logits_loss: 1.8760, aux_loss: 0.0000, lr: 0.00046317, epoch_time: 135.0min
Epoch:[1/2](24460/66163), loss: 1.8834, logits_loss: 1.8834, aux_loss: 0.0000, lr: 0.00046312, epoch_time: 135.0min
Epoch:[1/2](24480/66163), loss: 1.9651, logits_loss: 1.9651, aux_loss: 0.0000, lr: 0.00046306, epoch_time: 135.0min
Epoch:[1/2](24500/66163), loss: 1.9125, logits_loss: 1.9125, aux_loss: 0.0000, lr: 0.00046300, epoch_time: 135.0min
Epoch:[1/2](24520/66163), loss: 1.9186, logits_loss: 1.9186, aux_loss: 0.0000, lr: 0.00046294, epoch_time: 135.0min
Epoch:[1/2](24540/66163), loss: 1.8709, logits_loss: 1.8709, aux_loss: 0.0000, lr: 0.00046288, epoch_time: 135.0min
Epoch:[1/2](24560/66163), loss: 1.8542, logits_loss: 1.8542, aux_loss: 0.0000, lr: 0.00046282, epoch_time: 135.0min
Epoch:[1/2](24580/66163), loss: 1.9354, logits_loss: 1.9354, aux_loss: 0.0000, lr: 0.00046276, epoch_time: 135.0min
Epoch:[1/2](24600/66163), loss: 1.9222, logits_loss: 1.9222, aux_loss: 0.0000, lr: 0.00046270, epoch_time: 135.0min
Epoch:[1/2](24620/66163), loss: 1.9703, logits_loss: 1.9703, aux_loss: 0.0000, lr: 0.00046265, epoch_time: 134.0min
Epoch:[1/2](24640/66163), loss: 1.8259, logits_loss: 1.8259, aux_loss: 0.0000, lr: 0.00046259, epoch_time: 134.0min
Epoch:[1/2](24660/66163), loss: 1.8313, logits_loss: 1.8313, aux_loss: 0.0000, lr: 0.00046253, epoch_time: 134.0min
Epoch:[1/2](24680/66163), loss: 1.9488, logits_loss: 1.9488, aux_loss: 0.0000, lr: 0.00046247, epoch_time: 134.0min
Epoch:[1/2](24700/66163), loss: 1.8381, logits_loss: 1.8381, aux_loss: 0.0000, lr: 0.00046241, epoch_time: 134.0min
Epoch:[1/2](24720/66163), loss: 1.9833, logits_loss: 1.9833, aux_loss: 0.0000, lr: 0.00046235, epoch_time: 134.0min
Epoch:[1/2](24740/66163), loss: 1.8962, logits_loss: 1.8962, aux_loss: 0.0000, lr: 0.00046229, epoch_time: 134.0min
Epoch:[1/2](24760/66163), loss: 1.9086, logits_loss: 1.9086, aux_loss: 0.0000, lr: 0.00046223, epoch_time: 134.0min
Epoch:[1/2](24780/66163), loss: 1.9339, logits_loss: 1.9339, aux_loss: 0.0000, lr: 0.00046217, epoch_time: 133.0min
Epoch:[1/2](24800/66163), loss: 1.8863, logits_loss: 1.8863, aux_loss: 0.0000, lr: 0.00046211, epoch_time: 133.0min
Epoch:[1/2](24820/66163), loss: 1.8805, logits_loss: 1.8805, aux_loss: 0.0000, lr: 0.00046205, epoch_time: 133.0min
Epoch:[1/2](24840/66163), loss: 1.9633, logits_loss: 1.9633, aux_loss: 0.0000, lr: 0.00046199, epoch_time: 133.0min
Epoch:[1/2](24860/66163), loss: 1.9541, logits_loss: 1.9541, aux_loss: 0.0000, lr: 0.00046194, epoch_time: 133.0min
Epoch:[1/2](24880/66163), loss: 1.8848, logits_loss: 1.8848, aux_loss: 0.0000, lr: 0.00046188, epoch_time: 133.0min
Epoch:[1/2](24900/66163), loss: 2.0297, logits_loss: 2.0297, aux_loss: 0.0000, lr: 0.00046182, epoch_time: 133.0min
Epoch:[1/2](24920/66163), loss: 1.8161, logits_loss: 1.8161, aux_loss: 0.0000, lr: 0.00046176, epoch_time: 133.0min
Epoch:[1/2](24940/66163), loss: 1.8994, logits_loss: 1.8994, aux_loss: 0.0000, lr: 0.00046170, epoch_time: 132.0min
Epoch:[1/2](24960/66163), loss: 1.9211, logits_loss: 1.9211, aux_loss: 0.0000, lr: 0.00046164, epoch_time: 132.0min
Epoch:[1/2](24980/66163), loss: 1.8697, logits_loss: 1.8697, aux_loss: 0.0000, lr: 0.00046158, epoch_time: 132.0min
Epoch:[1/2](25000/66163), loss: 1.8153, logits_loss: 1.8153, aux_loss: 0.0000, lr: 0.00046152, epoch_time: 132.0min
Epoch:[1/2](25020/66163), loss: 1.9333, logits_loss: 1.9333, aux_loss: 0.0000, lr: 0.00046146, epoch_time: 133.0min
Epoch:[1/2](25040/66163), loss: 1.9829, logits_loss: 1.9829, aux_loss: 0.0000, lr: 0.00046140, epoch_time: 132.0min
Epoch:[1/2](25060/66163), loss: 1.9747, logits_loss: 1.9747, aux_loss: 0.0000, lr: 0.00046134, epoch_time: 132.0min
Epoch:[1/2](25080/66163), loss: 1.8435, logits_loss: 1.8435, aux_loss: 0.0000, lr: 0.00046128, epoch_time: 132.0min
Epoch:[1/2](25100/66163), loss: 1.8125, logits_loss: 1.8125, aux_loss: 0.0000, lr: 0.00046122, epoch_time: 132.0min
Epoch:[1/2](25120/66163), loss: 1.8986, logits_loss: 1.8986, aux_loss: 0.0000, lr: 0.00046116, epoch_time: 132.0min
Epoch:[1/2](25140/66163), loss: 1.8355, logits_loss: 1.8355, aux_loss: 0.0000, lr: 0.00046110, epoch_time: 132.0min
Epoch:[1/2](25160/66163), loss: 1.8581, logits_loss: 1.8581, aux_loss: 0.0000, lr: 0.00046104, epoch_time: 132.0min
Epoch:[1/2](25180/66163), loss: 1.9183, logits_loss: 1.9183, aux_loss: 0.0000, lr: 0.00046098, epoch_time: 132.0min
Epoch:[1/2](25200/66163), loss: 1.8666, logits_loss: 1.8666, aux_loss: 0.0000, lr: 0.00046092, epoch_time: 131.0min
Epoch:[1/2](25220/66163), loss: 1.8591, logits_loss: 1.8591, aux_loss: 0.0000, lr: 0.00046086, epoch_time: 131.0min
Epoch:[1/2](25240/66163), loss: 1.8846, logits_loss: 1.8846, aux_loss: 0.0000, lr: 0.00046080, epoch_time: 131.0min
Epoch:[1/2](25260/66163), loss: 1.8766, logits_loss: 1.8766, aux_loss: 0.0000, lr: 0.00046074, epoch_time: 131.0min
Epoch:[1/2](25280/66163), loss: 2.0009, logits_loss: 2.0009, aux_loss: 0.0000, lr: 0.00046068, epoch_time: 131.0min
Epoch:[1/2](25300/66163), loss: 1.7965, logits_loss: 1.7965, aux_loss: 0.0000, lr: 0.00046062, epoch_time: 131.0min
Epoch:[1/2](25320/66163), loss: 1.9848, logits_loss: 1.9848, aux_loss: 0.0000, lr: 0.00046056, epoch_time: 131.0min
Epoch:[1/2](25340/66163), loss: 2.0988, logits_loss: 2.0988, aux_loss: 0.0000, lr: 0.00046050, epoch_time: 131.0min
Epoch:[1/2](25360/66163), loss: 1.8618, logits_loss: 1.8618, aux_loss: 0.0000, lr: 0.00046044, epoch_time: 131.0min
Epoch:[1/2](25380/66163), loss: 1.8354, logits_loss: 1.8354, aux_loss: 0.0000, lr: 0.00046038, epoch_time: 130.0min
Epoch:[1/2](25400/66163), loss: 1.9963, logits_loss: 1.9963, aux_loss: 0.0000, lr: 0.00046031, epoch_time: 130.0min
Epoch:[1/2](25420/66163), loss: 1.9138, logits_loss: 1.9138, aux_loss: 0.0000, lr: 0.00046025, epoch_time: 130.0min
Epoch:[1/2](25440/66163), loss: 1.9142, logits_loss: 1.9142, aux_loss: 0.0000, lr: 0.00046019, epoch_time: 132.0min
Epoch:[1/2](25460/66163), loss: 1.9039, logits_loss: 1.9039, aux_loss: 0.0000, lr: 0.00046013, epoch_time: 132.0min
Epoch:[1/2](25480/66163), loss: 1.8955, logits_loss: 1.8955, aux_loss: 0.0000, lr: 0.00046007, epoch_time: 132.0min
Epoch:[1/2](25500/66163), loss: 1.8879, logits_loss: 1.8879, aux_loss: 0.0000, lr: 0.00046001, epoch_time: 132.0min
Epoch:[1/2](25520/66163), loss: 2.0018, logits_loss: 2.0018, aux_loss: 0.0000, lr: 0.00045995, epoch_time: 132.0min
Epoch:[1/2](25540/66163), loss: 1.9213, logits_loss: 1.9213, aux_loss: 0.0000, lr: 0.00045989, epoch_time: 132.0min
Epoch:[1/2](25560/66163), loss: 1.9090, logits_loss: 1.9090, aux_loss: 0.0000, lr: 0.00045983, epoch_time: 132.0min
Epoch:[1/2](25580/66163), loss: 1.9851, logits_loss: 1.9851, aux_loss: 0.0000, lr: 0.00045977, epoch_time: 131.0min
Epoch:[1/2](25600/66163), loss: 1.9366, logits_loss: 1.9366, aux_loss: 0.0000, lr: 0.00045971, epoch_time: 131.0min
Epoch:[1/2](25620/66163), loss: 1.9185, logits_loss: 1.9185, aux_loss: 0.0000, lr: 0.00045965, epoch_time: 131.0min
Epoch:[1/2](25640/66163), loss: 1.9367, logits_loss: 1.9367, aux_loss: 0.0000, lr: 0.00045958, epoch_time: 131.0min
Epoch:[1/2](25660/66163), loss: 1.9439, logits_loss: 1.9439, aux_loss: 0.0000, lr: 0.00045952, epoch_time: 131.0min
Epoch:[1/2](25680/66163), loss: 1.8696, logits_loss: 1.8696, aux_loss: 0.0000, lr: 0.00045946, epoch_time: 131.0min
Epoch:[1/2](25700/66163), loss: 1.9145, logits_loss: 1.9145, aux_loss: 0.0000, lr: 0.00045940, epoch_time: 131.0min
Epoch:[1/2](25720/66163), loss: 2.0419, logits_loss: 2.0419, aux_loss: 0.0000, lr: 0.00045934, epoch_time: 131.0min
Epoch:[1/2](25740/66163), loss: 1.9148, logits_loss: 1.9148, aux_loss: 0.0000, lr: 0.00045928, epoch_time: 131.0min
Epoch:[1/2](25760/66163), loss: 1.9900, logits_loss: 1.9900, aux_loss: 0.0000, lr: 0.00045922, epoch_time: 130.0min
Epoch:[1/2](25780/66163), loss: 1.9408, logits_loss: 1.9408, aux_loss: 0.0000, lr: 0.00045916, epoch_time: 130.0min
Epoch:[1/2](25800/66163), loss: 1.9449, logits_loss: 1.9449, aux_loss: 0.0000, lr: 0.00045909, epoch_time: 130.0min
Epoch:[1/2](25820/66163), loss: 1.8926, logits_loss: 1.8926, aux_loss: 0.0000, lr: 0.00045903, epoch_time: 130.0min
Epoch:[1/2](25840/66163), loss: 1.8958, logits_loss: 1.8958, aux_loss: 0.0000, lr: 0.00045897, epoch_time: 130.0min
Epoch:[1/2](25860/66163), loss: 1.9439, logits_loss: 1.9439, aux_loss: 0.0000, lr: 0.00045891, epoch_time: 130.0min
Epoch:[1/2](25880/66163), loss: 1.9754, logits_loss: 1.9754, aux_loss: 0.0000, lr: 0.00045885, epoch_time: 130.0min
Epoch:[1/2](25900/66163), loss: 1.9244, logits_loss: 1.9244, aux_loss: 0.0000, lr: 0.00045879, epoch_time: 130.0min
Epoch:[1/2](25920/66163), loss: 1.9040, logits_loss: 1.9040, aux_loss: 0.0000, lr: 0.00045873, epoch_time: 130.0min
Epoch:[1/2](25940/66163), loss: 1.8964, logits_loss: 1.8964, aux_loss: 0.0000, lr: 0.00045866, epoch_time: 129.0min
Epoch:[1/2](25960/66163), loss: 1.9089, logits_loss: 1.9089, aux_loss: 0.0000, lr: 0.00045860, epoch_time: 129.0min
Epoch:[1/2](25980/66163), loss: 1.8312, logits_loss: 1.8312, aux_loss: 0.0000, lr: 0.00045854, epoch_time: 129.0min
Epoch:[1/2](26000/66163), loss: 1.9303, logits_loss: 1.9303, aux_loss: 0.0000, lr: 0.00045848, epoch_time: 129.0min
Epoch:[1/2](26020/66163), loss: 1.8772, logits_loss: 1.8772, aux_loss: 0.0000, lr: 0.00045842, epoch_time: 129.0min
Epoch:[1/2](26040/66163), loss: 1.8945, logits_loss: 1.8945, aux_loss: 0.0000, lr: 0.00045835, epoch_time: 129.0min
Epoch:[1/2](26060/66163), loss: 1.9178, logits_loss: 1.9178, aux_loss: 0.0000, lr: 0.00045829, epoch_time: 129.0min
Epoch:[1/2](26080/66163), loss: 2.0431, logits_loss: 2.0431, aux_loss: 0.0000, lr: 0.00045823, epoch_time: 129.0min
Epoch:[1/2](26100/66163), loss: 1.8371, logits_loss: 1.8371, aux_loss: 0.0000, lr: 0.00045817, epoch_time: 128.0min
Epoch:[1/2](26120/66163), loss: 1.9425, logits_loss: 1.9425, aux_loss: 0.0000, lr: 0.00045811, epoch_time: 128.0min
Epoch:[1/2](26140/66163), loss: 2.0183, logits_loss: 2.0183, aux_loss: 0.0000, lr: 0.00045804, epoch_time: 128.0min
Epoch:[1/2](26160/66163), loss: 1.8940, logits_loss: 1.8940, aux_loss: 0.0000, lr: 0.00045798, epoch_time: 128.0min
Epoch:[1/2](26180/66163), loss: 1.9617, logits_loss: 1.9617, aux_loss: 0.0000, lr: 0.00045792, epoch_time: 128.0min
Epoch:[1/2](26200/66163), loss: 1.9377, logits_loss: 1.9377, aux_loss: 0.0000, lr: 0.00045786, epoch_time: 128.0min
Epoch:[1/2](26220/66163), loss: 1.9199, logits_loss: 1.9199, aux_loss: 0.0000, lr: 0.00045780, epoch_time: 128.0min
Epoch:[1/2](26240/66163), loss: 1.8313, logits_loss: 1.8313, aux_loss: 0.0000, lr: 0.00045773, epoch_time: 128.0min
Epoch:[1/2](26260/66163), loss: 1.9640, logits_loss: 1.9640, aux_loss: 0.0000, lr: 0.00045767, epoch_time: 130.0min
Epoch:[1/2](26280/66163), loss: 1.8482, logits_loss: 1.8482, aux_loss: 0.0000, lr: 0.00045761, epoch_time: 130.0min
Epoch:[1/2](26300/66163), loss: 1.7840, logits_loss: 1.7840, aux_loss: 0.0000, lr: 0.00045755, epoch_time: 129.0min
Epoch:[1/2](26320/66163), loss: 1.7737, logits_loss: 1.7737, aux_loss: 0.0000, lr: 0.00045748, epoch_time: 129.0min
Epoch:[1/2](26340/66163), loss: 1.8938, logits_loss: 1.8938, aux_loss: 0.0000, lr: 0.00045742, epoch_time: 129.0min
Epoch:[1/2](26360/66163), loss: 1.9299, logits_loss: 1.9299, aux_loss: 0.0000, lr: 0.00045736, epoch_time: 129.0min
Epoch:[1/2](26380/66163), loss: 1.9474, logits_loss: 1.9474, aux_loss: 0.0000, lr: 0.00045730, epoch_time: 129.0min
Epoch:[1/2](26400/66163), loss: 1.9645, logits_loss: 1.9645, aux_loss: 0.0000, lr: 0.00045723, epoch_time: 129.0min
Epoch:[1/2](26420/66163), loss: 1.9491, logits_loss: 1.9491, aux_loss: 0.0000, lr: 0.00045717, epoch_time: 129.0min
Epoch:[1/2](26440/66163), loss: 1.9326, logits_loss: 1.9326, aux_loss: 0.0000, lr: 0.00045711, epoch_time: 129.0min
Epoch:[1/2](26460/66163), loss: 1.8206, logits_loss: 1.8206, aux_loss: 0.0000, lr: 0.00045705, epoch_time: 129.0min
Epoch:[1/2](26480/66163), loss: 1.8977, logits_loss: 1.8977, aux_loss: 0.0000, lr: 0.00045698, epoch_time: 128.0min
Epoch:[1/2](26500/66163), loss: 1.9048, logits_loss: 1.9048, aux_loss: 0.0000, lr: 0.00045692, epoch_time: 128.0min
Epoch:[1/2](26520/66163), loss: 1.8929, logits_loss: 1.8929, aux_loss: 0.0000, lr: 0.00045686, epoch_time: 128.0min
Epoch:[1/2](26540/66163), loss: 1.9476, logits_loss: 1.9476, aux_loss: 0.0000, lr: 0.00045679, epoch_time: 128.0min
Epoch:[1/2](26560/66163), loss: 1.8886, logits_loss: 1.8886, aux_loss: 0.0000, lr: 0.00045673, epoch_time: 128.0min
Epoch:[1/2](26580/66163), loss: 1.9505, logits_loss: 1.9505, aux_loss: 0.0000, lr: 0.00045667, epoch_time: 128.0min
Epoch:[1/2](26600/66163), loss: 1.8895, logits_loss: 1.8895, aux_loss: 0.0000, lr: 0.00045660, epoch_time: 128.0min
Epoch:[1/2](26620/66163), loss: 1.9362, logits_loss: 1.9362, aux_loss: 0.0000, lr: 0.00045654, epoch_time: 128.0min
Epoch:[1/2](26640/66163), loss: 1.8864, logits_loss: 1.8864, aux_loss: 0.0000, lr: 0.00045648, epoch_time: 128.0min
Epoch:[1/2](26660/66163), loss: 1.9135, logits_loss: 1.9135, aux_loss: 0.0000, lr: 0.00045642, epoch_time: 127.0min
Epoch:[1/2](26680/66163), loss: 1.9182, logits_loss: 1.9182, aux_loss: 0.0000, lr: 0.00045635, epoch_time: 127.0min
Epoch:[1/2](26700/66163), loss: 1.8751, logits_loss: 1.8751, aux_loss: 0.0000, lr: 0.00045629, epoch_time: 127.0min
Epoch:[1/2](26720/66163), loss: 1.8749, logits_loss: 1.8749, aux_loss: 0.0000, lr: 0.00045623, epoch_time: 127.0min
Epoch:[1/2](26740/66163), loss: 1.8649, logits_loss: 1.8649, aux_loss: 0.0000, lr: 0.00045616, epoch_time: 127.0min
Epoch:[1/2](26760/66163), loss: 1.9704, logits_loss: 1.9704, aux_loss: 0.0000, lr: 0.00045610, epoch_time: 127.0min
Epoch:[1/2](26780/66163), loss: 1.8935, logits_loss: 1.8935, aux_loss: 0.0000, lr: 0.00045604, epoch_time: 127.0min
Epoch:[1/2](26800/66163), loss: 1.9068, logits_loss: 1.9068, aux_loss: 0.0000, lr: 0.00045597, epoch_time: 127.0min
Epoch:[1/2](26820/66163), loss: 1.9238, logits_loss: 1.9238, aux_loss: 0.0000, lr: 0.00045591, epoch_time: 127.0min
Epoch:[1/2](26840/66163), loss: 1.9195, logits_loss: 1.9195, aux_loss: 0.0000, lr: 0.00045584, epoch_time: 126.0min
Epoch:[1/2](26860/66163), loss: 1.9166, logits_loss: 1.9166, aux_loss: 0.0000, lr: 0.00045578, epoch_time: 126.0min
Epoch:[1/2](26880/66163), loss: 1.7548, logits_loss: 1.7548, aux_loss: 0.0000, lr: 0.00045572, epoch_time: 126.0min
Epoch:[1/2](26900/66163), loss: 1.9425, logits_loss: 1.9425, aux_loss: 0.0000, lr: 0.00045565, epoch_time: 126.0min
Epoch:[1/2](26920/66163), loss: 1.9254, logits_loss: 1.9254, aux_loss: 0.0000, lr: 0.00045559, epoch_time: 126.0min
Epoch:[1/2](26940/66163), loss: 1.9166, logits_loss: 1.9166, aux_loss: 0.0000, lr: 0.00045553, epoch_time: 126.0min
Epoch:[1/2](26960/66163), loss: 1.9200, logits_loss: 1.9200, aux_loss: 0.0000, lr: 0.00045546, epoch_time: 126.0min
Epoch:[1/2](26980/66163), loss: 1.9421, logits_loss: 1.9421, aux_loss: 0.0000, lr: 0.00045540, epoch_time: 126.0min
Epoch:[1/2](27000/66163), loss: 1.8291, logits_loss: 1.8291, aux_loss: 0.0000, lr: 0.00045534, epoch_time: 126.0min
Epoch:[1/2](27020/66163), loss: 1.9402, logits_loss: 1.9402, aux_loss: 0.0000, lr: 0.00045527, epoch_time: 125.0min
Epoch:[1/2](27040/66163), loss: 1.9513, logits_loss: 1.9513, aux_loss: 0.0000, lr: 0.00045521, epoch_time: 125.0min
Epoch:[1/2](27060/66163), loss: 1.9332, logits_loss: 1.9332, aux_loss: 0.0000, lr: 0.00045514, epoch_time: 125.0min
Epoch:[1/2](27080/66163), loss: 1.8714, logits_loss: 1.8714, aux_loss: 0.0000, lr: 0.00045508, epoch_time: 125.0min
Epoch:[1/2](27100/66163), loss: 1.9039, logits_loss: 1.9039, aux_loss: 0.0000, lr: 0.00045502, epoch_time: 125.0min
Epoch:[1/2](27120/66163), loss: 1.9005, logits_loss: 1.9005, aux_loss: 0.0000, lr: 0.00045495, epoch_time: 125.0min
Epoch:[1/2](27140/66163), loss: 1.8477, logits_loss: 1.8477, aux_loss: 0.0000, lr: 0.00045489, epoch_time: 127.0min
Epoch:[1/2](27160/66163), loss: 1.8312, logits_loss: 1.8312, aux_loss: 0.0000, lr: 0.00045482, epoch_time: 127.0min
Epoch:[1/2](27180/66163), loss: 1.8704, logits_loss: 1.8704, aux_loss: 0.0000, lr: 0.00045476, epoch_time: 127.0min
Epoch:[1/2](27200/66163), loss: 1.8418, logits_loss: 1.8418, aux_loss: 0.0000, lr: 0.00045469, epoch_time: 126.0min
Epoch:[1/2](27220/66163), loss: 1.9693, logits_loss: 1.9693, aux_loss: 0.0000, lr: 0.00045463, epoch_time: 126.0min
Epoch:[1/2](27240/66163), loss: 1.9400, logits_loss: 1.9400, aux_loss: 0.0000, lr: 0.00045457, epoch_time: 126.0min
Epoch:[1/2](27260/66163), loss: 1.8692, logits_loss: 1.8692, aux_loss: 0.0000, lr: 0.00045450, epoch_time: 126.0min
Epoch:[1/2](27280/66163), loss: 1.8487, logits_loss: 1.8487, aux_loss: 0.0000, lr: 0.00045444, epoch_time: 126.0min
Epoch:[1/2](27300/66163), loss: 2.0199, logits_loss: 2.0199, aux_loss: 0.0000, lr: 0.00045437, epoch_time: 126.0min
Epoch:[1/2](27320/66163), loss: 1.8867, logits_loss: 1.8867, aux_loss: 0.0000, lr: 0.00045431, epoch_time: 126.0min
Epoch:[1/2](27340/66163), loss: 1.9622, logits_loss: 1.9622, aux_loss: 0.0000, lr: 0.00045424, epoch_time: 126.0min
Epoch:[1/2](27360/66163), loss: 1.8789, logits_loss: 1.8789, aux_loss: 0.0000, lr: 0.00045418, epoch_time: 126.0min
Epoch:[1/2](27380/66163), loss: 1.8829, logits_loss: 1.8829, aux_loss: 0.0000, lr: 0.00045411, epoch_time: 125.0min
Epoch:[1/2](27400/66163), loss: 1.8375, logits_loss: 1.8375, aux_loss: 0.0000, lr: 0.00045405, epoch_time: 125.0min
Epoch:[1/2](27420/66163), loss: 1.9587, logits_loss: 1.9587, aux_loss: 0.0000, lr: 0.00045398, epoch_time: 125.0min
Epoch:[1/2](27440/66163), loss: 1.7944, logits_loss: 1.7944, aux_loss: 0.0000, lr: 0.00045392, epoch_time: 125.0min
Epoch:[1/2](27460/66163), loss: 1.7863, logits_loss: 1.7863, aux_loss: 0.0000, lr: 0.00045385, epoch_time: 125.0min
Epoch:[1/2](27480/66163), loss: 1.8590, logits_loss: 1.8590, aux_loss: 0.0000, lr: 0.00045379, epoch_time: 125.0min
Epoch:[1/2](27500/66163), loss: 1.8685, logits_loss: 1.8685, aux_loss: 0.0000, lr: 0.00045373, epoch_time: 125.0min
Epoch:[1/2](27520/66163), loss: 1.8782, logits_loss: 1.8782, aux_loss: 0.0000, lr: 0.00045366, epoch_time: 125.0min
Epoch:[1/2](27540/66163), loss: 1.8455, logits_loss: 1.8455, aux_loss: 0.0000, lr: 0.00045360, epoch_time: 125.0min
Epoch:[1/2](27560/66163), loss: 1.8702, logits_loss: 1.8702, aux_loss: 0.0000, lr: 0.00045353, epoch_time: 124.0min
Epoch:[1/2](27580/66163), loss: 1.8808, logits_loss: 1.8808, aux_loss: 0.0000, lr: 0.00045347, epoch_time: 124.0min
Epoch:[1/2](27600/66163), loss: 1.9161, logits_loss: 1.9161, aux_loss: 0.0000, lr: 0.00045340, epoch_time: 124.0min
Epoch:[1/2](27620/66163), loss: 1.9315, logits_loss: 1.9315, aux_loss: 0.0000, lr: 0.00045333, epoch_time: 124.0min
Epoch:[1/2](27640/66163), loss: 1.8830, logits_loss: 1.8830, aux_loss: 0.0000, lr: 0.00045327, epoch_time: 124.0min
Epoch:[1/2](27660/66163), loss: 1.8690, logits_loss: 1.8690, aux_loss: 0.0000, lr: 0.00045320, epoch_time: 124.0min
Epoch:[1/2](27680/66163), loss: 1.8365, logits_loss: 1.8365, aux_loss: 0.0000, lr: 0.00045314, epoch_time: 124.0min
Epoch:[1/2](27700/66163), loss: 1.9208, logits_loss: 1.9208, aux_loss: 0.0000, lr: 0.00045307, epoch_time: 124.0min
Epoch:[1/2](27720/66163), loss: 1.8512, logits_loss: 1.8512, aux_loss: 0.0000, lr: 0.00045301, epoch_time: 124.0min
Epoch:[1/2](27740/66163), loss: 1.8273, logits_loss: 1.8273, aux_loss: 0.0000, lr: 0.00045294, epoch_time: 123.0min
Epoch:[1/2](27760/66163), loss: 1.9963, logits_loss: 1.9963, aux_loss: 0.0000, lr: 0.00045288, epoch_time: 123.0min
Epoch:[1/2](27780/66163), loss: 1.8166, logits_loss: 1.8166, aux_loss: 0.0000, lr: 0.00045281, epoch_time: 123.0min
Epoch:[1/2](27800/66163), loss: 1.8075, logits_loss: 1.8075, aux_loss: 0.0000, lr: 0.00045275, epoch_time: 123.0min
Epoch:[1/2](27820/66163), loss: 1.9384, logits_loss: 1.9384, aux_loss: 0.0000, lr: 0.00045268, epoch_time: 123.0min
Epoch:[1/2](27840/66163), loss: 1.8840, logits_loss: 1.8840, aux_loss: 0.0000, lr: 0.00045262, epoch_time: 123.0min
Epoch:[1/2](27860/66163), loss: 1.9111, logits_loss: 1.9111, aux_loss: 0.0000, lr: 0.00045255, epoch_time: 123.0min
Epoch:[1/2](27880/66163), loss: 1.8608, logits_loss: 1.8608, aux_loss: 0.0000, lr: 0.00045248, epoch_time: 123.0min
Epoch:[1/2](27900/66163), loss: 1.9565, logits_loss: 1.9565, aux_loss: 0.0000, lr: 0.00045242, epoch_time: 123.0min
Epoch:[1/2](27920/66163), loss: 1.8578, logits_loss: 1.8578, aux_loss: 0.0000, lr: 0.00045235, epoch_time: 123.0min
Epoch:[1/2](27940/66163), loss: 1.8965, logits_loss: 1.8965, aux_loss: 0.0000, lr: 0.00045229, epoch_time: 122.0min
Epoch:[1/2](27960/66163), loss: 1.9444, logits_loss: 1.9444, aux_loss: 0.0000, lr: 0.00045222, epoch_time: 122.0min
Epoch:[1/2](27980/66163), loss: 1.9247, logits_loss: 1.9247, aux_loss: 0.0000, lr: 0.00045216, epoch_time: 122.0min
Epoch:[1/2](28000/66163), loss: 1.8497, logits_loss: 1.8497, aux_loss: 0.0000, lr: 0.00045209, epoch_time: 122.0min
Epoch:[1/2](28020/66163), loss: 1.9028, logits_loss: 1.9028, aux_loss: 0.0000, lr: 0.00045202, epoch_time: 122.0min
Epoch:[1/2](28040/66163), loss: 1.8104, logits_loss: 1.8104, aux_loss: 0.0000, lr: 0.00045196, epoch_time: 122.0min
Epoch:[1/2](28060/66163), loss: 1.9196, logits_loss: 1.9196, aux_loss: 0.0000, lr: 0.00045189, epoch_time: 122.0min
Epoch:[1/2](28080/66163), loss: 1.9195, logits_loss: 1.9195, aux_loss: 0.0000, lr: 0.00045183, epoch_time: 122.0min
Epoch:[1/2](28100/66163), loss: 1.9924, logits_loss: 1.9924, aux_loss: 0.0000, lr: 0.00045176, epoch_time: 122.0min
Epoch:[1/2](28120/66163), loss: 1.9072, logits_loss: 1.9072, aux_loss: 0.0000, lr: 0.00045169, epoch_time: 121.0min
Epoch:[1/2](28140/66163), loss: 1.8675, logits_loss: 1.8675, aux_loss: 0.0000, lr: 0.00045163, epoch_time: 123.0min
Epoch:[1/2](28160/66163), loss: 1.9159, logits_loss: 1.9159, aux_loss: 0.0000, lr: 0.00045156, epoch_time: 123.0min
Epoch:[1/2](28180/66163), loss: 1.8617, logits_loss: 1.8617, aux_loss: 0.0000, lr: 0.00045150, epoch_time: 123.0min
Epoch:[1/2](28200/66163), loss: 1.9491, logits_loss: 1.9491, aux_loss: 0.0000, lr: 0.00045143, epoch_time: 123.0min
Epoch:[1/2](28220/66163), loss: 1.8948, logits_loss: 1.8948, aux_loss: 0.0000, lr: 0.00045136, epoch_time: 123.0min
Epoch:[1/2](28240/66163), loss: 1.8978, logits_loss: 1.8978, aux_loss: 0.0000, lr: 0.00045130, epoch_time: 123.0min
Epoch:[1/2](28260/66163), loss: 1.8791, logits_loss: 1.8791, aux_loss: 0.0000, lr: 0.00045123, epoch_time: 123.0min
Epoch:[1/2](28280/66163), loss: 1.8958, logits_loss: 1.8958, aux_loss: 0.0000, lr: 0.00045116, epoch_time: 122.0min
Epoch:[1/2](28300/66163), loss: 1.8900, logits_loss: 1.8900, aux_loss: 0.0000, lr: 0.00045110, epoch_time: 122.0min
Epoch:[1/2](28320/66163), loss: 1.8688, logits_loss: 1.8688, aux_loss: 0.0000, lr: 0.00045103, epoch_time: 122.0min
Epoch:[1/2](28340/66163), loss: 1.8154, logits_loss: 1.8154, aux_loss: 0.0000, lr: 0.00045096, epoch_time: 122.0min
Epoch:[1/2](28360/66163), loss: 1.8398, logits_loss: 1.8398, aux_loss: 0.0000, lr: 0.00045090, epoch_time: 122.0min
Epoch:[1/2](28380/66163), loss: 1.8850, logits_loss: 1.8850, aux_loss: 0.0000, lr: 0.00045083, epoch_time: 122.0min
Epoch:[1/2](28400/66163), loss: 1.8355, logits_loss: 1.8355, aux_loss: 0.0000, lr: 0.00045076, epoch_time: 122.0min
Epoch:[1/2](28420/66163), loss: 1.9322, logits_loss: 1.9322, aux_loss: 0.0000, lr: 0.00045070, epoch_time: 122.0min
Epoch:[1/2](28440/66163), loss: 1.9559, logits_loss: 1.9559, aux_loss: 0.0000, lr: 0.00045063, epoch_time: 122.0min
Epoch:[1/2](28460/66163), loss: 1.8945, logits_loss: 1.8945, aux_loss: 0.0000, lr: 0.00045056, epoch_time: 121.0min
Epoch:[1/2](28480/66163), loss: 1.9809, logits_loss: 1.9809, aux_loss: 0.0000, lr: 0.00045050, epoch_time: 121.0min
Epoch:[1/2](28500/66163), loss: 1.9183, logits_loss: 1.9183, aux_loss: 0.0000, lr: 0.00045043, epoch_time: 121.0min
Epoch:[1/2](28520/66163), loss: 1.8151, logits_loss: 1.8151, aux_loss: 0.0000, lr: 0.00045036, epoch_time: 121.0min
Epoch:[1/2](28540/66163), loss: 1.8502, logits_loss: 1.8502, aux_loss: 0.0000, lr: 0.00045030, epoch_time: 121.0min
Epoch:[1/2](28560/66163), loss: 1.8728, logits_loss: 1.8728, aux_loss: 0.0000, lr: 0.00045023, epoch_time: 121.0min
Epoch:[1/2](28580/66163), loss: 1.9825, logits_loss: 1.9825, aux_loss: 0.0000, lr: 0.00045016, epoch_time: 121.0min
Epoch:[1/2](28600/66163), loss: 1.9049, logits_loss: 1.9049, aux_loss: 0.0000, lr: 0.00045010, epoch_time: 121.0min
Epoch:[1/2](28620/66163), loss: 1.7905, logits_loss: 1.7905, aux_loss: 0.0000, lr: 0.00045003, epoch_time: 121.0min
Epoch:[1/2](28640/66163), loss: 1.8947, logits_loss: 1.8947, aux_loss: 0.0000, lr: 0.00044996, epoch_time: 121.0min
Epoch:[1/2](28660/66163), loss: 1.8144, logits_loss: 1.8144, aux_loss: 0.0000, lr: 0.00044989, epoch_time: 120.0min
Epoch:[1/2](28680/66163), loss: 1.9626, logits_loss: 1.9626, aux_loss: 0.0000, lr: 0.00044983, epoch_time: 120.0min
Epoch:[1/2](28700/66163), loss: 1.9621, logits_loss: 1.9621, aux_loss: 0.0000, lr: 0.00044976, epoch_time: 120.0min
Epoch:[1/2](28720/66163), loss: 1.9643, logits_loss: 1.9643, aux_loss: 0.0000, lr: 0.00044969, epoch_time: 120.0min
Epoch:[1/2](28740/66163), loss: 1.7841, logits_loss: 1.7841, aux_loss: 0.0000, lr: 0.00044962, epoch_time: 120.0min
Epoch:[1/2](28760/66163), loss: 1.8683, logits_loss: 1.8683, aux_loss: 0.0000, lr: 0.00044956, epoch_time: 120.0min
Epoch:[1/2](28780/66163), loss: 1.8720, logits_loss: 1.8720, aux_loss: 0.0000, lr: 0.00044949, epoch_time: 120.0min
Epoch:[1/2](28800/66163), loss: 1.8951, logits_loss: 1.8951, aux_loss: 0.0000, lr: 0.00044942, epoch_time: 120.0min
Epoch:[1/2](28820/66163), loss: 1.8234, logits_loss: 1.8234, aux_loss: 0.0000, lr: 0.00044935, epoch_time: 120.0min
Epoch:[1/2](28840/66163), loss: 1.8895, logits_loss: 1.8895, aux_loss: 0.0000, lr: 0.00044929, epoch_time: 119.0min
Epoch:[1/2](28860/66163), loss: 1.8071, logits_loss: 1.8071, aux_loss: 0.0000, lr: 0.00044922, epoch_time: 119.0min
Epoch:[1/2](28880/66163), loss: 1.8496, logits_loss: 1.8496, aux_loss: 0.0000, lr: 0.00044915, epoch_time: 119.0min
Epoch:[1/2](28900/66163), loss: 1.7976, logits_loss: 1.7976, aux_loss: 0.0000, lr: 0.00044908, epoch_time: 119.0min
Epoch:[1/2](28920/66163), loss: 1.9094, logits_loss: 1.9094, aux_loss: 0.0000, lr: 0.00044902, epoch_time: 119.0min
Epoch:[1/2](28940/66163), loss: 1.9199, logits_loss: 1.9199, aux_loss: 0.0000, lr: 0.00044895, epoch_time: 119.0min
Epoch:[1/2](28960/66163), loss: 1.9746, logits_loss: 1.9746, aux_loss: 0.0000, lr: 0.00044888, epoch_time: 119.0min
Epoch:[1/2](28980/66163), loss: 1.8730, logits_loss: 1.8730, aux_loss: 0.0000, lr: 0.00044881, epoch_time: 119.0min
Epoch:[1/2](29000/66163), loss: 1.8855, logits_loss: 1.8855, aux_loss: 0.0000, lr: 0.00044875, epoch_time: 119.0min
Epoch:[1/2](29020/66163), loss: 1.9066, logits_loss: 1.9066, aux_loss: 0.0000, lr: 0.00044868, epoch_time: 119.0min
Epoch:[1/2](29040/66163), loss: 1.8820, logits_loss: 1.8820, aux_loss: 0.0000, lr: 0.00044861, epoch_time: 118.0min
Epoch:[1/2](29060/66163), loss: 1.8171, logits_loss: 1.8171, aux_loss: 0.0000, lr: 0.00044854, epoch_time: 120.0min
Epoch:[1/2](29080/66163), loss: 1.8492, logits_loss: 1.8492, aux_loss: 0.0000, lr: 0.00044847, epoch_time: 120.0min
Epoch:[1/2](29100/66163), loss: 1.9561, logits_loss: 1.9561, aux_loss: 0.0000, lr: 0.00044841, epoch_time: 120.0min
Epoch:[1/2](29120/66163), loss: 1.8161, logits_loss: 1.8161, aux_loss: 0.0000, lr: 0.00044834, epoch_time: 120.0min
Epoch:[1/2](29140/66163), loss: 1.9564, logits_loss: 1.9564, aux_loss: 0.0000, lr: 0.00044827, epoch_time: 120.0min
Epoch:[1/2](29160/66163), loss: 1.8829, logits_loss: 1.8829, aux_loss: 0.0000, lr: 0.00044820, epoch_time: 120.0min
Epoch:[1/2](29180/66163), loss: 1.8859, logits_loss: 1.8859, aux_loss: 0.0000, lr: 0.00044813, epoch_time: 119.0min
Epoch:[1/2](29200/66163), loss: 1.8799, logits_loss: 1.8799, aux_loss: 0.0000, lr: 0.00044806, epoch_time: 119.0min
Epoch:[1/2](29220/66163), loss: 1.9032, logits_loss: 1.9032, aux_loss: 0.0000, lr: 0.00044800, epoch_time: 119.0min
Epoch:[1/2](29240/66163), loss: 1.8410, logits_loss: 1.8410, aux_loss: 0.0000, lr: 0.00044793, epoch_time: 119.0min
Epoch:[1/2](29260/66163), loss: 1.8580, logits_loss: 1.8580, aux_loss: 0.0000, lr: 0.00044786, epoch_time: 119.0min
Epoch:[1/2](29280/66163), loss: 1.8829, logits_loss: 1.8829, aux_loss: 0.0000, lr: 0.00044779, epoch_time: 119.0min
Epoch:[1/2](29300/66163), loss: 1.8365, logits_loss: 1.8365, aux_loss: 0.0000, lr: 0.00044772, epoch_time: 119.0min
Epoch:[1/2](29320/66163), loss: 1.8888, logits_loss: 1.8888, aux_loss: 0.0000, lr: 0.00044765, epoch_time: 119.0min
Epoch:[1/2](29340/66163), loss: 1.8085, logits_loss: 1.8085, aux_loss: 0.0000, lr: 0.00044759, epoch_time: 119.0min
Epoch:[1/2](29360/66163), loss: 1.8760, logits_loss: 1.8760, aux_loss: 0.0000, lr: 0.00044752, epoch_time: 118.0min
Epoch:[1/2](29380/66163), loss: 1.9235, logits_loss: 1.9235, aux_loss: 0.0000, lr: 0.00044745, epoch_time: 118.0min
Epoch:[1/2](29400/66163), loss: 1.8974, logits_loss: 1.8974, aux_loss: 0.0000, lr: 0.00044738, epoch_time: 118.0min
Epoch:[1/2](29420/66163), loss: 1.9425, logits_loss: 1.9425, aux_loss: 0.0000, lr: 0.00044731, epoch_time: 118.0min
Epoch:[1/2](29440/66163), loss: 1.8431, logits_loss: 1.8431, aux_loss: 0.0000, lr: 0.00044724, epoch_time: 118.0min
Epoch:[1/2](29460/66163), loss: 1.8948, logits_loss: 1.8948, aux_loss: 0.0000, lr: 0.00044717, epoch_time: 118.0min
Epoch:[1/2](29480/66163), loss: 1.8982, logits_loss: 1.8982, aux_loss: 0.0000, lr: 0.00044710, epoch_time: 118.0min
Epoch:[1/2](29500/66163), loss: 1.9301, logits_loss: 1.9301, aux_loss: 0.0000, lr: 0.00044704, epoch_time: 118.0min
Epoch:[1/2](29520/66163), loss: 1.8416, logits_loss: 1.8416, aux_loss: 0.0000, lr: 0.00044697, epoch_time: 118.0min
Epoch:[1/2](29540/66163), loss: 1.8169, logits_loss: 1.8169, aux_loss: 0.0000, lr: 0.00044690, epoch_time: 118.0min
Epoch:[1/2](29560/66163), loss: 1.8282, logits_loss: 1.8282, aux_loss: 0.0000, lr: 0.00044683, epoch_time: 117.0min
Epoch:[1/2](29580/66163), loss: 1.8975, logits_loss: 1.8975, aux_loss: 0.0000, lr: 0.00044676, epoch_time: 117.0min
Epoch:[1/2](29600/66163), loss: 1.8224, logits_loss: 1.8224, aux_loss: 0.0000, lr: 0.00044669, epoch_time: 117.0min
Epoch:[1/2](29620/66163), loss: 1.8835, logits_loss: 1.8835, aux_loss: 0.0000, lr: 0.00044662, epoch_time: 117.0min
Epoch:[1/2](29640/66163), loss: 1.8676, logits_loss: 1.8676, aux_loss: 0.0000, lr: 0.00044655, epoch_time: 117.0min
Epoch:[1/2](29660/66163), loss: 1.8396, logits_loss: 1.8396, aux_loss: 0.0000, lr: 0.00044648, epoch_time: 117.0min
Epoch:[1/2](29680/66163), loss: 1.8694, logits_loss: 1.8694, aux_loss: 0.0000, lr: 0.00044641, epoch_time: 117.0min
Epoch:[1/2](29700/66163), loss: 1.7881, logits_loss: 1.7881, aux_loss: 0.0000, lr: 0.00044635, epoch_time: 117.0min
Epoch:[1/2](29720/66163), loss: 1.8313, logits_loss: 1.8313, aux_loss: 0.0000, lr: 0.00044628, epoch_time: 117.0min
Epoch:[1/2](29740/66163), loss: 1.8782, logits_loss: 1.8782, aux_loss: 0.0000, lr: 0.00044621, epoch_time: 117.0min
Epoch:[1/2](29760/66163), loss: 1.9245, logits_loss: 1.9245, aux_loss: 0.0000, lr: 0.00044614, epoch_time: 116.0min
Epoch:[1/2](29780/66163), loss: 1.8625, logits_loss: 1.8625, aux_loss: 0.0000, lr: 0.00044607, epoch_time: 116.0min
Epoch:[1/2](29800/66163), loss: 1.8025, logits_loss: 1.8025, aux_loss: 0.0000, lr: 0.00044600, epoch_time: 116.0min
Epoch:[1/2](29820/66163), loss: 1.9403, logits_loss: 1.9403, aux_loss: 0.0000, lr: 0.00044593, epoch_time: 116.0min
Epoch:[1/2](29840/66163), loss: 1.8094, logits_loss: 1.8094, aux_loss: 0.0000, lr: 0.00044586, epoch_time: 116.0min
Epoch:[1/2](29860/66163), loss: 1.9257, logits_loss: 1.9257, aux_loss: 0.0000, lr: 0.00044579, epoch_time: 116.0min
Epoch:[1/2](29880/66163), loss: 1.9009, logits_loss: 1.9009, aux_loss: 0.0000, lr: 0.00044572, epoch_time: 116.0min
Epoch:[1/2](29900/66163), loss: 1.8748, logits_loss: 1.8748, aux_loss: 0.0000, lr: 0.00044565, epoch_time: 116.0min
Epoch:[1/2](29920/66163), loss: 1.9018, logits_loss: 1.9018, aux_loss: 0.0000, lr: 0.00044558, epoch_time: 116.0min
Epoch:[1/2](29940/66163), loss: 1.7836, logits_loss: 1.7836, aux_loss: 0.0000, lr: 0.00044551, epoch_time: 116.0min
Epoch:[1/2](29960/66163), loss: 1.8661, logits_loss: 1.8661, aux_loss: 0.0000, lr: 0.00044544, epoch_time: 115.0min
Epoch:[1/2](29980/66163), loss: 1.8725, logits_loss: 1.8725, aux_loss: 0.0000, lr: 0.00044537, epoch_time: 115.0min
Epoch:[1/2](30000/66163), loss: 1.8216, logits_loss: 1.8216, aux_loss: 0.0000, lr: 0.00044530, epoch_time: 117.0min
Epoch:[1/2](30020/66163), loss: 1.9213, logits_loss: 1.9213, aux_loss: 0.0000, lr: 0.00044523, epoch_time: 117.0min
Epoch:[1/2](30040/66163), loss: 1.8898, logits_loss: 1.8898, aux_loss: 0.0000, lr: 0.00044516, epoch_time: 117.0min
Epoch:[1/2](30060/66163), loss: 1.9027, logits_loss: 1.9027, aux_loss: 0.0000, lr: 0.00044509, epoch_time: 117.0min
Epoch:[1/2](30080/66163), loss: 1.8960, logits_loss: 1.8960, aux_loss: 0.0000, lr: 0.00044502, epoch_time: 117.0min
Epoch:[1/2](30100/66163), loss: 1.8952, logits_loss: 1.8952, aux_loss: 0.0000, lr: 0.00044495, epoch_time: 117.0min
Epoch:[1/2](30120/66163), loss: 1.9142, logits_loss: 1.9142, aux_loss: 0.0000, lr: 0.00044488, epoch_time: 117.0min
Epoch:[1/2](30140/66163), loss: 1.8177, logits_loss: 1.8177, aux_loss: 0.0000, lr: 0.00044481, epoch_time: 117.0min
Epoch:[1/2](30160/66163), loss: 1.9251, logits_loss: 1.9251, aux_loss: 0.0000, lr: 0.00044474, epoch_time: 116.0min
Epoch:[1/2](30180/66163), loss: 1.7706, logits_loss: 1.7706, aux_loss: 0.0000, lr: 0.00044467, epoch_time: 116.0min
Epoch:[1/2](30200/66163), loss: 1.9064, logits_loss: 1.9064, aux_loss: 0.0000, lr: 0.00044460, epoch_time: 116.0min
Epoch:[1/2](30220/66163), loss: 2.0019, logits_loss: 2.0019, aux_loss: 0.0000, lr: 0.00044453, epoch_time: 116.0min
Epoch:[1/2](30240/66163), loss: 1.9438, logits_loss: 1.9438, aux_loss: 0.0000, lr: 0.00044446, epoch_time: 116.0min
Epoch:[1/2](30260/66163), loss: 1.9492, logits_loss: 1.9492, aux_loss: 0.0000, lr: 0.00044439, epoch_time: 116.0min
Epoch:[1/2](30280/66163), loss: 1.8775, logits_loss: 1.8775, aux_loss: 0.0000, lr: 0.00044432, epoch_time: 116.0min
Epoch:[1/2](30300/66163), loss: 1.9477, logits_loss: 1.9477, aux_loss: 0.0000, lr: 0.00044425, epoch_time: 116.0min
Epoch:[1/2](30320/66163), loss: 1.8897, logits_loss: 1.8897, aux_loss: 0.0000, lr: 0.00044418, epoch_time: 116.0min
Epoch:[1/2](30340/66163), loss: 1.8416, logits_loss: 1.8416, aux_loss: 0.0000, lr: 0.00044411, epoch_time: 115.0min
Epoch:[1/2](30360/66163), loss: 1.9114, logits_loss: 1.9114, aux_loss: 0.0000, lr: 0.00044404, epoch_time: 115.0min
Epoch:[1/2](30380/66163), loss: 1.8814, logits_loss: 1.8814, aux_loss: 0.0000, lr: 0.00044397, epoch_time: 115.0min
Epoch:[1/2](30400/66163), loss: 1.8697, logits_loss: 1.8697, aux_loss: 0.0000, lr: 0.00044390, epoch_time: 115.0min
Epoch:[1/2](30420/66163), loss: 1.9003, logits_loss: 1.9003, aux_loss: 0.0000, lr: 0.00044383, epoch_time: 115.0min
Epoch:[1/2](30440/66163), loss: 1.9607, logits_loss: 1.9607, aux_loss: 0.0000, lr: 0.00044376, epoch_time: 115.0min
Epoch:[1/2](30460/66163), loss: 1.8529, logits_loss: 1.8529, aux_loss: 0.0000, lr: 0.00044369, epoch_time: 115.0min
Epoch:[1/2](30480/66163), loss: 1.8727, logits_loss: 1.8727, aux_loss: 0.0000, lr: 0.00044362, epoch_time: 115.0min
Epoch:[1/2](30500/66163), loss: 1.8782, logits_loss: 1.8782, aux_loss: 0.0000, lr: 0.00044355, epoch_time: 115.0min
Epoch:[1/2](30520/66163), loss: 1.9883, logits_loss: 1.9883, aux_loss: 0.0000, lr: 0.00044347, epoch_time: 115.0min
Epoch:[1/2](30540/66163), loss: 1.8758, logits_loss: 1.8758, aux_loss: 0.0000, lr: 0.00044340, epoch_time: 114.0min
Epoch:[1/2](30560/66163), loss: 1.9179, logits_loss: 1.9179, aux_loss: 0.0000, lr: 0.00044333, epoch_time: 114.0min
Epoch:[1/2](30580/66163), loss: 1.8778, logits_loss: 1.8778, aux_loss: 0.0000, lr: 0.00044326, epoch_time: 114.0min
Epoch:[1/2](30600/66163), loss: 1.8808, logits_loss: 1.8808, aux_loss: 0.0000, lr: 0.00044319, epoch_time: 114.0min
Epoch:[1/2](30620/66163), loss: 1.9383, logits_loss: 1.9383, aux_loss: 0.0000, lr: 0.00044312, epoch_time: 114.0min
Epoch:[1/2](30640/66163), loss: 1.8905, logits_loss: 1.8905, aux_loss: 0.0000, lr: 0.00044305, epoch_time: 114.0min
Epoch:[1/2](30660/66163), loss: 1.8526, logits_loss: 1.8526, aux_loss: 0.0000, lr: 0.00044298, epoch_time: 114.0min
Epoch:[1/2](30680/66163), loss: 1.9006, logits_loss: 1.9006, aux_loss: 0.0000, lr: 0.00044291, epoch_time: 114.0min
Epoch:[1/2](30700/66163), loss: 1.9189, logits_loss: 1.9189, aux_loss: 0.0000, lr: 0.00044284, epoch_time: 114.0min
Epoch:[1/2](30720/66163), loss: 1.7849, logits_loss: 1.7849, aux_loss: 0.0000, lr: 0.00044276, epoch_time: 114.0min
Epoch:[1/2](30740/66163), loss: 1.8681, logits_loss: 1.8681, aux_loss: 0.0000, lr: 0.00044269, epoch_time: 113.0min
Epoch:[1/2](30760/66163), loss: 1.8148, logits_loss: 1.8148, aux_loss: 0.0000, lr: 0.00044262, epoch_time: 113.0min
Epoch:[1/2](30780/66163), loss: 1.8921, logits_loss: 1.8921, aux_loss: 0.0000, lr: 0.00044255, epoch_time: 113.0min
Epoch:[1/2](30800/66163), loss: 1.9186, logits_loss: 1.9186, aux_loss: 0.0000, lr: 0.00044248, epoch_time: 113.0min
Epoch:[1/2](30820/66163), loss: 1.8402, logits_loss: 1.8402, aux_loss: 0.0000, lr: 0.00044241, epoch_time: 113.0min
Epoch:[1/2](30840/66163), loss: 1.8139, logits_loss: 1.8139, aux_loss: 0.0000, lr: 0.00044234, epoch_time: 113.0min
Epoch:[1/2](30860/66163), loss: 1.8804, logits_loss: 1.8804, aux_loss: 0.0000, lr: 0.00044227, epoch_time: 113.0min
Epoch:[1/2](30880/66163), loss: 1.8340, logits_loss: 1.8340, aux_loss: 0.0000, lr: 0.00044219, epoch_time: 113.0min
Epoch:[1/2](30900/66163), loss: 1.8466, logits_loss: 1.8466, aux_loss: 0.0000, lr: 0.00044212, epoch_time: 113.0min
Epoch:[1/2](30920/66163), loss: 1.9678, logits_loss: 1.9678, aux_loss: 0.0000, lr: 0.00044205, epoch_time: 113.0min
Epoch:[1/2](30940/66163), loss: 1.8119, logits_loss: 1.8119, aux_loss: 0.0000, lr: 0.00044198, epoch_time: 113.0min
Epoch:[1/2](30960/66163), loss: 1.9080, logits_loss: 1.9080, aux_loss: 0.0000, lr: 0.00044191, epoch_time: 112.0min
Epoch:[1/2](30980/66163), loss: 1.8850, logits_loss: 1.8850, aux_loss: 0.0000, lr: 0.00044184, epoch_time: 114.0min
Epoch:[1/2](31000/66163), loss: 1.8999, logits_loss: 1.8999, aux_loss: 0.0000, lr: 0.00044176, epoch_time: 114.0min
Epoch:[1/2](31020/66163), loss: 1.9104, logits_loss: 1.9104, aux_loss: 0.0000, lr: 0.00044169, epoch_time: 114.0min
Epoch:[1/2](31040/66163), loss: 1.9508, logits_loss: 1.9508, aux_loss: 0.0000, lr: 0.00044162, epoch_time: 114.0min
Epoch:[1/2](31060/66163), loss: 1.8274, logits_loss: 1.8274, aux_loss: 0.0000, lr: 0.00044155, epoch_time: 113.0min
Epoch:[1/2](31080/66163), loss: 1.8876, logits_loss: 1.8876, aux_loss: 0.0000, lr: 0.00044148, epoch_time: 113.0min
Epoch:[1/2](31100/66163), loss: 1.8135, logits_loss: 1.8135, aux_loss: 0.0000, lr: 0.00044140, epoch_time: 113.0min
Epoch:[1/2](31120/66163), loss: 1.8691, logits_loss: 1.8691, aux_loss: 0.0000, lr: 0.00044133, epoch_time: 113.0min
Epoch:[1/2](31140/66163), loss: 1.8431, logits_loss: 1.8431, aux_loss: 0.0000, lr: 0.00044126, epoch_time: 113.0min
Epoch:[1/2](31160/66163), loss: 1.8026, logits_loss: 1.8026, aux_loss: 0.0000, lr: 0.00044119, epoch_time: 113.0min
Epoch:[1/2](31180/66163), loss: 1.8110, logits_loss: 1.8110, aux_loss: 0.0000, lr: 0.00044112, epoch_time: 113.0min
Epoch:[1/2](31200/66163), loss: 1.9650, logits_loss: 1.9650, aux_loss: 0.0000, lr: 0.00044104, epoch_time: 113.0min
Epoch:[1/2](31220/66163), loss: 1.8603, logits_loss: 1.8603, aux_loss: 0.0000, lr: 0.00044097, epoch_time: 113.0min
Epoch:[1/2](31240/66163), loss: 1.9843, logits_loss: 1.9843, aux_loss: 0.0000, lr: 0.00044090, epoch_time: 113.0min
Epoch:[1/2](31260/66163), loss: 1.8985, logits_loss: 1.8985, aux_loss: 0.0000, lr: 0.00044083, epoch_time: 112.0min
Epoch:[1/2](31280/66163), loss: 1.8337, logits_loss: 1.8337, aux_loss: 0.0000, lr: 0.00044076, epoch_time: 112.0min
Epoch:[1/2](31300/66163), loss: 1.9192, logits_loss: 1.9192, aux_loss: 0.0000, lr: 0.00044068, epoch_time: 112.0min
Epoch:[1/2](31320/66163), loss: 1.9212, logits_loss: 1.9212, aux_loss: 0.0000, lr: 0.00044061, epoch_time: 112.0min
Epoch:[1/2](31340/66163), loss: 1.9355, logits_loss: 1.9355, aux_loss: 0.0000, lr: 0.00044054, epoch_time: 112.0min
Epoch:[1/2](31360/66163), loss: 1.8607, logits_loss: 1.8607, aux_loss: 0.0000, lr: 0.00044047, epoch_time: 112.0min
Epoch:[1/2](31380/66163), loss: 1.8868, logits_loss: 1.8868, aux_loss: 0.0000, lr: 0.00044039, epoch_time: 112.0min
Epoch:[1/2](31400/66163), loss: 1.8737, logits_loss: 1.8737, aux_loss: 0.0000, lr: 0.00044032, epoch_time: 112.0min
Epoch:[1/2](31420/66163), loss: 1.9505, logits_loss: 1.9505, aux_loss: 0.0000, lr: 0.00044025, epoch_time: 112.0min
Epoch:[1/2](31440/66163), loss: 1.9459, logits_loss: 1.9459, aux_loss: 0.0000, lr: 0.00044018, epoch_time: 112.0min
Epoch:[1/2](31460/66163), loss: 1.9500, logits_loss: 1.9500, aux_loss: 0.0000, lr: 0.00044010, epoch_time: 111.0min
Epoch:[1/2](31480/66163), loss: 1.8656, logits_loss: 1.8656, aux_loss: 0.0000, lr: 0.00044003, epoch_time: 111.0min
Epoch:[1/2](31500/66163), loss: 1.8895, logits_loss: 1.8895, aux_loss: 0.0000, lr: 0.00043996, epoch_time: 111.0min
Epoch:[1/2](31520/66163), loss: 1.8970, logits_loss: 1.8970, aux_loss: 0.0000, lr: 0.00043989, epoch_time: 111.0min
Epoch:[1/2](31540/66163), loss: 1.8563, logits_loss: 1.8563, aux_loss: 0.0000, lr: 0.00043981, epoch_time: 111.0min
Epoch:[1/2](31560/66163), loss: 1.9464, logits_loss: 1.9464, aux_loss: 0.0000, lr: 0.00043974, epoch_time: 111.0min
Epoch:[1/2](31580/66163), loss: 1.7283, logits_loss: 1.7283, aux_loss: 0.0000, lr: 0.00043967, epoch_time: 111.0min
Epoch:[1/2](31600/66163), loss: 1.8645, logits_loss: 1.8645, aux_loss: 0.0000, lr: 0.00043960, epoch_time: 111.0min
Epoch:[1/2](31620/66163), loss: 1.9548, logits_loss: 1.9548, aux_loss: 0.0000, lr: 0.00043952, epoch_time: 111.0min
Epoch:[1/2](31640/66163), loss: 1.8814, logits_loss: 1.8814, aux_loss: 0.0000, lr: 0.00043945, epoch_time: 111.0min
Epoch:[1/2](31660/66163), loss: 1.9843, logits_loss: 1.9843, aux_loss: 0.0000, lr: 0.00043938, epoch_time: 110.0min
Epoch:[1/2](31680/66163), loss: 1.7354, logits_loss: 1.7354, aux_loss: 0.0000, lr: 0.00043930, epoch_time: 110.0min
Epoch:[1/2](31700/66163), loss: 1.9095, logits_loss: 1.9095, aux_loss: 0.0000, lr: 0.00043923, epoch_time: 110.0min
Epoch:[1/2](31720/66163), loss: 1.7732, logits_loss: 1.7732, aux_loss: 0.0000, lr: 0.00043916, epoch_time: 110.0min
Epoch:[1/2](31740/66163), loss: 1.8782, logits_loss: 1.8782, aux_loss: 0.0000, lr: 0.00043908, epoch_time: 110.0min
Epoch:[1/2](31760/66163), loss: 1.8194, logits_loss: 1.8194, aux_loss: 0.0000, lr: 0.00043901, epoch_time: 110.0min
Epoch:[1/2](31780/66163), loss: 1.8583, logits_loss: 1.8583, aux_loss: 0.0000, lr: 0.00043894, epoch_time: 110.0min
Epoch:[1/2](31800/66163), loss: 1.8235, logits_loss: 1.8235, aux_loss: 0.0000, lr: 0.00043887, epoch_time: 110.0min
Epoch:[1/2](31820/66163), loss: 1.8342, logits_loss: 1.8342, aux_loss: 0.0000, lr: 0.00043879, epoch_time: 110.0min
Epoch:[1/2](31840/66163), loss: 1.8188, logits_loss: 1.8188, aux_loss: 0.0000, lr: 0.00043872, epoch_time: 110.0min
Epoch:[1/2](31860/66163), loss: 1.8256, logits_loss: 1.8256, aux_loss: 0.0000, lr: 0.00043865, epoch_time: 110.0min
Epoch:[1/2](31880/66163), loss: 1.8770, logits_loss: 1.8770, aux_loss: 0.0000, lr: 0.00043857, epoch_time: 109.0min
Epoch:[1/2](31900/66163), loss: 1.8325, logits_loss: 1.8325, aux_loss: 0.0000, lr: 0.00043850, epoch_time: 109.0min
Epoch:[1/2](31920/66163), loss: 1.8451, logits_loss: 1.8451, aux_loss: 0.0000, lr: 0.00043843, epoch_time: 111.0min
Epoch:[1/2](31940/66163), loss: 1.8712, logits_loss: 1.8712, aux_loss: 0.0000, lr: 0.00043835, epoch_time: 111.0min
Epoch:[1/2](31960/66163), loss: 1.7880, logits_loss: 1.7880, aux_loss: 0.0000, lr: 0.00043828, epoch_time: 110.0min
Epoch:[1/2](31980/66163), loss: 1.9053, logits_loss: 1.9053, aux_loss: 0.0000, lr: 0.00043820, epoch_time: 110.0min
Epoch:[1/2](32000/66163), loss: 1.8351, logits_loss: 1.8351, aux_loss: 0.0000, lr: 0.00043813, epoch_time: 110.0min
Epoch:[1/2](32020/66163), loss: 1.8006, logits_loss: 1.8006, aux_loss: 0.0000, lr: 0.00043806, epoch_time: 110.0min
Epoch:[1/2](32040/66163), loss: 1.8743, logits_loss: 1.8743, aux_loss: 0.0000, lr: 0.00043798, epoch_time: 110.0min
Epoch:[1/2](32060/66163), loss: 1.7914, logits_loss: 1.7914, aux_loss: 0.0000, lr: 0.00043791, epoch_time: 110.0min
Epoch:[1/2](32080/66163), loss: 1.8305, logits_loss: 1.8305, aux_loss: 0.0000, lr: 0.00043784, epoch_time: 110.0min
Epoch:[1/2](32100/66163), loss: 1.8531, logits_loss: 1.8531, aux_loss: 0.0000, lr: 0.00043776, epoch_time: 110.0min
Epoch:[1/2](32120/66163), loss: 1.8492, logits_loss: 1.8492, aux_loss: 0.0000, lr: 0.00043769, epoch_time: 110.0min
Epoch:[1/2](32140/66163), loss: 1.8942, logits_loss: 1.8942, aux_loss: 0.0000, lr: 0.00043762, epoch_time: 110.0min
Epoch:[1/2](32160/66163), loss: 1.9394, logits_loss: 1.9394, aux_loss: 0.0000, lr: 0.00043754, epoch_time: 109.0min
Epoch:[1/2](32180/66163), loss: 1.9411, logits_loss: 1.9411, aux_loss: 0.0000, lr: 0.00043747, epoch_time: 109.0min
Epoch:[1/2](32200/66163), loss: 1.8987, logits_loss: 1.8987, aux_loss: 0.0000, lr: 0.00043739, epoch_time: 109.0min
Epoch:[1/2](32220/66163), loss: 1.8542, logits_loss: 1.8542, aux_loss: 0.0000, lr: 0.00043732, epoch_time: 109.0min
Epoch:[1/2](32240/66163), loss: 1.8451, logits_loss: 1.8451, aux_loss: 0.0000, lr: 0.00043725, epoch_time: 109.0min
Epoch:[1/2](32260/66163), loss: 1.8401, logits_loss: 1.8401, aux_loss: 0.0000, lr: 0.00043717, epoch_time: 109.0min
Epoch:[1/2](32280/66163), loss: 1.7608, logits_loss: 1.7608, aux_loss: 0.0000, lr: 0.00043710, epoch_time: 109.0min
Epoch:[1/2](32300/66163), loss: 1.8112, logits_loss: 1.8112, aux_loss: 0.0000, lr: 0.00043702, epoch_time: 109.0min
Epoch:[1/2](32320/66163), loss: 1.9513, logits_loss: 1.9513, aux_loss: 0.0000, lr: 0.00043695, epoch_time: 109.0min
Epoch:[1/2](32340/66163), loss: 1.8217, logits_loss: 1.8217, aux_loss: 0.0000, lr: 0.00043688, epoch_time: 109.0min
Epoch:[1/2](32360/66163), loss: 1.8577, logits_loss: 1.8577, aux_loss: 0.0000, lr: 0.00043680, epoch_time: 108.0min
Epoch:[1/2](32380/66163), loss: 1.8289, logits_loss: 1.8289, aux_loss: 0.0000, lr: 0.00043673, epoch_time: 108.0min
Epoch:[1/2](32400/66163), loss: 1.8338, logits_loss: 1.8338, aux_loss: 0.0000, lr: 0.00043665, epoch_time: 108.0min
Epoch:[1/2](32420/66163), loss: 1.9147, logits_loss: 1.9147, aux_loss: 0.0000, lr: 0.00043658, epoch_time: 108.0min
Epoch:[1/2](32440/66163), loss: 1.7977, logits_loss: 1.7977, aux_loss: 0.0000, lr: 0.00043650, epoch_time: 108.0min
Epoch:[1/2](32460/66163), loss: 1.8993, logits_loss: 1.8993, aux_loss: 0.0000, lr: 0.00043643, epoch_time: 108.0min
Epoch:[1/2](32480/66163), loss: 1.8024, logits_loss: 1.8024, aux_loss: 0.0000, lr: 0.00043635, epoch_time: 108.0min
Epoch:[1/2](32500/66163), loss: 1.8945, logits_loss: 1.8945, aux_loss: 0.0000, lr: 0.00043628, epoch_time: 108.0min
Epoch:[1/2](32520/66163), loss: 1.8536, logits_loss: 1.8536, aux_loss: 0.0000, lr: 0.00043621, epoch_time: 108.0min
Epoch:[1/2](32540/66163), loss: 1.8779, logits_loss: 1.8779, aux_loss: 0.0000, lr: 0.00043613, epoch_time: 108.0min
Epoch:[1/2](32560/66163), loss: 2.0015, logits_loss: 2.0015, aux_loss: 0.0000, lr: 0.00043606, epoch_time: 108.0min
Epoch:[1/2](32580/66163), loss: 1.9783, logits_loss: 1.9783, aux_loss: 0.0000, lr: 0.00043598, epoch_time: 107.0min
Epoch:[1/2](32600/66163), loss: 1.9311, logits_loss: 1.9311, aux_loss: 0.0000, lr: 0.00043591, epoch_time: 107.0min
Epoch:[1/2](32620/66163), loss: 1.8088, logits_loss: 1.8088, aux_loss: 0.0000, lr: 0.00043583, epoch_time: 107.0min
Epoch:[1/2](32640/66163), loss: 1.8550, logits_loss: 1.8550, aux_loss: 0.0000, lr: 0.00043576, epoch_time: 107.0min
Epoch:[1/2](32660/66163), loss: 1.9109, logits_loss: 1.9109, aux_loss: 0.0000, lr: 0.00043568, epoch_time: 107.0min
Epoch:[1/2](32680/66163), loss: 1.9287, logits_loss: 1.9287, aux_loss: 0.0000, lr: 0.00043561, epoch_time: 107.0min
Epoch:[1/2](32700/66163), loss: 1.8269, logits_loss: 1.8269, aux_loss: 0.0000, lr: 0.00043553, epoch_time: 107.0min
Epoch:[1/2](32720/66163), loss: 1.8522, logits_loss: 1.8522, aux_loss: 0.0000, lr: 0.00043546, epoch_time: 107.0min
Epoch:[1/2](32740/66163), loss: 1.8356, logits_loss: 1.8356, aux_loss: 0.0000, lr: 0.00043538, epoch_time: 107.0min
Epoch:[1/2](32760/66163), loss: 1.7743, logits_loss: 1.7743, aux_loss: 0.0000, lr: 0.00043531, epoch_time: 107.0min
Epoch:[1/2](32780/66163), loss: 1.8020, logits_loss: 1.8020, aux_loss: 0.0000, lr: 0.00043523, epoch_time: 107.0min
Epoch:[1/2](32800/66163), loss: 1.8304, logits_loss: 1.8304, aux_loss: 0.0000, lr: 0.00043516, epoch_time: 108.0min
Epoch:[1/2](32820/66163), loss: 1.8161, logits_loss: 1.8161, aux_loss: 0.0000, lr: 0.00043508, epoch_time: 108.0min
Epoch:[1/2](32840/66163), loss: 1.8631, logits_loss: 1.8631, aux_loss: 0.0000, lr: 0.00043501, epoch_time: 108.0min
Epoch:[1/2](32860/66163), loss: 1.8569, logits_loss: 1.8569, aux_loss: 0.0000, lr: 0.00043493, epoch_time: 107.0min
Epoch:[1/2](32880/66163), loss: 1.8503, logits_loss: 1.8503, aux_loss: 0.0000, lr: 0.00043486, epoch_time: 107.0min
Epoch:[1/2](32900/66163), loss: 1.9600, logits_loss: 1.9600, aux_loss: 0.0000, lr: 0.00043478, epoch_time: 107.0min
Epoch:[1/2](32920/66163), loss: 1.8319, logits_loss: 1.8319, aux_loss: 0.0000, lr: 0.00043471, epoch_time: 107.0min
Epoch:[1/2](32940/66163), loss: 1.8655, logits_loss: 1.8655, aux_loss: 0.0000, lr: 0.00043463, epoch_time: 107.0min
Epoch:[1/2](32960/66163), loss: 1.9693, logits_loss: 1.9693, aux_loss: 0.0000, lr: 0.00043456, epoch_time: 107.0min
Epoch:[1/2](32980/66163), loss: 1.8622, logits_loss: 1.8622, aux_loss: 0.0000, lr: 0.00043448, epoch_time: 107.0min
Epoch:[1/2](33000/66163), loss: 1.9463, logits_loss: 1.9463, aux_loss: 0.0000, lr: 0.00043441, epoch_time: 107.0min
Epoch:[1/2](33020/66163), loss: 1.8578, logits_loss: 1.8578, aux_loss: 0.0000, lr: 0.00043433, epoch_time: 107.0min
Epoch:[1/2](33040/66163), loss: 1.8964, logits_loss: 1.8964, aux_loss: 0.0000, lr: 0.00043426, epoch_time: 107.0min
Epoch:[1/2](33060/66163), loss: 1.8401, logits_loss: 1.8401, aux_loss: 0.0000, lr: 0.00043418, epoch_time: 107.0min
Epoch:[1/2](33080/66163), loss: 1.7934, logits_loss: 1.7934, aux_loss: 0.0000, lr: 0.00043410, epoch_time: 106.0min
Epoch:[1/2](33100/66163), loss: 1.8992, logits_loss: 1.8992, aux_loss: 0.0000, lr: 0.00043403, epoch_time: 106.0min
Epoch:[1/2](33120/66163), loss: 1.8689, logits_loss: 1.8689, aux_loss: 0.0000, lr: 0.00043395, epoch_time: 106.0min
Epoch:[1/2](33140/66163), loss: 1.7895, logits_loss: 1.7895, aux_loss: 0.0000, lr: 0.00043388, epoch_time: 106.0min
Epoch:[1/2](33160/66163), loss: 1.8900, logits_loss: 1.8900, aux_loss: 0.0000, lr: 0.00043380, epoch_time: 106.0min
Epoch:[1/2](33180/66163), loss: 1.8712, logits_loss: 1.8712, aux_loss: 0.0000, lr: 0.00043373, epoch_time: 106.0min
Epoch:[1/2](33200/66163), loss: 1.9403, logits_loss: 1.9403, aux_loss: 0.0000, lr: 0.00043365, epoch_time: 106.0min
Epoch:[1/2](33220/66163), loss: 1.8722, logits_loss: 1.8722, aux_loss: 0.0000, lr: 0.00043358, epoch_time: 106.0min
Epoch:[1/2](33240/66163), loss: 1.8769, logits_loss: 1.8769, aux_loss: 0.0000, lr: 0.00043350, epoch_time: 106.0min
Epoch:[1/2](33260/66163), loss: 1.8914, logits_loss: 1.8914, aux_loss: 0.0000, lr: 0.00043342, epoch_time: 106.0min
Epoch:[1/2](33280/66163), loss: 1.8383, logits_loss: 1.8383, aux_loss: 0.0000, lr: 0.00043335, epoch_time: 105.0min
Epoch:[1/2](33300/66163), loss: 1.7928, logits_loss: 1.7928, aux_loss: 0.0000, lr: 0.00043327, epoch_time: 105.0min
Epoch:[1/2](33320/66163), loss: 1.8059, logits_loss: 1.8059, aux_loss: 0.0000, lr: 0.00043320, epoch_time: 105.0min
Epoch:[1/2](33340/66163), loss: 1.8860, logits_loss: 1.8860, aux_loss: 0.0000, lr: 0.00043312, epoch_time: 105.0min
Epoch:[1/2](33360/66163), loss: 1.8348, logits_loss: 1.8348, aux_loss: 0.0000, lr: 0.00043304, epoch_time: 105.0min
Epoch:[1/2](33380/66163), loss: 1.8416, logits_loss: 1.8416, aux_loss: 0.0000, lr: 0.00043297, epoch_time: 105.0min
Epoch:[1/2](33400/66163), loss: 1.8658, logits_loss: 1.8658, aux_loss: 0.0000, lr: 0.00043289, epoch_time: 105.0min
Epoch:[1/2](33420/66163), loss: 1.8837, logits_loss: 1.8837, aux_loss: 0.0000, lr: 0.00043282, epoch_time: 105.0min
Epoch:[1/2](33440/66163), loss: 1.8525, logits_loss: 1.8525, aux_loss: 0.0000, lr: 0.00043274, epoch_time: 105.0min
Epoch:[1/2](33460/66163), loss: 1.8007, logits_loss: 1.8007, aux_loss: 0.0000, lr: 0.00043266, epoch_time: 105.0min
Epoch:[1/2](33480/66163), loss: 1.8818, logits_loss: 1.8818, aux_loss: 0.0000, lr: 0.00043259, epoch_time: 105.0min
Epoch:[1/2](33500/66163), loss: 1.8417, logits_loss: 1.8417, aux_loss: 0.0000, lr: 0.00043251, epoch_time: 104.0min
Epoch:[1/2](33520/66163), loss: 1.8516, logits_loss: 1.8516, aux_loss: 0.0000, lr: 0.00043243, epoch_time: 104.0min
Epoch:[1/2](33540/66163), loss: 1.7583, logits_loss: 1.7583, aux_loss: 0.0000, lr: 0.00043236, epoch_time: 104.0min
Epoch:[1/2](33560/66163), loss: 1.8560, logits_loss: 1.8560, aux_loss: 0.0000, lr: 0.00043228, epoch_time: 104.0min
Epoch:[1/2](33580/66163), loss: 1.8340, logits_loss: 1.8340, aux_loss: 0.0000, lr: 0.00043220, epoch_time: 104.0min
Epoch:[1/2](33600/66163), loss: 1.8560, logits_loss: 1.8560, aux_loss: 0.0000, lr: 0.00043213, epoch_time: 104.0min
Epoch:[1/2](33620/66163), loss: 1.8508, logits_loss: 1.8508, aux_loss: 0.0000, lr: 0.00043205, epoch_time: 104.0min
Epoch:[1/2](33640/66163), loss: 1.9023, logits_loss: 1.9023, aux_loss: 0.0000, lr: 0.00043198, epoch_time: 104.0min
Epoch:[1/2](33660/66163), loss: 1.8375, logits_loss: 1.8375, aux_loss: 0.0000, lr: 0.00043190, epoch_time: 104.0min
Epoch:[1/2](33680/66163), loss: 1.8323, logits_loss: 1.8323, aux_loss: 0.0000, lr: 0.00043182, epoch_time: 104.0min
Epoch:[1/2](33700/66163), loss: 1.8711, logits_loss: 1.8711, aux_loss: 0.0000, lr: 0.00043175, epoch_time: 104.0min
Epoch:[1/2](33720/66163), loss: 1.8578, logits_loss: 1.8578, aux_loss: 0.0000, lr: 0.00043167, epoch_time: 103.0min
Epoch:[1/2](33740/66163), loss: 1.8267, logits_loss: 1.8267, aux_loss: 0.0000, lr: 0.00043159, epoch_time: 103.0min
Epoch:[1/2](33760/66163), loss: 1.8444, logits_loss: 1.8444, aux_loss: 0.0000, lr: 0.00043152, epoch_time: 104.0min
Epoch:[1/2](33780/66163), loss: 1.8285, logits_loss: 1.8285, aux_loss: 0.0000, lr: 0.00043144, epoch_time: 104.0min
Epoch:[1/2](33800/66163), loss: 1.9460, logits_loss: 1.9460, aux_loss: 0.0000, lr: 0.00043136, epoch_time: 104.0min
Epoch:[1/2](33820/66163), loss: 1.8674, logits_loss: 1.8674, aux_loss: 0.0000, lr: 0.00043129, epoch_time: 104.0min
Epoch:[1/2](33840/66163), loss: 1.8073, logits_loss: 1.8073, aux_loss: 0.0000, lr: 0.00043121, epoch_time: 104.0min
Epoch:[1/2](33860/66163), loss: 1.8444, logits_loss: 1.8444, aux_loss: 0.0000, lr: 0.00043113, epoch_time: 104.0min
Epoch:[1/2](33880/66163), loss: 1.8769, logits_loss: 1.8769, aux_loss: 0.0000, lr: 0.00043105, epoch_time: 104.0min
Epoch:[1/2](33900/66163), loss: 1.8164, logits_loss: 1.8164, aux_loss: 0.0000, lr: 0.00043098, epoch_time: 104.0min
Epoch:[1/2](33920/66163), loss: 1.7656, logits_loss: 1.7656, aux_loss: 0.0000, lr: 0.00043090, epoch_time: 104.0min
Epoch:[1/2](33940/66163), loss: 1.8188, logits_loss: 1.8188, aux_loss: 0.0000, lr: 0.00043082, epoch_time: 104.0min
Epoch:[1/2](33960/66163), loss: 1.8080, logits_loss: 1.8080, aux_loss: 0.0000, lr: 0.00043075, epoch_time: 104.0min
Epoch:[1/2](33980/66163), loss: 1.9316, logits_loss: 1.9316, aux_loss: 0.0000, lr: 0.00043067, epoch_time: 103.0min
Epoch:[1/2](34000/66163), loss: 1.8255, logits_loss: 1.8255, aux_loss: 0.0000, lr: 0.00043059, epoch_time: 103.0min
Epoch:[1/2](34020/66163), loss: 1.8162, logits_loss: 1.8162, aux_loss: 0.0000, lr: 0.00043051, epoch_time: 103.0min
Epoch:[1/2](34040/66163), loss: 1.9807, logits_loss: 1.9807, aux_loss: 0.0000, lr: 0.00043044, epoch_time: 103.0min
Epoch:[1/2](34060/66163), loss: 1.9071, logits_loss: 1.9071, aux_loss: 0.0000, lr: 0.00043036, epoch_time: 103.0min
Epoch:[1/2](34080/66163), loss: 1.8264, logits_loss: 1.8264, aux_loss: 0.0000, lr: 0.00043028, epoch_time: 103.0min
Epoch:[1/2](34100/66163), loss: 1.8585, logits_loss: 1.8585, aux_loss: 0.0000, lr: 0.00043021, epoch_time: 103.0min
Epoch:[1/2](34120/66163), loss: 1.8548, logits_loss: 1.8548, aux_loss: 0.0000, lr: 0.00043013, epoch_time: 103.0min
Epoch:[1/2](34140/66163), loss: 1.8780, logits_loss: 1.8780, aux_loss: 0.0000, lr: 0.00043005, epoch_time: 103.0min
Epoch:[1/2](34160/66163), loss: 1.8424, logits_loss: 1.8424, aux_loss: 0.0000, lr: 0.00042997, epoch_time: 103.0min
Epoch:[1/2](34180/66163), loss: 1.8862, logits_loss: 1.8862, aux_loss: 0.0000, lr: 0.00042990, epoch_time: 103.0min
Epoch:[1/2](34200/66163), loss: 1.8782, logits_loss: 1.8782, aux_loss: 0.0000, lr: 0.00042982, epoch_time: 102.0min
Epoch:[1/2](34220/66163), loss: 1.8659, logits_loss: 1.8659, aux_loss: 0.0000, lr: 0.00042974, epoch_time: 102.0min
Epoch:[1/2](34240/66163), loss: 1.8768, logits_loss: 1.8768, aux_loss: 0.0000, lr: 0.00042966, epoch_time: 102.0min
Epoch:[1/2](34260/66163), loss: 1.8571, logits_loss: 1.8571, aux_loss: 0.0000, lr: 0.00042959, epoch_time: 102.0min
Epoch:[1/2](34280/66163), loss: 1.8326, logits_loss: 1.8326, aux_loss: 0.0000, lr: 0.00042951, epoch_time: 102.0min
Epoch:[1/2](34300/66163), loss: 1.8155, logits_loss: 1.8155, aux_loss: 0.0000, lr: 0.00042943, epoch_time: 102.0min
Epoch:[1/2](34320/66163), loss: 1.9229, logits_loss: 1.9229, aux_loss: 0.0000, lr: 0.00042935, epoch_time: 102.0min
Epoch:[1/2](34340/66163), loss: 1.7944, logits_loss: 1.7944, aux_loss: 0.0000, lr: 0.00042928, epoch_time: 102.0min
Epoch:[1/2](34360/66163), loss: 1.8885, logits_loss: 1.8885, aux_loss: 0.0000, lr: 0.00042920, epoch_time: 102.0min
Epoch:[1/2](34380/66163), loss: 1.8960, logits_loss: 1.8960, aux_loss: 0.0000, lr: 0.00042912, epoch_time: 102.0min
Epoch:[1/2](34400/66163), loss: 1.7899, logits_loss: 1.7899, aux_loss: 0.0000, lr: 0.00042904, epoch_time: 102.0min
Epoch:[1/2](34420/66163), loss: 1.9107, logits_loss: 1.9107, aux_loss: 0.0000, lr: 0.00042896, epoch_time: 101.0min
Epoch:[1/2](34440/66163), loss: 1.8292, logits_loss: 1.8292, aux_loss: 0.0000, lr: 0.00042889, epoch_time: 101.0min
Epoch:[1/2](34460/66163), loss: 1.9051, logits_loss: 1.9051, aux_loss: 0.0000, lr: 0.00042881, epoch_time: 101.0min
Epoch:[1/2](34480/66163), loss: 1.8523, logits_loss: 1.8523, aux_loss: 0.0000, lr: 0.00042873, epoch_time: 101.0min
Epoch:[1/2](34500/66163), loss: 1.8450, logits_loss: 1.8450, aux_loss: 0.0000, lr: 0.00042865, epoch_time: 101.0min
Epoch:[1/2](34520/66163), loss: 1.9282, logits_loss: 1.9282, aux_loss: 0.0000, lr: 0.00042857, epoch_time: 101.0min
Epoch:[1/2](34540/66163), loss: 1.8989, logits_loss: 1.8989, aux_loss: 0.0000, lr: 0.00042850, epoch_time: 101.0min
Epoch:[1/2](34560/66163), loss: 1.8660, logits_loss: 1.8660, aux_loss: 0.0000, lr: 0.00042842, epoch_time: 101.0min
Epoch:[1/2](34580/66163), loss: 2.0004, logits_loss: 2.0004, aux_loss: 0.0000, lr: 0.00042834, epoch_time: 101.0min
Epoch:[1/2](34600/66163), loss: 1.9205, logits_loss: 1.9205, aux_loss: 0.0000, lr: 0.00042826, epoch_time: 101.0min
Epoch:[1/2](34620/66163), loss: 1.9615, logits_loss: 1.9615, aux_loss: 0.0000, lr: 0.00042818, epoch_time: 102.0min
Epoch:[1/2](34640/66163), loss: 1.9356, logits_loss: 1.9356, aux_loss: 0.0000, lr: 0.00042810, epoch_time: 102.0min
Epoch:[1/2](34660/66163), loss: 1.9155, logits_loss: 1.9155, aux_loss: 0.0000, lr: 0.00042803, epoch_time: 102.0min
Epoch:[1/2](34680/66163), loss: 1.8597, logits_loss: 1.8597, aux_loss: 0.0000, lr: 0.00042795, epoch_time: 101.0min
Epoch:[1/2](34700/66163), loss: 1.8303, logits_loss: 1.8303, aux_loss: 0.0000, lr: 0.00042787, epoch_time: 101.0min
Epoch:[1/2](34720/66163), loss: 1.9044, logits_loss: 1.9044, aux_loss: 0.0000, lr: 0.00042779, epoch_time: 101.0min
Epoch:[1/2](34740/66163), loss: 1.8804, logits_loss: 1.8804, aux_loss: 0.0000, lr: 0.00042771, epoch_time: 101.0min
Epoch:[1/2](34760/66163), loss: 1.7916, logits_loss: 1.7916, aux_loss: 0.0000, lr: 0.00042763, epoch_time: 101.0min
Epoch:[1/2](34780/66163), loss: 1.9218, logits_loss: 1.9218, aux_loss: 0.0000, lr: 0.00042756, epoch_time: 101.0min
Epoch:[1/2](34800/66163), loss: 1.7861, logits_loss: 1.7861, aux_loss: 0.0000, lr: 0.00042748, epoch_time: 101.0min
Epoch:[1/2](34820/66163), loss: 1.8269, logits_loss: 1.8269, aux_loss: 0.0000, lr: 0.00042740, epoch_time: 101.0min
Epoch:[1/2](34840/66163), loss: 1.8837, logits_loss: 1.8837, aux_loss: 0.0000, lr: 0.00042732, epoch_time: 101.0min
Epoch:[1/2](34860/66163), loss: 1.8431, logits_loss: 1.8431, aux_loss: 0.0000, lr: 0.00042724, epoch_time: 101.0min
Epoch:[1/2](34880/66163), loss: 1.8687, logits_loss: 1.8687, aux_loss: 0.0000, lr: 0.00042716, epoch_time: 101.0min
Epoch:[1/2](34900/66163), loss: 1.9521, logits_loss: 1.9521, aux_loss: 0.0000, lr: 0.00042708, epoch_time: 100.0min
Epoch:[1/2](34920/66163), loss: 1.8224, logits_loss: 1.8224, aux_loss: 0.0000, lr: 0.00042701, epoch_time: 100.0min
Epoch:[1/2](34940/66163), loss: 1.8455, logits_loss: 1.8455, aux_loss: 0.0000, lr: 0.00042693, epoch_time: 100.0min
Epoch:[1/2](34960/66163), loss: 1.8552, logits_loss: 1.8552, aux_loss: 0.0000, lr: 0.00042685, epoch_time: 100.0min
Epoch:[1/2](34980/66163), loss: 1.8500, logits_loss: 1.8500, aux_loss: 0.0000, lr: 0.00042677, epoch_time: 100.0min
Epoch:[1/2](35000/66163), loss: 1.8324, logits_loss: 1.8324, aux_loss: 0.0000, lr: 0.00042669, epoch_time: 100.0min
Epoch:[1/2](35020/66163), loss: 1.8233, logits_loss: 1.8233, aux_loss: 0.0000, lr: 0.00042661, epoch_time: 100.0min
Epoch:[1/2](35040/66163), loss: 1.8892, logits_loss: 1.8892, aux_loss: 0.0000, lr: 0.00042653, epoch_time: 100.0min
Epoch:[1/2](35060/66163), loss: 1.8066, logits_loss: 1.8066, aux_loss: 0.0000, lr: 0.00042645, epoch_time: 100.0min
Epoch:[1/2](35080/66163), loss: 1.9083, logits_loss: 1.9083, aux_loss: 0.0000, lr: 0.00042637, epoch_time: 100.0min
Epoch:[1/2](35100/66163), loss: 1.8065, logits_loss: 1.8065, aux_loss: 0.0000, lr: 0.00042629, epoch_time: 100.0min
Epoch:[1/2](35120/66163), loss: 1.8453, logits_loss: 1.8453, aux_loss: 0.0000, lr: 0.00042622, epoch_time: 100.0min
Epoch:[1/2](35140/66163), loss: 1.7823, logits_loss: 1.7823, aux_loss: 0.0000, lr: 0.00042614, epoch_time: 100.0min
Epoch:[1/2](35160/66163), loss: 1.8121, logits_loss: 1.8121, aux_loss: 0.0000, lr: 0.00042606, epoch_time: 99.0min
Epoch:[1/2](35180/66163), loss: 1.9458, logits_loss: 1.9458, aux_loss: 0.0000, lr: 0.00042598, epoch_time: 99.0min
Epoch:[1/2](35200/66163), loss: 1.8121, logits_loss: 1.8121, aux_loss: 0.0000, lr: 0.00042590, epoch_time: 99.0min
Epoch:[1/2](35220/66163), loss: 1.8099, logits_loss: 1.8099, aux_loss: 0.0000, lr: 0.00042582, epoch_time: 99.0min
Epoch:[1/2](35240/66163), loss: 1.9331, logits_loss: 1.9331, aux_loss: 0.0000, lr: 0.00042574, epoch_time: 99.0min
Epoch:[1/2](35260/66163), loss: 1.9690, logits_loss: 1.9690, aux_loss: 0.0000, lr: 0.00042566, epoch_time: 99.0min
Epoch:[1/2](35280/66163), loss: 1.8044, logits_loss: 1.8044, aux_loss: 0.0000, lr: 0.00042558, epoch_time: 99.0min
Epoch:[1/2](35300/66163), loss: 1.8652, logits_loss: 1.8652, aux_loss: 0.0000, lr: 0.00042550, epoch_time: 99.0min
Epoch:[1/2](35320/66163), loss: 1.7796, logits_loss: 1.7796, aux_loss: 0.0000, lr: 0.00042542, epoch_time: 99.0min
Epoch:[1/2](35340/66163), loss: 1.9098, logits_loss: 1.9098, aux_loss: 0.0000, lr: 0.00042534, epoch_time: 99.0min
Epoch:[1/2](35360/66163), loss: 1.8697, logits_loss: 1.8697, aux_loss: 0.0000, lr: 0.00042526, epoch_time: 99.0min
Epoch:[1/2](35380/66163), loss: 1.9341, logits_loss: 1.9341, aux_loss: 0.0000, lr: 0.00042518, epoch_time: 99.0min
Epoch:[1/2](35400/66163), loss: 1.8265, logits_loss: 1.8265, aux_loss: 0.0000, lr: 0.00042511, epoch_time: 98.0min
Epoch:[1/2](35420/66163), loss: 1.8071, logits_loss: 1.8071, aux_loss: 0.0000, lr: 0.00042503, epoch_time: 98.0min
Epoch:[1/2](35440/66163), loss: 1.9356, logits_loss: 1.9356, aux_loss: 0.0000, lr: 0.00042495, epoch_time: 98.0min
Epoch:[1/2](35460/66163), loss: 1.8391, logits_loss: 1.8391, aux_loss: 0.0000, lr: 0.00042487, epoch_time: 98.0min
Epoch:[1/2](35480/66163), loss: 1.8576, logits_loss: 1.8576, aux_loss: 0.0000, lr: 0.00042479, epoch_time: 98.0min
Epoch:[1/2](35500/66163), loss: 1.8292, logits_loss: 1.8292, aux_loss: 0.0000, lr: 0.00042471, epoch_time: 98.0min
Epoch:[1/2](35520/66163), loss: 1.9276, logits_loss: 1.9276, aux_loss: 0.0000, lr: 0.00042463, epoch_time: 98.0min
Epoch:[1/2](35540/66163), loss: 1.8675, logits_loss: 1.8675, aux_loss: 0.0000, lr: 0.00042455, epoch_time: 98.0min
Epoch:[1/2](35560/66163), loss: 1.8101, logits_loss: 1.8101, aux_loss: 0.0000, lr: 0.00042447, epoch_time: 98.0min
Epoch:[1/2](35580/66163), loss: 1.8360, logits_loss: 1.8360, aux_loss: 0.0000, lr: 0.00042439, epoch_time: 98.0min
Epoch:[1/2](35600/66163), loss: 1.8401, logits_loss: 1.8401, aux_loss: 0.0000, lr: 0.00042431, epoch_time: 98.0min
Epoch:[1/2](35620/66163), loss: 1.9609, logits_loss: 1.9609, aux_loss: 0.0000, lr: 0.00042423, epoch_time: 97.0min
Epoch:[1/2](35640/66163), loss: 1.9089, logits_loss: 1.9089, aux_loss: 0.0000, lr: 0.00042415, epoch_time: 97.0min
Epoch:[1/2](35660/66163), loss: 1.8918, logits_loss: 1.8918, aux_loss: 0.0000, lr: 0.00042407, epoch_time: 97.0min
Epoch:[1/2](35680/66163), loss: 1.8350, logits_loss: 1.8350, aux_loss: 0.0000, lr: 0.00042399, epoch_time: 97.0min
Epoch:[1/2](35700/66163), loss: 1.8810, logits_loss: 1.8810, aux_loss: 0.0000, lr: 0.00042391, epoch_time: 97.0min
Epoch:[1/2](35720/66163), loss: 1.8665, logits_loss: 1.8665, aux_loss: 0.0000, lr: 0.00042383, epoch_time: 97.0min
Epoch:[1/2](35740/66163), loss: 1.9600, logits_loss: 1.9600, aux_loss: 0.0000, lr: 0.00042375, epoch_time: 97.0min
Epoch:[1/2](35760/66163), loss: 1.9233, logits_loss: 1.9233, aux_loss: 0.0000, lr: 0.00042367, epoch_time: 98.0min
Epoch:[1/2](35780/66163), loss: 1.8380, logits_loss: 1.8380, aux_loss: 0.0000, lr: 0.00042359, epoch_time: 98.0min
Epoch:[1/2](35800/66163), loss: 1.7849, logits_loss: 1.7849, aux_loss: 0.0000, lr: 0.00042351, epoch_time: 98.0min
Epoch:[1/2](35820/66163), loss: 1.7734, logits_loss: 1.7734, aux_loss: 0.0000, lr: 0.00042343, epoch_time: 98.0min
Epoch:[1/2](35840/66163), loss: 1.8732, logits_loss: 1.8732, aux_loss: 0.0000, lr: 0.00042335, epoch_time: 98.0min
Epoch:[1/2](35860/66163), loss: 1.7580, logits_loss: 1.7580, aux_loss: 0.0000, lr: 0.00042327, epoch_time: 97.0min
Epoch:[1/2](35880/66163), loss: 1.8655, logits_loss: 1.8655, aux_loss: 0.0000, lr: 0.00042319, epoch_time: 97.0min
Epoch:[1/2](35900/66163), loss: 1.8967, logits_loss: 1.8967, aux_loss: 0.0000, lr: 0.00042310, epoch_time: 97.0min
Epoch:[1/2](35920/66163), loss: 1.8732, logits_loss: 1.8732, aux_loss: 0.0000, lr: 0.00042302, epoch_time: 97.0min
Epoch:[1/2](35940/66163), loss: 1.8792, logits_loss: 1.8792, aux_loss: 0.0000, lr: 0.00042294, epoch_time: 97.0min
Epoch:[1/2](35960/66163), loss: 1.8308, logits_loss: 1.8308, aux_loss: 0.0000, lr: 0.00042286, epoch_time: 97.0min
Epoch:[1/2](35980/66163), loss: 1.8874, logits_loss: 1.8874, aux_loss: 0.0000, lr: 0.00042278, epoch_time: 97.0min
Epoch:[1/2](36000/66163), loss: 1.8117, logits_loss: 1.8117, aux_loss: 0.0000, lr: 0.00042270, epoch_time: 97.0min
Epoch:[1/2](36020/66163), loss: 1.7919, logits_loss: 1.7919, aux_loss: 0.0000, lr: 0.00042262, epoch_time: 97.0min
Epoch:[1/2](36040/66163), loss: 1.8795, logits_loss: 1.8795, aux_loss: 0.0000, lr: 0.00042254, epoch_time: 97.0min
Epoch:[1/2](36060/66163), loss: 1.8213, logits_loss: 1.8213, aux_loss: 0.0000, lr: 0.00042246, epoch_time: 97.0min
Epoch:[1/2](36080/66163), loss: 1.8009, logits_loss: 1.8009, aux_loss: 0.0000, lr: 0.00042238, epoch_time: 96.0min
Epoch:[1/2](36100/66163), loss: 1.8189, logits_loss: 1.8189, aux_loss: 0.0000, lr: 0.00042230, epoch_time: 96.0min
Epoch:[1/2](36120/66163), loss: 1.8056, logits_loss: 1.8056, aux_loss: 0.0000, lr: 0.00042222, epoch_time: 96.0min
Epoch:[1/2](36140/66163), loss: 1.8290, logits_loss: 1.8290, aux_loss: 0.0000, lr: 0.00042214, epoch_time: 96.0min
Epoch:[1/2](36160/66163), loss: 1.8489, logits_loss: 1.8489, aux_loss: 0.0000, lr: 0.00042206, epoch_time: 96.0min
Epoch:[1/2](36180/66163), loss: 1.8115, logits_loss: 1.8115, aux_loss: 0.0000, lr: 0.00042198, epoch_time: 96.0min
Epoch:[1/2](36200/66163), loss: 1.9024, logits_loss: 1.9024, aux_loss: 0.0000, lr: 0.00042189, epoch_time: 96.0min
Epoch:[1/2](36220/66163), loss: 1.8219, logits_loss: 1.8219, aux_loss: 0.0000, lr: 0.00042181, epoch_time: 96.0min
Epoch:[1/2](36240/66163), loss: 1.8667, logits_loss: 1.8667, aux_loss: 0.0000, lr: 0.00042173, epoch_time: 96.0min
Epoch:[1/2](36260/66163), loss: 1.9861, logits_loss: 1.9861, aux_loss: 0.0000, lr: 0.00042165, epoch_time: 96.0min
Epoch:[1/2](36280/66163), loss: 1.7845, logits_loss: 1.7845, aux_loss: 0.0000, lr: 0.00042157, epoch_time: 96.0min
Epoch:[1/2](36300/66163), loss: 1.8662, logits_loss: 1.8662, aux_loss: 0.0000, lr: 0.00042149, epoch_time: 96.0min
Epoch:[1/2](36320/66163), loss: 1.8367, logits_loss: 1.8367, aux_loss: 0.0000, lr: 0.00042141, epoch_time: 95.0min
Epoch:[1/2](36340/66163), loss: 1.7954, logits_loss: 1.7954, aux_loss: 0.0000, lr: 0.00042133, epoch_time: 95.0min
Epoch:[1/2](36360/66163), loss: 1.8329, logits_loss: 1.8329, aux_loss: 0.0000, lr: 0.00042125, epoch_time: 95.0min
Epoch:[1/2](36380/66163), loss: 1.8342, logits_loss: 1.8342, aux_loss: 0.0000, lr: 0.00042117, epoch_time: 95.0min
Epoch:[1/2](36400/66163), loss: 1.8127, logits_loss: 1.8127, aux_loss: 0.0000, lr: 0.00042108, epoch_time: 95.0min
Epoch:[1/2](36420/66163), loss: 1.8116, logits_loss: 1.8116, aux_loss: 0.0000, lr: 0.00042100, epoch_time: 95.0min
Epoch:[1/2](36440/66163), loss: 1.8602, logits_loss: 1.8602, aux_loss: 0.0000, lr: 0.00042092, epoch_time: 95.0min
Epoch:[1/2](36460/66163), loss: 1.8953, logits_loss: 1.8953, aux_loss: 0.0000, lr: 0.00042084, epoch_time: 95.0min
Epoch:[1/2](36480/66163), loss: 1.8802, logits_loss: 1.8802, aux_loss: 0.0000, lr: 0.00042076, epoch_time: 95.0min
Epoch:[1/2](36500/66163), loss: 1.9093, logits_loss: 1.9093, aux_loss: 0.0000, lr: 0.00042068, epoch_time: 95.0min
Epoch:[1/2](36520/66163), loss: 1.7805, logits_loss: 1.7805, aux_loss: 0.0000, lr: 0.00042060, epoch_time: 95.0min
Epoch:[1/2](36540/66163), loss: 1.7803, logits_loss: 1.7803, aux_loss: 0.0000, lr: 0.00042051, epoch_time: 94.0min
Epoch:[1/2](36560/66163), loss: 1.7989, logits_loss: 1.7989, aux_loss: 0.0000, lr: 0.00042043, epoch_time: 94.0min
Epoch:[1/2](36580/66163), loss: 1.8187, logits_loss: 1.8187, aux_loss: 0.0000, lr: 0.00042035, epoch_time: 94.0min
Epoch:[1/2](36600/66163), loss: 1.9118, logits_loss: 1.9118, aux_loss: 0.0000, lr: 0.00042027, epoch_time: 94.0min
Epoch:[1/2](36620/66163), loss: 1.8904, logits_loss: 1.8904, aux_loss: 0.0000, lr: 0.00042019, epoch_time: 94.0min
Epoch:[1/2](36640/66163), loss: 1.8742, logits_loss: 1.8742, aux_loss: 0.0000, lr: 0.00042011, epoch_time: 95.0min
Epoch:[1/2](36660/66163), loss: 1.8965, logits_loss: 1.8965, aux_loss: 0.0000, lr: 0.00042002, epoch_time: 95.0min
Epoch:[1/2](36680/66163), loss: 1.8447, logits_loss: 1.8447, aux_loss: 0.0000, lr: 0.00041994, epoch_time: 95.0min
Epoch:[1/2](36700/66163), loss: 1.9298, logits_loss: 1.9298, aux_loss: 0.0000, lr: 0.00041986, epoch_time: 95.0min
Epoch:[1/2](36720/66163), loss: 1.9088, logits_loss: 1.9088, aux_loss: 0.0000, lr: 0.00041978, epoch_time: 95.0min
Epoch:[1/2](36740/66163), loss: 1.8546, logits_loss: 1.8546, aux_loss: 0.0000, lr: 0.00041970, epoch_time: 95.0min
Epoch:[1/2](36760/66163), loss: 1.8863, logits_loss: 1.8863, aux_loss: 0.0000, lr: 0.00041962, epoch_time: 95.0min
Epoch:[1/2](36780/66163), loss: 1.8035, logits_loss: 1.8035, aux_loss: 0.0000, lr: 0.00041953, epoch_time: 94.0min
Epoch:[1/2](36800/66163), loss: 1.8216, logits_loss: 1.8216, aux_loss: 0.0000, lr: 0.00041945, epoch_time: 94.0min
Epoch:[1/2](36820/66163), loss: 1.8024, logits_loss: 1.8024, aux_loss: 0.0000, lr: 0.00041937, epoch_time: 94.0min
Epoch:[1/2](36840/66163), loss: 1.8373, logits_loss: 1.8373, aux_loss: 0.0000, lr: 0.00041929, epoch_time: 94.0min
Epoch:[1/2](36860/66163), loss: 1.7179, logits_loss: 1.7179, aux_loss: 0.0000, lr: 0.00041921, epoch_time: 94.0min
Epoch:[1/2](36880/66163), loss: 1.7964, logits_loss: 1.7964, aux_loss: 0.0000, lr: 0.00041912, epoch_time: 94.0min
Epoch:[1/2](36900/66163), loss: 1.8125, logits_loss: 1.8125, aux_loss: 0.0000, lr: 0.00041904, epoch_time: 94.0min
Epoch:[1/2](36920/66163), loss: 1.8125, logits_loss: 1.8125, aux_loss: 0.0000, lr: 0.00041896, epoch_time: 94.0min
Epoch:[1/2](36940/66163), loss: 1.8486, logits_loss: 1.8486, aux_loss: 0.0000, lr: 0.00041888, epoch_time: 94.0min
Epoch:[1/2](36960/66163), loss: 1.9388, logits_loss: 1.9388, aux_loss: 0.0000, lr: 0.00041880, epoch_time: 94.0min
Epoch:[1/2](36980/66163), loss: 1.9169, logits_loss: 1.9169, aux_loss: 0.0000, lr: 0.00041871, epoch_time: 94.0min
Epoch:[1/2](37000/66163), loss: 1.8316, logits_loss: 1.8316, aux_loss: 0.0000, lr: 0.00041863, epoch_time: 93.0min
Epoch:[1/2](37020/66163), loss: 1.9138, logits_loss: 1.9138, aux_loss: 0.0000, lr: 0.00041855, epoch_time: 93.0min
Epoch:[1/2](37040/66163), loss: 1.9144, logits_loss: 1.9144, aux_loss: 0.0000, lr: 0.00041847, epoch_time: 93.0min
Epoch:[1/2](37060/66163), loss: 1.9061, logits_loss: 1.9061, aux_loss: 0.0000, lr: 0.00041838, epoch_time: 93.0min
Epoch:[1/2](37080/66163), loss: 1.8088, logits_loss: 1.8088, aux_loss: 0.0000, lr: 0.00041830, epoch_time: 93.0min
Epoch:[1/2](37100/66163), loss: 1.8649, logits_loss: 1.8649, aux_loss: 0.0000, lr: 0.00041822, epoch_time: 93.0min
Epoch:[1/2](37120/66163), loss: 1.8522, logits_loss: 1.8522, aux_loss: 0.0000, lr: 0.00041814, epoch_time: 93.0min
Epoch:[1/2](37140/66163), loss: 1.7420, logits_loss: 1.7420, aux_loss: 0.0000, lr: 0.00041805, epoch_time: 93.0min
Epoch:[1/2](37160/66163), loss: 1.8228, logits_loss: 1.8228, aux_loss: 0.0000, lr: 0.00041797, epoch_time: 93.0min
Epoch:[1/2](37180/66163), loss: 1.8314, logits_loss: 1.8314, aux_loss: 0.0000, lr: 0.00041789, epoch_time: 93.0min
Epoch:[1/2](37200/66163), loss: 1.9084, logits_loss: 1.9084, aux_loss: 0.0000, lr: 0.00041781, epoch_time: 93.0min
Epoch:[1/2](37220/66163), loss: 1.7743, logits_loss: 1.7743, aux_loss: 0.0000, lr: 0.00041772, epoch_time: 93.0min
Epoch:[1/2](37240/66163), loss: 1.8716, logits_loss: 1.8716, aux_loss: 0.0000, lr: 0.00041764, epoch_time: 92.0min
Epoch:[1/2](37260/66163), loss: 1.8783, logits_loss: 1.8783, aux_loss: 0.0000, lr: 0.00041756, epoch_time: 92.0min
Epoch:[1/2](37280/66163), loss: 1.7910, logits_loss: 1.7910, aux_loss: 0.0000, lr: 0.00041748, epoch_time: 92.0min
Epoch:[1/2](37300/66163), loss: 1.7941, logits_loss: 1.7941, aux_loss: 0.0000, lr: 0.00041739, epoch_time: 92.0min
Epoch:[1/2](37320/66163), loss: 1.9353, logits_loss: 1.9353, aux_loss: 0.0000, lr: 0.00041731, epoch_time: 92.0min
Epoch:[1/2](37340/66163), loss: 1.9104, logits_loss: 1.9104, aux_loss: 0.0000, lr: 0.00041723, epoch_time: 92.0min
Epoch:[1/2](37360/66163), loss: 1.8050, logits_loss: 1.8050, aux_loss: 0.0000, lr: 0.00041715, epoch_time: 92.0min
Epoch:[1/2](37380/66163), loss: 1.9244, logits_loss: 1.9244, aux_loss: 0.0000, lr: 0.00041706, epoch_time: 92.0min
Epoch:[1/2](37400/66163), loss: 1.7624, logits_loss: 1.7624, aux_loss: 0.0000, lr: 0.00041698, epoch_time: 92.0min
Epoch:[1/2](37420/66163), loss: 1.8973, logits_loss: 1.8973, aux_loss: 0.0000, lr: 0.00041690, epoch_time: 92.0min
Epoch:[1/2](37440/66163), loss: 1.8815, logits_loss: 1.8815, aux_loss: 0.0000, lr: 0.00041681, epoch_time: 92.0min
Epoch:[1/2](37460/66163), loss: 1.8064, logits_loss: 1.8064, aux_loss: 0.0000, lr: 0.00041673, epoch_time: 91.0min
Epoch:[1/2](37480/66163), loss: 1.8027, logits_loss: 1.8027, aux_loss: 0.0000, lr: 0.00041665, epoch_time: 91.0min
Epoch:[1/2](37500/66163), loss: 1.7846, logits_loss: 1.7846, aux_loss: 0.0000, lr: 0.00041657, epoch_time: 91.0min
Epoch:[1/2](37520/66163), loss: 1.8681, logits_loss: 1.8681, aux_loss: 0.0000, lr: 0.00041648, epoch_time: 91.0min
Epoch:[1/2](37540/66163), loss: 1.8984, logits_loss: 1.8984, aux_loss: 0.0000, lr: 0.00041640, epoch_time: 91.0min
Epoch:[1/2](37560/66163), loss: 1.8309, logits_loss: 1.8309, aux_loss: 0.0000, lr: 0.00041632, epoch_time: 92.0min
Epoch:[1/2](37580/66163), loss: 1.8084, logits_loss: 1.8084, aux_loss: 0.0000, lr: 0.00041623, epoch_time: 92.0min
Epoch:[1/2](37600/66163), loss: 1.8655, logits_loss: 1.8655, aux_loss: 0.0000, lr: 0.00041615, epoch_time: 92.0min
Epoch:[1/2](37620/66163), loss: 1.8941, logits_loss: 1.8941, aux_loss: 0.0000, lr: 0.00041607, epoch_time: 92.0min
Epoch:[1/2](37640/66163), loss: 1.7951, logits_loss: 1.7951, aux_loss: 0.0000, lr: 0.00041598, epoch_time: 92.0min
Epoch:[1/2](37660/66163), loss: 1.8691, logits_loss: 1.8691, aux_loss: 0.0000, lr: 0.00041590, epoch_time: 92.0min
Epoch:[1/2](37680/66163), loss: 1.8989, logits_loss: 1.8989, aux_loss: 0.0000, lr: 0.00041582, epoch_time: 91.0min
Epoch:[1/2](37700/66163), loss: 1.7881, logits_loss: 1.7881, aux_loss: 0.0000, lr: 0.00041573, epoch_time: 91.0min
Epoch:[1/2](37720/66163), loss: 1.8038, logits_loss: 1.8038, aux_loss: 0.0000, lr: 0.00041565, epoch_time: 91.0min
Epoch:[1/2](37740/66163), loss: 1.8427, logits_loss: 1.8427, aux_loss: 0.0000, lr: 0.00041557, epoch_time: 91.0min
Epoch:[1/2](37760/66163), loss: 1.8805, logits_loss: 1.8805, aux_loss: 0.0000, lr: 0.00041548, epoch_time: 91.0min
Epoch:[1/2](37780/66163), loss: 1.8174, logits_loss: 1.8174, aux_loss: 0.0000, lr: 0.00041540, epoch_time: 91.0min
Epoch:[1/2](37800/66163), loss: 1.7572, logits_loss: 1.7572, aux_loss: 0.0000, lr: 0.00041532, epoch_time: 91.0min
Epoch:[1/2](37820/66163), loss: 1.8604, logits_loss: 1.8604, aux_loss: 0.0000, lr: 0.00041523, epoch_time: 91.0min
Epoch:[1/2](37840/66163), loss: 1.7608, logits_loss: 1.7608, aux_loss: 0.0000, lr: 0.00041515, epoch_time: 91.0min
Epoch:[1/2](37860/66163), loss: 1.7942, logits_loss: 1.7942, aux_loss: 0.0000, lr: 0.00041507, epoch_time: 91.0min
Epoch:[1/2](37880/66163), loss: 1.7892, logits_loss: 1.7892, aux_loss: 0.0000, lr: 0.00041498, epoch_time: 91.0min
Epoch:[1/2](37900/66163), loss: 1.9306, logits_loss: 1.9306, aux_loss: 0.0000, lr: 0.00041490, epoch_time: 91.0min
Epoch:[1/2](37920/66163), loss: 1.8140, logits_loss: 1.8140, aux_loss: 0.0000, lr: 0.00041481, epoch_time: 90.0min
Epoch:[1/2](37940/66163), loss: 1.7664, logits_loss: 1.7664, aux_loss: 0.0000, lr: 0.00041473, epoch_time: 90.0min
Epoch:[1/2](37960/66163), loss: 1.8963, logits_loss: 1.8963, aux_loss: 0.0000, lr: 0.00041465, epoch_time: 90.0min
Epoch:[1/2](37980/66163), loss: 1.8454, logits_loss: 1.8454, aux_loss: 0.0000, lr: 0.00041456, epoch_time: 90.0min
Epoch:[1/2](38000/66163), loss: 1.8969, logits_loss: 1.8969, aux_loss: 0.0000, lr: 0.00041448, epoch_time: 90.0min
Epoch:[1/2](38020/66163), loss: 1.8300, logits_loss: 1.8300, aux_loss: 0.0000, lr: 0.00041440, epoch_time: 90.0min
Epoch:[1/2](38040/66163), loss: 1.7650, logits_loss: 1.7650, aux_loss: 0.0000, lr: 0.00041431, epoch_time: 90.0min
Epoch:[1/2](38060/66163), loss: 1.8612, logits_loss: 1.8612, aux_loss: 0.0000, lr: 0.00041423, epoch_time: 90.0min
Epoch:[1/2](38080/66163), loss: 1.8059, logits_loss: 1.8059, aux_loss: 0.0000, lr: 0.00041414, epoch_time: 90.0min
Epoch:[1/2](38100/66163), loss: 1.8536, logits_loss: 1.8536, aux_loss: 0.0000, lr: 0.00041406, epoch_time: 90.0min
Epoch:[1/2](38120/66163), loss: 1.8800, logits_loss: 1.8800, aux_loss: 0.0000, lr: 0.00041398, epoch_time: 90.0min
Epoch:[1/2](38140/66163), loss: 1.8121, logits_loss: 1.8121, aux_loss: 0.0000, lr: 0.00041389, epoch_time: 90.0min
Epoch:[1/2](38160/66163), loss: 1.8185, logits_loss: 1.8185, aux_loss: 0.0000, lr: 0.00041381, epoch_time: 89.0min
Epoch:[1/2](38180/66163), loss: 1.8366, logits_loss: 1.8366, aux_loss: 0.0000, lr: 0.00041372, epoch_time: 89.0min
Epoch:[1/2](38200/66163), loss: 1.8790, logits_loss: 1.8790, aux_loss: 0.0000, lr: 0.00041364, epoch_time: 89.0min
Epoch:[1/2](38220/66163), loss: 1.8067, logits_loss: 1.8067, aux_loss: 0.0000, lr: 0.00041356, epoch_time: 89.0min
Epoch:[1/2](38240/66163), loss: 1.9262, logits_loss: 1.9262, aux_loss: 0.0000, lr: 0.00041347, epoch_time: 89.0min
Epoch:[1/2](38260/66163), loss: 1.7960, logits_loss: 1.7960, aux_loss: 0.0000, lr: 0.00041339, epoch_time: 89.0min
Epoch:[1/2](38280/66163), loss: 1.8150, logits_loss: 1.8150, aux_loss: 0.0000, lr: 0.00041330, epoch_time: 89.0min
Epoch:[1/2](38300/66163), loss: 1.8164, logits_loss: 1.8164, aux_loss: 0.0000, lr: 0.00041322, epoch_time: 89.0min
Epoch:[1/2](38320/66163), loss: 1.8035, logits_loss: 1.8035, aux_loss: 0.0000, lr: 0.00041313, epoch_time: 89.0min
Epoch:[1/2](38340/66163), loss: 1.8643, logits_loss: 1.8643, aux_loss: 0.0000, lr: 0.00041305, epoch_time: 89.0min
Epoch:[1/2](38360/66163), loss: 1.8558, logits_loss: 1.8558, aux_loss: 0.0000, lr: 0.00041297, epoch_time: 89.0min
Epoch:[1/2](38380/66163), loss: 1.7765, logits_loss: 1.7765, aux_loss: 0.0000, lr: 0.00041288, epoch_time: 88.0min
Epoch:[1/2](38400/66163), loss: 1.8019, logits_loss: 1.8019, aux_loss: 0.0000, lr: 0.00041280, epoch_time: 88.0min
Epoch:[1/2](38420/66163), loss: 1.8476, logits_loss: 1.8476, aux_loss: 0.0000, lr: 0.00041271, epoch_time: 88.0min
Epoch:[1/2](38440/66163), loss: 1.8615, logits_loss: 1.8615, aux_loss: 0.0000, lr: 0.00041263, epoch_time: 88.0min
Epoch:[1/2](38460/66163), loss: 1.8317, logits_loss: 1.8317, aux_loss: 0.0000, lr: 0.00041254, epoch_time: 88.0min
Epoch:[1/2](38480/66163), loss: 1.8216, logits_loss: 1.8216, aux_loss: 0.0000, lr: 0.00041246, epoch_time: 88.0min
Epoch:[1/2](38500/66163), loss: 1.8743, logits_loss: 1.8743, aux_loss: 0.0000, lr: 0.00041237, epoch_time: 89.0min
Epoch:[1/2](38520/66163), loss: 1.8564, logits_loss: 1.8564, aux_loss: 0.0000, lr: 0.00041229, epoch_time: 89.0min
Epoch:[1/2](38540/66163), loss: 1.9365, logits_loss: 1.9365, aux_loss: 0.0000, lr: 0.00041220, epoch_time: 89.0min
Epoch:[1/2](38560/66163), loss: 1.7708, logits_loss: 1.7708, aux_loss: 0.0000, lr: 0.00041212, epoch_time: 89.0min
Epoch:[1/2](38580/66163), loss: 1.7751, logits_loss: 1.7751, aux_loss: 0.0000, lr: 0.00041204, epoch_time: 89.0min
Epoch:[1/2](38600/66163), loss: 1.7961, logits_loss: 1.7961, aux_loss: 0.0000, lr: 0.00041195, epoch_time: 88.0min
Epoch:[1/2](38620/66163), loss: 1.8986, logits_loss: 1.8986, aux_loss: 0.0000, lr: 0.00041187, epoch_time: 88.0min
Epoch:[1/2](38640/66163), loss: 1.8675, logits_loss: 1.8675, aux_loss: 0.0000, lr: 0.00041178, epoch_time: 88.0min
Epoch:[1/2](38660/66163), loss: 1.8753, logits_loss: 1.8753, aux_loss: 0.0000, lr: 0.00041170, epoch_time: 88.0min
Epoch:[1/2](38680/66163), loss: 1.9540, logits_loss: 1.9540, aux_loss: 0.0000, lr: 0.00041161, epoch_time: 88.0min
Epoch:[1/2](38700/66163), loss: 1.8003, logits_loss: 1.8003, aux_loss: 0.0000, lr: 0.00041153, epoch_time: 88.0min
Epoch:[1/2](38720/66163), loss: 1.8835, logits_loss: 1.8835, aux_loss: 0.0000, lr: 0.00041144, epoch_time: 88.0min
Epoch:[1/2](38740/66163), loss: 1.8572, logits_loss: 1.8572, aux_loss: 0.0000, lr: 0.00041136, epoch_time: 88.0min
Epoch:[1/2](38760/66163), loss: 1.8224, logits_loss: 1.8224, aux_loss: 0.0000, lr: 0.00041127, epoch_time: 88.0min
Epoch:[1/2](38780/66163), loss: 1.9249, logits_loss: 1.9249, aux_loss: 0.0000, lr: 0.00041119, epoch_time: 88.0min
Epoch:[1/2](38800/66163), loss: 1.8346, logits_loss: 1.8346, aux_loss: 0.0000, lr: 0.00041110, epoch_time: 88.0min
Epoch:[1/2](38820/66163), loss: 1.8908, logits_loss: 1.8908, aux_loss: 0.0000, lr: 0.00041102, epoch_time: 88.0min
Epoch:[1/2](38840/66163), loss: 1.8384, logits_loss: 1.8384, aux_loss: 0.0000, lr: 0.00041093, epoch_time: 87.0min
Epoch:[1/2](38860/66163), loss: 1.9179, logits_loss: 1.9179, aux_loss: 0.0000, lr: 0.00041085, epoch_time: 87.0min
Epoch:[1/2](38880/66163), loss: 1.7538, logits_loss: 1.7538, aux_loss: 0.0000, lr: 0.00041076, epoch_time: 87.0min
Epoch:[1/2](38900/66163), loss: 1.8432, logits_loss: 1.8432, aux_loss: 0.0000, lr: 0.00041068, epoch_time: 87.0min
Epoch:[1/2](38920/66163), loss: 1.8266, logits_loss: 1.8266, aux_loss: 0.0000, lr: 0.00041059, epoch_time: 87.0min
Epoch:[1/2](38940/66163), loss: 1.8581, logits_loss: 1.8581, aux_loss: 0.0000, lr: 0.00041051, epoch_time: 87.0min
Epoch:[1/2](38960/66163), loss: 1.8845, logits_loss: 1.8845, aux_loss: 0.0000, lr: 0.00041042, epoch_time: 87.0min
Epoch:[1/2](38980/66163), loss: 1.8552, logits_loss: 1.8552, aux_loss: 0.0000, lr: 0.00041033, epoch_time: 87.0min
Epoch:[1/2](39000/66163), loss: 1.7779, logits_loss: 1.7779, aux_loss: 0.0000, lr: 0.00041025, epoch_time: 87.0min
Epoch:[1/2](39020/66163), loss: 1.8045, logits_loss: 1.8045, aux_loss: 0.0000, lr: 0.00041016, epoch_time: 87.0min
Epoch:[1/2](39040/66163), loss: 1.9031, logits_loss: 1.9031, aux_loss: 0.0000, lr: 0.00041008, epoch_time: 87.0min
Epoch:[1/2](39060/66163), loss: 1.8707, logits_loss: 1.8707, aux_loss: 0.0000, lr: 0.00040999, epoch_time: 87.0min
Epoch:[1/2](39080/66163), loss: 1.9903, logits_loss: 1.9903, aux_loss: 0.0000, lr: 0.00040991, epoch_time: 86.0min
Epoch:[1/2](39100/66163), loss: 1.8237, logits_loss: 1.8237, aux_loss: 0.0000, lr: 0.00040982, epoch_time: 86.0min
Epoch:[1/2](39120/66163), loss: 1.8892, logits_loss: 1.8892, aux_loss: 0.0000, lr: 0.00040974, epoch_time: 86.0min
Epoch:[1/2](39140/66163), loss: 1.8419, logits_loss: 1.8419, aux_loss: 0.0000, lr: 0.00040965, epoch_time: 86.0min
Epoch:[1/2](39160/66163), loss: 1.8722, logits_loss: 1.8722, aux_loss: 0.0000, lr: 0.00040956, epoch_time: 86.0min
Epoch:[1/2](39180/66163), loss: 1.9048, logits_loss: 1.9048, aux_loss: 0.0000, lr: 0.00040948, epoch_time: 86.0min
Epoch:[1/2](39200/66163), loss: 1.7217, logits_loss: 1.7217, aux_loss: 0.0000, lr: 0.00040939, epoch_time: 86.0min
Epoch:[1/2](39220/66163), loss: 1.8702, logits_loss: 1.8702, aux_loss: 0.0000, lr: 0.00040931, epoch_time: 86.0min
Epoch:[1/2](39240/66163), loss: 1.8795, logits_loss: 1.8795, aux_loss: 0.0000, lr: 0.00040922, epoch_time: 86.0min
Epoch:[1/2](39260/66163), loss: 1.7985, logits_loss: 1.7985, aux_loss: 0.0000, lr: 0.00040914, epoch_time: 86.0min
Epoch:[1/2](39280/66163), loss: 1.9509, logits_loss: 1.9509, aux_loss: 0.0000, lr: 0.00040905, epoch_time: 86.0min
Epoch:[1/2](39300/66163), loss: 1.8228, logits_loss: 1.8228, aux_loss: 0.0000, lr: 0.00040896, epoch_time: 86.0min
Epoch:[1/2](39320/66163), loss: 1.8613, logits_loss: 1.8613, aux_loss: 0.0000, lr: 0.00040888, epoch_time: 85.0min
Epoch:[1/2](39340/66163), loss: 1.8037, logits_loss: 1.8037, aux_loss: 0.0000, lr: 0.00040879, epoch_time: 85.0min
Epoch:[1/2](39360/66163), loss: 1.9184, logits_loss: 1.9184, aux_loss: 0.0000, lr: 0.00040871, epoch_time: 85.0min
Epoch:[1/2](39380/66163), loss: 1.8979, logits_loss: 1.8979, aux_loss: 0.0000, lr: 0.00040862, epoch_time: 85.0min
Epoch:[1/2](39400/66163), loss: 1.7975, logits_loss: 1.7975, aux_loss: 0.0000, lr: 0.00040854, epoch_time: 85.0min
Epoch:[1/2](39420/66163), loss: 1.8091, logits_loss: 1.8091, aux_loss: 0.0000, lr: 0.00040845, epoch_time: 85.0min
Epoch:[1/2](39440/66163), loss: 1.8348, logits_loss: 1.8348, aux_loss: 0.0000, lr: 0.00040836, epoch_time: 85.0min
Epoch:[1/2](39460/66163), loss: 1.7630, logits_loss: 1.7630, aux_loss: 0.0000, lr: 0.00040828, epoch_time: 85.0min
Epoch:[1/2](39480/66163), loss: 1.8035, logits_loss: 1.8035, aux_loss: 0.0000, lr: 0.00040819, epoch_time: 85.0min
Epoch:[1/2](39500/66163), loss: 1.8944, logits_loss: 1.8944, aux_loss: 0.0000, lr: 0.00040811, epoch_time: 86.0min
Epoch:[1/2](39520/66163), loss: 1.8368, logits_loss: 1.8368, aux_loss: 0.0000, lr: 0.00040802, epoch_time: 85.0min
Epoch:[1/2](39540/66163), loss: 1.8784, logits_loss: 1.8784, aux_loss: 0.0000, lr: 0.00040793, epoch_time: 85.0min
Epoch:[1/2](39560/66163), loss: 1.7880, logits_loss: 1.7880, aux_loss: 0.0000, lr: 0.00040785, epoch_time: 85.0min
Epoch:[1/2](39580/66163), loss: 1.8540, logits_loss: 1.8540, aux_loss: 0.0000, lr: 0.00040776, epoch_time: 85.0min
Epoch:[1/2](39600/66163), loss: 1.9432, logits_loss: 1.9432, aux_loss: 0.0000, lr: 0.00040767, epoch_time: 85.0min
Epoch:[1/2](39620/66163), loss: 1.8495, logits_loss: 1.8495, aux_loss: 0.0000, lr: 0.00040759, epoch_time: 85.0min
Epoch:[1/2](39640/66163), loss: 1.7981, logits_loss: 1.7981, aux_loss: 0.0000, lr: 0.00040750, epoch_time: 85.0min
Epoch:[1/2](39660/66163), loss: 1.8659, logits_loss: 1.8659, aux_loss: 0.0000, lr: 0.00040741, epoch_time: 85.0min
Epoch:[1/2](39680/66163), loss: 1.7656, logits_loss: 1.7656, aux_loss: 0.0000, lr: 0.00040733, epoch_time: 85.0min
Epoch:[1/2](39700/66163), loss: 1.8484, logits_loss: 1.8484, aux_loss: 0.0000, lr: 0.00040724, epoch_time: 85.0min
Epoch:[1/2](39720/66163), loss: 1.8833, logits_loss: 1.8833, aux_loss: 0.0000, lr: 0.00040716, epoch_time: 85.0min
Epoch:[1/2](39740/66163), loss: 1.8944, logits_loss: 1.8944, aux_loss: 0.0000, lr: 0.00040707, epoch_time: 85.0min
Epoch:[1/2](39760/66163), loss: 1.7839, logits_loss: 1.7839, aux_loss: 0.0000, lr: 0.00040698, epoch_time: 84.0min
Epoch:[1/2](39780/66163), loss: 1.8174, logits_loss: 1.8174, aux_loss: 0.0000, lr: 0.00040690, epoch_time: 84.0min
Epoch:[1/2](39800/66163), loss: 1.7935, logits_loss: 1.7935, aux_loss: 0.0000, lr: 0.00040681, epoch_time: 84.0min
Epoch:[1/2](39820/66163), loss: 1.8926, logits_loss: 1.8926, aux_loss: 0.0000, lr: 0.00040672, epoch_time: 84.0min
Epoch:[1/2](39840/66163), loss: 1.7773, logits_loss: 1.7773, aux_loss: 0.0000, lr: 0.00040664, epoch_time: 84.0min
Epoch:[1/2](39860/66163), loss: 1.9053, logits_loss: 1.9053, aux_loss: 0.0000, lr: 0.00040655, epoch_time: 84.0min
Epoch:[1/2](39880/66163), loss: 1.8150, logits_loss: 1.8150, aux_loss: 0.0000, lr: 0.00040646, epoch_time: 84.0min
Epoch:[1/2](39900/66163), loss: 1.8299, logits_loss: 1.8299, aux_loss: 0.0000, lr: 0.00040638, epoch_time: 84.0min
Epoch:[1/2](39920/66163), loss: 1.8129, logits_loss: 1.8129, aux_loss: 0.0000, lr: 0.00040629, epoch_time: 84.0min
Epoch:[1/2](39940/66163), loss: 1.8198, logits_loss: 1.8198, aux_loss: 0.0000, lr: 0.00040620, epoch_time: 84.0min
Epoch:[1/2](39960/66163), loss: 1.8163, logits_loss: 1.8163, aux_loss: 0.0000, lr: 0.00040612, epoch_time: 84.0min
Epoch:[1/2](39980/66163), loss: 1.8641, logits_loss: 1.8641, aux_loss: 0.0000, lr: 0.00040603, epoch_time: 84.0min
Epoch:[1/2](40000/66163), loss: 1.7490, logits_loss: 1.7490, aux_loss: 0.0000, lr: 0.00040594, epoch_time: 83.0min
Epoch:[1/2](40020/66163), loss: 1.8269, logits_loss: 1.8269, aux_loss: 0.0000, lr: 0.00040586, epoch_time: 84.0min
Epoch:[1/2](40040/66163), loss: 1.8530, logits_loss: 1.8530, aux_loss: 0.0000, lr: 0.00040577, epoch_time: 83.0min
Epoch:[1/2](40060/66163), loss: 1.8127, logits_loss: 1.8127, aux_loss: 0.0000, lr: 0.00040568, epoch_time: 83.0min
Epoch:[1/2](40080/66163), loss: 1.8929, logits_loss: 1.8929, aux_loss: 0.0000, lr: 0.00040559, epoch_time: 83.0min
Epoch:[1/2](40100/66163), loss: 1.7938, logits_loss: 1.7938, aux_loss: 0.0000, lr: 0.00040551, epoch_time: 83.0min
Epoch:[1/2](40120/66163), loss: 1.9882, logits_loss: 1.9882, aux_loss: 0.0000, lr: 0.00040542, epoch_time: 83.0min
Epoch:[1/2](40140/66163), loss: 1.8994, logits_loss: 1.8994, aux_loss: 0.0000, lr: 0.00040533, epoch_time: 83.0min
Epoch:[1/2](40160/66163), loss: 1.7431, logits_loss: 1.7431, aux_loss: 0.0000, lr: 0.00040525, epoch_time: 83.0min
Epoch:[1/2](40180/66163), loss: 1.8606, logits_loss: 1.8606, aux_loss: 0.0000, lr: 0.00040516, epoch_time: 83.0min
Epoch:[1/2](40200/66163), loss: 1.8920, logits_loss: 1.8920, aux_loss: 0.0000, lr: 0.00040507, epoch_time: 83.0min
Epoch:[1/2](40220/66163), loss: 1.7974, logits_loss: 1.7974, aux_loss: 0.0000, lr: 0.00040498, epoch_time: 83.0min
Epoch:[1/2](40240/66163), loss: 1.8524, logits_loss: 1.8524, aux_loss: 0.0000, lr: 0.00040490, epoch_time: 83.0min
Epoch:[1/2](40260/66163), loss: 1.8770, logits_loss: 1.8770, aux_loss: 0.0000, lr: 0.00040481, epoch_time: 83.0min
Epoch:[1/2](40280/66163), loss: 1.8506, logits_loss: 1.8506, aux_loss: 0.0000, lr: 0.00040472, epoch_time: 82.0min
Epoch:[1/2](40300/66163), loss: 1.8916, logits_loss: 1.8916, aux_loss: 0.0000, lr: 0.00040464, epoch_time: 82.0min
Epoch:[1/2](40320/66163), loss: 1.8878, logits_loss: 1.8878, aux_loss: 0.0000, lr: 0.00040455, epoch_time: 82.0min
Epoch:[1/2](40340/66163), loss: 1.8626, logits_loss: 1.8626, aux_loss: 0.0000, lr: 0.00040446, epoch_time: 82.0min
Epoch:[1/2](40360/66163), loss: 1.7513, logits_loss: 1.7513, aux_loss: 0.0000, lr: 0.00040437, epoch_time: 82.0min
Epoch:[1/2](40380/66163), loss: 1.7395, logits_loss: 1.7395, aux_loss: 0.0000, lr: 0.00040429, epoch_time: 82.0min
Epoch:[1/2](40400/66163), loss: 1.9339, logits_loss: 1.9339, aux_loss: 0.0000, lr: 0.00040420, epoch_time: 82.0min
Epoch:[1/2](40420/66163), loss: 1.8519, logits_loss: 1.8519, aux_loss: 0.0000, lr: 0.00040411, epoch_time: 82.0min
Epoch:[1/2](40440/66163), loss: 1.8192, logits_loss: 1.8192, aux_loss: 0.0000, lr: 0.00040402, epoch_time: 82.0min
Epoch:[1/2](40460/66163), loss: 1.7763, logits_loss: 1.7763, aux_loss: 0.0000, lr: 0.00040394, epoch_time: 82.0min
Epoch:[1/2](40480/66163), loss: 1.8697, logits_loss: 1.8697, aux_loss: 0.0000, lr: 0.00040385, epoch_time: 82.0min
Epoch:[1/2](40500/66163), loss: 1.8595, logits_loss: 1.8595, aux_loss: 0.0000, lr: 0.00040376, epoch_time: 82.0min
Epoch:[1/2](40520/66163), loss: 1.9043, logits_loss: 1.9043, aux_loss: 0.0000, lr: 0.00040367, epoch_time: 82.0min
Epoch:[1/2](40540/66163), loss: 1.8409, logits_loss: 1.8409, aux_loss: 0.0000, lr: 0.00040359, epoch_time: 81.0min
Epoch:[1/2](40560/66163), loss: 1.8136, logits_loss: 1.8136, aux_loss: 0.0000, lr: 0.00040350, epoch_time: 81.0min
Epoch:[1/2](40580/66163), loss: 1.7478, logits_loss: 1.7478, aux_loss: 0.0000, lr: 0.00040341, epoch_time: 81.0min
Epoch:[1/2](40600/66163), loss: 1.9127, logits_loss: 1.9127, aux_loss: 0.0000, lr: 0.00040332, epoch_time: 81.0min
Epoch:[1/2](40620/66163), loss: 1.8393, logits_loss: 1.8393, aux_loss: 0.0000, lr: 0.00040323, epoch_time: 81.0min
Epoch:[1/2](40640/66163), loss: 1.9302, logits_loss: 1.9302, aux_loss: 0.0000, lr: 0.00040315, epoch_time: 82.0min
Epoch:[1/2](40660/66163), loss: 1.8580, logits_loss: 1.8580, aux_loss: 0.0000, lr: 0.00040306, epoch_time: 82.0min
Epoch:[1/2](40680/66163), loss: 1.8663, logits_loss: 1.8663, aux_loss: 0.0000, lr: 0.00040297, epoch_time: 82.0min
Epoch:[1/2](40700/66163), loss: 1.8724, logits_loss: 1.8724, aux_loss: 0.0000, lr: 0.00040288, epoch_time: 82.0min
Epoch:[1/2](40720/66163), loss: 1.7755, logits_loss: 1.7755, aux_loss: 0.0000, lr: 0.00040280, epoch_time: 81.0min
Epoch:[1/2](40740/66163), loss: 1.8254, logits_loss: 1.8254, aux_loss: 0.0000, lr: 0.00040271, epoch_time: 81.0min
Epoch:[1/2](40760/66163), loss: 1.8848, logits_loss: 1.8848, aux_loss: 0.0000, lr: 0.00040262, epoch_time: 81.0min
Epoch:[1/2](40780/66163), loss: 1.8513, logits_loss: 1.8513, aux_loss: 0.0000, lr: 0.00040253, epoch_time: 81.0min
Epoch:[1/2](40800/66163), loss: 1.7718, logits_loss: 1.7718, aux_loss: 0.0000, lr: 0.00040244, epoch_time: 81.0min
Epoch:[1/2](40820/66163), loss: 1.7707, logits_loss: 1.7707, aux_loss: 0.0000, lr: 0.00040236, epoch_time: 81.0min
Epoch:[1/2](40840/66163), loss: 1.9105, logits_loss: 1.9105, aux_loss: 0.0000, lr: 0.00040227, epoch_time: 81.0min
Epoch:[1/2](40860/66163), loss: 1.7603, logits_loss: 1.7603, aux_loss: 0.0000, lr: 0.00040218, epoch_time: 81.0min
Epoch:[1/2](40880/66163), loss: 1.8793, logits_loss: 1.8793, aux_loss: 0.0000, lr: 0.00040209, epoch_time: 81.0min
Epoch:[1/2](40900/66163), loss: 1.8212, logits_loss: 1.8212, aux_loss: 0.0000, lr: 0.00040200, epoch_time: 81.0min
Epoch:[1/2](40920/66163), loss: 1.8494, logits_loss: 1.8494, aux_loss: 0.0000, lr: 0.00040191, epoch_time: 81.0min
Epoch:[1/2](40940/66163), loss: 1.7714, logits_loss: 1.7714, aux_loss: 0.0000, lr: 0.00040183, epoch_time: 81.0min
Epoch:[1/2](40960/66163), loss: 1.9172, logits_loss: 1.9172, aux_loss: 0.0000, lr: 0.00040174, epoch_time: 80.0min
Epoch:[1/2](40980/66163), loss: 1.8125, logits_loss: 1.8125, aux_loss: 0.0000, lr: 0.00040165, epoch_time: 80.0min
Epoch:[1/2](41000/66163), loss: 1.7941, logits_loss: 1.7941, aux_loss: 0.0000, lr: 0.00040156, epoch_time: 80.0min
Epoch:[1/2](41020/66163), loss: 1.8198, logits_loss: 1.8198, aux_loss: 0.0000, lr: 0.00040147, epoch_time: 80.0min
Epoch:[1/2](41040/66163), loss: 1.8176, logits_loss: 1.8176, aux_loss: 0.0000, lr: 0.00040139, epoch_time: 80.0min
Epoch:[1/2](41060/66163), loss: 1.7845, logits_loss: 1.7845, aux_loss: 0.0000, lr: 0.00040130, epoch_time: 80.0min
Epoch:[1/2](41080/66163), loss: 1.8328, logits_loss: 1.8328, aux_loss: 0.0000, lr: 0.00040121, epoch_time: 80.0min
Epoch:[1/2](41100/66163), loss: 1.8669, logits_loss: 1.8669, aux_loss: 0.0000, lr: 0.00040112, epoch_time: 80.0min
Epoch:[1/2](41120/66163), loss: 1.9452, logits_loss: 1.9452, aux_loss: 0.0000, lr: 0.00040103, epoch_time: 80.0min
Epoch:[1/2](41140/66163), loss: 1.8809, logits_loss: 1.8809, aux_loss: 0.0000, lr: 0.00040094, epoch_time: 80.0min
Epoch:[1/2](41160/66163), loss: 1.8333, logits_loss: 1.8333, aux_loss: 0.0000, lr: 0.00040085, epoch_time: 80.0min
Epoch:[1/2](41180/66163), loss: 1.8736, logits_loss: 1.8736, aux_loss: 0.0000, lr: 0.00040077, epoch_time: 80.0min
Epoch:[1/2](41200/66163), loss: 1.8209, logits_loss: 1.8209, aux_loss: 0.0000, lr: 0.00040068, epoch_time: 80.0min
Epoch:[1/2](41220/66163), loss: 1.8532, logits_loss: 1.8532, aux_loss: 0.0000, lr: 0.00040059, epoch_time: 79.0min
Epoch:[1/2](41240/66163), loss: 1.7850, logits_loss: 1.7850, aux_loss: 0.0000, lr: 0.00040050, epoch_time: 79.0min
Epoch:[1/2](41260/66163), loss: 1.7035, logits_loss: 1.7035, aux_loss: 0.0000, lr: 0.00040041, epoch_time: 79.0min
Epoch:[1/2](41280/66163), loss: 1.8103, logits_loss: 1.8103, aux_loss: 0.0000, lr: 0.00040032, epoch_time: 79.0min
Epoch:[1/2](41300/66163), loss: 1.8559, logits_loss: 1.8559, aux_loss: 0.0000, lr: 0.00040023, epoch_time: 79.0min
Epoch:[1/2](41320/66163), loss: 1.7938, logits_loss: 1.7938, aux_loss: 0.0000, lr: 0.00040014, epoch_time: 79.0min
Epoch:[1/2](41340/66163), loss: 1.8407, logits_loss: 1.8407, aux_loss: 0.0000, lr: 0.00040006, epoch_time: 79.0min
Epoch:[1/2](41360/66163), loss: 1.8750, logits_loss: 1.8750, aux_loss: 0.0000, lr: 0.00039997, epoch_time: 79.0min
Epoch:[1/2](41380/66163), loss: 1.9157, logits_loss: 1.9157, aux_loss: 0.0000, lr: 0.00039988, epoch_time: 79.0min
Epoch:[1/2](41400/66163), loss: 1.9245, logits_loss: 1.9245, aux_loss: 0.0000, lr: 0.00039979, epoch_time: 79.0min
Epoch:[1/2](41420/66163), loss: 1.8230, logits_loss: 1.8230, aux_loss: 0.0000, lr: 0.00039970, epoch_time: 79.0min
Epoch:[1/2](41440/66163), loss: 1.8531, logits_loss: 1.8531, aux_loss: 0.0000, lr: 0.00039961, epoch_time: 79.0min
Epoch:[1/2](41460/66163), loss: 1.7315, logits_loss: 1.7315, aux_loss: 0.0000, lr: 0.00039952, epoch_time: 78.0min
Epoch:[1/2](41480/66163), loss: 1.8944, logits_loss: 1.8944, aux_loss: 0.0000, lr: 0.00039943, epoch_time: 78.0min
Epoch:[1/2](41500/66163), loss: 1.8615, logits_loss: 1.8615, aux_loss: 0.0000, lr: 0.00039934, epoch_time: 78.0min
Epoch:[1/2](41520/66163), loss: 1.8602, logits_loss: 1.8602, aux_loss: 0.0000, lr: 0.00039926, epoch_time: 78.0min
Epoch:[1/2](41540/66163), loss: 1.8733, logits_loss: 1.8733, aux_loss: 0.0000, lr: 0.00039917, epoch_time: 78.0min
Epoch:[1/2](41560/66163), loss: 1.9123, logits_loss: 1.9123, aux_loss: 0.0000, lr: 0.00039908, epoch_time: 78.0min
Epoch:[1/2](41580/66163), loss: 1.7500, logits_loss: 1.7500, aux_loss: 0.0000, lr: 0.00039899, epoch_time: 78.0min
Epoch:[1/2](41600/66163), loss: 1.7781, logits_loss: 1.7781, aux_loss: 0.0000, lr: 0.00039890, epoch_time: 79.0min
Epoch:[1/2](41620/66163), loss: 1.7777, logits_loss: 1.7777, aux_loss: 0.0000, lr: 0.00039881, epoch_time: 79.0min
Epoch:[1/2](41640/66163), loss: 1.8307, logits_loss: 1.8307, aux_loss: 0.0000, lr: 0.00039872, epoch_time: 78.0min
Epoch:[1/2](41660/66163), loss: 1.8644, logits_loss: 1.8644, aux_loss: 0.0000, lr: 0.00039863, epoch_time: 78.0min
Epoch:[1/2](41680/66163), loss: 1.8781, logits_loss: 1.8781, aux_loss: 0.0000, lr: 0.00039854, epoch_time: 78.0min
Epoch:[1/2](41700/66163), loss: 1.9088, logits_loss: 1.9088, aux_loss: 0.0000, lr: 0.00039845, epoch_time: 78.0min
Epoch:[1/2](41720/66163), loss: 1.8158, logits_loss: 1.8158, aux_loss: 0.0000, lr: 0.00039836, epoch_time: 78.0min
Epoch:[1/2](41740/66163), loss: 1.7845, logits_loss: 1.7845, aux_loss: 0.0000, lr: 0.00039827, epoch_time: 78.0min
Epoch:[1/2](41760/66163), loss: 1.8506, logits_loss: 1.8506, aux_loss: 0.0000, lr: 0.00039818, epoch_time: 78.0min
Epoch:[1/2](41780/66163), loss: 1.7842, logits_loss: 1.7842, aux_loss: 0.0000, lr: 0.00039810, epoch_time: 78.0min
Epoch:[1/2](41800/66163), loss: 1.7473, logits_loss: 1.7473, aux_loss: 0.0000, lr: 0.00039801, epoch_time: 78.0min
Epoch:[1/2](41820/66163), loss: 1.8460, logits_loss: 1.8460, aux_loss: 0.0000, lr: 0.00039792, epoch_time: 78.0min
Epoch:[1/2](41840/66163), loss: 1.8562, logits_loss: 1.8562, aux_loss: 0.0000, lr: 0.00039783, epoch_time: 78.0min
Epoch:[1/2](41860/66163), loss: 1.8488, logits_loss: 1.8488, aux_loss: 0.0000, lr: 0.00039774, epoch_time: 78.0min
Epoch:[1/2](41880/66163), loss: 1.8095, logits_loss: 1.8095, aux_loss: 0.0000, lr: 0.00039765, epoch_time: 77.0min
Epoch:[1/2](41900/66163), loss: 1.7672, logits_loss: 1.7672, aux_loss: 0.0000, lr: 0.00039756, epoch_time: 77.0min
Epoch:[1/2](41920/66163), loss: 1.8083, logits_loss: 1.8083, aux_loss: 0.0000, lr: 0.00039747, epoch_time: 77.0min
Epoch:[1/2](41940/66163), loss: 1.8352, logits_loss: 1.8352, aux_loss: 0.0000, lr: 0.00039738, epoch_time: 77.0min
Epoch:[1/2](41960/66163), loss: 1.8770, logits_loss: 1.8770, aux_loss: 0.0000, lr: 0.00039729, epoch_time: 77.0min
Epoch:[1/2](41980/66163), loss: 1.8669, logits_loss: 1.8669, aux_loss: 0.0000, lr: 0.00039720, epoch_time: 77.0min
Epoch:[1/2](42000/66163), loss: 1.8267, logits_loss: 1.8267, aux_loss: 0.0000, lr: 0.00039711, epoch_time: 77.0min
Epoch:[1/2](42020/66163), loss: 1.8705, logits_loss: 1.8705, aux_loss: 0.0000, lr: 0.00039702, epoch_time: 77.0min
Epoch:[1/2](42040/66163), loss: 1.8105, logits_loss: 1.8105, aux_loss: 0.0000, lr: 0.00039693, epoch_time: 77.0min
Epoch:[1/2](42060/66163), loss: 1.7857, logits_loss: 1.7857, aux_loss: 0.0000, lr: 0.00039684, epoch_time: 77.0min
Epoch:[1/2](42080/66163), loss: 1.8749, logits_loss: 1.8749, aux_loss: 0.0000, lr: 0.00039675, epoch_time: 77.0min
Epoch:[1/2](42100/66163), loss: 1.8293, logits_loss: 1.8293, aux_loss: 0.0000, lr: 0.00039666, epoch_time: 77.0min
Epoch:[1/2](42120/66163), loss: 1.8027, logits_loss: 1.8027, aux_loss: 0.0000, lr: 0.00039657, epoch_time: 77.0min
Epoch:[1/2](42140/66163), loss: 1.7478, logits_loss: 1.7478, aux_loss: 0.0000, lr: 0.00039648, epoch_time: 76.0min
Epoch:[1/2](42160/66163), loss: 1.8231, logits_loss: 1.8231, aux_loss: 0.0000, lr: 0.00039639, epoch_time: 76.0min
Epoch:[1/2](42180/66163), loss: 1.8265, logits_loss: 1.8265, aux_loss: 0.0000, lr: 0.00039630, epoch_time: 76.0min
Epoch:[1/2](42200/66163), loss: 1.8489, logits_loss: 1.8489, aux_loss: 0.0000, lr: 0.00039621, epoch_time: 76.0min
Epoch:[1/2](42220/66163), loss: 1.8771, logits_loss: 1.8771, aux_loss: 0.0000, lr: 0.00039612, epoch_time: 76.0min
Epoch:[1/2](42240/66163), loss: 1.8193, logits_loss: 1.8193, aux_loss: 0.0000, lr: 0.00039603, epoch_time: 76.0min
Epoch:[1/2](42260/66163), loss: 1.7311, logits_loss: 1.7311, aux_loss: 0.0000, lr: 0.00039594, epoch_time: 76.0min
Epoch:[1/2](42280/66163), loss: 1.8588, logits_loss: 1.8588, aux_loss: 0.0000, lr: 0.00039585, epoch_time: 76.0min
Epoch:[1/2](42300/66163), loss: 1.8429, logits_loss: 1.8429, aux_loss: 0.0000, lr: 0.00039576, epoch_time: 76.0min
Epoch:[1/2](42320/66163), loss: 1.8078, logits_loss: 1.8078, aux_loss: 0.0000, lr: 0.00039567, epoch_time: 76.0min
Epoch:[1/2](42340/66163), loss: 1.7212, logits_loss: 1.7212, aux_loss: 0.0000, lr: 0.00039558, epoch_time: 76.0min
Epoch:[1/2](42360/66163), loss: 1.7772, logits_loss: 1.7772, aux_loss: 0.0000, lr: 0.00039549, epoch_time: 76.0min
Epoch:[1/2](42380/66163), loss: 1.8641, logits_loss: 1.8641, aux_loss: 0.0000, lr: 0.00039540, epoch_time: 76.0min
Epoch:[1/2](42400/66163), loss: 1.8661, logits_loss: 1.8661, aux_loss: 0.0000, lr: 0.00039531, epoch_time: 75.0min
Epoch:[1/2](42420/66163), loss: 1.9268, logits_loss: 1.9268, aux_loss: 0.0000, lr: 0.00039522, epoch_time: 75.0min
Epoch:[1/2](42440/66163), loss: 1.8191, logits_loss: 1.8191, aux_loss: 0.0000, lr: 0.00039513, epoch_time: 75.0min
Epoch:[1/2](42460/66163), loss: 1.7743, logits_loss: 1.7743, aux_loss: 0.0000, lr: 0.00039504, epoch_time: 75.0min
Epoch:[1/2](42480/66163), loss: 1.7093, logits_loss: 1.7093, aux_loss: 0.0000, lr: 0.00039495, epoch_time: 75.0min
Epoch:[1/2](42500/66163), loss: 1.8961, logits_loss: 1.8961, aux_loss: 0.0000, lr: 0.00039486, epoch_time: 75.0min
Epoch:[1/2](42520/66163), loss: 1.8646, logits_loss: 1.8646, aux_loss: 0.0000, lr: 0.00039477, epoch_time: 75.0min
Epoch:[1/2](42540/66163), loss: 1.7799, logits_loss: 1.7799, aux_loss: 0.0000, lr: 0.00039468, epoch_time: 76.0min
Epoch:[1/2](42560/66163), loss: 1.8243, logits_loss: 1.8243, aux_loss: 0.0000, lr: 0.00039459, epoch_time: 75.0min
Epoch:[1/2](42580/66163), loss: 1.8201, logits_loss: 1.8201, aux_loss: 0.0000, lr: 0.00039450, epoch_time: 75.0min
Epoch:[1/2](42600/66163), loss: 1.8529, logits_loss: 1.8529, aux_loss: 0.0000, lr: 0.00039441, epoch_time: 75.0min
Epoch:[1/2](42620/66163), loss: 1.7884, logits_loss: 1.7884, aux_loss: 0.0000, lr: 0.00039432, epoch_time: 75.0min
Epoch:[1/2](42640/66163), loss: 1.8717, logits_loss: 1.8717, aux_loss: 0.0000, lr: 0.00039422, epoch_time: 75.0min
Epoch:[1/2](42660/66163), loss: 1.8320, logits_loss: 1.8320, aux_loss: 0.0000, lr: 0.00039413, epoch_time: 75.0min
Epoch:[1/2](42680/66163), loss: 1.7972, logits_loss: 1.7972, aux_loss: 0.0000, lr: 0.00039404, epoch_time: 75.0min
Epoch:[1/2](42700/66163), loss: 1.8382, logits_loss: 1.8382, aux_loss: 0.0000, lr: 0.00039395, epoch_time: 75.0min
Epoch:[1/2](42720/66163), loss: 1.7718, logits_loss: 1.7718, aux_loss: 0.0000, lr: 0.00039386, epoch_time: 75.0min
Epoch:[1/2](42740/66163), loss: 1.7238, logits_loss: 1.7238, aux_loss: 0.0000, lr: 0.00039377, epoch_time: 75.0min
Epoch:[1/2](42760/66163), loss: 1.9377, logits_loss: 1.9377, aux_loss: 0.0000, lr: 0.00039368, epoch_time: 75.0min
Epoch:[1/2](42780/66163), loss: 1.8028, logits_loss: 1.8028, aux_loss: 0.0000, lr: 0.00039359, epoch_time: 75.0min
Epoch:[1/2](42800/66163), loss: 1.7544, logits_loss: 1.7544, aux_loss: 0.0000, lr: 0.00039350, epoch_time: 75.0min
Epoch:[1/2](42820/66163), loss: 1.7159, logits_loss: 1.7159, aux_loss: 0.0000, lr: 0.00039341, epoch_time: 74.0min
Epoch:[1/2](42840/66163), loss: 1.9206, logits_loss: 1.9206, aux_loss: 0.0000, lr: 0.00039332, epoch_time: 74.0min
Epoch:[1/2](42860/66163), loss: 1.8169, logits_loss: 1.8169, aux_loss: 0.0000, lr: 0.00039323, epoch_time: 74.0min
Epoch:[1/2](42880/66163), loss: 1.8403, logits_loss: 1.8403, aux_loss: 0.0000, lr: 0.00039314, epoch_time: 74.0min
Epoch:[1/2](42900/66163), loss: 1.8565, logits_loss: 1.8565, aux_loss: 0.0000, lr: 0.00039304, epoch_time: 74.0min
Epoch:[1/2](42920/66163), loss: 1.8294, logits_loss: 1.8294, aux_loss: 0.0000, lr: 0.00039295, epoch_time: 74.0min
Epoch:[1/2](42940/66163), loss: 1.7719, logits_loss: 1.7719, aux_loss: 0.0000, lr: 0.00039286, epoch_time: 74.0min
Epoch:[1/2](42960/66163), loss: 1.8363, logits_loss: 1.8363, aux_loss: 0.0000, lr: 0.00039277, epoch_time: 74.0min
Epoch:[1/2](42980/66163), loss: 1.7594, logits_loss: 1.7594, aux_loss: 0.0000, lr: 0.00039268, epoch_time: 74.0min
Epoch:[1/2](43000/66163), loss: 1.7783, logits_loss: 1.7783, aux_loss: 0.0000, lr: 0.00039259, epoch_time: 74.0min
Epoch:[1/2](43020/66163), loss: 1.7850, logits_loss: 1.7850, aux_loss: 0.0000, lr: 0.00039250, epoch_time: 74.0min
Epoch:[1/2](43040/66163), loss: 1.8019, logits_loss: 1.8019, aux_loss: 0.0000, lr: 0.00039241, epoch_time: 74.0min
Epoch:[1/2](43060/66163), loss: 1.7758, logits_loss: 1.7758, aux_loss: 0.0000, lr: 0.00039232, epoch_time: 73.0min
Epoch:[1/2](43080/66163), loss: 1.7364, logits_loss: 1.7364, aux_loss: 0.0000, lr: 0.00039222, epoch_time: 73.0min
Epoch:[1/2](43100/66163), loss: 1.9119, logits_loss: 1.9119, aux_loss: 0.0000, lr: 0.00039213, epoch_time: 73.0min
Epoch:[1/2](43120/66163), loss: 1.9227, logits_loss: 1.9227, aux_loss: 0.0000, lr: 0.00039204, epoch_time: 73.0min
Epoch:[1/2](43140/66163), loss: 1.8794, logits_loss: 1.8794, aux_loss: 0.0000, lr: 0.00039195, epoch_time: 73.0min
Epoch:[1/2](43160/66163), loss: 1.8375, logits_loss: 1.8375, aux_loss: 0.0000, lr: 0.00039186, epoch_time: 73.0min
Epoch:[1/2](43180/66163), loss: 1.8018, logits_loss: 1.8018, aux_loss: 0.0000, lr: 0.00039177, epoch_time: 73.0min
Epoch:[1/2](43200/66163), loss: 1.7922, logits_loss: 1.7922, aux_loss: 0.0000, lr: 0.00039168, epoch_time: 73.0min
Epoch:[1/2](43220/66163), loss: 1.8302, logits_loss: 1.8302, aux_loss: 0.0000, lr: 0.00039159, epoch_time: 73.0min
Epoch:[1/2](43240/66163), loss: 1.7953, logits_loss: 1.7953, aux_loss: 0.0000, lr: 0.00039149, epoch_time: 73.0min
Epoch:[1/2](43260/66163), loss: 1.9085, logits_loss: 1.9085, aux_loss: 0.0000, lr: 0.00039140, epoch_time: 73.0min
Epoch:[1/2](43280/66163), loss: 1.8370, logits_loss: 1.8370, aux_loss: 0.0000, lr: 0.00039131, epoch_time: 73.0min
Epoch:[1/2](43300/66163), loss: 1.8436, logits_loss: 1.8436, aux_loss: 0.0000, lr: 0.00039122, epoch_time: 73.0min
Epoch:[1/2](43320/66163), loss: 1.7987, logits_loss: 1.7987, aux_loss: 0.0000, lr: 0.00039113, epoch_time: 72.0min
Epoch:[1/2](43340/66163), loss: 1.8157, logits_loss: 1.8157, aux_loss: 0.0000, lr: 0.00039104, epoch_time: 72.0min
Epoch:[1/2](43360/66163), loss: 1.7857, logits_loss: 1.7857, aux_loss: 0.0000, lr: 0.00039095, epoch_time: 72.0min
Epoch:[1/2](43380/66163), loss: 1.8226, logits_loss: 1.8226, aux_loss: 0.0000, lr: 0.00039085, epoch_time: 72.0min
Epoch:[1/2](43400/66163), loss: 1.7417, logits_loss: 1.7417, aux_loss: 0.0000, lr: 0.00039076, epoch_time: 72.0min
Epoch:[1/2](43420/66163), loss: 1.8261, logits_loss: 1.8261, aux_loss: 0.0000, lr: 0.00039067, epoch_time: 73.0min
Epoch:[1/2](43440/66163), loss: 1.8369, logits_loss: 1.8369, aux_loss: 0.0000, lr: 0.00039058, epoch_time: 73.0min
Epoch:[1/2](43460/66163), loss: 1.7734, logits_loss: 1.7734, aux_loss: 0.0000, lr: 0.00039049, epoch_time: 73.0min
Epoch:[1/2](43480/66163), loss: 1.7922, logits_loss: 1.7922, aux_loss: 0.0000, lr: 0.00039040, epoch_time: 72.0min
Epoch:[1/2](43500/66163), loss: 1.8420, logits_loss: 1.8420, aux_loss: 0.0000, lr: 0.00039030, epoch_time: 72.0min
Epoch:[1/2](43520/66163), loss: 1.7628, logits_loss: 1.7628, aux_loss: 0.0000, lr: 0.00039021, epoch_time: 72.0min
Epoch:[1/2](43540/66163), loss: 1.7957, logits_loss: 1.7957, aux_loss: 0.0000, lr: 0.00039012, epoch_time: 72.0min
Epoch:[1/2](43560/66163), loss: 1.7563, logits_loss: 1.7563, aux_loss: 0.0000, lr: 0.00039003, epoch_time: 72.0min
Epoch:[1/2](43580/66163), loss: 1.8212, logits_loss: 1.8212, aux_loss: 0.0000, lr: 0.00038994, epoch_time: 72.0min
Epoch:[1/2](43600/66163), loss: 1.7837, logits_loss: 1.7837, aux_loss: 0.0000, lr: 0.00038984, epoch_time: 72.0min
Epoch:[1/2](43620/66163), loss: 1.7966, logits_loss: 1.7966, aux_loss: 0.0000, lr: 0.00038975, epoch_time: 72.0min
Epoch:[1/2](43640/66163), loss: 1.7988, logits_loss: 1.7988, aux_loss: 0.0000, lr: 0.00038966, epoch_time: 72.0min
Epoch:[1/2](43660/66163), loss: 1.8281, logits_loss: 1.8281, aux_loss: 0.0000, lr: 0.00038957, epoch_time: 72.0min
Epoch:[1/2](43680/66163), loss: 1.8068, logits_loss: 1.8068, aux_loss: 0.0000, lr: 0.00038948, epoch_time: 72.0min
Epoch:[1/2](43700/66163), loss: 1.8084, logits_loss: 1.8084, aux_loss: 0.0000, lr: 0.00038939, epoch_time: 72.0min
Epoch:[1/2](43720/66163), loss: 1.7949, logits_loss: 1.7949, aux_loss: 0.0000, lr: 0.00038929, epoch_time: 72.0min
Epoch:[1/2](43740/66163), loss: 1.9174, logits_loss: 1.9174, aux_loss: 0.0000, lr: 0.00038920, epoch_time: 71.0min
Epoch:[1/2](43760/66163), loss: 1.8582, logits_loss: 1.8582, aux_loss: 0.0000, lr: 0.00038911, epoch_time: 71.0min
Epoch:[1/2](43780/66163), loss: 1.7852, logits_loss: 1.7852, aux_loss: 0.0000, lr: 0.00038902, epoch_time: 71.0min
Epoch:[1/2](43800/66163), loss: 1.8898, logits_loss: 1.8898, aux_loss: 0.0000, lr: 0.00038892, epoch_time: 71.0min
Epoch:[1/2](43820/66163), loss: 1.8441, logits_loss: 1.8441, aux_loss: 0.0000, lr: 0.00038883, epoch_time: 71.0min
Epoch:[1/2](43840/66163), loss: 1.8244, logits_loss: 1.8244, aux_loss: 0.0000, lr: 0.00038874, epoch_time: 71.0min
Epoch:[1/2](43860/66163), loss: 1.8714, logits_loss: 1.8714, aux_loss: 0.0000, lr: 0.00038865, epoch_time: 71.0min
Epoch:[1/2](43880/66163), loss: 1.8358, logits_loss: 1.8358, aux_loss: 0.0000, lr: 0.00038856, epoch_time: 71.0min
Epoch:[1/2](43900/66163), loss: 1.7526, logits_loss: 1.7526, aux_loss: 0.0000, lr: 0.00038846, epoch_time: 71.0min
Epoch:[1/2](43920/66163), loss: 1.9268, logits_loss: 1.9268, aux_loss: 0.0000, lr: 0.00038837, epoch_time: 71.0min
Epoch:[1/2](43940/66163), loss: 1.7949, logits_loss: 1.7949, aux_loss: 0.0000, lr: 0.00038828, epoch_time: 71.0min
Epoch:[1/2](43960/66163), loss: 1.7921, logits_loss: 1.7921, aux_loss: 0.0000, lr: 0.00038819, epoch_time: 71.0min
Epoch:[1/2](43980/66163), loss: 1.8340, logits_loss: 1.8340, aux_loss: 0.0000, lr: 0.00038809, epoch_time: 71.0min
Epoch:[1/2](44000/66163), loss: 1.7490, logits_loss: 1.7490, aux_loss: 0.0000, lr: 0.00038800, epoch_time: 70.0min
Epoch:[1/2](44020/66163), loss: 1.9282, logits_loss: 1.9282, aux_loss: 0.0000, lr: 0.00038791, epoch_time: 70.0min
Epoch:[1/2](44040/66163), loss: 1.9212, logits_loss: 1.9212, aux_loss: 0.0000, lr: 0.00038782, epoch_time: 70.0min
Epoch:[1/2](44060/66163), loss: 1.8652, logits_loss: 1.8652, aux_loss: 0.0000, lr: 0.00038773, epoch_time: 70.0min
Epoch:[1/2](44080/66163), loss: 1.8213, logits_loss: 1.8213, aux_loss: 0.0000, lr: 0.00038763, epoch_time: 70.0min
Epoch:[1/2](44100/66163), loss: 1.8180, logits_loss: 1.8180, aux_loss: 0.0000, lr: 0.00038754, epoch_time: 70.0min
Epoch:[1/2](44120/66163), loss: 1.8839, logits_loss: 1.8839, aux_loss: 0.0000, lr: 0.00038745, epoch_time: 70.0min
Epoch:[1/2](44140/66163), loss: 1.8032, logits_loss: 1.8032, aux_loss: 0.0000, lr: 0.00038736, epoch_time: 70.0min
Epoch:[1/2](44160/66163), loss: 1.7274, logits_loss: 1.7274, aux_loss: 0.0000, lr: 0.00038726, epoch_time: 70.0min
Epoch:[1/2](44180/66163), loss: 1.8104, logits_loss: 1.8104, aux_loss: 0.0000, lr: 0.00038717, epoch_time: 70.0min
Epoch:[1/2](44200/66163), loss: 1.8849, logits_loss: 1.8849, aux_loss: 0.0000, lr: 0.00038708, epoch_time: 70.0min
Epoch:[1/2](44220/66163), loss: 1.8588, logits_loss: 1.8588, aux_loss: 0.0000, lr: 0.00038698, epoch_time: 70.0min
Epoch:[1/2](44240/66163), loss: 1.8089, logits_loss: 1.8089, aux_loss: 0.0000, lr: 0.00038689, epoch_time: 70.0min
Epoch:[1/2](44260/66163), loss: 1.7525, logits_loss: 1.7525, aux_loss: 0.0000, lr: 0.00038680, epoch_time: 69.0min
Epoch:[1/2](44280/66163), loss: 1.8262, logits_loss: 1.8262, aux_loss: 0.0000, lr: 0.00038671, epoch_time: 69.0min
Epoch:[1/2](44300/66163), loss: 1.8791, logits_loss: 1.8791, aux_loss: 0.0000, lr: 0.00038661, epoch_time: 69.0min
Epoch:[1/2](44320/66163), loss: 1.7775, logits_loss: 1.7775, aux_loss: 0.0000, lr: 0.00038652, epoch_time: 69.0min
Epoch:[1/2](44340/66163), loss: 1.7237, logits_loss: 1.7237, aux_loss: 0.0000, lr: 0.00038643, epoch_time: 69.0min
Epoch:[1/2](44360/66163), loss: 1.7662, logits_loss: 1.7662, aux_loss: 0.0000, lr: 0.00038634, epoch_time: 69.0min
Epoch:[1/2](44380/66163), loss: 1.7698, logits_loss: 1.7698, aux_loss: 0.0000, lr: 0.00038624, epoch_time: 70.0min
Epoch:[1/2](44400/66163), loss: 1.8473, logits_loss: 1.8473, aux_loss: 0.0000, lr: 0.00038615, epoch_time: 69.0min
Epoch:[1/2](44420/66163), loss: 1.7505, logits_loss: 1.7505, aux_loss: 0.0000, lr: 0.00038606, epoch_time: 69.0min
Epoch:[1/2](44440/66163), loss: 1.8405, logits_loss: 1.8405, aux_loss: 0.0000, lr: 0.00038596, epoch_time: 69.0min
Epoch:[1/2](44460/66163), loss: 1.7850, logits_loss: 1.7850, aux_loss: 0.0000, lr: 0.00038587, epoch_time: 69.0min
Epoch:[1/2](44480/66163), loss: 1.9430, logits_loss: 1.9430, aux_loss: 0.0000, lr: 0.00038578, epoch_time: 69.0min
Epoch:[1/2](44500/66163), loss: 1.7644, logits_loss: 1.7644, aux_loss: 0.0000, lr: 0.00038568, epoch_time: 69.0min
Epoch:[1/2](44520/66163), loss: 1.7880, logits_loss: 1.7880, aux_loss: 0.0000, lr: 0.00038559, epoch_time: 69.0min
Epoch:[1/2](44540/66163), loss: 1.7892, logits_loss: 1.7892, aux_loss: 0.0000, lr: 0.00038550, epoch_time: 69.0min
Epoch:[1/2](44560/66163), loss: 1.8952, logits_loss: 1.8952, aux_loss: 0.0000, lr: 0.00038541, epoch_time: 69.0min
Epoch:[1/2](44580/66163), loss: 1.9274, logits_loss: 1.9274, aux_loss: 0.0000, lr: 0.00038531, epoch_time: 69.0min
Epoch:[1/2](44600/66163), loss: 1.8076, logits_loss: 1.8076, aux_loss: 0.0000, lr: 0.00038522, epoch_time: 69.0min
Epoch:[1/2](44620/66163), loss: 1.8102, logits_loss: 1.8102, aux_loss: 0.0000, lr: 0.00038513, epoch_time: 69.0min
Epoch:[1/2](44640/66163), loss: 1.7494, logits_loss: 1.7494, aux_loss: 0.0000, lr: 0.00038503, epoch_time: 69.0min
Epoch:[1/2](44660/66163), loss: 1.8679, logits_loss: 1.8679, aux_loss: 0.0000, lr: 0.00038494, epoch_time: 68.0min
Epoch:[1/2](44680/66163), loss: 1.7971, logits_loss: 1.7971, aux_loss: 0.0000, lr: 0.00038485, epoch_time: 68.0min
Epoch:[1/2](44700/66163), loss: 1.8205, logits_loss: 1.8205, aux_loss: 0.0000, lr: 0.00038475, epoch_time: 68.0min
Epoch:[1/2](44720/66163), loss: 1.7836, logits_loss: 1.7836, aux_loss: 0.0000, lr: 0.00038466, epoch_time: 68.0min
Epoch:[1/2](44740/66163), loss: 1.8435, logits_loss: 1.8435, aux_loss: 0.0000, lr: 0.00038457, epoch_time: 68.0min
Epoch:[1/2](44760/66163), loss: 1.7978, logits_loss: 1.7978, aux_loss: 0.0000, lr: 0.00038447, epoch_time: 68.0min
Epoch:[1/2](44780/66163), loss: 1.9094, logits_loss: 1.9094, aux_loss: 0.0000, lr: 0.00038438, epoch_time: 68.0min
Epoch:[1/2](44800/66163), loss: 1.8824, logits_loss: 1.8824, aux_loss: 0.0000, lr: 0.00038429, epoch_time: 68.0min
Epoch:[1/2](44820/66163), loss: 1.8022, logits_loss: 1.8022, aux_loss: 0.0000, lr: 0.00038419, epoch_time: 68.0min
Epoch:[1/2](44840/66163), loss: 1.7785, logits_loss: 1.7785, aux_loss: 0.0000, lr: 0.00038410, epoch_time: 68.0min
Epoch:[1/2](44860/66163), loss: 1.7243, logits_loss: 1.7243, aux_loss: 0.0000, lr: 0.00038401, epoch_time: 68.0min
Epoch:[1/2](44880/66163), loss: 1.8095, logits_loss: 1.8095, aux_loss: 0.0000, lr: 0.00038391, epoch_time: 68.0min
Epoch:[1/2](44900/66163), loss: 1.8183, logits_loss: 1.8183, aux_loss: 0.0000, lr: 0.00038382, epoch_time: 68.0min
Epoch:[1/2](44920/66163), loss: 1.8433, logits_loss: 1.8433, aux_loss: 0.0000, lr: 0.00038373, epoch_time: 67.0min
Epoch:[1/2](44940/66163), loss: 1.8731, logits_loss: 1.8731, aux_loss: 0.0000, lr: 0.00038363, epoch_time: 67.0min
Epoch:[1/2](44960/66163), loss: 1.7718, logits_loss: 1.7718, aux_loss: 0.0000, lr: 0.00038354, epoch_time: 67.0min
Epoch:[1/2](44980/66163), loss: 1.8137, logits_loss: 1.8137, aux_loss: 0.0000, lr: 0.00038345, epoch_time: 67.0min
Epoch:[1/2](45000/66163), loss: 1.7309, logits_loss: 1.7309, aux_loss: 0.0000, lr: 0.00038335, epoch_time: 67.0min
Epoch:[1/2](45020/66163), loss: 1.8075, logits_loss: 1.8075, aux_loss: 0.0000, lr: 0.00038326, epoch_time: 67.0min
Epoch:[1/2](45040/66163), loss: 1.8729, logits_loss: 1.8729, aux_loss: 0.0000, lr: 0.00038316, epoch_time: 67.0min
Epoch:[1/2](45060/66163), loss: 1.8101, logits_loss: 1.8101, aux_loss: 0.0000, lr: 0.00038307, epoch_time: 67.0min
Epoch:[1/2](45080/66163), loss: 1.7846, logits_loss: 1.7846, aux_loss: 0.0000, lr: 0.00038298, epoch_time: 67.0min
Epoch:[1/2](45100/66163), loss: 1.7922, logits_loss: 1.7922, aux_loss: 0.0000, lr: 0.00038288, epoch_time: 67.0min
Epoch:[1/2](45120/66163), loss: 1.7722, logits_loss: 1.7722, aux_loss: 0.0000, lr: 0.00038279, epoch_time: 67.0min
Epoch:[1/2](45140/66163), loss: 1.8770, logits_loss: 1.8770, aux_loss: 0.0000, lr: 0.00038270, epoch_time: 67.0min
Epoch:[1/2](45160/66163), loss: 1.8174, logits_loss: 1.8174, aux_loss: 0.0000, lr: 0.00038260, epoch_time: 67.0min
Epoch:[1/2](45180/66163), loss: 1.7927, logits_loss: 1.7927, aux_loss: 0.0000, lr: 0.00038251, epoch_time: 67.0min
Epoch:[1/2](45200/66163), loss: 1.7548, logits_loss: 1.7548, aux_loss: 0.0000, lr: 0.00038241, epoch_time: 67.0min
Epoch:[1/2](45220/66163), loss: 1.8744, logits_loss: 1.8744, aux_loss: 0.0000, lr: 0.00038232, epoch_time: 66.0min
Epoch:[1/2](45240/66163), loss: 1.7770, logits_loss: 1.7770, aux_loss: 0.0000, lr: 0.00038223, epoch_time: 66.0min
Epoch:[1/2](45260/66163), loss: 1.9327, logits_loss: 1.9327, aux_loss: 0.0000, lr: 0.00038213, epoch_time: 66.0min
Epoch:[1/2](45280/66163), loss: 1.9127, logits_loss: 1.9127, aux_loss: 0.0000, lr: 0.00038204, epoch_time: 66.0min
Epoch:[1/2](45300/66163), loss: 1.7742, logits_loss: 1.7742, aux_loss: 0.0000, lr: 0.00038194, epoch_time: 66.0min
Epoch:[1/2](45320/66163), loss: 1.8290, logits_loss: 1.8290, aux_loss: 0.0000, lr: 0.00038185, epoch_time: 66.0min
Epoch:[1/2](45340/66163), loss: 1.8235, logits_loss: 1.8235, aux_loss: 0.0000, lr: 0.00038176, epoch_time: 66.0min
Epoch:[1/2](45360/66163), loss: 1.7577, logits_loss: 1.7577, aux_loss: 0.0000, lr: 0.00038166, epoch_time: 66.0min
Epoch:[1/2](45380/66163), loss: 1.7731, logits_loss: 1.7731, aux_loss: 0.0000, lr: 0.00038157, epoch_time: 66.0min
Epoch:[1/2](45400/66163), loss: 1.7505, logits_loss: 1.7505, aux_loss: 0.0000, lr: 0.00038147, epoch_time: 66.0min
Epoch:[1/2](45420/66163), loss: 1.7985, logits_loss: 1.7985, aux_loss: 0.0000, lr: 0.00038138, epoch_time: 66.0min
Epoch:[1/2](45440/66163), loss: 1.7564, logits_loss: 1.7564, aux_loss: 0.0000, lr: 0.00038129, epoch_time: 66.0min
Epoch:[1/2](45460/66163), loss: 1.7754, logits_loss: 1.7754, aux_loss: 0.0000, lr: 0.00038119, epoch_time: 66.0min
Epoch:[1/2](45480/66163), loss: 1.9505, logits_loss: 1.9505, aux_loss: 0.0000, lr: 0.00038110, epoch_time: 65.0min
Epoch:[1/2](45500/66163), loss: 1.7061, logits_loss: 1.7061, aux_loss: 0.0000, lr: 0.00038100, epoch_time: 65.0min
Epoch:[1/2](45520/66163), loss: 1.7435, logits_loss: 1.7435, aux_loss: 0.0000, lr: 0.00038091, epoch_time: 65.0min
Epoch:[1/2](45540/66163), loss: 1.8410, logits_loss: 1.8410, aux_loss: 0.0000, lr: 0.00038081, epoch_time: 65.0min
Epoch:[1/2](45560/66163), loss: 1.7958, logits_loss: 1.7958, aux_loss: 0.0000, lr: 0.00038072, epoch_time: 66.0min
Epoch:[1/2](45580/66163), loss: 1.8460, logits_loss: 1.8460, aux_loss: 0.0000, lr: 0.00038063, epoch_time: 66.0min
Epoch:[1/2](45600/66163), loss: 1.8581, logits_loss: 1.8581, aux_loss: 0.0000, lr: 0.00038053, epoch_time: 66.0min
Epoch:[1/2](45620/66163), loss: 1.7994, logits_loss: 1.7994, aux_loss: 0.0000, lr: 0.00038044, epoch_time: 65.0min
Epoch:[1/2](45640/66163), loss: 1.8546, logits_loss: 1.8546, aux_loss: 0.0000, lr: 0.00038034, epoch_time: 65.0min
Epoch:[1/2](45660/66163), loss: 1.7549, logits_loss: 1.7549, aux_loss: 0.0000, lr: 0.00038025, epoch_time: 65.0min
Epoch:[1/2](45680/66163), loss: 1.9791, logits_loss: 1.9791, aux_loss: 0.0000, lr: 0.00038015, epoch_time: 65.0min
Epoch:[1/2](45700/66163), loss: 1.8303, logits_loss: 1.8303, aux_loss: 0.0000, lr: 0.00038006, epoch_time: 65.0min
Epoch:[1/2](45720/66163), loss: 1.8309, logits_loss: 1.8309, aux_loss: 0.0000, lr: 0.00037997, epoch_time: 65.0min
Epoch:[1/2](45740/66163), loss: 1.7226, logits_loss: 1.7226, aux_loss: 0.0000, lr: 0.00037987, epoch_time: 65.0min
Epoch:[1/2](45760/66163), loss: 1.7379, logits_loss: 1.7379, aux_loss: 0.0000, lr: 0.00037978, epoch_time: 65.0min
Epoch:[1/2](45780/66163), loss: 1.8579, logits_loss: 1.8579, aux_loss: 0.0000, lr: 0.00037968, epoch_time: 65.0min
Epoch:[1/2](45800/66163), loss: 1.8164, logits_loss: 1.8164, aux_loss: 0.0000, lr: 0.00037959, epoch_time: 65.0min
Epoch:[1/2](45820/66163), loss: 1.8042, logits_loss: 1.8042, aux_loss: 0.0000, lr: 0.00037949, epoch_time: 65.0min
Epoch:[1/2](45840/66163), loss: 1.7951, logits_loss: 1.7951, aux_loss: 0.0000, lr: 0.00037940, epoch_time: 65.0min
Epoch:[1/2](45860/66163), loss: 1.8047, logits_loss: 1.8047, aux_loss: 0.0000, lr: 0.00037930, epoch_time: 65.0min
Epoch:[1/2](45880/66163), loss: 1.8412, logits_loss: 1.8412, aux_loss: 0.0000, lr: 0.00037921, epoch_time: 64.0min
Epoch:[1/2](45900/66163), loss: 1.7883, logits_loss: 1.7883, aux_loss: 0.0000, lr: 0.00037911, epoch_time: 64.0min
Epoch:[1/2](45920/66163), loss: 1.8927, logits_loss: 1.8927, aux_loss: 0.0000, lr: 0.00037902, epoch_time: 64.0min
Epoch:[1/2](45940/66163), loss: 1.8202, logits_loss: 1.8202, aux_loss: 0.0000, lr: 0.00037892, epoch_time: 64.0min
Epoch:[1/2](45960/66163), loss: 1.7486, logits_loss: 1.7486, aux_loss: 0.0000, lr: 0.00037883, epoch_time: 64.0min
Epoch:[1/2](45980/66163), loss: 1.7479, logits_loss: 1.7479, aux_loss: 0.0000, lr: 0.00037873, epoch_time: 64.0min
Epoch:[1/2](46000/66163), loss: 1.8454, logits_loss: 1.8454, aux_loss: 0.0000, lr: 0.00037864, epoch_time: 64.0min
Epoch:[1/2](46020/66163), loss: 1.7284, logits_loss: 1.7284, aux_loss: 0.0000, lr: 0.00037855, epoch_time: 64.0min
Epoch:[1/2](46040/66163), loss: 1.7786, logits_loss: 1.7786, aux_loss: 0.0000, lr: 0.00037845, epoch_time: 64.0min
Epoch:[1/2](46060/66163), loss: 1.8262, logits_loss: 1.8262, aux_loss: 0.0000, lr: 0.00037836, epoch_time: 64.0min
Epoch:[1/2](46080/66163), loss: 1.7581, logits_loss: 1.7581, aux_loss: 0.0000, lr: 0.00037826, epoch_time: 64.0min
Epoch:[1/2](46100/66163), loss: 1.8266, logits_loss: 1.8266, aux_loss: 0.0000, lr: 0.00037817, epoch_time: 64.0min
Epoch:[1/2](46120/66163), loss: 1.8112, logits_loss: 1.8112, aux_loss: 0.0000, lr: 0.00037807, epoch_time: 64.0min
Epoch:[1/2](46140/66163), loss: 1.8527, logits_loss: 1.8527, aux_loss: 0.0000, lr: 0.00037798, epoch_time: 64.0min
Epoch:[1/2](46160/66163), loss: 1.7467, logits_loss: 1.7467, aux_loss: 0.0000, lr: 0.00037788, epoch_time: 63.0min
Epoch:[1/2](46180/66163), loss: 1.9013, logits_loss: 1.9013, aux_loss: 0.0000, lr: 0.00037779, epoch_time: 63.0min
Epoch:[1/2](46200/66163), loss: 1.8076, logits_loss: 1.8076, aux_loss: 0.0000, lr: 0.00037769, epoch_time: 63.0min
Epoch:[1/2](46220/66163), loss: 1.9106, logits_loss: 1.9106, aux_loss: 0.0000, lr: 0.00037760, epoch_time: 63.0min
Epoch:[1/2](46240/66163), loss: 1.8143, logits_loss: 1.8143, aux_loss: 0.0000, lr: 0.00037750, epoch_time: 63.0min
Epoch:[1/2](46260/66163), loss: 1.7882, logits_loss: 1.7882, aux_loss: 0.0000, lr: 0.00037741, epoch_time: 63.0min
Epoch:[1/2](46280/66163), loss: 1.6824, logits_loss: 1.6824, aux_loss: 0.0000, lr: 0.00037731, epoch_time: 63.0min
Epoch:[1/2](46300/66163), loss: 1.7822, logits_loss: 1.7822, aux_loss: 0.0000, lr: 0.00037721, epoch_time: 63.0min
Epoch:[1/2](46320/66163), loss: 1.7455, logits_loss: 1.7455, aux_loss: 0.0000, lr: 0.00037712, epoch_time: 63.0min
Epoch:[1/2](46340/66163), loss: 1.8047, logits_loss: 1.8047, aux_loss: 0.0000, lr: 0.00037702, epoch_time: 63.0min
Epoch:[1/2](46360/66163), loss: 1.7979, logits_loss: 1.7979, aux_loss: 0.0000, lr: 0.00037693, epoch_time: 63.0min
Epoch:[1/2](46380/66163), loss: 1.7292, logits_loss: 1.7292, aux_loss: 0.0000, lr: 0.00037683, epoch_time: 63.0min
Epoch:[1/2](46400/66163), loss: 1.8166, logits_loss: 1.8166, aux_loss: 0.0000, lr: 0.00037674, epoch_time: 63.0min
Epoch:[1/2](46420/66163), loss: 1.8468, logits_loss: 1.8468, aux_loss: 0.0000, lr: 0.00037664, epoch_time: 62.0min
Epoch:[1/2](46440/66163), loss: 1.8380, logits_loss: 1.8380, aux_loss: 0.0000, lr: 0.00037655, epoch_time: 62.0min
Epoch:[1/2](46460/66163), loss: 1.7933, logits_loss: 1.7933, aux_loss: 0.0000, lr: 0.00037645, epoch_time: 63.0min
Epoch:[1/2](46480/66163), loss: 1.8140, logits_loss: 1.8140, aux_loss: 0.0000, lr: 0.00037636, epoch_time: 63.0min
Epoch:[1/2](46500/66163), loss: 1.8156, logits_loss: 1.8156, aux_loss: 0.0000, lr: 0.00037626, epoch_time: 63.0min
Epoch:[1/2](46520/66163), loss: 1.7417, logits_loss: 1.7417, aux_loss: 0.0000, lr: 0.00037617, epoch_time: 63.0min
Epoch:[1/2](46540/66163), loss: 1.7802, logits_loss: 1.7802, aux_loss: 0.0000, lr: 0.00037607, epoch_time: 63.0min
Epoch:[1/2](46560/66163), loss: 1.8223, logits_loss: 1.8223, aux_loss: 0.0000, lr: 0.00037598, epoch_time: 62.0min
Epoch:[1/2](46580/66163), loss: 1.8867, logits_loss: 1.8867, aux_loss: 0.0000, lr: 0.00037588, epoch_time: 62.0min
Epoch:[1/2](46600/66163), loss: 1.9376, logits_loss: 1.9376, aux_loss: 0.0000, lr: 0.00037578, epoch_time: 62.0min
Epoch:[1/2](46620/66163), loss: 1.7910, logits_loss: 1.7910, aux_loss: 0.0000, lr: 0.00037569, epoch_time: 62.0min
Epoch:[1/2](46640/66163), loss: 1.8972, logits_loss: 1.8972, aux_loss: 0.0000, lr: 0.00037559, epoch_time: 62.0min
Epoch:[1/2](46660/66163), loss: 1.8389, logits_loss: 1.8389, aux_loss: 0.0000, lr: 0.00037550, epoch_time: 62.0min
Epoch:[1/2](46680/66163), loss: 1.7305, logits_loss: 1.7305, aux_loss: 0.0000, lr: 0.00037540, epoch_time: 62.0min
Epoch:[1/2](46700/66163), loss: 1.7388, logits_loss: 1.7388, aux_loss: 0.0000, lr: 0.00037531, epoch_time: 62.0min
Epoch:[1/2](46720/66163), loss: 1.7801, logits_loss: 1.7801, aux_loss: 0.0000, lr: 0.00037521, epoch_time: 62.0min
Epoch:[1/2](46740/66163), loss: 1.7879, logits_loss: 1.7879, aux_loss: 0.0000, lr: 0.00037512, epoch_time: 62.0min
Epoch:[1/2](46760/66163), loss: 1.8147, logits_loss: 1.8147, aux_loss: 0.0000, lr: 0.00037502, epoch_time: 62.0min
Epoch:[1/2](46780/66163), loss: 1.7624, logits_loss: 1.7624, aux_loss: 0.0000, lr: 0.00037492, epoch_time: 62.0min
Epoch:[1/2](46800/66163), loss: 1.7789, logits_loss: 1.7789, aux_loss: 0.0000, lr: 0.00037483, epoch_time: 62.0min
Epoch:[1/2](46820/66163), loss: 1.8185, logits_loss: 1.8185, aux_loss: 0.0000, lr: 0.00037473, epoch_time: 61.0min
Epoch:[1/2](46840/66163), loss: 1.8232, logits_loss: 1.8232, aux_loss: 0.0000, lr: 0.00037464, epoch_time: 61.0min
Epoch:[1/2](46860/66163), loss: 1.8799, logits_loss: 1.8799, aux_loss: 0.0000, lr: 0.00037454, epoch_time: 61.0min
Epoch:[1/2](46880/66163), loss: 1.8412, logits_loss: 1.8412, aux_loss: 0.0000, lr: 0.00037445, epoch_time: 61.0min
Epoch:[1/2](46900/66163), loss: 1.8024, logits_loss: 1.8024, aux_loss: 0.0000, lr: 0.00037435, epoch_time: 61.0min
Epoch:[1/2](46920/66163), loss: 1.8219, logits_loss: 1.8219, aux_loss: 0.0000, lr: 0.00037425, epoch_time: 61.0min
Epoch:[1/2](46940/66163), loss: 1.8040, logits_loss: 1.8040, aux_loss: 0.0000, lr: 0.00037416, epoch_time: 61.0min
Epoch:[1/2](46960/66163), loss: 1.8358, logits_loss: 1.8358, aux_loss: 0.0000, lr: 0.00037406, epoch_time: 61.0min
Epoch:[1/2](46980/66163), loss: 1.8321, logits_loss: 1.8321, aux_loss: 0.0000, lr: 0.00037397, epoch_time: 61.0min
Epoch:[1/2](47000/66163), loss: 1.8529, logits_loss: 1.8529, aux_loss: 0.0000, lr: 0.00037387, epoch_time: 61.0min
Epoch:[1/2](47020/66163), loss: 1.7765, logits_loss: 1.7765, aux_loss: 0.0000, lr: 0.00037377, epoch_time: 61.0min
Epoch:[1/2](47040/66163), loss: 1.7293, logits_loss: 1.7293, aux_loss: 0.0000, lr: 0.00037368, epoch_time: 61.0min
Epoch:[1/2](47060/66163), loss: 1.8149, logits_loss: 1.8149, aux_loss: 0.0000, lr: 0.00037358, epoch_time: 61.0min
Epoch:[1/2](47080/66163), loss: 1.8292, logits_loss: 1.8292, aux_loss: 0.0000, lr: 0.00037349, epoch_time: 60.0min
Epoch:[1/2](47100/66163), loss: 1.8638, logits_loss: 1.8638, aux_loss: 0.0000, lr: 0.00037339, epoch_time: 60.0min
Epoch:[1/2](47120/66163), loss: 1.7553, logits_loss: 1.7553, aux_loss: 0.0000, lr: 0.00037329, epoch_time: 60.0min
Epoch:[1/2](47140/66163), loss: 1.7937, logits_loss: 1.7937, aux_loss: 0.0000, lr: 0.00037320, epoch_time: 60.0min
Epoch:[1/2](47160/66163), loss: 1.7714, logits_loss: 1.7714, aux_loss: 0.0000, lr: 0.00037310, epoch_time: 60.0min
Epoch:[1/2](47180/66163), loss: 1.7678, logits_loss: 1.7678, aux_loss: 0.0000, lr: 0.00037301, epoch_time: 60.0min
Epoch:[1/2](47200/66163), loss: 1.8412, logits_loss: 1.8412, aux_loss: 0.0000, lr: 0.00037291, epoch_time: 60.0min
Epoch:[1/2](47220/66163), loss: 1.8128, logits_loss: 1.8128, aux_loss: 0.0000, lr: 0.00037281, epoch_time: 60.0min
Epoch:[1/2](47240/66163), loss: 1.8199, logits_loss: 1.8199, aux_loss: 0.0000, lr: 0.00037272, epoch_time: 60.0min
Epoch:[1/2](47260/66163), loss: 1.8078, logits_loss: 1.8078, aux_loss: 0.0000, lr: 0.00037262, epoch_time: 60.0min
Epoch:[1/2](47280/66163), loss: 1.7070, logits_loss: 1.7070, aux_loss: 0.0000, lr: 0.00037252, epoch_time: 60.0min
Epoch:[1/2](47300/66163), loss: 1.8576, logits_loss: 1.8576, aux_loss: 0.0000, lr: 0.00037243, epoch_time: 60.0min
Epoch:[1/2](47320/66163), loss: 1.8772, logits_loss: 1.8772, aux_loss: 0.0000, lr: 0.00037233, epoch_time: 60.0min
Epoch:[1/2](47340/66163), loss: 1.8172, logits_loss: 1.8172, aux_loss: 0.0000, lr: 0.00037224, epoch_time: 60.0min
Epoch:[1/2](47360/66163), loss: 1.8732, logits_loss: 1.8732, aux_loss: 0.0000, lr: 0.00037214, epoch_time: 59.0min
Epoch:[1/2](47380/66163), loss: 1.8053, logits_loss: 1.8053, aux_loss: 0.0000, lr: 0.00037204, epoch_time: 59.0min
Epoch:[1/2](47400/66163), loss: 1.8060, logits_loss: 1.8060, aux_loss: 0.0000, lr: 0.00037195, epoch_time: 59.0min
Epoch:[1/2](47420/66163), loss: 1.8331, logits_loss: 1.8331, aux_loss: 0.0000, lr: 0.00037185, epoch_time: 60.0min
Epoch:[1/2](47440/66163), loss: 1.8223, logits_loss: 1.8223, aux_loss: 0.0000, lr: 0.00037175, epoch_time: 60.0min
Epoch:[1/2](47460/66163), loss: 1.8865, logits_loss: 1.8865, aux_loss: 0.0000, lr: 0.00037166, epoch_time: 60.0min
Epoch:[1/2](47480/66163), loss: 1.8275, logits_loss: 1.8275, aux_loss: 0.0000, lr: 0.00037156, epoch_time: 59.0min
Epoch:[1/2](47500/66163), loss: 1.8308, logits_loss: 1.8308, aux_loss: 0.0000, lr: 0.00037146, epoch_time: 59.0min
Epoch:[1/2](47520/66163), loss: 1.7708, logits_loss: 1.7708, aux_loss: 0.0000, lr: 0.00037137, epoch_time: 59.0min
Epoch:[1/2](47540/66163), loss: 1.8361, logits_loss: 1.8361, aux_loss: 0.0000, lr: 0.00037127, epoch_time: 59.0min
Epoch:[1/2](47560/66163), loss: 1.7871, logits_loss: 1.7871, aux_loss: 0.0000, lr: 0.00037117, epoch_time: 59.0min
Epoch:[1/2](47580/66163), loss: 1.7312, logits_loss: 1.7312, aux_loss: 0.0000, lr: 0.00037108, epoch_time: 59.0min
Epoch:[1/2](47600/66163), loss: 1.7901, logits_loss: 1.7901, aux_loss: 0.0000, lr: 0.00037098, epoch_time: 59.0min
Epoch:[1/2](47620/66163), loss: 1.8261, logits_loss: 1.8261, aux_loss: 0.0000, lr: 0.00037088, epoch_time: 59.0min
Epoch:[1/2](47640/66163), loss: 1.7763, logits_loss: 1.7763, aux_loss: 0.0000, lr: 0.00037079, epoch_time: 59.0min
Epoch:[1/2](47660/66163), loss: 1.8157, logits_loss: 1.8157, aux_loss: 0.0000, lr: 0.00037069, epoch_time: 59.0min
Epoch:[1/2](47680/66163), loss: 1.6899, logits_loss: 1.6899, aux_loss: 0.0000, lr: 0.00037059, epoch_time: 59.0min
Epoch:[1/2](47700/66163), loss: 1.8293, logits_loss: 1.8293, aux_loss: 0.0000, lr: 0.00037050, epoch_time: 59.0min
Epoch:[1/2](47720/66163), loss: 1.7640, logits_loss: 1.7640, aux_loss: 0.0000, lr: 0.00037040, epoch_time: 59.0min
Epoch:[1/2](47740/66163), loss: 1.8900, logits_loss: 1.8900, aux_loss: 0.0000, lr: 0.00037030, epoch_time: 58.0min
Epoch:[1/2](47760/66163), loss: 1.7921, logits_loss: 1.7921, aux_loss: 0.0000, lr: 0.00037021, epoch_time: 58.0min
Epoch:[1/2](47780/66163), loss: 1.8455, logits_loss: 1.8455, aux_loss: 0.0000, lr: 0.00037011, epoch_time: 58.0min
Epoch:[1/2](47800/66163), loss: 1.7712, logits_loss: 1.7712, aux_loss: 0.0000, lr: 0.00037001, epoch_time: 58.0min
Epoch:[1/2](47820/66163), loss: 1.8403, logits_loss: 1.8403, aux_loss: 0.0000, lr: 0.00036992, epoch_time: 58.0min
Epoch:[1/2](47840/66163), loss: 1.8627, logits_loss: 1.8627, aux_loss: 0.0000, lr: 0.00036982, epoch_time: 58.0min
Epoch:[1/2](47860/66163), loss: 1.8063, logits_loss: 1.8063, aux_loss: 0.0000, lr: 0.00036972, epoch_time: 58.0min
Epoch:[1/2](47880/66163), loss: 1.7706, logits_loss: 1.7706, aux_loss: 0.0000, lr: 0.00036963, epoch_time: 58.0min
Epoch:[1/2](47900/66163), loss: 1.7632, logits_loss: 1.7632, aux_loss: 0.0000, lr: 0.00036953, epoch_time: 58.0min
Epoch:[1/2](47920/66163), loss: 1.8131, logits_loss: 1.8131, aux_loss: 0.0000, lr: 0.00036943, epoch_time: 58.0min
Epoch:[1/2](47940/66163), loss: 1.8044, logits_loss: 1.8044, aux_loss: 0.0000, lr: 0.00036934, epoch_time: 58.0min
Epoch:[1/2](47960/66163), loss: 1.8334, logits_loss: 1.8334, aux_loss: 0.0000, lr: 0.00036924, epoch_time: 58.0min
Epoch:[1/2](47980/66163), loss: 1.8165, logits_loss: 1.8165, aux_loss: 0.0000, lr: 0.00036914, epoch_time: 58.0min
Epoch:[1/2](48000/66163), loss: 1.7948, logits_loss: 1.7948, aux_loss: 0.0000, lr: 0.00036904, epoch_time: 58.0min
Epoch:[1/2](48020/66163), loss: 1.8261, logits_loss: 1.8261, aux_loss: 0.0000, lr: 0.00036895, epoch_time: 57.0min
Epoch:[1/2](48040/66163), loss: 1.8079, logits_loss: 1.8079, aux_loss: 0.0000, lr: 0.00036885, epoch_time: 57.0min
Epoch:[1/2](48060/66163), loss: 1.9684, logits_loss: 1.9684, aux_loss: 0.0000, lr: 0.00036875, epoch_time: 57.0min
Epoch:[1/2](48080/66163), loss: 1.7634, logits_loss: 1.7634, aux_loss: 0.0000, lr: 0.00036866, epoch_time: 57.0min
Epoch:[1/2](48100/66163), loss: 1.8339, logits_loss: 1.8339, aux_loss: 0.0000, lr: 0.00036856, epoch_time: 57.0min
Epoch:[1/2](48120/66163), loss: 1.8452, logits_loss: 1.8452, aux_loss: 0.0000, lr: 0.00036846, epoch_time: 57.0min
Epoch:[1/2](48140/66163), loss: 1.7776, logits_loss: 1.7776, aux_loss: 0.0000, lr: 0.00036836, epoch_time: 57.0min
Epoch:[1/2](48160/66163), loss: 1.8032, logits_loss: 1.8032, aux_loss: 0.0000, lr: 0.00036827, epoch_time: 57.0min
Epoch:[1/2](48180/66163), loss: 1.7555, logits_loss: 1.7555, aux_loss: 0.0000, lr: 0.00036817, epoch_time: 57.0min
Epoch:[1/2](48200/66163), loss: 1.8002, logits_loss: 1.8002, aux_loss: 0.0000, lr: 0.00036807, epoch_time: 57.0min
Epoch:[1/2](48220/66163), loss: 1.7920, logits_loss: 1.7920, aux_loss: 0.0000, lr: 0.00036798, epoch_time: 57.0min
Epoch:[1/2](48240/66163), loss: 1.7948, logits_loss: 1.7948, aux_loss: 0.0000, lr: 0.00036788, epoch_time: 57.0min
Epoch:[1/2](48260/66163), loss: 1.8481, logits_loss: 1.8481, aux_loss: 0.0000, lr: 0.00036778, epoch_time: 57.0min
Epoch:[1/2](48280/66163), loss: 1.8674, logits_loss: 1.8674, aux_loss: 0.0000, lr: 0.00036768, epoch_time: 56.0min
Epoch:[1/2](48300/66163), loss: 1.7481, logits_loss: 1.7481, aux_loss: 0.0000, lr: 0.00036759, epoch_time: 56.0min
Epoch:[1/2](48320/66163), loss: 1.8094, logits_loss: 1.8094, aux_loss: 0.0000, lr: 0.00036749, epoch_time: 56.0min
Epoch:[1/2](48340/66163), loss: 1.7283, logits_loss: 1.7283, aux_loss: 0.0000, lr: 0.00036739, epoch_time: 57.0min
Epoch:[1/2](48360/66163), loss: 1.8315, logits_loss: 1.8315, aux_loss: 0.0000, lr: 0.00036729, epoch_time: 57.0min
Epoch:[1/2](48380/66163), loss: 1.7534, logits_loss: 1.7534, aux_loss: 0.0000, lr: 0.00036720, epoch_time: 57.0min
Epoch:[1/2](48400/66163), loss: 1.7923, logits_loss: 1.7923, aux_loss: 0.0000, lr: 0.00036710, epoch_time: 56.0min
Epoch:[1/2](48420/66163), loss: 1.7834, logits_loss: 1.7834, aux_loss: 0.0000, lr: 0.00036700, epoch_time: 56.0min
Epoch:[1/2](48440/66163), loss: 1.7679, logits_loss: 1.7679, aux_loss: 0.0000, lr: 0.00036690, epoch_time: 56.0min
Epoch:[1/2](48460/66163), loss: 1.7996, logits_loss: 1.7996, aux_loss: 0.0000, lr: 0.00036681, epoch_time: 56.0min
Epoch:[1/2](48480/66163), loss: 1.8423, logits_loss: 1.8423, aux_loss: 0.0000, lr: 0.00036671, epoch_time: 56.0min
Epoch:[1/2](48500/66163), loss: 1.8102, logits_loss: 1.8102, aux_loss: 0.0000, lr: 0.00036661, epoch_time: 56.0min
Epoch:[1/2](48520/66163), loss: 1.7891, logits_loss: 1.7891, aux_loss: 0.0000, lr: 0.00036651, epoch_time: 56.0min
Epoch:[1/2](48540/66163), loss: 1.8046, logits_loss: 1.8046, aux_loss: 0.0000, lr: 0.00036642, epoch_time: 56.0min
Epoch:[1/2](48560/66163), loss: 1.7557, logits_loss: 1.7557, aux_loss: 0.0000, lr: 0.00036632, epoch_time: 56.0min
Epoch:[1/2](48580/66163), loss: 1.7166, logits_loss: 1.7166, aux_loss: 0.0000, lr: 0.00036622, epoch_time: 56.0min
Epoch:[1/2](48600/66163), loss: 1.8039, logits_loss: 1.8039, aux_loss: 0.0000, lr: 0.00036612, epoch_time: 56.0min
Epoch:[1/2](48620/66163), loss: 1.8173, logits_loss: 1.8173, aux_loss: 0.0000, lr: 0.00036603, epoch_time: 56.0min
Epoch:[1/2](48640/66163), loss: 1.8757, logits_loss: 1.8757, aux_loss: 0.0000, lr: 0.00036593, epoch_time: 56.0min
Epoch:[1/2](48660/66163), loss: 1.8168, logits_loss: 1.8168, aux_loss: 0.0000, lr: 0.00036583, epoch_time: 56.0min
Epoch:[1/2](48680/66163), loss: 1.8056, logits_loss: 1.8056, aux_loss: 0.0000, lr: 0.00036573, epoch_time: 55.0min
Epoch:[1/2](48700/66163), loss: 1.8959, logits_loss: 1.8959, aux_loss: 0.0000, lr: 0.00036563, epoch_time: 55.0min
Epoch:[1/2](48720/66163), loss: 1.8118, logits_loss: 1.8118, aux_loss: 0.0000, lr: 0.00036554, epoch_time: 55.0min
Epoch:[1/2](48740/66163), loss: 1.7628, logits_loss: 1.7628, aux_loss: 0.0000, lr: 0.00036544, epoch_time: 55.0min
Epoch:[1/2](48760/66163), loss: 1.7271, logits_loss: 1.7271, aux_loss: 0.0000, lr: 0.00036534, epoch_time: 55.0min
Epoch:[1/2](48780/66163), loss: 1.7771, logits_loss: 1.7771, aux_loss: 0.0000, lr: 0.00036524, epoch_time: 55.0min
Epoch:[1/2](48800/66163), loss: 1.7452, logits_loss: 1.7452, aux_loss: 0.0000, lr: 0.00036515, epoch_time: 55.0min
Epoch:[1/2](48820/66163), loss: 1.7107, logits_loss: 1.7107, aux_loss: 0.0000, lr: 0.00036505, epoch_time: 55.0min
Epoch:[1/2](48840/66163), loss: 1.8722, logits_loss: 1.8722, aux_loss: 0.0000, lr: 0.00036495, epoch_time: 55.0min
Epoch:[1/2](48860/66163), loss: 1.8043, logits_loss: 1.8043, aux_loss: 0.0000, lr: 0.00036485, epoch_time: 55.0min
Epoch:[1/2](48880/66163), loss: 1.8296, logits_loss: 1.8296, aux_loss: 0.0000, lr: 0.00036475, epoch_time: 55.0min
Epoch:[1/2](48900/66163), loss: 1.7994, logits_loss: 1.7994, aux_loss: 0.0000, lr: 0.00036466, epoch_time: 55.0min
Epoch:[1/2](48920/66163), loss: 1.8355, logits_loss: 1.8355, aux_loss: 0.0000, lr: 0.00036456, epoch_time: 55.0min
Epoch:[1/2](48940/66163), loss: 1.7878, logits_loss: 1.7878, aux_loss: 0.0000, lr: 0.00036446, epoch_time: 55.0min
Epoch:[1/2](48960/66163), loss: 1.9192, logits_loss: 1.9192, aux_loss: 0.0000, lr: 0.00036436, epoch_time: 54.0min
Epoch:[1/2](48980/66163), loss: 1.7369, logits_loss: 1.7369, aux_loss: 0.0000, lr: 0.00036426, epoch_time: 54.0min
Epoch:[1/2](49000/66163), loss: 1.7981, logits_loss: 1.7981, aux_loss: 0.0000, lr: 0.00036417, epoch_time: 54.0min
Epoch:[1/2](49020/66163), loss: 1.7456, logits_loss: 1.7456, aux_loss: 0.0000, lr: 0.00036407, epoch_time: 54.0min
Epoch:[1/2](49040/66163), loss: 1.7771, logits_loss: 1.7771, aux_loss: 0.0000, lr: 0.00036397, epoch_time: 54.0min
Epoch:[1/2](49060/66163), loss: 1.7691, logits_loss: 1.7691, aux_loss: 0.0000, lr: 0.00036387, epoch_time: 54.0min
Epoch:[1/2](49080/66163), loss: 1.8992, logits_loss: 1.8992, aux_loss: 0.0000, lr: 0.00036377, epoch_time: 54.0min
Epoch:[1/2](49100/66163), loss: 1.7832, logits_loss: 1.7832, aux_loss: 0.0000, lr: 0.00036367, epoch_time: 54.0min
Epoch:[1/2](49120/66163), loss: 1.7645, logits_loss: 1.7645, aux_loss: 0.0000, lr: 0.00036358, epoch_time: 54.0min
Epoch:[1/2](49140/66163), loss: 1.8481, logits_loss: 1.8481, aux_loss: 0.0000, lr: 0.00036348, epoch_time: 54.0min
Epoch:[1/2](49160/66163), loss: 1.7777, logits_loss: 1.7777, aux_loss: 0.0000, lr: 0.00036338, epoch_time: 54.0min
Epoch:[1/2](49180/66163), loss: 1.7360, logits_loss: 1.7360, aux_loss: 0.0000, lr: 0.00036328, epoch_time: 54.0min
Epoch:[1/2](49200/66163), loss: 1.8044, logits_loss: 1.8044, aux_loss: 0.0000, lr: 0.00036318, epoch_time: 54.0min
Epoch:[1/2](49220/66163), loss: 1.7856, logits_loss: 1.7856, aux_loss: 0.0000, lr: 0.00036308, epoch_time: 53.0min
Epoch:[1/2](49240/66163), loss: 1.9163, logits_loss: 1.9163, aux_loss: 0.0000, lr: 0.00036299, epoch_time: 53.0min
Epoch:[1/2](49260/66163), loss: 1.8677, logits_loss: 1.8677, aux_loss: 0.0000, lr: 0.00036289, epoch_time: 53.0min
Epoch:[1/2](49280/66163), loss: 1.8626, logits_loss: 1.8626, aux_loss: 0.0000, lr: 0.00036279, epoch_time: 53.0min
Epoch:[1/2](49300/66163), loss: 1.8315, logits_loss: 1.8315, aux_loss: 0.0000, lr: 0.00036269, epoch_time: 53.0min
Epoch:[1/2](49320/66163), loss: 1.8290, logits_loss: 1.8290, aux_loss: 0.0000, lr: 0.00036259, epoch_time: 53.0min
Epoch:[1/2](49340/66163), loss: 1.7816, logits_loss: 1.7816, aux_loss: 0.0000, lr: 0.00036249, epoch_time: 53.0min
Epoch:[1/2](49360/66163), loss: 1.7715, logits_loss: 1.7715, aux_loss: 0.0000, lr: 0.00036240, epoch_time: 53.0min
Epoch:[1/2](49380/66163), loss: 1.7765, logits_loss: 1.7765, aux_loss: 0.0000, lr: 0.00036230, epoch_time: 53.0min
Epoch:[1/2](49400/66163), loss: 1.8659, logits_loss: 1.8659, aux_loss: 0.0000, lr: 0.00036220, epoch_time: 53.0min
Epoch:[1/2](49420/66163), loss: 1.7649, logits_loss: 1.7649, aux_loss: 0.0000, lr: 0.00036210, epoch_time: 53.0min
Epoch:[1/2](49440/66163), loss: 1.8612, logits_loss: 1.8612, aux_loss: 0.0000, lr: 0.00036200, epoch_time: 53.0min
Epoch:[1/2](49460/66163), loss: 1.7640, logits_loss: 1.7640, aux_loss: 0.0000, lr: 0.00036190, epoch_time: 53.0min
Epoch:[1/2](49480/66163), loss: 1.7857, logits_loss: 1.7857, aux_loss: 0.0000, lr: 0.00036181, epoch_time: 53.0min
Epoch:[1/2](49500/66163), loss: 1.8555, logits_loss: 1.8555, aux_loss: 0.0000, lr: 0.00036171, epoch_time: 53.0min
Epoch:[1/2](49520/66163), loss: 1.7709, logits_loss: 1.7709, aux_loss: 0.0000, lr: 0.00036161, epoch_time: 53.0min
Epoch:[1/2](49540/66163), loss: 1.8609, logits_loss: 1.8609, aux_loss: 0.0000, lr: 0.00036151, epoch_time: 53.0min
Epoch:[1/2](49560/66163), loss: 1.8089, logits_loss: 1.8089, aux_loss: 0.0000, lr: 0.00036141, epoch_time: 53.0min
Epoch:[1/2](49580/66163), loss: 1.6693, logits_loss: 1.6693, aux_loss: 0.0000, lr: 0.00036131, epoch_time: 53.0min
Epoch:[1/2](49600/66163), loss: 2.0242, logits_loss: 2.0242, aux_loss: 0.0000, lr: 0.00036121, epoch_time: 53.0min
Epoch:[1/2](49620/66163), loss: 1.7747, logits_loss: 1.7747, aux_loss: 0.0000, lr: 0.00036111, epoch_time: 52.0min
Epoch:[1/2](49640/66163), loss: 1.7505, logits_loss: 1.7505, aux_loss: 0.0000, lr: 0.00036102, epoch_time: 52.0min
Epoch:[1/2](49660/66163), loss: 1.8000, logits_loss: 1.8000, aux_loss: 0.0000, lr: 0.00036092, epoch_time: 52.0min
Epoch:[1/2](49680/66163), loss: 1.7880, logits_loss: 1.7880, aux_loss: 0.0000, lr: 0.00036082, epoch_time: 52.0min
Epoch:[1/2](49700/66163), loss: 1.8056, logits_loss: 1.8056, aux_loss: 0.0000, lr: 0.00036072, epoch_time: 52.0min
Epoch:[1/2](49720/66163), loss: 1.7151, logits_loss: 1.7151, aux_loss: 0.0000, lr: 0.00036062, epoch_time: 52.0min
Epoch:[1/2](49740/66163), loss: 1.7975, logits_loss: 1.7975, aux_loss: 0.0000, lr: 0.00036052, epoch_time: 52.0min
Epoch:[1/2](49760/66163), loss: 1.7977, logits_loss: 1.7977, aux_loss: 0.0000, lr: 0.00036042, epoch_time: 52.0min
Epoch:[1/2](49780/66163), loss: 1.7608, logits_loss: 1.7608, aux_loss: 0.0000, lr: 0.00036032, epoch_time: 52.0min
Epoch:[1/2](49800/66163), loss: 1.8806, logits_loss: 1.8806, aux_loss: 0.0000, lr: 0.00036023, epoch_time: 52.0min
Epoch:[1/2](49820/66163), loss: 1.7730, logits_loss: 1.7730, aux_loss: 0.0000, lr: 0.00036013, epoch_time: 52.0min
Epoch:[1/2](49840/66163), loss: 1.8416, logits_loss: 1.8416, aux_loss: 0.0000, lr: 0.00036003, epoch_time: 52.0min
Epoch:[1/2](49860/66163), loss: 1.7997, logits_loss: 1.7997, aux_loss: 0.0000, lr: 0.00035993, epoch_time: 52.0min
Epoch:[1/2](49880/66163), loss: 1.8413, logits_loss: 1.8413, aux_loss: 0.0000, lr: 0.00035983, epoch_time: 51.0min
Epoch:[1/2](49900/66163), loss: 1.8707, logits_loss: 1.8707, aux_loss: 0.0000, lr: 0.00035973, epoch_time: 51.0min
Epoch:[1/2](49920/66163), loss: 1.8193, logits_loss: 1.8193, aux_loss: 0.0000, lr: 0.00035963, epoch_time: 51.0min
Epoch:[1/2](49940/66163), loss: 1.7695, logits_loss: 1.7695, aux_loss: 0.0000, lr: 0.00035953, epoch_time: 51.0min
Epoch:[1/2](49960/66163), loss: 1.7514, logits_loss: 1.7514, aux_loss: 0.0000, lr: 0.00035943, epoch_time: 51.0min
Epoch:[1/2](49980/66163), loss: 1.8469, logits_loss: 1.8469, aux_loss: 0.0000, lr: 0.00035934, epoch_time: 51.0min
Epoch:[1/2](50000/66163), loss: 1.7547, logits_loss: 1.7547, aux_loss: 0.0000, lr: 0.00035924, epoch_time: 51.0min
Epoch:[1/2](50020/66163), loss: 1.7529, logits_loss: 1.7529, aux_loss: 0.0000, lr: 0.00035914, epoch_time: 51.0min
Epoch:[1/2](50040/66163), loss: 1.7473, logits_loss: 1.7473, aux_loss: 0.0000, lr: 0.00035904, epoch_time: 51.0min
Epoch:[1/2](50060/66163), loss: 1.6974, logits_loss: 1.6974, aux_loss: 0.0000, lr: 0.00035894, epoch_time: 51.0min
Epoch:[1/2](50080/66163), loss: 1.7527, logits_loss: 1.7527, aux_loss: 0.0000, lr: 0.00035884, epoch_time: 51.0min
Epoch:[1/2](50100/66163), loss: 1.7691, logits_loss: 1.7691, aux_loss: 0.0000, lr: 0.00035874, epoch_time: 51.0min
Epoch:[1/2](50120/66163), loss: 1.7254, logits_loss: 1.7254, aux_loss: 0.0000, lr: 0.00035864, epoch_time: 51.0min
Epoch:[1/2](50140/66163), loss: 1.8450, logits_loss: 1.8450, aux_loss: 0.0000, lr: 0.00035854, epoch_time: 51.0min
Epoch:[1/2](50160/66163), loss: 1.7620, logits_loss: 1.7620, aux_loss: 0.0000, lr: 0.00035844, epoch_time: 51.0min
Epoch:[1/2](50180/66163), loss: 1.8009, logits_loss: 1.8009, aux_loss: 0.0000, lr: 0.00035834, epoch_time: 50.0min
Epoch:[1/2](50200/66163), loss: 1.7979, logits_loss: 1.7979, aux_loss: 0.0000, lr: 0.00035824, epoch_time: 50.0min
Epoch:[1/2](50220/66163), loss: 1.7159, logits_loss: 1.7159, aux_loss: 0.0000, lr: 0.00035815, epoch_time: 50.0min
Epoch:[1/2](50240/66163), loss: 1.6854, logits_loss: 1.6854, aux_loss: 0.0000, lr: 0.00035805, epoch_time: 50.0min
Epoch:[1/2](50260/66163), loss: 1.8139, logits_loss: 1.8139, aux_loss: 0.0000, lr: 0.00035795, epoch_time: 50.0min
Epoch:[1/2](50280/66163), loss: 1.8488, logits_loss: 1.8488, aux_loss: 0.0000, lr: 0.00035785, epoch_time: 50.0min
Epoch:[1/2](50300/66163), loss: 1.7395, logits_loss: 1.7395, aux_loss: 0.0000, lr: 0.00035775, epoch_time: 50.0min
Epoch:[1/2](50320/66163), loss: 1.7982, logits_loss: 1.7982, aux_loss: 0.0000, lr: 0.00035765, epoch_time: 50.0min
Epoch:[1/2](50340/66163), loss: 1.7815, logits_loss: 1.7815, aux_loss: 0.0000, lr: 0.00035755, epoch_time: 50.0min
Epoch:[1/2](50360/66163), loss: 1.8340, logits_loss: 1.8340, aux_loss: 0.0000, lr: 0.00035745, epoch_time: 50.0min
Epoch:[1/2](50380/66163), loss: 1.7449, logits_loss: 1.7449, aux_loss: 0.0000, lr: 0.00035735, epoch_time: 50.0min
Epoch:[1/2](50400/66163), loss: 1.8315, logits_loss: 1.8315, aux_loss: 0.0000, lr: 0.00035725, epoch_time: 50.0min
Epoch:[1/2](50420/66163), loss: 1.8079, logits_loss: 1.8079, aux_loss: 0.0000, lr: 0.00035715, epoch_time: 50.0min
Epoch:[1/2](50440/66163), loss: 1.9202, logits_loss: 1.9202, aux_loss: 0.0000, lr: 0.00035705, epoch_time: 50.0min
Epoch:[1/2](50460/66163), loss: 1.7221, logits_loss: 1.7221, aux_loss: 0.0000, lr: 0.00035695, epoch_time: 49.0min
Epoch:[1/2](50480/66163), loss: 1.7477, logits_loss: 1.7477, aux_loss: 0.0000, lr: 0.00035685, epoch_time: 49.0min
Epoch:[1/2](50500/66163), loss: 1.7892, logits_loss: 1.7892, aux_loss: 0.0000, lr: 0.00035675, epoch_time: 49.0min
Epoch:[1/2](50520/66163), loss: 1.8025, logits_loss: 1.8025, aux_loss: 0.0000, lr: 0.00035665, epoch_time: 49.0min
Epoch:[1/2](50540/66163), loss: 1.7521, logits_loss: 1.7521, aux_loss: 0.0000, lr: 0.00035655, epoch_time: 49.0min
Epoch:[1/2](50560/66163), loss: 1.8878, logits_loss: 1.8878, aux_loss: 0.0000, lr: 0.00035645, epoch_time: 49.0min
Epoch:[1/2](50580/66163), loss: 1.7712, logits_loss: 1.7712, aux_loss: 0.0000, lr: 0.00035636, epoch_time: 49.0min
Epoch:[1/2](50600/66163), loss: 1.8628, logits_loss: 1.8628, aux_loss: 0.0000, lr: 0.00035626, epoch_time: 49.0min
Epoch:[1/2](50620/66163), loss: 1.8069, logits_loss: 1.8069, aux_loss: 0.0000, lr: 0.00035616, epoch_time: 49.0min
Epoch:[1/2](50640/66163), loss: 1.8097, logits_loss: 1.8097, aux_loss: 0.0000, lr: 0.00035606, epoch_time: 49.0min
Epoch:[1/2](50660/66163), loss: 1.7646, logits_loss: 1.7646, aux_loss: 0.0000, lr: 0.00035596, epoch_time: 49.0min
Epoch:[1/2](50680/66163), loss: 1.7157, logits_loss: 1.7157, aux_loss: 0.0000, lr: 0.00035586, epoch_time: 49.0min
Epoch:[1/2](50700/66163), loss: 1.7750, logits_loss: 1.7750, aux_loss: 0.0000, lr: 0.00035576, epoch_time: 49.0min
Epoch:[1/2](50720/66163), loss: 1.8002, logits_loss: 1.8002, aux_loss: 0.0000, lr: 0.00035566, epoch_time: 49.0min
Epoch:[1/2](50740/66163), loss: 1.7664, logits_loss: 1.7664, aux_loss: 0.0000, lr: 0.00035556, epoch_time: 49.0min
Epoch:[1/2](50760/66163), loss: 1.8422, logits_loss: 1.8422, aux_loss: 0.0000, lr: 0.00035546, epoch_time: 49.0min
Epoch:[1/2](50780/66163), loss: 1.7517, logits_loss: 1.7517, aux_loss: 0.0000, lr: 0.00035536, epoch_time: 49.0min
Epoch:[1/2](50800/66163), loss: 1.7075, logits_loss: 1.7075, aux_loss: 0.0000, lr: 0.00035526, epoch_time: 49.0min
Epoch:[1/2](50820/66163), loss: 1.7634, logits_loss: 1.7634, aux_loss: 0.0000, lr: 0.00035516, epoch_time: 49.0min
Epoch:[1/2](50840/66163), loss: 1.8288, logits_loss: 1.8288, aux_loss: 0.0000, lr: 0.00035506, epoch_time: 48.0min
Epoch:[1/2](50860/66163), loss: 1.7599, logits_loss: 1.7599, aux_loss: 0.0000, lr: 0.00035496, epoch_time: 48.0min
Epoch:[1/2](50880/66163), loss: 1.7818, logits_loss: 1.7818, aux_loss: 0.0000, lr: 0.00035486, epoch_time: 48.0min
Epoch:[1/2](50900/66163), loss: 1.7543, logits_loss: 1.7543, aux_loss: 0.0000, lr: 0.00035476, epoch_time: 48.0min
Epoch:[1/2](50920/66163), loss: 1.7067, logits_loss: 1.7067, aux_loss: 0.0000, lr: 0.00035466, epoch_time: 48.0min
Epoch:[1/2](50940/66163), loss: 1.7480, logits_loss: 1.7480, aux_loss: 0.0000, lr: 0.00035456, epoch_time: 48.0min
Epoch:[1/2](50960/66163), loss: 1.7578, logits_loss: 1.7578, aux_loss: 0.0000, lr: 0.00035446, epoch_time: 48.0min
Epoch:[1/2](50980/66163), loss: 1.7718, logits_loss: 1.7718, aux_loss: 0.0000, lr: 0.00035436, epoch_time: 48.0min
Epoch:[1/2](51000/66163), loss: 1.8635, logits_loss: 1.8635, aux_loss: 0.0000, lr: 0.00035426, epoch_time: 48.0min
Epoch:[1/2](51020/66163), loss: 1.7336, logits_loss: 1.7336, aux_loss: 0.0000, lr: 0.00035416, epoch_time: 48.0min
Epoch:[1/2](51040/66163), loss: 1.8732, logits_loss: 1.8732, aux_loss: 0.0000, lr: 0.00035406, epoch_time: 48.0min
Epoch:[1/2](51060/66163), loss: 1.7450, logits_loss: 1.7450, aux_loss: 0.0000, lr: 0.00035396, epoch_time: 48.0min
Epoch:[1/2](51080/66163), loss: 1.7669, logits_loss: 1.7669, aux_loss: 0.0000, lr: 0.00035386, epoch_time: 48.0min
Epoch:[1/2](51100/66163), loss: 1.7781, logits_loss: 1.7781, aux_loss: 0.0000, lr: 0.00035376, epoch_time: 48.0min
Epoch:[1/2](51120/66163), loss: 1.7870, logits_loss: 1.7870, aux_loss: 0.0000, lr: 0.00035366, epoch_time: 47.0min
Epoch:[1/2](51140/66163), loss: 1.7848, logits_loss: 1.7848, aux_loss: 0.0000, lr: 0.00035356, epoch_time: 47.0min
Epoch:[1/2](51160/66163), loss: 1.8769, logits_loss: 1.8769, aux_loss: 0.0000, lr: 0.00035346, epoch_time: 47.0min
Epoch:[1/2](51180/66163), loss: 1.7610, logits_loss: 1.7610, aux_loss: 0.0000, lr: 0.00035336, epoch_time: 47.0min
Epoch:[1/2](51200/66163), loss: 1.8349, logits_loss: 1.8349, aux_loss: 0.0000, lr: 0.00035326, epoch_time: 47.0min
Epoch:[1/2](51220/66163), loss: 1.7939, logits_loss: 1.7939, aux_loss: 0.0000, lr: 0.00035316, epoch_time: 47.0min
Epoch:[1/2](51240/66163), loss: 1.8159, logits_loss: 1.8159, aux_loss: 0.0000, lr: 0.00035306, epoch_time: 47.0min
Epoch:[1/2](51260/66163), loss: 1.7561, logits_loss: 1.7561, aux_loss: 0.0000, lr: 0.00035296, epoch_time: 47.0min
Epoch:[1/2](51280/66163), loss: 1.7586, logits_loss: 1.7586, aux_loss: 0.0000, lr: 0.00035286, epoch_time: 47.0min
Epoch:[1/2](51300/66163), loss: 1.8700, logits_loss: 1.8700, aux_loss: 0.0000, lr: 0.00035276, epoch_time: 47.0min
Epoch:[1/2](51320/66163), loss: 1.8365, logits_loss: 1.8365, aux_loss: 0.0000, lr: 0.00035266, epoch_time: 47.0min
Epoch:[1/2](51340/66163), loss: 1.7864, logits_loss: 1.7864, aux_loss: 0.0000, lr: 0.00035256, epoch_time: 47.0min
Epoch:[1/2](51360/66163), loss: 1.8810, logits_loss: 1.8810, aux_loss: 0.0000, lr: 0.00035246, epoch_time: 47.0min
Epoch:[1/2](51380/66163), loss: 1.7544, logits_loss: 1.7544, aux_loss: 0.0000, lr: 0.00035236, epoch_time: 47.0min
Epoch:[1/2](51400/66163), loss: 1.7788, logits_loss: 1.7788, aux_loss: 0.0000, lr: 0.00035226, epoch_time: 46.0min
Epoch:[1/2](51420/66163), loss: 1.9059, logits_loss: 1.9059, aux_loss: 0.0000, lr: 0.00035216, epoch_time: 46.0min
Epoch:[1/2](51440/66163), loss: 1.7802, logits_loss: 1.7802, aux_loss: 0.0000, lr: 0.00035206, epoch_time: 46.0min
Epoch:[1/2](51460/66163), loss: 1.7382, logits_loss: 1.7382, aux_loss: 0.0000, lr: 0.00035196, epoch_time: 46.0min
Epoch:[1/2](51480/66163), loss: 1.7189, logits_loss: 1.7189, aux_loss: 0.0000, lr: 0.00035185, epoch_time: 46.0min
Epoch:[1/2](51500/66163), loss: 1.7585, logits_loss: 1.7585, aux_loss: 0.0000, lr: 0.00035175, epoch_time: 46.0min
Epoch:[1/2](51520/66163), loss: 1.7434, logits_loss: 1.7434, aux_loss: 0.0000, lr: 0.00035165, epoch_time: 46.0min
Epoch:[1/2](51540/66163), loss: 1.8209, logits_loss: 1.8209, aux_loss: 0.0000, lr: 0.00035155, epoch_time: 46.0min
Epoch:[1/2](51560/66163), loss: 1.7584, logits_loss: 1.7584, aux_loss: 0.0000, lr: 0.00035145, epoch_time: 46.0min
Epoch:[1/2](51580/66163), loss: 1.6992, logits_loss: 1.6992, aux_loss: 0.0000, lr: 0.00035135, epoch_time: 46.0min
Epoch:[1/2](51600/66163), loss: 1.8509, logits_loss: 1.8509, aux_loss: 0.0000, lr: 0.00035125, epoch_time: 46.0min
Epoch:[1/2](51620/66163), loss: 1.7879, logits_loss: 1.7879, aux_loss: 0.0000, lr: 0.00035115, epoch_time: 46.0min
Epoch:[1/2](51640/66163), loss: 1.8106, logits_loss: 1.8106, aux_loss: 0.0000, lr: 0.00035105, epoch_time: 46.0min
Epoch:[1/2](51660/66163), loss: 1.8264, logits_loss: 1.8264, aux_loss: 0.0000, lr: 0.00035095, epoch_time: 46.0min
Epoch:[1/2](51680/66163), loss: 1.7658, logits_loss: 1.7658, aux_loss: 0.0000, lr: 0.00035085, epoch_time: 46.0min
Epoch:[1/2](51700/66163), loss: 1.7908, logits_loss: 1.7908, aux_loss: 0.0000, lr: 0.00035075, epoch_time: 46.0min
Epoch:[1/2](51720/66163), loss: 1.7770, logits_loss: 1.7770, aux_loss: 0.0000, lr: 0.00035065, epoch_time: 46.0min
Epoch:[1/2](51740/66163), loss: 1.8154, logits_loss: 1.8154, aux_loss: 0.0000, lr: 0.00035055, epoch_time: 46.0min
Epoch:[1/2](51760/66163), loss: 1.7128, logits_loss: 1.7128, aux_loss: 0.0000, lr: 0.00035045, epoch_time: 46.0min
Epoch:[1/2](51780/66163), loss: 1.8039, logits_loss: 1.8039, aux_loss: 0.0000, lr: 0.00035035, epoch_time: 45.0min
Epoch:[1/2](51800/66163), loss: 1.8487, logits_loss: 1.8487, aux_loss: 0.0000, lr: 0.00035025, epoch_time: 45.0min
Epoch:[1/2](51820/66163), loss: 1.8103, logits_loss: 1.8103, aux_loss: 0.0000, lr: 0.00035015, epoch_time: 45.0min
Epoch:[1/2](51840/66163), loss: 1.6724, logits_loss: 1.6724, aux_loss: 0.0000, lr: 0.00035004, epoch_time: 45.0min
Epoch:[1/2](51860/66163), loss: 1.7223, logits_loss: 1.7223, aux_loss: 0.0000, lr: 0.00034994, epoch_time: 45.0min
Epoch:[1/2](51880/66163), loss: 1.8071, logits_loss: 1.8071, aux_loss: 0.0000, lr: 0.00034984, epoch_time: 45.0min
Epoch:[1/2](51900/66163), loss: 1.7446, logits_loss: 1.7446, aux_loss: 0.0000, lr: 0.00034974, epoch_time: 45.0min
Epoch:[1/2](51920/66163), loss: 1.7107, logits_loss: 1.7107, aux_loss: 0.0000, lr: 0.00034964, epoch_time: 45.0min
Epoch:[1/2](51940/66163), loss: 1.7459, logits_loss: 1.7459, aux_loss: 0.0000, lr: 0.00034954, epoch_time: 45.0min
Epoch:[1/2](51960/66163), loss: 1.8519, logits_loss: 1.8519, aux_loss: 0.0000, lr: 0.00034944, epoch_time: 45.0min
Epoch:[1/2](51980/66163), loss: 1.7930, logits_loss: 1.7930, aux_loss: 0.0000, lr: 0.00034934, epoch_time: 45.0min
Epoch:[1/2](52000/66163), loss: 1.7274, logits_loss: 1.7274, aux_loss: 0.0000, lr: 0.00034924, epoch_time: 45.0min
Epoch:[1/2](52020/66163), loss: 1.7828, logits_loss: 1.7828, aux_loss: 0.0000, lr: 0.00034914, epoch_time: 45.0min
Epoch:[1/2](52040/66163), loss: 1.8531, logits_loss: 1.8531, aux_loss: 0.0000, lr: 0.00034904, epoch_time: 45.0min
Epoch:[1/2](52060/66163), loss: 1.7661, logits_loss: 1.7661, aux_loss: 0.0000, lr: 0.00034894, epoch_time: 44.0min
Epoch:[1/2](52080/66163), loss: 1.8379, logits_loss: 1.8379, aux_loss: 0.0000, lr: 0.00034883, epoch_time: 44.0min
Epoch:[1/2](52100/66163), loss: 1.8212, logits_loss: 1.8212, aux_loss: 0.0000, lr: 0.00034873, epoch_time: 44.0min
Epoch:[1/2](52120/66163), loss: 1.7479, logits_loss: 1.7479, aux_loss: 0.0000, lr: 0.00034863, epoch_time: 44.0min
Epoch:[1/2](52140/66163), loss: 1.7381, logits_loss: 1.7381, aux_loss: 0.0000, lr: 0.00034853, epoch_time: 44.0min
Epoch:[1/2](52160/66163), loss: 1.7888, logits_loss: 1.7888, aux_loss: 0.0000, lr: 0.00034843, epoch_time: 44.0min
Epoch:[1/2](52180/66163), loss: 1.8312, logits_loss: 1.8312, aux_loss: 0.0000, lr: 0.00034833, epoch_time: 44.0min
Epoch:[1/2](52200/66163), loss: 1.6686, logits_loss: 1.6686, aux_loss: 0.0000, lr: 0.00034823, epoch_time: 44.0min
Epoch:[1/2](52220/66163), loss: 1.7702, logits_loss: 1.7702, aux_loss: 0.0000, lr: 0.00034813, epoch_time: 44.0min
Epoch:[1/2](52240/66163), loss: 1.7322, logits_loss: 1.7322, aux_loss: 0.0000, lr: 0.00034803, epoch_time: 44.0min
Epoch:[1/2](52260/66163), loss: 1.8382, logits_loss: 1.8382, aux_loss: 0.0000, lr: 0.00034793, epoch_time: 44.0min
Epoch:[1/2](52280/66163), loss: 1.8404, logits_loss: 1.8404, aux_loss: 0.0000, lr: 0.00034782, epoch_time: 44.0min
Epoch:[1/2](52300/66163), loss: 1.7514, logits_loss: 1.7514, aux_loss: 0.0000, lr: 0.00034772, epoch_time: 44.0min
Epoch:[1/2](52320/66163), loss: 1.7741, logits_loss: 1.7741, aux_loss: 0.0000, lr: 0.00034762, epoch_time: 44.0min
Epoch:[1/2](52340/66163), loss: 1.8218, logits_loss: 1.8218, aux_loss: 0.0000, lr: 0.00034752, epoch_time: 43.0min
Epoch:[1/2](52360/66163), loss: 1.8412, logits_loss: 1.8412, aux_loss: 0.0000, lr: 0.00034742, epoch_time: 43.0min
Epoch:[1/2](52380/66163), loss: 1.7908, logits_loss: 1.7908, aux_loss: 0.0000, lr: 0.00034732, epoch_time: 43.0min
Epoch:[1/2](52400/66163), loss: 1.8169, logits_loss: 1.8169, aux_loss: 0.0000, lr: 0.00034722, epoch_time: 43.0min
Epoch:[1/2](52420/66163), loss: 1.8468, logits_loss: 1.8468, aux_loss: 0.0000, lr: 0.00034712, epoch_time: 43.0min
Epoch:[1/2](52440/66163), loss: 1.7926, logits_loss: 1.7926, aux_loss: 0.0000, lr: 0.00034702, epoch_time: 43.0min
Epoch:[1/2](52460/66163), loss: 1.7384, logits_loss: 1.7384, aux_loss: 0.0000, lr: 0.00034691, epoch_time: 43.0min
Epoch:[1/2](52480/66163), loss: 1.6873, logits_loss: 1.6873, aux_loss: 0.0000, lr: 0.00034681, epoch_time: 43.0min
Epoch:[1/2](52500/66163), loss: 1.7773, logits_loss: 1.7773, aux_loss: 0.0000, lr: 0.00034671, epoch_time: 43.0min
Epoch:[1/2](52520/66163), loss: 1.8286, logits_loss: 1.8286, aux_loss: 0.0000, lr: 0.00034661, epoch_time: 43.0min
Epoch:[1/2](52540/66163), loss: 1.9255, logits_loss: 1.9255, aux_loss: 0.0000, lr: 0.00034651, epoch_time: 43.0min
Epoch:[1/2](52560/66163), loss: 1.6959, logits_loss: 1.6959, aux_loss: 0.0000, lr: 0.00034641, epoch_time: 43.0min
Epoch:[1/2](52580/66163), loss: 1.7814, logits_loss: 1.7814, aux_loss: 0.0000, lr: 0.00034631, epoch_time: 43.0min
Epoch:[1/2](52600/66163), loss: 1.7920, logits_loss: 1.7920, aux_loss: 0.0000, lr: 0.00034621, epoch_time: 43.0min
Epoch:[1/2](52620/66163), loss: 1.8421, logits_loss: 1.8421, aux_loss: 0.0000, lr: 0.00034610, epoch_time: 43.0min
Epoch:[1/2](52640/66163), loss: 1.8552, logits_loss: 1.8552, aux_loss: 0.0000, lr: 0.00034600, epoch_time: 43.0min
Epoch:[1/2](52660/66163), loss: 1.8459, logits_loss: 1.8459, aux_loss: 0.0000, lr: 0.00034590, epoch_time: 43.0min
Epoch:[1/2](52680/66163), loss: 1.7350, logits_loss: 1.7350, aux_loss: 0.0000, lr: 0.00034580, epoch_time: 43.0min
Epoch:[1/2](52700/66163), loss: 1.7010, logits_loss: 1.7010, aux_loss: 0.0000, lr: 0.00034570, epoch_time: 43.0min
Epoch:[1/2](52720/66163), loss: 1.8301, logits_loss: 1.8301, aux_loss: 0.0000, lr: 0.00034560, epoch_time: 42.0min
Epoch:[1/2](52740/66163), loss: 1.7864, logits_loss: 1.7864, aux_loss: 0.0000, lr: 0.00034550, epoch_time: 42.0min
Epoch:[1/2](52760/66163), loss: 1.8064, logits_loss: 1.8064, aux_loss: 0.0000, lr: 0.00034539, epoch_time: 42.0min
Epoch:[1/2](52780/66163), loss: 1.7460, logits_loss: 1.7460, aux_loss: 0.0000, lr: 0.00034529, epoch_time: 42.0min
Epoch:[1/2](52800/66163), loss: 1.7830, logits_loss: 1.7830, aux_loss: 0.0000, lr: 0.00034519, epoch_time: 42.0min
Epoch:[1/2](52820/66163), loss: 1.7828, logits_loss: 1.7828, aux_loss: 0.0000, lr: 0.00034509, epoch_time: 42.0min
Epoch:[1/2](52840/66163), loss: 1.8555, logits_loss: 1.8555, aux_loss: 0.0000, lr: 0.00034499, epoch_time: 42.0min
Epoch:[1/2](52860/66163), loss: 1.7653, logits_loss: 1.7653, aux_loss: 0.0000, lr: 0.00034489, epoch_time: 42.0min
Epoch:[1/2](52880/66163), loss: 1.8469, logits_loss: 1.8469, aux_loss: 0.0000, lr: 0.00034478, epoch_time: 42.0min
Epoch:[1/2](52900/66163), loss: 1.8109, logits_loss: 1.8109, aux_loss: 0.0000, lr: 0.00034468, epoch_time: 42.0min
Epoch:[1/2](52920/66163), loss: 1.8174, logits_loss: 1.8174, aux_loss: 0.0000, lr: 0.00034458, epoch_time: 42.0min
Epoch:[1/2](52940/66163), loss: 1.7373, logits_loss: 1.7373, aux_loss: 0.0000, lr: 0.00034448, epoch_time: 42.0min
Epoch:[1/2](52960/66163), loss: 1.7645, logits_loss: 1.7645, aux_loss: 0.0000, lr: 0.00034438, epoch_time: 42.0min
Epoch:[1/2](52980/66163), loss: 1.7538, logits_loss: 1.7538, aux_loss: 0.0000, lr: 0.00034428, epoch_time: 42.0min
Epoch:[1/2](53000/66163), loss: 1.7713, logits_loss: 1.7713, aux_loss: 0.0000, lr: 0.00034418, epoch_time: 41.0min
Epoch:[1/2](53020/66163), loss: 1.7727, logits_loss: 1.7727, aux_loss: 0.0000, lr: 0.00034407, epoch_time: 41.0min
Epoch:[1/2](53040/66163), loss: 1.7419, logits_loss: 1.7419, aux_loss: 0.0000, lr: 0.00034397, epoch_time: 41.0min
Epoch:[1/2](53060/66163), loss: 1.7592, logits_loss: 1.7592, aux_loss: 0.0000, lr: 0.00034387, epoch_time: 41.0min
Epoch:[1/2](53080/66163), loss: 1.8435, logits_loss: 1.8435, aux_loss: 0.0000, lr: 0.00034377, epoch_time: 41.0min
Epoch:[1/2](53100/66163), loss: 1.7570, logits_loss: 1.7570, aux_loss: 0.0000, lr: 0.00034367, epoch_time: 41.0min
Epoch:[1/2](53120/66163), loss: 1.7457, logits_loss: 1.7457, aux_loss: 0.0000, lr: 0.00034356, epoch_time: 41.0min
Epoch:[1/2](53140/66163), loss: 1.7802, logits_loss: 1.7802, aux_loss: 0.0000, lr: 0.00034346, epoch_time: 41.0min
Epoch:[1/2](53160/66163), loss: 1.6861, logits_loss: 1.6861, aux_loss: 0.0000, lr: 0.00034336, epoch_time: 41.0min
Epoch:[1/2](53180/66163), loss: 1.7249, logits_loss: 1.7249, aux_loss: 0.0000, lr: 0.00034326, epoch_time: 41.0min
Epoch:[1/2](53200/66163), loss: 1.7252, logits_loss: 1.7252, aux_loss: 0.0000, lr: 0.00034316, epoch_time: 41.0min
Epoch:[1/2](53220/66163), loss: 1.7629, logits_loss: 1.7629, aux_loss: 0.0000, lr: 0.00034306, epoch_time: 41.0min
Epoch:[1/2](53240/66163), loss: 1.7895, logits_loss: 1.7895, aux_loss: 0.0000, lr: 0.00034295, epoch_time: 41.0min
Epoch:[1/2](53260/66163), loss: 1.7701, logits_loss: 1.7701, aux_loss: 0.0000, lr: 0.00034285, epoch_time: 41.0min
Epoch:[1/2](53280/66163), loss: 1.8341, logits_loss: 1.8341, aux_loss: 0.0000, lr: 0.00034275, epoch_time: 40.0min
Epoch:[1/2](53300/66163), loss: 1.8106, logits_loss: 1.8106, aux_loss: 0.0000, lr: 0.00034265, epoch_time: 40.0min
Epoch:[1/2](53320/66163), loss: 1.7443, logits_loss: 1.7443, aux_loss: 0.0000, lr: 0.00034255, epoch_time: 40.0min
Epoch:[1/2](53340/66163), loss: 1.8143, logits_loss: 1.8143, aux_loss: 0.0000, lr: 0.00034244, epoch_time: 40.0min
Epoch:[1/2](53360/66163), loss: 1.8403, logits_loss: 1.8403, aux_loss: 0.0000, lr: 0.00034234, epoch_time: 40.0min
Epoch:[1/2](53380/66163), loss: 1.7737, logits_loss: 1.7737, aux_loss: 0.0000, lr: 0.00034224, epoch_time: 40.0min
Epoch:[1/2](53400/66163), loss: 1.8478, logits_loss: 1.8478, aux_loss: 0.0000, lr: 0.00034214, epoch_time: 40.0min
Epoch:[1/2](53420/66163), loss: 1.8514, logits_loss: 1.8514, aux_loss: 0.0000, lr: 0.00034204, epoch_time: 40.0min
Epoch:[1/2](53440/66163), loss: 1.7113, logits_loss: 1.7113, aux_loss: 0.0000, lr: 0.00034193, epoch_time: 40.0min
Epoch:[1/2](53460/66163), loss: 1.7341, logits_loss: 1.7341, aux_loss: 0.0000, lr: 0.00034183, epoch_time: 40.0min
Epoch:[1/2](53480/66163), loss: 1.8365, logits_loss: 1.8365, aux_loss: 0.0000, lr: 0.00034173, epoch_time: 40.0min
Epoch:[1/2](53500/66163), loss: 1.8535, logits_loss: 1.8535, aux_loss: 0.0000, lr: 0.00034163, epoch_time: 40.0min
Epoch:[1/2](53520/66163), loss: 1.8156, logits_loss: 1.8156, aux_loss: 0.0000, lr: 0.00034153, epoch_time: 40.0min
Epoch:[1/2](53540/66163), loss: 1.8030, logits_loss: 1.8030, aux_loss: 0.0000, lr: 0.00034142, epoch_time: 40.0min
Epoch:[1/2](53560/66163), loss: 1.8458, logits_loss: 1.8458, aux_loss: 0.0000, lr: 0.00034132, epoch_time: 40.0min
Epoch:[1/2](53580/66163), loss: 1.8164, logits_loss: 1.8164, aux_loss: 0.0000, lr: 0.00034122, epoch_time: 40.0min
Epoch:[1/2](53600/66163), loss: 1.8495, logits_loss: 1.8495, aux_loss: 0.0000, lr: 0.00034112, epoch_time: 40.0min
Epoch:[1/2](53620/66163), loss: 1.6965, logits_loss: 1.6965, aux_loss: 0.0000, lr: 0.00034102, epoch_time: 40.0min
Epoch:[1/2](53640/66163), loss: 1.8422, logits_loss: 1.8422, aux_loss: 0.0000, lr: 0.00034091, epoch_time: 39.0min
Epoch:[1/2](53660/66163), loss: 1.7939, logits_loss: 1.7939, aux_loss: 0.0000, lr: 0.00034081, epoch_time: 39.0min
Epoch:[1/2](53680/66163), loss: 1.8014, logits_loss: 1.8014, aux_loss: 0.0000, lr: 0.00034071, epoch_time: 39.0min
Epoch:[1/2](53700/66163), loss: 1.8522, logits_loss: 1.8522, aux_loss: 0.0000, lr: 0.00034061, epoch_time: 39.0min
Epoch:[1/2](53720/66163), loss: 1.7773, logits_loss: 1.7773, aux_loss: 0.0000, lr: 0.00034051, epoch_time: 39.0min
Epoch:[1/2](53740/66163), loss: 1.6804, logits_loss: 1.6804, aux_loss: 0.0000, lr: 0.00034040, epoch_time: 39.0min
Epoch:[1/2](53760/66163), loss: 1.7890, logits_loss: 1.7890, aux_loss: 0.0000, lr: 0.00034030, epoch_time: 39.0min
Epoch:[1/2](53780/66163), loss: 1.7425, logits_loss: 1.7425, aux_loss: 0.0000, lr: 0.00034020, epoch_time: 39.0min
Epoch:[1/2](53800/66163), loss: 1.7768, logits_loss: 1.7768, aux_loss: 0.0000, lr: 0.00034010, epoch_time: 39.0min
Epoch:[1/2](53820/66163), loss: 1.7417, logits_loss: 1.7417, aux_loss: 0.0000, lr: 0.00033999, epoch_time: 39.0min
Epoch:[1/2](53840/66163), loss: 1.7796, logits_loss: 1.7796, aux_loss: 0.0000, lr: 0.00033989, epoch_time: 39.0min
Epoch:[1/2](53860/66163), loss: 1.8288, logits_loss: 1.8288, aux_loss: 0.0000, lr: 0.00033979, epoch_time: 39.0min
Epoch:[1/2](53880/66163), loss: 1.7385, logits_loss: 1.7385, aux_loss: 0.0000, lr: 0.00033969, epoch_time: 39.0min
Epoch:[1/2](53900/66163), loss: 1.7875, logits_loss: 1.7875, aux_loss: 0.0000, lr: 0.00033958, epoch_time: 39.0min
Epoch:[1/2](53920/66163), loss: 1.6867, logits_loss: 1.6867, aux_loss: 0.0000, lr: 0.00033948, epoch_time: 39.0min
Epoch:[1/2](53940/66163), loss: 1.7252, logits_loss: 1.7252, aux_loss: 0.0000, lr: 0.00033938, epoch_time: 38.0min
Epoch:[1/2](53960/66163), loss: 1.7014, logits_loss: 1.7014, aux_loss: 0.0000, lr: 0.00033928, epoch_time: 38.0min
Epoch:[1/2](53980/66163), loss: 1.6752, logits_loss: 1.6752, aux_loss: 0.0000, lr: 0.00033918, epoch_time: 38.0min
Epoch:[1/2](54000/66163), loss: 1.8452, logits_loss: 1.8452, aux_loss: 0.0000, lr: 0.00033907, epoch_time: 38.0min
Epoch:[1/2](54020/66163), loss: 1.7896, logits_loss: 1.7896, aux_loss: 0.0000, lr: 0.00033897, epoch_time: 38.0min
Epoch:[1/2](54040/66163), loss: 1.8069, logits_loss: 1.8069, aux_loss: 0.0000, lr: 0.00033887, epoch_time: 38.0min
Epoch:[1/2](54060/66163), loss: 1.7597, logits_loss: 1.7597, aux_loss: 0.0000, lr: 0.00033877, epoch_time: 38.0min
Epoch:[1/2](54080/66163), loss: 1.7844, logits_loss: 1.7844, aux_loss: 0.0000, lr: 0.00033866, epoch_time: 38.0min
Epoch:[1/2](54100/66163), loss: 1.8534, logits_loss: 1.8534, aux_loss: 0.0000, lr: 0.00033856, epoch_time: 38.0min
Epoch:[1/2](54120/66163), loss: 1.7592, logits_loss: 1.7592, aux_loss: 0.0000, lr: 0.00033846, epoch_time: 38.0min
Epoch:[1/2](54140/66163), loss: 1.7965, logits_loss: 1.7965, aux_loss: 0.0000, lr: 0.00033836, epoch_time: 38.0min
Epoch:[1/2](54160/66163), loss: 1.8155, logits_loss: 1.8155, aux_loss: 0.0000, lr: 0.00033825, epoch_time: 38.0min
Epoch:[1/2](54180/66163), loss: 1.7367, logits_loss: 1.7367, aux_loss: 0.0000, lr: 0.00033815, epoch_time: 38.0min
Epoch:[1/2](54200/66163), loss: 1.7517, logits_loss: 1.7517, aux_loss: 0.0000, lr: 0.00033805, epoch_time: 38.0min
Epoch:[1/2](54220/66163), loss: 1.7180, logits_loss: 1.7180, aux_loss: 0.0000, lr: 0.00033795, epoch_time: 37.0min
Epoch:[1/2](54240/66163), loss: 1.7249, logits_loss: 1.7249, aux_loss: 0.0000, lr: 0.00033784, epoch_time: 37.0min
Epoch:[1/2](54260/66163), loss: 1.7636, logits_loss: 1.7636, aux_loss: 0.0000, lr: 0.00033774, epoch_time: 37.0min
Epoch:[1/2](54280/66163), loss: 1.7603, logits_loss: 1.7603, aux_loss: 0.0000, lr: 0.00033764, epoch_time: 37.0min
Epoch:[1/2](54300/66163), loss: 1.7032, logits_loss: 1.7032, aux_loss: 0.0000, lr: 0.00033754, epoch_time: 37.0min
Epoch:[1/2](54320/66163), loss: 1.7952, logits_loss: 1.7952, aux_loss: 0.0000, lr: 0.00033743, epoch_time: 37.0min
Epoch:[1/2](54340/66163), loss: 1.8547, logits_loss: 1.8547, aux_loss: 0.0000, lr: 0.00033733, epoch_time: 37.0min
Epoch:[1/2](54360/66163), loss: 1.7668, logits_loss: 1.7668, aux_loss: 0.0000, lr: 0.00033723, epoch_time: 37.0min
Epoch:[1/2](54380/66163), loss: 1.7734, logits_loss: 1.7734, aux_loss: 0.0000, lr: 0.00033712, epoch_time: 37.0min
Epoch:[1/2](54400/66163), loss: 1.8042, logits_loss: 1.8042, aux_loss: 0.0000, lr: 0.00033702, epoch_time: 37.0min
Epoch:[1/2](54420/66163), loss: 1.8041, logits_loss: 1.8041, aux_loss: 0.0000, lr: 0.00033692, epoch_time: 37.0min
Epoch:[1/2](54440/66163), loss: 1.8430, logits_loss: 1.8430, aux_loss: 0.0000, lr: 0.00033682, epoch_time: 37.0min
Epoch:[1/2](54460/66163), loss: 1.7477, logits_loss: 1.7477, aux_loss: 0.0000, lr: 0.00033671, epoch_time: 37.0min
Epoch:[1/2](54480/66163), loss: 1.8161, logits_loss: 1.8161, aux_loss: 0.0000, lr: 0.00033661, epoch_time: 37.0min
Epoch:[1/2](54500/66163), loss: 1.7378, logits_loss: 1.7378, aux_loss: 0.0000, lr: 0.00033651, epoch_time: 37.0min
Epoch:[1/2](54520/66163), loss: 1.7862, logits_loss: 1.7862, aux_loss: 0.0000, lr: 0.00033641, epoch_time: 36.0min
Epoch:[1/2](54540/66163), loss: 1.7324, logits_loss: 1.7324, aux_loss: 0.0000, lr: 0.00033630, epoch_time: 37.0min
Epoch:[1/2](54560/66163), loss: 1.7900, logits_loss: 1.7900, aux_loss: 0.0000, lr: 0.00033620, epoch_time: 37.0min
Epoch:[1/2](54580/66163), loss: 1.8371, logits_loss: 1.8371, aux_loss: 0.0000, lr: 0.00033610, epoch_time: 36.0min
Epoch:[1/2](54600/66163), loss: 1.7684, logits_loss: 1.7684, aux_loss: 0.0000, lr: 0.00033599, epoch_time: 36.0min
Epoch:[1/2](54620/66163), loss: 1.7303, logits_loss: 1.7303, aux_loss: 0.0000, lr: 0.00033589, epoch_time: 36.0min
Epoch:[1/2](54640/66163), loss: 1.7076, logits_loss: 1.7076, aux_loss: 0.0000, lr: 0.00033579, epoch_time: 36.0min
Epoch:[1/2](54660/66163), loss: 1.8305, logits_loss: 1.8305, aux_loss: 0.0000, lr: 0.00033569, epoch_time: 36.0min
Epoch:[1/2](54680/66163), loss: 1.8309, logits_loss: 1.8309, aux_loss: 0.0000, lr: 0.00033558, epoch_time: 36.0min
Epoch:[1/2](54700/66163), loss: 1.7556, logits_loss: 1.7556, aux_loss: 0.0000, lr: 0.00033548, epoch_time: 36.0min
Epoch:[1/2](54720/66163), loss: 1.7723, logits_loss: 1.7723, aux_loss: 0.0000, lr: 0.00033538, epoch_time: 36.0min
Epoch:[1/2](54740/66163), loss: 1.8483, logits_loss: 1.8483, aux_loss: 0.0000, lr: 0.00033527, epoch_time: 36.0min
Epoch:[1/2](54760/66163), loss: 1.7634, logits_loss: 1.7634, aux_loss: 0.0000, lr: 0.00033517, epoch_time: 36.0min
Epoch:[1/2](54780/66163), loss: 1.6946, logits_loss: 1.6946, aux_loss: 0.0000, lr: 0.00033507, epoch_time: 36.0min
Epoch:[1/2](54800/66163), loss: 1.7494, logits_loss: 1.7494, aux_loss: 0.0000, lr: 0.00033497, epoch_time: 36.0min
Epoch:[1/2](54820/66163), loss: 1.7339, logits_loss: 1.7339, aux_loss: 0.0000, lr: 0.00033486, epoch_time: 36.0min
Epoch:[1/2](54840/66163), loss: 1.7676, logits_loss: 1.7676, aux_loss: 0.0000, lr: 0.00033476, epoch_time: 36.0min
Epoch:[1/2](54860/66163), loss: 1.8207, logits_loss: 1.8207, aux_loss: 0.0000, lr: 0.00033466, epoch_time: 36.0min
Epoch:[1/2](54880/66163), loss: 1.7964, logits_loss: 1.7964, aux_loss: 0.0000, lr: 0.00033455, epoch_time: 35.0min
Epoch:[1/2](54900/66163), loss: 1.7903, logits_loss: 1.7903, aux_loss: 0.0000, lr: 0.00033445, epoch_time: 35.0min
Epoch:[1/2](54920/66163), loss: 1.7459, logits_loss: 1.7459, aux_loss: 0.0000, lr: 0.00033435, epoch_time: 35.0min
Epoch:[1/2](54940/66163), loss: 1.8059, logits_loss: 1.8059, aux_loss: 0.0000, lr: 0.00033424, epoch_time: 35.0min
Epoch:[1/2](54960/66163), loss: 1.8348, logits_loss: 1.8348, aux_loss: 0.0000, lr: 0.00033414, epoch_time: 35.0min
Epoch:[1/2](54980/66163), loss: 1.7971, logits_loss: 1.7971, aux_loss: 0.0000, lr: 0.00033404, epoch_time: 35.0min
Epoch:[1/2](55000/66163), loss: 1.7361, logits_loss: 1.7361, aux_loss: 0.0000, lr: 0.00033393, epoch_time: 35.0min
Epoch:[1/2](55020/66163), loss: 1.8245, logits_loss: 1.8245, aux_loss: 0.0000, lr: 0.00033383, epoch_time: 35.0min
Epoch:[1/2](55040/66163), loss: 1.7553, logits_loss: 1.7553, aux_loss: 0.0000, lr: 0.00033373, epoch_time: 35.0min
Epoch:[1/2](55060/66163), loss: 1.8256, logits_loss: 1.8256, aux_loss: 0.0000, lr: 0.00033363, epoch_time: 35.0min
Epoch:[1/2](55080/66163), loss: 1.8294, logits_loss: 1.8294, aux_loss: 0.0000, lr: 0.00033352, epoch_time: 35.0min
Epoch:[1/2](55100/66163), loss: 1.8277, logits_loss: 1.8277, aux_loss: 0.0000, lr: 0.00033342, epoch_time: 35.0min
Epoch:[1/2](55120/66163), loss: 1.7819, logits_loss: 1.7819, aux_loss: 0.0000, lr: 0.00033332, epoch_time: 35.0min
Epoch:[1/2](55140/66163), loss: 1.8694, logits_loss: 1.8694, aux_loss: 0.0000, lr: 0.00033321, epoch_time: 35.0min
Epoch:[1/2](55160/66163), loss: 1.8161, logits_loss: 1.8161, aux_loss: 0.0000, lr: 0.00033311, epoch_time: 35.0min
Epoch:[1/2](55180/66163), loss: 1.7465, logits_loss: 1.7465, aux_loss: 0.0000, lr: 0.00033301, epoch_time: 34.0min
Epoch:[1/2](55200/66163), loss: 1.7405, logits_loss: 1.7405, aux_loss: 0.0000, lr: 0.00033290, epoch_time: 34.0min
Epoch:[1/2](55220/66163), loss: 1.7624, logits_loss: 1.7624, aux_loss: 0.0000, lr: 0.00033280, epoch_time: 34.0min
Epoch:[1/2](55240/66163), loss: 1.8004, logits_loss: 1.8004, aux_loss: 0.0000, lr: 0.00033270, epoch_time: 34.0min
Epoch:[1/2](55260/66163), loss: 1.7958, logits_loss: 1.7958, aux_loss: 0.0000, lr: 0.00033259, epoch_time: 34.0min
Epoch:[1/2](55280/66163), loss: 1.7255, logits_loss: 1.7255, aux_loss: 0.0000, lr: 0.00033249, epoch_time: 34.0min
Epoch:[1/2](55300/66163), loss: 1.8340, logits_loss: 1.8340, aux_loss: 0.0000, lr: 0.00033239, epoch_time: 34.0min
Epoch:[1/2](55320/66163), loss: 1.7756, logits_loss: 1.7756, aux_loss: 0.0000, lr: 0.00033228, epoch_time: 34.0min
Epoch:[1/2](55340/66163), loss: 1.8240, logits_loss: 1.8240, aux_loss: 0.0000, lr: 0.00033218, epoch_time: 34.0min
Epoch:[1/2](55360/66163), loss: 1.7969, logits_loss: 1.7969, aux_loss: 0.0000, lr: 0.00033208, epoch_time: 34.0min
Epoch:[1/2](55380/66163), loss: 1.7797, logits_loss: 1.7797, aux_loss: 0.0000, lr: 0.00033197, epoch_time: 34.0min
Epoch:[1/2](55400/66163), loss: 1.7697, logits_loss: 1.7697, aux_loss: 0.0000, lr: 0.00033187, epoch_time: 34.0min
Epoch:[1/2](55420/66163), loss: 1.8331, logits_loss: 1.8331, aux_loss: 0.0000, lr: 0.00033177, epoch_time: 34.0min
Epoch:[1/2](55440/66163), loss: 1.7463, logits_loss: 1.7463, aux_loss: 0.0000, lr: 0.00033166, epoch_time: 34.0min
Epoch:[1/2](55460/66163), loss: 1.7719, logits_loss: 1.7719, aux_loss: 0.0000, lr: 0.00033156, epoch_time: 34.0min
Epoch:[1/2](55480/66163), loss: 1.7910, logits_loss: 1.7910, aux_loss: 0.0000, lr: 0.00033146, epoch_time: 33.0min
Epoch:[1/2](55500/66163), loss: 1.7725, logits_loss: 1.7725, aux_loss: 0.0000, lr: 0.00033135, epoch_time: 33.0min
Epoch:[1/2](55520/66163), loss: 1.7655, logits_loss: 1.7655, aux_loss: 0.0000, lr: 0.00033125, epoch_time: 33.0min
Epoch:[1/2](55540/66163), loss: 1.7961, logits_loss: 1.7961, aux_loss: 0.0000, lr: 0.00033115, epoch_time: 33.0min
Epoch:[1/2](55560/66163), loss: 1.8307, logits_loss: 1.8307, aux_loss: 0.0000, lr: 0.00033104, epoch_time: 33.0min
Epoch:[1/2](55580/66163), loss: 1.7000, logits_loss: 1.7000, aux_loss: 0.0000, lr: 0.00033094, epoch_time: 33.0min
Epoch:[1/2](55600/66163), loss: 1.7401, logits_loss: 1.7401, aux_loss: 0.0000, lr: 0.00033084, epoch_time: 33.0min
Epoch:[1/2](55620/66163), loss: 1.7621, logits_loss: 1.7621, aux_loss: 0.0000, lr: 0.00033073, epoch_time: 33.0min
Epoch:[1/2](55640/66163), loss: 1.7916, logits_loss: 1.7916, aux_loss: 0.0000, lr: 0.00033063, epoch_time: 33.0min
Epoch:[1/2](55660/66163), loss: 1.8222, logits_loss: 1.8222, aux_loss: 0.0000, lr: 0.00033053, epoch_time: 33.0min
Epoch:[1/2](55680/66163), loss: 1.8138, logits_loss: 1.8138, aux_loss: 0.0000, lr: 0.00033042, epoch_time: 33.0min
Epoch:[1/2](55700/66163), loss: 1.8186, logits_loss: 1.8186, aux_loss: 0.0000, lr: 0.00033032, epoch_time: 33.0min
Epoch:[1/2](55720/66163), loss: 1.8071, logits_loss: 1.8071, aux_loss: 0.0000, lr: 0.00033021, epoch_time: 33.0min
Epoch:[1/2](55740/66163), loss: 1.8967, logits_loss: 1.8967, aux_loss: 0.0000, lr: 0.00033011, epoch_time: 33.0min
Epoch:[1/2](55760/66163), loss: 1.8752, logits_loss: 1.8752, aux_loss: 0.0000, lr: 0.00033001, epoch_time: 33.0min
Epoch:[1/2](55780/66163), loss: 1.7914, logits_loss: 1.7914, aux_loss: 0.0000, lr: 0.00032990, epoch_time: 33.0min
Epoch:[1/2](55800/66163), loss: 1.8163, logits_loss: 1.8163, aux_loss: 0.0000, lr: 0.00032980, epoch_time: 33.0min
Epoch:[1/2](55820/66163), loss: 1.7120, logits_loss: 1.7120, aux_loss: 0.0000, lr: 0.00032970, epoch_time: 32.0min
Epoch:[1/2](55840/66163), loss: 1.8083, logits_loss: 1.8083, aux_loss: 0.0000, lr: 0.00032959, epoch_time: 32.0min
Epoch:[1/2](55860/66163), loss: 1.7642, logits_loss: 1.7642, aux_loss: 0.0000, lr: 0.00032949, epoch_time: 32.0min
Epoch:[1/2](55880/66163), loss: 1.7273, logits_loss: 1.7273, aux_loss: 0.0000, lr: 0.00032939, epoch_time: 32.0min
Epoch:[1/2](55900/66163), loss: 1.7790, logits_loss: 1.7790, aux_loss: 0.0000, lr: 0.00032928, epoch_time: 32.0min
Epoch:[1/2](55920/66163), loss: 1.7692, logits_loss: 1.7692, aux_loss: 0.0000, lr: 0.00032918, epoch_time: 32.0min
Epoch:[1/2](55940/66163), loss: 1.7818, logits_loss: 1.7818, aux_loss: 0.0000, lr: 0.00032907, epoch_time: 32.0min
Epoch:[1/2](55960/66163), loss: 1.6611, logits_loss: 1.6611, aux_loss: 0.0000, lr: 0.00032897, epoch_time: 32.0min
Epoch:[1/2](55980/66163), loss: 1.7542, logits_loss: 1.7542, aux_loss: 0.0000, lr: 0.00032887, epoch_time: 32.0min
Epoch:[1/2](56000/66163), loss: 1.7894, logits_loss: 1.7894, aux_loss: 0.0000, lr: 0.00032876, epoch_time: 32.0min
Epoch:[1/2](56020/66163), loss: 1.7852, logits_loss: 1.7852, aux_loss: 0.0000, lr: 0.00032866, epoch_time: 32.0min
Epoch:[1/2](56040/66163), loss: 1.8241, logits_loss: 1.8241, aux_loss: 0.0000, lr: 0.00032856, epoch_time: 32.0min
Epoch:[1/2](56060/66163), loss: 1.8115, logits_loss: 1.8115, aux_loss: 0.0000, lr: 0.00032845, epoch_time: 32.0min
Epoch:[1/2](56080/66163), loss: 1.7200, logits_loss: 1.7200, aux_loss: 0.0000, lr: 0.00032835, epoch_time: 32.0min
Epoch:[1/2](56100/66163), loss: 1.7267, logits_loss: 1.7267, aux_loss: 0.0000, lr: 0.00032824, epoch_time: 32.0min
Epoch:[1/2](56120/66163), loss: 1.7850, logits_loss: 1.7850, aux_loss: 0.0000, lr: 0.00032814, epoch_time: 31.0min
Epoch:[1/2](56140/66163), loss: 1.8294, logits_loss: 1.8294, aux_loss: 0.0000, lr: 0.00032804, epoch_time: 31.0min
Epoch:[1/2](56160/66163), loss: 1.7901, logits_loss: 1.7901, aux_loss: 0.0000, lr: 0.00032793, epoch_time: 31.0min
Epoch:[1/2](56180/66163), loss: 1.8201, logits_loss: 1.8201, aux_loss: 0.0000, lr: 0.00032783, epoch_time: 31.0min
Epoch:[1/2](56200/66163), loss: 1.7513, logits_loss: 1.7513, aux_loss: 0.0000, lr: 0.00032773, epoch_time: 31.0min
Epoch:[1/2](56220/66163), loss: 1.7346, logits_loss: 1.7346, aux_loss: 0.0000, lr: 0.00032762, epoch_time: 31.0min
Epoch:[1/2](56240/66163), loss: 1.7279, logits_loss: 1.7279, aux_loss: 0.0000, lr: 0.00032752, epoch_time: 31.0min
Epoch:[1/2](56260/66163), loss: 1.9418, logits_loss: 1.9418, aux_loss: 0.0000, lr: 0.00032741, epoch_time: 31.0min
Epoch:[1/2](56280/66163), loss: 1.8238, logits_loss: 1.8238, aux_loss: 0.0000, lr: 0.00032731, epoch_time: 31.0min
Epoch:[1/2](56300/66163), loss: 1.8362, logits_loss: 1.8362, aux_loss: 0.0000, lr: 0.00032721, epoch_time: 31.0min
Epoch:[1/2](56320/66163), loss: 1.7941, logits_loss: 1.7941, aux_loss: 0.0000, lr: 0.00032710, epoch_time: 31.0min
Epoch:[1/2](56340/66163), loss: 1.7180, logits_loss: 1.7180, aux_loss: 0.0000, lr: 0.00032700, epoch_time: 31.0min
Epoch:[1/2](56360/66163), loss: 1.6995, logits_loss: 1.6995, aux_loss: 0.0000, lr: 0.00032689, epoch_time: 31.0min
Epoch:[1/2](56380/66163), loss: 1.7905, logits_loss: 1.7905, aux_loss: 0.0000, lr: 0.00032679, epoch_time: 31.0min
Epoch:[1/2](56400/66163), loss: 1.7624, logits_loss: 1.7624, aux_loss: 0.0000, lr: 0.00032669, epoch_time: 31.0min
Epoch:[1/2](56420/66163), loss: 1.6755, logits_loss: 1.6755, aux_loss: 0.0000, lr: 0.00032658, epoch_time: 30.0min
Epoch:[1/2](56440/66163), loss: 1.7153, logits_loss: 1.7153, aux_loss: 0.0000, lr: 0.00032648, epoch_time: 30.0min
Epoch:[1/2](56460/66163), loss: 1.7634, logits_loss: 1.7634, aux_loss: 0.0000, lr: 0.00032637, epoch_time: 30.0min
Epoch:[1/2](56480/66163), loss: 1.8237, logits_loss: 1.8237, aux_loss: 0.0000, lr: 0.00032627, epoch_time: 30.0min
Epoch:[1/2](56500/66163), loss: 1.8112, logits_loss: 1.8112, aux_loss: 0.0000, lr: 0.00032617, epoch_time: 30.0min
Epoch:[1/2](56520/66163), loss: 1.7917, logits_loss: 1.7917, aux_loss: 0.0000, lr: 0.00032606, epoch_time: 30.0min
Epoch:[1/2](56540/66163), loss: 1.7828, logits_loss: 1.7828, aux_loss: 0.0000, lr: 0.00032596, epoch_time: 30.0min
Epoch:[1/2](56560/66163), loss: 1.7318, logits_loss: 1.7318, aux_loss: 0.0000, lr: 0.00032585, epoch_time: 30.0min
Epoch:[1/2](56580/66163), loss: 1.7322, logits_loss: 1.7322, aux_loss: 0.0000, lr: 0.00032575, epoch_time: 30.0min
Epoch:[1/2](56600/66163), loss: 1.6907, logits_loss: 1.6907, aux_loss: 0.0000, lr: 0.00032565, epoch_time: 30.0min
Epoch:[1/2](56620/66163), loss: 1.7938, logits_loss: 1.7938, aux_loss: 0.0000, lr: 0.00032554, epoch_time: 30.0min
Epoch:[1/2](56640/66163), loss: 1.8764, logits_loss: 1.8764, aux_loss: 0.0000, lr: 0.00032544, epoch_time: 30.0min
Epoch:[1/2](56660/66163), loss: 1.8263, logits_loss: 1.8263, aux_loss: 0.0000, lr: 0.00032533, epoch_time: 30.0min
Epoch:[1/2](56680/66163), loss: 1.7294, logits_loss: 1.7294, aux_loss: 0.0000, lr: 0.00032523, epoch_time: 30.0min
Epoch:[1/2](56700/66163), loss: 1.8316, logits_loss: 1.8316, aux_loss: 0.0000, lr: 0.00032513, epoch_time: 29.0min
Epoch:[1/2](56720/66163), loss: 1.8166, logits_loss: 1.8166, aux_loss: 0.0000, lr: 0.00032502, epoch_time: 29.0min
Epoch:[1/2](56740/66163), loss: 1.8079, logits_loss: 1.8079, aux_loss: 0.0000, lr: 0.00032492, epoch_time: 29.0min
Epoch:[1/2](56760/66163), loss: 1.8336, logits_loss: 1.8336, aux_loss: 0.0000, lr: 0.00032481, epoch_time: 29.0min
Epoch:[1/2](56780/66163), loss: 1.8960, logits_loss: 1.8960, aux_loss: 0.0000, lr: 0.00032471, epoch_time: 29.0min
Epoch:[1/2](56800/66163), loss: 1.7221, logits_loss: 1.7221, aux_loss: 0.0000, lr: 0.00032460, epoch_time: 29.0min
Epoch:[1/2](56820/66163), loss: 1.7977, logits_loss: 1.7977, aux_loss: 0.0000, lr: 0.00032450, epoch_time: 29.0min
Epoch:[1/2](56840/66163), loss: 1.7839, logits_loss: 1.7839, aux_loss: 0.0000, lr: 0.00032440, epoch_time: 29.0min
Epoch:[1/2](56860/66163), loss: 1.7736, logits_loss: 1.7736, aux_loss: 0.0000, lr: 0.00032429, epoch_time: 29.0min
Epoch:[1/2](56880/66163), loss: 1.7776, logits_loss: 1.7776, aux_loss: 0.0000, lr: 0.00032419, epoch_time: 29.0min
Epoch:[1/2](56900/66163), loss: 1.7022, logits_loss: 1.7022, aux_loss: 0.0000, lr: 0.00032408, epoch_time: 29.0min
Epoch:[1/2](56920/66163), loss: 1.6801, logits_loss: 1.6801, aux_loss: 0.0000, lr: 0.00032398, epoch_time: 29.0min
Epoch:[1/2](56940/66163), loss: 1.7082, logits_loss: 1.7082, aux_loss: 0.0000, lr: 0.00032387, epoch_time: 29.0min
Epoch:[1/2](56960/66163), loss: 1.7448, logits_loss: 1.7448, aux_loss: 0.0000, lr: 0.00032377, epoch_time: 29.0min
Epoch:[1/2](56980/66163), loss: 1.7156, logits_loss: 1.7156, aux_loss: 0.0000, lr: 0.00032367, epoch_time: 29.0min
Epoch:[1/2](57000/66163), loss: 1.7588, logits_loss: 1.7588, aux_loss: 0.0000, lr: 0.00032356, epoch_time: 29.0min
Epoch:[1/2](57020/66163), loss: 1.7232, logits_loss: 1.7232, aux_loss: 0.0000, lr: 0.00032346, epoch_time: 29.0min
Epoch:[1/2](57040/66163), loss: 1.8204, logits_loss: 1.8204, aux_loss: 0.0000, lr: 0.00032335, epoch_time: 29.0min
Epoch:[1/2](57060/66163), loss: 1.7619, logits_loss: 1.7619, aux_loss: 0.0000, lr: 0.00032325, epoch_time: 28.0min
Epoch:[1/2](57080/66163), loss: 1.7745, logits_loss: 1.7745, aux_loss: 0.0000, lr: 0.00032314, epoch_time: 28.0min
Epoch:[1/2](57100/66163), loss: 1.7461, logits_loss: 1.7461, aux_loss: 0.0000, lr: 0.00032304, epoch_time: 28.0min
Epoch:[1/2](57120/66163), loss: 1.8254, logits_loss: 1.8254, aux_loss: 0.0000, lr: 0.00032294, epoch_time: 28.0min
Epoch:[1/2](57140/66163), loss: 1.8159, logits_loss: 1.8159, aux_loss: 0.0000, lr: 0.00032283, epoch_time: 28.0min
Epoch:[1/2](57160/66163), loss: 1.8048, logits_loss: 1.8048, aux_loss: 0.0000, lr: 0.00032273, epoch_time: 28.0min
Epoch:[1/2](57180/66163), loss: 1.8157, logits_loss: 1.8157, aux_loss: 0.0000, lr: 0.00032262, epoch_time: 28.0min
Epoch:[1/2](57200/66163), loss: 1.6718, logits_loss: 1.6718, aux_loss: 0.0000, lr: 0.00032252, epoch_time: 28.0min
Epoch:[1/2](57220/66163), loss: 1.7413, logits_loss: 1.7413, aux_loss: 0.0000, lr: 0.00032241, epoch_time: 28.0min
Epoch:[1/2](57240/66163), loss: 1.7711, logits_loss: 1.7711, aux_loss: 0.0000, lr: 0.00032231, epoch_time: 28.0min
Epoch:[1/2](57260/66163), loss: 1.8277, logits_loss: 1.8277, aux_loss: 0.0000, lr: 0.00032220, epoch_time: 28.0min
Epoch:[1/2](57280/66163), loss: 1.7327, logits_loss: 1.7327, aux_loss: 0.0000, lr: 0.00032210, epoch_time: 28.0min
Epoch:[1/2](57300/66163), loss: 1.7389, logits_loss: 1.7389, aux_loss: 0.0000, lr: 0.00032200, epoch_time: 28.0min
Epoch:[1/2](57320/66163), loss: 1.8234, logits_loss: 1.8234, aux_loss: 0.0000, lr: 0.00032189, epoch_time: 28.0min
Epoch:[1/2](57340/66163), loss: 1.8587, logits_loss: 1.8587, aux_loss: 0.0000, lr: 0.00032179, epoch_time: 28.0min
Epoch:[1/2](57360/66163), loss: 1.8929, logits_loss: 1.8929, aux_loss: 0.0000, lr: 0.00032168, epoch_time: 27.0min
Epoch:[1/2](57380/66163), loss: 1.7957, logits_loss: 1.7957, aux_loss: 0.0000, lr: 0.00032158, epoch_time: 27.0min
Epoch:[1/2](57400/66163), loss: 1.8552, logits_loss: 1.8552, aux_loss: 0.0000, lr: 0.00032147, epoch_time: 27.0min
Epoch:[1/2](57420/66163), loss: 1.7852, logits_loss: 1.7852, aux_loss: 0.0000, lr: 0.00032137, epoch_time: 27.0min
Epoch:[1/2](57440/66163), loss: 1.8085, logits_loss: 1.8085, aux_loss: 0.0000, lr: 0.00032126, epoch_time: 27.0min
Epoch:[1/2](57460/66163), loss: 1.7368, logits_loss: 1.7368, aux_loss: 0.0000, lr: 0.00032116, epoch_time: 27.0min
Epoch:[1/2](57480/66163), loss: 1.7890, logits_loss: 1.7890, aux_loss: 0.0000, lr: 0.00032105, epoch_time: 27.0min
Epoch:[1/2](57500/66163), loss: 1.6982, logits_loss: 1.6982, aux_loss: 0.0000, lr: 0.00032095, epoch_time: 27.0min
Epoch:[1/2](57520/66163), loss: 1.7631, logits_loss: 1.7631, aux_loss: 0.0000, lr: 0.00032085, epoch_time: 27.0min
Epoch:[1/2](57540/66163), loss: 1.7728, logits_loss: 1.7728, aux_loss: 0.0000, lr: 0.00032074, epoch_time: 27.0min
Epoch:[1/2](57560/66163), loss: 1.7887, logits_loss: 1.7887, aux_loss: 0.0000, lr: 0.00032064, epoch_time: 27.0min
Epoch:[1/2](57580/66163), loss: 1.7951, logits_loss: 1.7951, aux_loss: 0.0000, lr: 0.00032053, epoch_time: 27.0min
Epoch:[1/2](57600/66163), loss: 1.7573, logits_loss: 1.7573, aux_loss: 0.0000, lr: 0.00032043, epoch_time: 27.0min
Epoch:[1/2](57620/66163), loss: 1.7479, logits_loss: 1.7479, aux_loss: 0.0000, lr: 0.00032032, epoch_time: 27.0min
Epoch:[1/2](57640/66163), loss: 1.7993, logits_loss: 1.7993, aux_loss: 0.0000, lr: 0.00032022, epoch_time: 27.0min
Epoch:[1/2](57660/66163), loss: 1.7213, logits_loss: 1.7213, aux_loss: 0.0000, lr: 0.00032011, epoch_time: 26.0min
Epoch:[1/2](57680/66163), loss: 1.7119, logits_loss: 1.7119, aux_loss: 0.0000, lr: 0.00032001, epoch_time: 26.0min
Epoch:[1/2](57700/66163), loss: 1.6279, logits_loss: 1.6279, aux_loss: 0.0000, lr: 0.00031990, epoch_time: 26.0min
Epoch:[1/2](57720/66163), loss: 1.8191, logits_loss: 1.8191, aux_loss: 0.0000, lr: 0.00031980, epoch_time: 26.0min
Epoch:[1/2](57740/66163), loss: 1.7146, logits_loss: 1.7146, aux_loss: 0.0000, lr: 0.00031969, epoch_time: 26.0min
Epoch:[1/2](57760/66163), loss: 1.7714, logits_loss: 1.7714, aux_loss: 0.0000, lr: 0.00031959, epoch_time: 26.0min
Epoch:[1/2](57780/66163), loss: 1.7967, logits_loss: 1.7967, aux_loss: 0.0000, lr: 0.00031949, epoch_time: 26.0min
Epoch:[1/2](57800/66163), loss: 1.6525, logits_loss: 1.6525, aux_loss: 0.0000, lr: 0.00031938, epoch_time: 26.0min
Epoch:[1/2](57820/66163), loss: 1.7755, logits_loss: 1.7755, aux_loss: 0.0000, lr: 0.00031928, epoch_time: 26.0min
Epoch:[1/2](57840/66163), loss: 1.7784, logits_loss: 1.7784, aux_loss: 0.0000, lr: 0.00031917, epoch_time: 26.0min
Epoch:[1/2](57860/66163), loss: 1.7515, logits_loss: 1.7515, aux_loss: 0.0000, lr: 0.00031907, epoch_time: 26.0min
Epoch:[1/2](57880/66163), loss: 1.8404, logits_loss: 1.8404, aux_loss: 0.0000, lr: 0.00031896, epoch_time: 26.0min
Epoch:[1/2](57900/66163), loss: 1.7450, logits_loss: 1.7450, aux_loss: 0.0000, lr: 0.00031886, epoch_time: 26.0min
Epoch:[1/2](57920/66163), loss: 1.7440, logits_loss: 1.7440, aux_loss: 0.0000, lr: 0.00031875, epoch_time: 26.0min
Epoch:[1/2](57940/66163), loss: 1.7835, logits_loss: 1.7835, aux_loss: 0.0000, lr: 0.00031865, epoch_time: 26.0min
Epoch:[1/2](57960/66163), loss: 1.7216, logits_loss: 1.7216, aux_loss: 0.0000, lr: 0.00031854, epoch_time: 26.0min
Epoch:[1/2](57980/66163), loss: 1.6973, logits_loss: 1.6973, aux_loss: 0.0000, lr: 0.00031844, epoch_time: 26.0min
Epoch:[1/2](58000/66163), loss: 1.7813, logits_loss: 1.7813, aux_loss: 0.0000, lr: 0.00031833, epoch_time: 25.0min
Epoch:[1/2](58020/66163), loss: 1.7328, logits_loss: 1.7328, aux_loss: 0.0000, lr: 0.00031823, epoch_time: 25.0min
Epoch:[1/2](58040/66163), loss: 1.7026, logits_loss: 1.7026, aux_loss: 0.0000, lr: 0.00031812, epoch_time: 25.0min
Epoch:[1/2](58060/66163), loss: 1.8194, logits_loss: 1.8194, aux_loss: 0.0000, lr: 0.00031802, epoch_time: 25.0min
Epoch:[1/2](58080/66163), loss: 1.7301, logits_loss: 1.7301, aux_loss: 0.0000, lr: 0.00031791, epoch_time: 25.0min
Epoch:[1/2](58100/66163), loss: 1.7489, logits_loss: 1.7489, aux_loss: 0.0000, lr: 0.00031781, epoch_time: 25.0min
Epoch:[1/2](58120/66163), loss: 1.7544, logits_loss: 1.7544, aux_loss: 0.0000, lr: 0.00031770, epoch_time: 25.0min
Epoch:[1/2](58140/66163), loss: 1.7524, logits_loss: 1.7524, aux_loss: 0.0000, lr: 0.00031760, epoch_time: 25.0min
Epoch:[1/2](58160/66163), loss: 1.7136, logits_loss: 1.7136, aux_loss: 0.0000, lr: 0.00031749, epoch_time: 25.0min
Epoch:[1/2](58180/66163), loss: 1.7212, logits_loss: 1.7212, aux_loss: 0.0000, lr: 0.00031739, epoch_time: 25.0min
Epoch:[1/2](58200/66163), loss: 1.8302, logits_loss: 1.8302, aux_loss: 0.0000, lr: 0.00031728, epoch_time: 25.0min
Epoch:[1/2](58220/66163), loss: 1.8329, logits_loss: 1.8329, aux_loss: 0.0000, lr: 0.00031718, epoch_time: 25.0min
Epoch:[1/2](58240/66163), loss: 1.7944, logits_loss: 1.7944, aux_loss: 0.0000, lr: 0.00031707, epoch_time: 25.0min
Epoch:[1/2](58260/66163), loss: 1.8058, logits_loss: 1.8058, aux_loss: 0.0000, lr: 0.00031697, epoch_time: 25.0min
Epoch:[1/2](58280/66163), loss: 1.8153, logits_loss: 1.8153, aux_loss: 0.0000, lr: 0.00031686, epoch_time: 25.0min
Epoch:[1/2](58300/66163), loss: 1.7223, logits_loss: 1.7223, aux_loss: 0.0000, lr: 0.00031676, epoch_time: 24.0min
Epoch:[1/2](58320/66163), loss: 1.7704, logits_loss: 1.7704, aux_loss: 0.0000, lr: 0.00031665, epoch_time: 24.0min
Epoch:[1/2](58340/66163), loss: 1.6805, logits_loss: 1.6805, aux_loss: 0.0000, lr: 0.00031655, epoch_time: 24.0min
Epoch:[1/2](58360/66163), loss: 1.6429, logits_loss: 1.6429, aux_loss: 0.0000, lr: 0.00031644, epoch_time: 24.0min
Epoch:[1/2](58380/66163), loss: 1.7960, logits_loss: 1.7960, aux_loss: 0.0000, lr: 0.00031634, epoch_time: 24.0min
Epoch:[1/2](58400/66163), loss: 1.8595, logits_loss: 1.8595, aux_loss: 0.0000, lr: 0.00031623, epoch_time: 24.0min
Epoch:[1/2](58420/66163), loss: 1.8047, logits_loss: 1.8047, aux_loss: 0.0000, lr: 0.00031613, epoch_time: 24.0min
Epoch:[1/2](58440/66163), loss: 1.8199, logits_loss: 1.8199, aux_loss: 0.0000, lr: 0.00031602, epoch_time: 24.0min
Epoch:[1/2](58460/66163), loss: 1.7340, logits_loss: 1.7340, aux_loss: 0.0000, lr: 0.00031592, epoch_time: 24.0min
Epoch:[1/2](58480/66163), loss: 1.7303, logits_loss: 1.7303, aux_loss: 0.0000, lr: 0.00031581, epoch_time: 24.0min
Epoch:[1/2](58500/66163), loss: 1.7930, logits_loss: 1.7930, aux_loss: 0.0000, lr: 0.00031571, epoch_time: 24.0min
Epoch:[1/2](58520/66163), loss: 1.8105, logits_loss: 1.8105, aux_loss: 0.0000, lr: 0.00031560, epoch_time: 24.0min
Epoch:[1/2](58540/66163), loss: 1.7895, logits_loss: 1.7895, aux_loss: 0.0000, lr: 0.00031550, epoch_time: 24.0min
Epoch:[1/2](58560/66163), loss: 1.7820, logits_loss: 1.7820, aux_loss: 0.0000, lr: 0.00031539, epoch_time: 24.0min
Epoch:[1/2](58580/66163), loss: 1.7301, logits_loss: 1.7301, aux_loss: 0.0000, lr: 0.00031529, epoch_time: 24.0min
Epoch:[1/2](58600/66163), loss: 1.9011, logits_loss: 1.9011, aux_loss: 0.0000, lr: 0.00031518, epoch_time: 23.0min
Epoch:[1/2](58620/66163), loss: 1.7504, logits_loss: 1.7504, aux_loss: 0.0000, lr: 0.00031508, epoch_time: 23.0min
Epoch:[1/2](58640/66163), loss: 1.6795, logits_loss: 1.6795, aux_loss: 0.0000, lr: 0.00031497, epoch_time: 23.0min
Epoch:[1/2](58660/66163), loss: 1.7130, logits_loss: 1.7130, aux_loss: 0.0000, lr: 0.00031487, epoch_time: 23.0min
Epoch:[1/2](58680/66163), loss: 1.7101, logits_loss: 1.7101, aux_loss: 0.0000, lr: 0.00031476, epoch_time: 23.0min
Epoch:[1/2](58700/66163), loss: 1.7816, logits_loss: 1.7816, aux_loss: 0.0000, lr: 0.00031466, epoch_time: 23.0min
Epoch:[1/2](58720/66163), loss: 1.7396, logits_loss: 1.7396, aux_loss: 0.0000, lr: 0.00031455, epoch_time: 23.0min
Epoch:[1/2](58740/66163), loss: 1.8227, logits_loss: 1.8227, aux_loss: 0.0000, lr: 0.00031445, epoch_time: 23.0min
Epoch:[1/2](58760/66163), loss: 1.7595, logits_loss: 1.7595, aux_loss: 0.0000, lr: 0.00031434, epoch_time: 23.0min
Epoch:[1/2](58780/66163), loss: 1.8250, logits_loss: 1.8250, aux_loss: 0.0000, lr: 0.00031424, epoch_time: 23.0min
Epoch:[1/2](58800/66163), loss: 1.8213, logits_loss: 1.8213, aux_loss: 0.0000, lr: 0.00031413, epoch_time: 23.0min
Epoch:[1/2](58820/66163), loss: 1.7595, logits_loss: 1.7595, aux_loss: 0.0000, lr: 0.00031403, epoch_time: 23.0min
Epoch:[1/2](58840/66163), loss: 1.7602, logits_loss: 1.7602, aux_loss: 0.0000, lr: 0.00031392, epoch_time: 23.0min
Epoch:[1/2](58860/66163), loss: 1.8405, logits_loss: 1.8405, aux_loss: 0.0000, lr: 0.00031382, epoch_time: 23.0min
Epoch:[1/2](58880/66163), loss: 1.7532, logits_loss: 1.7532, aux_loss: 0.0000, lr: 0.00031371, epoch_time: 23.0min
Epoch:[1/2](58900/66163), loss: 1.6802, logits_loss: 1.6802, aux_loss: 0.0000, lr: 0.00031361, epoch_time: 23.0min
Epoch:[1/2](58920/66163), loss: 1.8084, logits_loss: 1.8084, aux_loss: 0.0000, lr: 0.00031350, epoch_time: 23.0min
Epoch:[1/2](58940/66163), loss: 1.7777, logits_loss: 1.7777, aux_loss: 0.0000, lr: 0.00031339, epoch_time: 22.0min
Epoch:[1/2](58960/66163), loss: 1.7274, logits_loss: 1.7274, aux_loss: 0.0000, lr: 0.00031329, epoch_time: 22.0min
Epoch:[1/2](58980/66163), loss: 1.7310, logits_loss: 1.7310, aux_loss: 0.0000, lr: 0.00031318, epoch_time: 22.0min
Epoch:[1/2](59000/66163), loss: 1.8109, logits_loss: 1.8109, aux_loss: 0.0000, lr: 0.00031308, epoch_time: 22.0min
Epoch:[1/2](59020/66163), loss: 1.7615, logits_loss: 1.7615, aux_loss: 0.0000, lr: 0.00031297, epoch_time: 22.0min
Epoch:[1/2](59040/66163), loss: 1.7755, logits_loss: 1.7755, aux_loss: 0.0000, lr: 0.00031287, epoch_time: 22.0min
Epoch:[1/2](59060/66163), loss: 1.6596, logits_loss: 1.6596, aux_loss: 0.0000, lr: 0.00031276, epoch_time: 22.0min
Epoch:[1/2](59080/66163), loss: 1.7847, logits_loss: 1.7847, aux_loss: 0.0000, lr: 0.00031266, epoch_time: 22.0min
Epoch:[1/2](59100/66163), loss: 1.7098, logits_loss: 1.7098, aux_loss: 0.0000, lr: 0.00031255, epoch_time: 22.0min
Epoch:[1/2](59120/66163), loss: 1.8673, logits_loss: 1.8673, aux_loss: 0.0000, lr: 0.00031245, epoch_time: 22.0min
Epoch:[1/2](59140/66163), loss: 1.9171, logits_loss: 1.9171, aux_loss: 0.0000, lr: 0.00031234, epoch_time: 22.0min
Epoch:[1/2](59160/66163), loss: 1.8130, logits_loss: 1.8130, aux_loss: 0.0000, lr: 0.00031224, epoch_time: 22.0min
Epoch:[1/2](59180/66163), loss: 1.6821, logits_loss: 1.6821, aux_loss: 0.0000, lr: 0.00031213, epoch_time: 22.0min
Epoch:[1/2](59200/66163), loss: 1.7029, logits_loss: 1.7029, aux_loss: 0.0000, lr: 0.00031203, epoch_time: 22.0min
Epoch:[1/2](59220/66163), loss: 1.7863, logits_loss: 1.7863, aux_loss: 0.0000, lr: 0.00031192, epoch_time: 22.0min
Epoch:[1/2](59240/66163), loss: 1.6835, logits_loss: 1.6835, aux_loss: 0.0000, lr: 0.00031181, epoch_time: 21.0min
Epoch:[1/2](59260/66163), loss: 1.7217, logits_loss: 1.7217, aux_loss: 0.0000, lr: 0.00031171, epoch_time: 21.0min
Epoch:[1/2](59280/66163), loss: 1.7192, logits_loss: 1.7192, aux_loss: 0.0000, lr: 0.00031160, epoch_time: 21.0min
Epoch:[1/2](59300/66163), loss: 1.7626, logits_loss: 1.7626, aux_loss: 0.0000, lr: 0.00031150, epoch_time: 21.0min
Epoch:[1/2](59320/66163), loss: 1.7693, logits_loss: 1.7693, aux_loss: 0.0000, lr: 0.00031139, epoch_time: 21.0min
Epoch:[1/2](59340/66163), loss: 1.7609, logits_loss: 1.7609, aux_loss: 0.0000, lr: 0.00031129, epoch_time: 21.0min
Epoch:[1/2](59360/66163), loss: 1.6928, logits_loss: 1.6928, aux_loss: 0.0000, lr: 0.00031118, epoch_time: 21.0min
Epoch:[1/2](59380/66163), loss: 1.8597, logits_loss: 1.8597, aux_loss: 0.0000, lr: 0.00031108, epoch_time: 21.0min
Epoch:[1/2](59400/66163), loss: 1.7829, logits_loss: 1.7829, aux_loss: 0.0000, lr: 0.00031097, epoch_time: 21.0min
Epoch:[1/2](59420/66163), loss: 1.7701, logits_loss: 1.7701, aux_loss: 0.0000, lr: 0.00031087, epoch_time: 21.0min
Epoch:[1/2](59440/66163), loss: 1.8229, logits_loss: 1.8229, aux_loss: 0.0000, lr: 0.00031076, epoch_time: 21.0min
Epoch:[1/2](59460/66163), loss: 1.7297, logits_loss: 1.7297, aux_loss: 0.0000, lr: 0.00031066, epoch_time: 21.0min
Epoch:[1/2](59480/66163), loss: 1.8342, logits_loss: 1.8342, aux_loss: 0.0000, lr: 0.00031055, epoch_time: 21.0min
Epoch:[1/2](59500/66163), loss: 1.7534, logits_loss: 1.7534, aux_loss: 0.0000, lr: 0.00031044, epoch_time: 21.0min
Epoch:[1/2](59520/66163), loss: 1.8056, logits_loss: 1.8056, aux_loss: 0.0000, lr: 0.00031034, epoch_time: 21.0min
Epoch:[1/2](59540/66163), loss: 1.6936, logits_loss: 1.6936, aux_loss: 0.0000, lr: 0.00031023, epoch_time: 20.0min
Epoch:[1/2](59560/66163), loss: 1.6693, logits_loss: 1.6693, aux_loss: 0.0000, lr: 0.00031013, epoch_time: 20.0min
Epoch:[1/2](59580/66163), loss: 1.6692, logits_loss: 1.6692, aux_loss: 0.0000, lr: 0.00031002, epoch_time: 20.0min
Epoch:[1/2](59600/66163), loss: 1.7117, logits_loss: 1.7117, aux_loss: 0.0000, lr: 0.00030992, epoch_time: 20.0min
Epoch:[1/2](59620/66163), loss: 1.7478, logits_loss: 1.7478, aux_loss: 0.0000, lr: 0.00030981, epoch_time: 20.0min
Epoch:[1/2](59640/66163), loss: 1.7902, logits_loss: 1.7902, aux_loss: 0.0000, lr: 0.00030971, epoch_time: 20.0min
Epoch:[1/2](59660/66163), loss: 1.7503, logits_loss: 1.7503, aux_loss: 0.0000, lr: 0.00030960, epoch_time: 20.0min
Epoch:[1/2](59680/66163), loss: 1.8642, logits_loss: 1.8642, aux_loss: 0.0000, lr: 0.00030949, epoch_time: 20.0min
Epoch:[1/2](59700/66163), loss: 1.6844, logits_loss: 1.6844, aux_loss: 0.0000, lr: 0.00030939, epoch_time: 20.0min
Epoch:[1/2](59720/66163), loss: 1.7911, logits_loss: 1.7911, aux_loss: 0.0000, lr: 0.00030928, epoch_time: 20.0min
Epoch:[1/2](59740/66163), loss: 1.8328, logits_loss: 1.8328, aux_loss: 0.0000, lr: 0.00030918, epoch_time: 20.0min
Epoch:[1/2](59760/66163), loss: 1.8073, logits_loss: 1.8073, aux_loss: 0.0000, lr: 0.00030907, epoch_time: 20.0min
Epoch:[1/2](59780/66163), loss: 1.6883, logits_loss: 1.6883, aux_loss: 0.0000, lr: 0.00030897, epoch_time: 20.0min
Epoch:[1/2](59800/66163), loss: 1.7739, logits_loss: 1.7739, aux_loss: 0.0000, lr: 0.00030886, epoch_time: 20.0min
Epoch:[1/2](59820/66163), loss: 1.7391, logits_loss: 1.7391, aux_loss: 0.0000, lr: 0.00030876, epoch_time: 20.0min
Epoch:[1/2](59840/66163), loss: 1.7750, logits_loss: 1.7750, aux_loss: 0.0000, lr: 0.00030865, epoch_time: 19.0min
Epoch:[1/2](59860/66163), loss: 1.7146, logits_loss: 1.7146, aux_loss: 0.0000, lr: 0.00030854, epoch_time: 19.0min
Epoch:[1/2](59880/66163), loss: 1.7911, logits_loss: 1.7911, aux_loss: 0.0000, lr: 0.00030844, epoch_time: 19.0min
Epoch:[1/2](59900/66163), loss: 1.8358, logits_loss: 1.8358, aux_loss: 0.0000, lr: 0.00030833, epoch_time: 19.0min
Epoch:[1/2](59920/66163), loss: 1.7324, logits_loss: 1.7324, aux_loss: 0.0000, lr: 0.00030823, epoch_time: 19.0min
Epoch:[1/2](59940/66163), loss: 1.7208, logits_loss: 1.7208, aux_loss: 0.0000, lr: 0.00030812, epoch_time: 19.0min
Epoch:[1/2](59960/66163), loss: 1.7703, logits_loss: 1.7703, aux_loss: 0.0000, lr: 0.00030802, epoch_time: 19.0min
Epoch:[1/2](59980/66163), loss: 1.7045, logits_loss: 1.7045, aux_loss: 0.0000, lr: 0.00030791, epoch_time: 19.0min
Epoch:[1/2](60000/66163), loss: 1.7678, logits_loss: 1.7678, aux_loss: 0.0000, lr: 0.00030780, epoch_time: 19.0min
Epoch:[1/2](60020/66163), loss: 1.7096, logits_loss: 1.7096, aux_loss: 0.0000, lr: 0.00030770, epoch_time: 19.0min
Epoch:[1/2](60040/66163), loss: 1.7219, logits_loss: 1.7219, aux_loss: 0.0000, lr: 0.00030759, epoch_time: 19.0min
Epoch:[1/2](60060/66163), loss: 1.7483, logits_loss: 1.7483, aux_loss: 0.0000, lr: 0.00030749, epoch_time: 19.0min
Epoch:[1/2](60080/66163), loss: 1.7554, logits_loss: 1.7554, aux_loss: 0.0000, lr: 0.00030738, epoch_time: 19.0min
Epoch:[1/2](60100/66163), loss: 1.7721, logits_loss: 1.7721, aux_loss: 0.0000, lr: 0.00030728, epoch_time: 19.0min
Epoch:[1/2](60120/66163), loss: 1.7266, logits_loss: 1.7266, aux_loss: 0.0000, lr: 0.00030717, epoch_time: 19.0min
Epoch:[1/2](60140/66163), loss: 1.7726, logits_loss: 1.7726, aux_loss: 0.0000, lr: 0.00030706, epoch_time: 19.0min
Epoch:[1/2](60160/66163), loss: 1.6746, logits_loss: 1.6746, aux_loss: 0.0000, lr: 0.00030696, epoch_time: 19.0min
Epoch:[1/2](60180/66163), loss: 1.7350, logits_loss: 1.7350, aux_loss: 0.0000, lr: 0.00030685, epoch_time: 19.0min
Epoch:[1/2](60200/66163), loss: 1.7082, logits_loss: 1.7082, aux_loss: 0.0000, lr: 0.00030675, epoch_time: 18.0min
Epoch:[1/2](60220/66163), loss: 1.8670, logits_loss: 1.8670, aux_loss: 0.0000, lr: 0.00030664, epoch_time: 18.0min
Epoch:[1/2](60240/66163), loss: 1.7769, logits_loss: 1.7769, aux_loss: 0.0000, lr: 0.00030654, epoch_time: 18.0min
Epoch:[1/2](60260/66163), loss: 1.8152, logits_loss: 1.8152, aux_loss: 0.0000, lr: 0.00030643, epoch_time: 18.0min
Epoch:[1/2](60280/66163), loss: 1.7669, logits_loss: 1.7669, aux_loss: 0.0000, lr: 0.00030632, epoch_time: 18.0min
Epoch:[1/2](60300/66163), loss: 1.8442, logits_loss: 1.8442, aux_loss: 0.0000, lr: 0.00030622, epoch_time: 18.0min
Epoch:[1/2](60320/66163), loss: 1.7097, logits_loss: 1.7097, aux_loss: 0.0000, lr: 0.00030611, epoch_time: 18.0min
Epoch:[1/2](60340/66163), loss: 1.7162, logits_loss: 1.7162, aux_loss: 0.0000, lr: 0.00030601, epoch_time: 18.0min
Epoch:[1/2](60360/66163), loss: 1.7737, logits_loss: 1.7737, aux_loss: 0.0000, lr: 0.00030590, epoch_time: 18.0min
Epoch:[1/2](60380/66163), loss: 1.7666, logits_loss: 1.7666, aux_loss: 0.0000, lr: 0.00030579, epoch_time: 18.0min
Epoch:[1/2](60400/66163), loss: 1.6987, logits_loss: 1.6987, aux_loss: 0.0000, lr: 0.00030569, epoch_time: 18.0min
Epoch:[1/2](60420/66163), loss: 1.7634, logits_loss: 1.7634, aux_loss: 0.0000, lr: 0.00030558, epoch_time: 18.0min
Epoch:[1/2](60440/66163), loss: 1.6791, logits_loss: 1.6791, aux_loss: 0.0000, lr: 0.00030548, epoch_time: 18.0min
Epoch:[1/2](60460/66163), loss: 1.7314, logits_loss: 1.7314, aux_loss: 0.0000, lr: 0.00030537, epoch_time: 18.0min
Epoch:[1/2](60480/66163), loss: 1.6666, logits_loss: 1.6666, aux_loss: 0.0000, lr: 0.00030527, epoch_time: 18.0min
Epoch:[1/2](60500/66163), loss: 1.7131, logits_loss: 1.7131, aux_loss: 0.0000, lr: 0.00030516, epoch_time: 17.0min
Epoch:[1/2](60520/66163), loss: 1.8292, logits_loss: 1.8292, aux_loss: 0.0000, lr: 0.00030505, epoch_time: 17.0min
Epoch:[1/2](60540/66163), loss: 1.8171, logits_loss: 1.8171, aux_loss: 0.0000, lr: 0.00030495, epoch_time: 17.0min
Epoch:[1/2](60560/66163), loss: 1.8066, logits_loss: 1.8066, aux_loss: 0.0000, lr: 0.00030484, epoch_time: 17.0min
Epoch:[1/2](60580/66163), loss: 1.7196, logits_loss: 1.7196, aux_loss: 0.0000, lr: 0.00030474, epoch_time: 17.0min
Epoch:[1/2](60600/66163), loss: 1.7532, logits_loss: 1.7532, aux_loss: 0.0000, lr: 0.00030463, epoch_time: 17.0min
Epoch:[1/2](60620/66163), loss: 1.8343, logits_loss: 1.8343, aux_loss: 0.0000, lr: 0.00030452, epoch_time: 17.0min
Epoch:[1/2](60640/66163), loss: 1.7214, logits_loss: 1.7214, aux_loss: 0.0000, lr: 0.00030442, epoch_time: 17.0min
Epoch:[1/2](60660/66163), loss: 1.7529, logits_loss: 1.7529, aux_loss: 0.0000, lr: 0.00030431, epoch_time: 17.0min
Epoch:[1/2](60680/66163), loss: 1.7265, logits_loss: 1.7265, aux_loss: 0.0000, lr: 0.00030421, epoch_time: 17.0min
Epoch:[1/2](60700/66163), loss: 1.7592, logits_loss: 1.7592, aux_loss: 0.0000, lr: 0.00030410, epoch_time: 17.0min
Epoch:[1/2](60720/66163), loss: 1.7546, logits_loss: 1.7546, aux_loss: 0.0000, lr: 0.00030399, epoch_time: 17.0min
Epoch:[1/2](60740/66163), loss: 1.7384, logits_loss: 1.7384, aux_loss: 0.0000, lr: 0.00030389, epoch_time: 17.0min
Epoch:[1/2](60760/66163), loss: 1.7173, logits_loss: 1.7173, aux_loss: 0.0000, lr: 0.00030378, epoch_time: 17.0min
Epoch:[1/2](60780/66163), loss: 1.7065, logits_loss: 1.7065, aux_loss: 0.0000, lr: 0.00030368, epoch_time: 17.0min
Epoch:[1/2](60800/66163), loss: 1.7437, logits_loss: 1.7437, aux_loss: 0.0000, lr: 0.00030357, epoch_time: 16.0min
Epoch:[1/2](60820/66163), loss: 1.7324, logits_loss: 1.7324, aux_loss: 0.0000, lr: 0.00030346, epoch_time: 16.0min
Epoch:[1/2](60840/66163), loss: 1.6604, logits_loss: 1.6604, aux_loss: 0.0000, lr: 0.00030336, epoch_time: 16.0min
Epoch:[1/2](60860/66163), loss: 1.7985, logits_loss: 1.7985, aux_loss: 0.0000, lr: 0.00030325, epoch_time: 16.0min
Epoch:[1/2](60880/66163), loss: 1.6550, logits_loss: 1.6550, aux_loss: 0.0000, lr: 0.00030315, epoch_time: 16.0min
Epoch:[1/2](60900/66163), loss: 1.6982, logits_loss: 1.6982, aux_loss: 0.0000, lr: 0.00030304, epoch_time: 16.0min
Epoch:[1/2](60920/66163), loss: 1.7976, logits_loss: 1.7976, aux_loss: 0.0000, lr: 0.00030293, epoch_time: 16.0min
Epoch:[1/2](60940/66163), loss: 1.7775, logits_loss: 1.7775, aux_loss: 0.0000, lr: 0.00030283, epoch_time: 16.0min
Epoch:[1/2](60960/66163), loss: 1.7501, logits_loss: 1.7501, aux_loss: 0.0000, lr: 0.00030272, epoch_time: 16.0min
Epoch:[1/2](60980/66163), loss: 1.8254, logits_loss: 1.8254, aux_loss: 0.0000, lr: 0.00030262, epoch_time: 16.0min
Epoch:[1/2](61000/66163), loss: 1.7862, logits_loss: 1.7862, aux_loss: 0.0000, lr: 0.00030251, epoch_time: 16.0min
Epoch:[1/2](61020/66163), loss: 1.6548, logits_loss: 1.6548, aux_loss: 0.0000, lr: 0.00030240, epoch_time: 16.0min
Epoch:[1/2](61040/66163), loss: 1.7484, logits_loss: 1.7484, aux_loss: 0.0000, lr: 0.00030230, epoch_time: 16.0min
Epoch:[1/2](61060/66163), loss: 1.7854, logits_loss: 1.7854, aux_loss: 0.0000, lr: 0.00030219, epoch_time: 16.0min
Epoch:[1/2](61080/66163), loss: 1.7886, logits_loss: 1.7886, aux_loss: 0.0000, lr: 0.00030209, epoch_time: 16.0min
Epoch:[1/2](61100/66163), loss: 1.7664, logits_loss: 1.7664, aux_loss: 0.0000, lr: 0.00030198, epoch_time: 16.0min
Epoch:[1/2](61120/66163), loss: 1.7600, logits_loss: 1.7600, aux_loss: 0.0000, lr: 0.00030187, epoch_time: 16.0min
Epoch:[1/2](61140/66163), loss: 1.6663, logits_loss: 1.6663, aux_loss: 0.0000, lr: 0.00030177, epoch_time: 15.0min
Epoch:[1/2](61160/66163), loss: 1.8246, logits_loss: 1.8246, aux_loss: 0.0000, lr: 0.00030166, epoch_time: 15.0min
Epoch:[1/2](61180/66163), loss: 1.7761, logits_loss: 1.7761, aux_loss: 0.0000, lr: 0.00030156, epoch_time: 15.0min
Epoch:[1/2](61200/66163), loss: 1.7410, logits_loss: 1.7410, aux_loss: 0.0000, lr: 0.00030145, epoch_time: 15.0min
Epoch:[1/2](61220/66163), loss: 1.7911, logits_loss: 1.7911, aux_loss: 0.0000, lr: 0.00030134, epoch_time: 15.0min
Epoch:[1/2](61240/66163), loss: 1.8013, logits_loss: 1.8013, aux_loss: 0.0000, lr: 0.00030124, epoch_time: 15.0min
Epoch:[1/2](61260/66163), loss: 1.7485, logits_loss: 1.7485, aux_loss: 0.0000, lr: 0.00030113, epoch_time: 15.0min
Epoch:[1/2](61280/66163), loss: 1.8136, logits_loss: 1.8136, aux_loss: 0.0000, lr: 0.00030103, epoch_time: 15.0min
Epoch:[1/2](61300/66163), loss: 1.8869, logits_loss: 1.8869, aux_loss: 0.0000, lr: 0.00030092, epoch_time: 15.0min
Epoch:[1/2](61320/66163), loss: 1.6991, logits_loss: 1.6991, aux_loss: 0.0000, lr: 0.00030081, epoch_time: 15.0min
Epoch:[1/2](61340/66163), loss: 1.7253, logits_loss: 1.7253, aux_loss: 0.0000, lr: 0.00030071, epoch_time: 15.0min
Epoch:[1/2](61360/66163), loss: 1.8210, logits_loss: 1.8210, aux_loss: 0.0000, lr: 0.00030060, epoch_time: 15.0min
Epoch:[1/2](61380/66163), loss: 1.7398, logits_loss: 1.7398, aux_loss: 0.0000, lr: 0.00030049, epoch_time: 15.0min
Epoch:[1/2](61400/66163), loss: 1.8055, logits_loss: 1.8055, aux_loss: 0.0000, lr: 0.00030039, epoch_time: 15.0min
Epoch:[1/2](61420/66163), loss: 1.7270, logits_loss: 1.7270, aux_loss: 0.0000, lr: 0.00030028, epoch_time: 15.0min
Epoch:[1/2](61440/66163), loss: 1.6290, logits_loss: 1.6290, aux_loss: 0.0000, lr: 0.00030018, epoch_time: 14.0min
Epoch:[1/2](61460/66163), loss: 1.7513, logits_loss: 1.7513, aux_loss: 0.0000, lr: 0.00030007, epoch_time: 14.0min
Epoch:[1/2](61480/66163), loss: 1.7257, logits_loss: 1.7257, aux_loss: 0.0000, lr: 0.00029996, epoch_time: 14.0min
Epoch:[1/2](61500/66163), loss: 1.7510, logits_loss: 1.7510, aux_loss: 0.0000, lr: 0.00029986, epoch_time: 14.0min
Epoch:[1/2](61520/66163), loss: 1.8292, logits_loss: 1.8292, aux_loss: 0.0000, lr: 0.00029975, epoch_time: 14.0min
Epoch:[1/2](61540/66163), loss: 1.7869, logits_loss: 1.7869, aux_loss: 0.0000, lr: 0.00029965, epoch_time: 14.0min
Epoch:[1/2](61560/66163), loss: 1.7196, logits_loss: 1.7196, aux_loss: 0.0000, lr: 0.00029954, epoch_time: 14.0min
Epoch:[1/2](61580/66163), loss: 1.6648, logits_loss: 1.6648, aux_loss: 0.0000, lr: 0.00029943, epoch_time: 14.0min
Epoch:[1/2](61600/66163), loss: 1.7688, logits_loss: 1.7688, aux_loss: 0.0000, lr: 0.00029933, epoch_time: 14.0min
Epoch:[1/2](61620/66163), loss: 1.7924, logits_loss: 1.7924, aux_loss: 0.0000, lr: 0.00029922, epoch_time: 14.0min
Epoch:[1/2](61640/66163), loss: 1.7829, logits_loss: 1.7829, aux_loss: 0.0000, lr: 0.00029911, epoch_time: 14.0min
Epoch:[1/2](61660/66163), loss: 1.7371, logits_loss: 1.7371, aux_loss: 0.0000, lr: 0.00029901, epoch_time: 14.0min
Epoch:[1/2](61680/66163), loss: 1.7183, logits_loss: 1.7183, aux_loss: 0.0000, lr: 0.00029890, epoch_time: 14.0min
Epoch:[1/2](61700/66163), loss: 1.8477, logits_loss: 1.8477, aux_loss: 0.0000, lr: 0.00029880, epoch_time: 14.0min
Epoch:[1/2](61720/66163), loss: 1.7957, logits_loss: 1.7957, aux_loss: 0.0000, lr: 0.00029869, epoch_time: 14.0min
Epoch:[1/2](61740/66163), loss: 1.6680, logits_loss: 1.6680, aux_loss: 0.0000, lr: 0.00029858, epoch_time: 13.0min
Epoch:[1/2](61760/66163), loss: 1.7414, logits_loss: 1.7414, aux_loss: 0.0000, lr: 0.00029848, epoch_time: 13.0min
Epoch:[1/2](61780/66163), loss: 1.7433, logits_loss: 1.7433, aux_loss: 0.0000, lr: 0.00029837, epoch_time: 13.0min
Epoch:[1/2](61800/66163), loss: 1.7639, logits_loss: 1.7639, aux_loss: 0.0000, lr: 0.00029826, epoch_time: 13.0min
Epoch:[1/2](61820/66163), loss: 1.8316, logits_loss: 1.8316, aux_loss: 0.0000, lr: 0.00029816, epoch_time: 13.0min
Epoch:[1/2](61840/66163), loss: 1.7433, logits_loss: 1.7433, aux_loss: 0.0000, lr: 0.00029805, epoch_time: 13.0min
Epoch:[1/2](61860/66163), loss: 1.7276, logits_loss: 1.7276, aux_loss: 0.0000, lr: 0.00029795, epoch_time: 13.0min
Epoch:[1/2](61880/66163), loss: 1.8310, logits_loss: 1.8310, aux_loss: 0.0000, lr: 0.00029784, epoch_time: 13.0min
Epoch:[1/2](61900/66163), loss: 1.7158, logits_loss: 1.7158, aux_loss: 0.0000, lr: 0.00029773, epoch_time: 13.0min
Epoch:[1/2](61920/66163), loss: 1.7680, logits_loss: 1.7680, aux_loss: 0.0000, lr: 0.00029763, epoch_time: 13.0min
Epoch:[1/2](61940/66163), loss: 1.7421, logits_loss: 1.7421, aux_loss: 0.0000, lr: 0.00029752, epoch_time: 13.0min
Epoch:[1/2](61960/66163), loss: 1.7667, logits_loss: 1.7667, aux_loss: 0.0000, lr: 0.00029741, epoch_time: 13.0min
Epoch:[1/2](61980/66163), loss: 1.7050, logits_loss: 1.7050, aux_loss: 0.0000, lr: 0.00029731, epoch_time: 13.0min
Epoch:[1/2](62000/66163), loss: 1.7725, logits_loss: 1.7725, aux_loss: 0.0000, lr: 0.00029720, epoch_time: 13.0min
Epoch:[1/2](62020/66163), loss: 1.7265, logits_loss: 1.7265, aux_loss: 0.0000, lr: 0.00029710, epoch_time: 13.0min
Epoch:[1/2](62040/66163), loss: 1.6844, logits_loss: 1.6844, aux_loss: 0.0000, lr: 0.00029699, epoch_time: 13.0min
Epoch:[1/2](62060/66163), loss: 1.7551, logits_loss: 1.7551, aux_loss: 0.0000, lr: 0.00029688, epoch_time: 12.0min
Epoch:[1/2](62080/66163), loss: 1.7119, logits_loss: 1.7119, aux_loss: 0.0000, lr: 0.00029678, epoch_time: 12.0min
Epoch:[1/2](62100/66163), loss: 1.6937, logits_loss: 1.6937, aux_loss: 0.0000, lr: 0.00029667, epoch_time: 12.0min
Epoch:[1/2](62120/66163), loss: 1.7473, logits_loss: 1.7473, aux_loss: 0.0000, lr: 0.00029656, epoch_time: 12.0min
Epoch:[1/2](62140/66163), loss: 1.7601, logits_loss: 1.7601, aux_loss: 0.0000, lr: 0.00029646, epoch_time: 12.0min
Epoch:[1/2](62160/66163), loss: 1.7708, logits_loss: 1.7708, aux_loss: 0.0000, lr: 0.00029635, epoch_time: 12.0min
Epoch:[1/2](62180/66163), loss: 1.6754, logits_loss: 1.6754, aux_loss: 0.0000, lr: 0.00029624, epoch_time: 12.0min
Epoch:[1/2](62200/66163), loss: 1.8345, logits_loss: 1.8345, aux_loss: 0.0000, lr: 0.00029614, epoch_time: 12.0min
Epoch:[1/2](62220/66163), loss: 1.7115, logits_loss: 1.7115, aux_loss: 0.0000, lr: 0.00029603, epoch_time: 12.0min
Epoch:[1/2](62240/66163), loss: 1.8199, logits_loss: 1.8199, aux_loss: 0.0000, lr: 0.00029593, epoch_time: 12.0min
Epoch:[1/2](62260/66163), loss: 1.7326, logits_loss: 1.7326, aux_loss: 0.0000, lr: 0.00029582, epoch_time: 12.0min
Epoch:[1/2](62280/66163), loss: 1.7026, logits_loss: 1.7026, aux_loss: 0.0000, lr: 0.00029571, epoch_time: 12.0min
Epoch:[1/2](62300/66163), loss: 1.7966, logits_loss: 1.7966, aux_loss: 0.0000, lr: 0.00029561, epoch_time: 12.0min
Epoch:[1/2](62320/66163), loss: 1.7553, logits_loss: 1.7553, aux_loss: 0.0000, lr: 0.00029550, epoch_time: 12.0min
Epoch:[1/2](62340/66163), loss: 1.7582, logits_loss: 1.7582, aux_loss: 0.0000, lr: 0.00029539, epoch_time: 12.0min
Epoch:[1/2](62360/66163), loss: 1.7265, logits_loss: 1.7265, aux_loss: 0.0000, lr: 0.00029529, epoch_time: 12.0min
Epoch:[1/2](62380/66163), loss: 1.7902, logits_loss: 1.7902, aux_loss: 0.0000, lr: 0.00029518, epoch_time: 11.0min
Epoch:[1/2](62400/66163), loss: 1.8253, logits_loss: 1.8253, aux_loss: 0.0000, lr: 0.00029507, epoch_time: 11.0min
Epoch:[1/2](62420/66163), loss: 1.7949, logits_loss: 1.7949, aux_loss: 0.0000, lr: 0.00029497, epoch_time: 11.0min
Epoch:[1/2](62440/66163), loss: 1.7807, logits_loss: 1.7807, aux_loss: 0.0000, lr: 0.00029486, epoch_time: 11.0min
Epoch:[1/2](62460/66163), loss: 1.7116, logits_loss: 1.7116, aux_loss: 0.0000, lr: 0.00029476, epoch_time: 11.0min
Epoch:[1/2](62480/66163), loss: 1.7972, logits_loss: 1.7972, aux_loss: 0.0000, lr: 0.00029465, epoch_time: 11.0min
Epoch:[1/2](62500/66163), loss: 1.9567, logits_loss: 1.9567, aux_loss: 0.0000, lr: 0.00029454, epoch_time: 11.0min
Epoch:[1/2](62520/66163), loss: 1.7328, logits_loss: 1.7328, aux_loss: 0.0000, lr: 0.00029444, epoch_time: 11.0min
Epoch:[1/2](62540/66163), loss: 1.7164, logits_loss: 1.7164, aux_loss: 0.0000, lr: 0.00029433, epoch_time: 11.0min
Epoch:[1/2](62560/66163), loss: 1.7239, logits_loss: 1.7239, aux_loss: 0.0000, lr: 0.00029422, epoch_time: 11.0min
Epoch:[1/2](62580/66163), loss: 1.7868, logits_loss: 1.7868, aux_loss: 0.0000, lr: 0.00029412, epoch_time: 11.0min
Epoch:[1/2](62600/66163), loss: 1.7816, logits_loss: 1.7816, aux_loss: 0.0000, lr: 0.00029401, epoch_time: 11.0min
Epoch:[1/2](62620/66163), loss: 1.7974, logits_loss: 1.7974, aux_loss: 0.0000, lr: 0.00029390, epoch_time: 11.0min
Epoch:[1/2](62640/66163), loss: 1.7053, logits_loss: 1.7053, aux_loss: 0.0000, lr: 0.00029380, epoch_time: 11.0min
Epoch:[1/2](62660/66163), loss: 1.7030, logits_loss: 1.7030, aux_loss: 0.0000, lr: 0.00029369, epoch_time: 11.0min
Epoch:[1/2](62680/66163), loss: 1.8083, logits_loss: 1.8083, aux_loss: 0.0000, lr: 0.00029358, epoch_time: 11.0min
Epoch:[1/2](62700/66163), loss: 1.6470, logits_loss: 1.6470, aux_loss: 0.0000, lr: 0.00029348, epoch_time: 10.0min
Epoch:[1/2](62720/66163), loss: 1.8200, logits_loss: 1.8200, aux_loss: 0.0000, lr: 0.00029337, epoch_time: 10.0min
Epoch:[1/2](62740/66163), loss: 1.7923, logits_loss: 1.7923, aux_loss: 0.0000, lr: 0.00029326, epoch_time: 10.0min
Epoch:[1/2](62760/66163), loss: 1.6786, logits_loss: 1.6786, aux_loss: 0.0000, lr: 0.00029316, epoch_time: 10.0min
Epoch:[1/2](62780/66163), loss: 1.7213, logits_loss: 1.7213, aux_loss: 0.0000, lr: 0.00029305, epoch_time: 10.0min
Epoch:[1/2](62800/66163), loss: 1.6789, logits_loss: 1.6789, aux_loss: 0.0000, lr: 0.00029295, epoch_time: 10.0min
Epoch:[1/2](62820/66163), loss: 1.8137, logits_loss: 1.8137, aux_loss: 0.0000, lr: 0.00029284, epoch_time: 10.0min
Epoch:[1/2](62840/66163), loss: 1.7365, logits_loss: 1.7365, aux_loss: 0.0000, lr: 0.00029273, epoch_time: 10.0min
Epoch:[1/2](62860/66163), loss: 1.7631, logits_loss: 1.7631, aux_loss: 0.0000, lr: 0.00029263, epoch_time: 10.0min
Epoch:[1/2](62880/66163), loss: 1.8977, logits_loss: 1.8977, aux_loss: 0.0000, lr: 0.00029252, epoch_time: 10.0min
Epoch:[1/2](62900/66163), loss: 1.7134, logits_loss: 1.7134, aux_loss: 0.0000, lr: 0.00029241, epoch_time: 10.0min
Epoch:[1/2](62920/66163), loss: 1.6975, logits_loss: 1.6975, aux_loss: 0.0000, lr: 0.00029231, epoch_time: 10.0min
Epoch:[1/2](62940/66163), loss: 1.7520, logits_loss: 1.7520, aux_loss: 0.0000, lr: 0.00029220, epoch_time: 10.0min
Epoch:[1/2](62960/66163), loss: 1.8381, logits_loss: 1.8381, aux_loss: 0.0000, lr: 0.00029209, epoch_time: 10.0min
Epoch:[1/2](62980/66163), loss: 1.7278, logits_loss: 1.7278, aux_loss: 0.0000, lr: 0.00029199, epoch_time: 10.0min
Epoch:[1/2](63000/66163), loss: 1.7659, logits_loss: 1.7659, aux_loss: 0.0000, lr: 0.00029188, epoch_time: 9.0min
Epoch:[1/2](63020/66163), loss: 1.8086, logits_loss: 1.8086, aux_loss: 0.0000, lr: 0.00029177, epoch_time: 9.0min
Epoch:[1/2](63040/66163), loss: 1.7465, logits_loss: 1.7465, aux_loss: 0.0000, lr: 0.00029167, epoch_time: 9.0min
Epoch:[1/2](63060/66163), loss: 1.8054, logits_loss: 1.8054, aux_loss: 0.0000, lr: 0.00029156, epoch_time: 9.0min
Epoch:[1/2](63080/66163), loss: 1.7795, logits_loss: 1.7795, aux_loss: 0.0000, lr: 0.00029145, epoch_time: 9.0min
Epoch:[1/2](63100/66163), loss: 1.6886, logits_loss: 1.6886, aux_loss: 0.0000, lr: 0.00029135, epoch_time: 9.0min
Epoch:[1/2](63120/66163), loss: 1.7490, logits_loss: 1.7490, aux_loss: 0.0000, lr: 0.00029124, epoch_time: 9.0min
Epoch:[1/2](63140/66163), loss: 1.8543, logits_loss: 1.8543, aux_loss: 0.0000, lr: 0.00029113, epoch_time: 9.0min
Epoch:[1/2](63160/66163), loss: 1.7741, logits_loss: 1.7741, aux_loss: 0.0000, lr: 0.00029103, epoch_time: 9.0min
Epoch:[1/2](63180/66163), loss: 1.7615, logits_loss: 1.7615, aux_loss: 0.0000, lr: 0.00029092, epoch_time: 9.0min
Epoch:[1/2](63200/66163), loss: 1.7387, logits_loss: 1.7387, aux_loss: 0.0000, lr: 0.00029081, epoch_time: 9.0min
Epoch:[1/2](63220/66163), loss: 1.7647, logits_loss: 1.7647, aux_loss: 0.0000, lr: 0.00029071, epoch_time: 9.0min
Epoch:[1/2](63240/66163), loss: 1.7123, logits_loss: 1.7123, aux_loss: 0.0000, lr: 0.00029060, epoch_time: 9.0min
Epoch:[1/2](63260/66163), loss: 1.6755, logits_loss: 1.6755, aux_loss: 0.0000, lr: 0.00029049, epoch_time: 9.0min
Epoch:[1/2](63280/66163), loss: 1.7119, logits_loss: 1.7119, aux_loss: 0.0000, lr: 0.00029039, epoch_time: 9.0min
Epoch:[1/2](63300/66163), loss: 1.8262, logits_loss: 1.8262, aux_loss: 0.0000, lr: 0.00029028, epoch_time: 9.0min
Epoch:[1/2](63320/66163), loss: 1.7300, logits_loss: 1.7300, aux_loss: 0.0000, lr: 0.00029018, epoch_time: 9.0min
Epoch:[1/2](63340/66163), loss: 1.7988, logits_loss: 1.7988, aux_loss: 0.0000, lr: 0.00029007, epoch_time: 8.0min
Epoch:[1/2](63360/66163), loss: 1.7688, logits_loss: 1.7688, aux_loss: 0.0000, lr: 0.00028996, epoch_time: 8.0min
Epoch:[1/2](63380/66163), loss: 1.7335, logits_loss: 1.7335, aux_loss: 0.0000, lr: 0.00028986, epoch_time: 8.0min
Epoch:[1/2](63400/66163), loss: 1.7618, logits_loss: 1.7618, aux_loss: 0.0000, lr: 0.00028975, epoch_time: 8.0min
Epoch:[1/2](63420/66163), loss: 1.7629, logits_loss: 1.7629, aux_loss: 0.0000, lr: 0.00028964, epoch_time: 8.0min
Epoch:[1/2](63440/66163), loss: 1.7316, logits_loss: 1.7316, aux_loss: 0.0000, lr: 0.00028954, epoch_time: 8.0min
Epoch:[1/2](63460/66163), loss: 1.6724, logits_loss: 1.6724, aux_loss: 0.0000, lr: 0.00028943, epoch_time: 8.0min
Epoch:[1/2](63480/66163), loss: 1.8312, logits_loss: 1.8312, aux_loss: 0.0000, lr: 0.00028932, epoch_time: 8.0min
Epoch:[1/2](63500/66163), loss: 1.7567, logits_loss: 1.7567, aux_loss: 0.0000, lr: 0.00028922, epoch_time: 8.0min
Epoch:[1/2](63520/66163), loss: 1.8430, logits_loss: 1.8430, aux_loss: 0.0000, lr: 0.00028911, epoch_time: 8.0min
Epoch:[1/2](63540/66163), loss: 1.6682, logits_loss: 1.6682, aux_loss: 0.0000, lr: 0.00028900, epoch_time: 8.0min
Epoch:[1/2](63560/66163), loss: 1.7574, logits_loss: 1.7574, aux_loss: 0.0000, lr: 0.00028890, epoch_time: 8.0min
Epoch:[1/2](63580/66163), loss: 1.6948, logits_loss: 1.6948, aux_loss: 0.0000, lr: 0.00028879, epoch_time: 8.0min
Epoch:[1/2](63600/66163), loss: 1.7900, logits_loss: 1.7900, aux_loss: 0.0000, lr: 0.00028868, epoch_time: 8.0min
Epoch:[1/2](63620/66163), loss: 1.8159, logits_loss: 1.8159, aux_loss: 0.0000, lr: 0.00028858, epoch_time: 8.0min
Epoch:[1/2](63640/66163), loss: 1.7724, logits_loss: 1.7724, aux_loss: 0.0000, lr: 0.00028847, epoch_time: 7.0min
Epoch:[1/2](63660/66163), loss: 1.6672, logits_loss: 1.6672, aux_loss: 0.0000, lr: 0.00028836, epoch_time: 7.0min
Epoch:[1/2](63680/66163), loss: 1.7256, logits_loss: 1.7256, aux_loss: 0.0000, lr: 0.00028826, epoch_time: 7.0min
Epoch:[1/2](63700/66163), loss: 1.7595, logits_loss: 1.7595, aux_loss: 0.0000, lr: 0.00028815, epoch_time: 7.0min
Epoch:[1/2](63720/66163), loss: 1.7295, logits_loss: 1.7295, aux_loss: 0.0000, lr: 0.00028804, epoch_time: 7.0min
Epoch:[1/2](63740/66163), loss: 1.7490, logits_loss: 1.7490, aux_loss: 0.0000, lr: 0.00028794, epoch_time: 7.0min
Epoch:[1/2](63760/66163), loss: 1.8269, logits_loss: 1.8269, aux_loss: 0.0000, lr: 0.00028783, epoch_time: 7.0min
Epoch:[1/2](63780/66163), loss: 1.7300, logits_loss: 1.7300, aux_loss: 0.0000, lr: 0.00028772, epoch_time: 7.0min
Epoch:[1/2](63800/66163), loss: 1.6835, logits_loss: 1.6835, aux_loss: 0.0000, lr: 0.00028762, epoch_time: 7.0min
Epoch:[1/2](63820/66163), loss: 1.6351, logits_loss: 1.6351, aux_loss: 0.0000, lr: 0.00028751, epoch_time: 7.0min
Epoch:[1/2](63840/66163), loss: 1.7181, logits_loss: 1.7181, aux_loss: 0.0000, lr: 0.00028740, epoch_time: 7.0min
Epoch:[1/2](63860/66163), loss: 1.7709, logits_loss: 1.7709, aux_loss: 0.0000, lr: 0.00028730, epoch_time: 7.0min
Epoch:[1/2](63880/66163), loss: 1.7465, logits_loss: 1.7465, aux_loss: 0.0000, lr: 0.00028719, epoch_time: 7.0min
Epoch:[1/2](63900/66163), loss: 1.7710, logits_loss: 1.7710, aux_loss: 0.0000, lr: 0.00028708, epoch_time: 7.0min
Epoch:[1/2](63920/66163), loss: 1.8547, logits_loss: 1.8547, aux_loss: 0.0000, lr: 0.00028698, epoch_time: 7.0min
Epoch:[1/2](63940/66163), loss: 1.7921, logits_loss: 1.7921, aux_loss: 0.0000, lr: 0.00028687, epoch_time: 7.0min
Epoch:[1/2](63960/66163), loss: 1.7985, logits_loss: 1.7985, aux_loss: 0.0000, lr: 0.00028676, epoch_time: 6.0min
Epoch:[1/2](63980/66163), loss: 1.7212, logits_loss: 1.7212, aux_loss: 0.0000, lr: 0.00028666, epoch_time: 6.0min
Epoch:[1/2](64000/66163), loss: 1.7802, logits_loss: 1.7802, aux_loss: 0.0000, lr: 0.00028655, epoch_time: 6.0min
Epoch:[1/2](64020/66163), loss: 1.7982, logits_loss: 1.7982, aux_loss: 0.0000, lr: 0.00028644, epoch_time: 6.0min
Epoch:[1/2](64040/66163), loss: 1.6862, logits_loss: 1.6862, aux_loss: 0.0000, lr: 0.00028634, epoch_time: 6.0min
Epoch:[1/2](64060/66163), loss: 1.8195, logits_loss: 1.8195, aux_loss: 0.0000, lr: 0.00028623, epoch_time: 6.0min
Epoch:[1/2](64080/66163), loss: 1.7368, logits_loss: 1.7368, aux_loss: 0.0000, lr: 0.00028612, epoch_time: 6.0min
Epoch:[1/2](64100/66163), loss: 1.7646, logits_loss: 1.7646, aux_loss: 0.0000, lr: 0.00028602, epoch_time: 6.0min
Epoch:[1/2](64120/66163), loss: 1.7755, logits_loss: 1.7755, aux_loss: 0.0000, lr: 0.00028591, epoch_time: 6.0min
Epoch:[1/2](64140/66163), loss: 1.8032, logits_loss: 1.8032, aux_loss: 0.0000, lr: 0.00028580, epoch_time: 6.0min
Epoch:[1/2](64160/66163), loss: 1.6887, logits_loss: 1.6887, aux_loss: 0.0000, lr: 0.00028570, epoch_time: 6.0min
Epoch:[1/2](64180/66163), loss: 1.7682, logits_loss: 1.7682, aux_loss: 0.0000, lr: 0.00028559, epoch_time: 6.0min
Epoch:[1/2](64200/66163), loss: 1.7622, logits_loss: 1.7622, aux_loss: 0.0000, lr: 0.00028548, epoch_time: 6.0min
Epoch:[1/2](64220/66163), loss: 1.6960, logits_loss: 1.6960, aux_loss: 0.0000, lr: 0.00028538, epoch_time: 6.0min
Epoch:[1/2](64240/66163), loss: 1.7438, logits_loss: 1.7438, aux_loss: 0.0000, lr: 0.00028527, epoch_time: 6.0min
Epoch:[1/2](64260/66163), loss: 1.8225, logits_loss: 1.8225, aux_loss: 0.0000, lr: 0.00028516, epoch_time: 5.0min
Epoch:[1/2](64280/66163), loss: 1.7207, logits_loss: 1.7207, aux_loss: 0.0000, lr: 0.00028506, epoch_time: 5.0min
Epoch:[1/2](64300/66163), loss: 1.7483, logits_loss: 1.7483, aux_loss: 0.0000, lr: 0.00028495, epoch_time: 5.0min
Epoch:[1/2](64320/66163), loss: 1.7084, logits_loss: 1.7084, aux_loss: 0.0000, lr: 0.00028484, epoch_time: 5.0min
Epoch:[1/2](64340/66163), loss: 1.7828, logits_loss: 1.7828, aux_loss: 0.0000, lr: 0.00028474, epoch_time: 5.0min
Epoch:[1/2](64360/66163), loss: 1.8119, logits_loss: 1.8119, aux_loss: 0.0000, lr: 0.00028463, epoch_time: 5.0min
Epoch:[1/2](64380/66163), loss: 1.7816, logits_loss: 1.7816, aux_loss: 0.0000, lr: 0.00028452, epoch_time: 5.0min
Epoch:[1/2](64400/66163), loss: 1.6883, logits_loss: 1.6883, aux_loss: 0.0000, lr: 0.00028441, epoch_time: 5.0min
Epoch:[1/2](64420/66163), loss: 1.7287, logits_loss: 1.7287, aux_loss: 0.0000, lr: 0.00028431, epoch_time: 5.0min
Epoch:[1/2](64440/66163), loss: 1.7803, logits_loss: 1.7803, aux_loss: 0.0000, lr: 0.00028420, epoch_time: 5.0min
Epoch:[1/2](64460/66163), loss: 1.7406, logits_loss: 1.7406, aux_loss: 0.0000, lr: 0.00028409, epoch_time: 5.0min
Epoch:[1/2](64480/66163), loss: 1.7351, logits_loss: 1.7351, aux_loss: 0.0000, lr: 0.00028399, epoch_time: 5.0min
Epoch:[1/2](64500/66163), loss: 1.7447, logits_loss: 1.7447, aux_loss: 0.0000, lr: 0.00028388, epoch_time: 5.0min
Epoch:[1/2](64520/66163), loss: 1.7829, logits_loss: 1.7829, aux_loss: 0.0000, lr: 0.00028377, epoch_time: 5.0min
Epoch:[1/2](64540/66163), loss: 1.7868, logits_loss: 1.7868, aux_loss: 0.0000, lr: 0.00028367, epoch_time: 5.0min
Epoch:[1/2](64560/66163), loss: 1.7557, logits_loss: 1.7557, aux_loss: 0.0000, lr: 0.00028356, epoch_time: 5.0min
Epoch:[1/2](64580/66163), loss: 1.7514, logits_loss: 1.7514, aux_loss: 0.0000, lr: 0.00028345, epoch_time: 5.0min
Epoch:[1/2](64600/66163), loss: 1.7045, logits_loss: 1.7045, aux_loss: 0.0000, lr: 0.00028335, epoch_time: 4.0min
Epoch:[1/2](64620/66163), loss: 1.8128, logits_loss: 1.8128, aux_loss: 0.0000, lr: 0.00028324, epoch_time: 4.0min
Epoch:[1/2](64640/66163), loss: 1.8233, logits_loss: 1.8233, aux_loss: 0.0000, lr: 0.00028313, epoch_time: 4.0min
Epoch:[1/2](64660/66163), loss: 1.7662, logits_loss: 1.7662, aux_loss: 0.0000, lr: 0.00028303, epoch_time: 4.0min
Epoch:[1/2](64680/66163), loss: 1.7584, logits_loss: 1.7584, aux_loss: 0.0000, lr: 0.00028292, epoch_time: 4.0min
Epoch:[1/2](64700/66163), loss: 1.7735, logits_loss: 1.7735, aux_loss: 0.0000, lr: 0.00028281, epoch_time: 4.0min
Epoch:[1/2](64720/66163), loss: 1.7046, logits_loss: 1.7046, aux_loss: 0.0000, lr: 0.00028271, epoch_time: 4.0min
Epoch:[1/2](64740/66163), loss: 1.7541, logits_loss: 1.7541, aux_loss: 0.0000, lr: 0.00028260, epoch_time: 4.0min
Epoch:[1/2](64760/66163), loss: 1.6465, logits_loss: 1.6465, aux_loss: 0.0000, lr: 0.00028249, epoch_time: 4.0min
Epoch:[1/2](64780/66163), loss: 1.7918, logits_loss: 1.7918, aux_loss: 0.0000, lr: 0.00028239, epoch_time: 4.0min
Epoch:[1/2](64800/66163), loss: 1.7428, logits_loss: 1.7428, aux_loss: 0.0000, lr: 0.00028228, epoch_time: 4.0min
Epoch:[1/2](64820/66163), loss: 1.8097, logits_loss: 1.8097, aux_loss: 0.0000, lr: 0.00028217, epoch_time: 4.0min
Epoch:[1/2](64840/66163), loss: 1.7547, logits_loss: 1.7547, aux_loss: 0.0000, lr: 0.00028207, epoch_time: 4.0min
Epoch:[1/2](64860/66163), loss: 1.7394, logits_loss: 1.7394, aux_loss: 0.0000, lr: 0.00028196, epoch_time: 4.0min
Epoch:[1/2](64880/66163), loss: 1.8359, logits_loss: 1.8359, aux_loss: 0.0000, lr: 0.00028185, epoch_time: 4.0min
Epoch:[1/2](64900/66163), loss: 1.7910, logits_loss: 1.7910, aux_loss: 0.0000, lr: 0.00028175, epoch_time: 3.0min
Epoch:[1/2](64920/66163), loss: 1.7172, logits_loss: 1.7172, aux_loss: 0.0000, lr: 0.00028164, epoch_time: 3.0min
Epoch:[1/2](64940/66163), loss: 1.7986, logits_loss: 1.7986, aux_loss: 0.0000, lr: 0.00028153, epoch_time: 3.0min
Epoch:[1/2](64960/66163), loss: 1.7151, logits_loss: 1.7151, aux_loss: 0.0000, lr: 0.00028143, epoch_time: 3.0min
Epoch:[1/2](64980/66163), loss: 1.8004, logits_loss: 1.8004, aux_loss: 0.0000, lr: 0.00028132, epoch_time: 3.0min
Epoch:[1/2](65000/66163), loss: 1.6922, logits_loss: 1.6922, aux_loss: 0.0000, lr: 0.00028121, epoch_time: 3.0min
Epoch:[1/2](65020/66163), loss: 1.8451, logits_loss: 1.8451, aux_loss: 0.0000, lr: 0.00028110, epoch_time: 3.0min
Epoch:[1/2](65040/66163), loss: 1.8126, logits_loss: 1.8126, aux_loss: 0.0000, lr: 0.00028100, epoch_time: 3.0min
Epoch:[1/2](65060/66163), loss: 1.7836, logits_loss: 1.7836, aux_loss: 0.0000, lr: 0.00028089, epoch_time: 3.0min
Epoch:[1/2](65080/66163), loss: 1.6987, logits_loss: 1.6987, aux_loss: 0.0000, lr: 0.00028078, epoch_time: 3.0min
Epoch:[1/2](65100/66163), loss: 1.8259, logits_loss: 1.8259, aux_loss: 0.0000, lr: 0.00028068, epoch_time: 3.0min
Epoch:[1/2](65120/66163), loss: 1.7722, logits_loss: 1.7722, aux_loss: 0.0000, lr: 0.00028057, epoch_time: 3.0min
Epoch:[1/2](65140/66163), loss: 1.7534, logits_loss: 1.7534, aux_loss: 0.0000, lr: 0.00028046, epoch_time: 3.0min
Epoch:[1/2](65160/66163), loss: 1.6583, logits_loss: 1.6583, aux_loss: 0.0000, lr: 0.00028036, epoch_time: 3.0min
Epoch:[1/2](65180/66163), loss: 1.7783, logits_loss: 1.7783, aux_loss: 0.0000, lr: 0.00028025, epoch_time: 3.0min
Epoch:[1/2](65200/66163), loss: 1.7376, logits_loss: 1.7376, aux_loss: 0.0000, lr: 0.00028014, epoch_time: 3.0min
Epoch:[1/2](65220/66163), loss: 1.8378, logits_loss: 1.8378, aux_loss: 0.0000, lr: 0.00028004, epoch_time: 2.0min
Epoch:[1/2](65240/66163), loss: 1.7751, logits_loss: 1.7751, aux_loss: 0.0000, lr: 0.00027993, epoch_time: 2.0min
Epoch:[1/2](65260/66163), loss: 1.7746, logits_loss: 1.7746, aux_loss: 0.0000, lr: 0.00027982, epoch_time: 2.0min
Epoch:[1/2](65280/66163), loss: 1.7984, logits_loss: 1.7984, aux_loss: 0.0000, lr: 0.00027972, epoch_time: 2.0min
Epoch:[1/2](65300/66163), loss: 1.6806, logits_loss: 1.6806, aux_loss: 0.0000, lr: 0.00027961, epoch_time: 2.0min
Epoch:[1/2](65320/66163), loss: 1.8101, logits_loss: 1.8101, aux_loss: 0.0000, lr: 0.00027950, epoch_time: 2.0min
Epoch:[1/2](65340/66163), loss: 1.6132, logits_loss: 1.6132, aux_loss: 0.0000, lr: 0.00027940, epoch_time: 2.0min
Epoch:[1/2](65360/66163), loss: 1.8408, logits_loss: 1.8408, aux_loss: 0.0000, lr: 0.00027929, epoch_time: 2.0min
Epoch:[1/2](65380/66163), loss: 1.8100, logits_loss: 1.8100, aux_loss: 0.0000, lr: 0.00027918, epoch_time: 2.0min
Epoch:[1/2](65400/66163), loss: 1.6111, logits_loss: 1.6111, aux_loss: 0.0000, lr: 0.00027908, epoch_time: 2.0min
Epoch:[1/2](65420/66163), loss: 1.7281, logits_loss: 1.7281, aux_loss: 0.0000, lr: 0.00027897, epoch_time: 2.0min
Epoch:[1/2](65440/66163), loss: 1.6986, logits_loss: 1.6986, aux_loss: 0.0000, lr: 0.00027886, epoch_time: 2.0min
Epoch:[1/2](65460/66163), loss: 1.7421, logits_loss: 1.7421, aux_loss: 0.0000, lr: 0.00027876, epoch_time: 2.0min
Epoch:[1/2](65480/66163), loss: 1.6780, logits_loss: 1.6780, aux_loss: 0.0000, lr: 0.00027865, epoch_time: 2.0min
Epoch:[1/2](65500/66163), loss: 1.7721, logits_loss: 1.7721, aux_loss: 0.0000, lr: 0.00027854, epoch_time: 2.0min
Epoch:[1/2](65520/66163), loss: 1.7616, logits_loss: 1.7616, aux_loss: 0.0000, lr: 0.00027843, epoch_time: 2.0min
Epoch:[1/2](65540/66163), loss: 1.7724, logits_loss: 1.7724, aux_loss: 0.0000, lr: 0.00027833, epoch_time: 1.0min
Epoch:[1/2](65560/66163), loss: 1.7973, logits_loss: 1.7973, aux_loss: 0.0000, lr: 0.00027822, epoch_time: 1.0min
Epoch:[1/2](65580/66163), loss: 1.8406, logits_loss: 1.8406, aux_loss: 0.0000, lr: 0.00027811, epoch_time: 1.0min
Epoch:[1/2](65600/66163), loss: 1.6963, logits_loss: 1.6963, aux_loss: 0.0000, lr: 0.00027801, epoch_time: 1.0min
Epoch:[1/2](65620/66163), loss: 1.7491, logits_loss: 1.7491, aux_loss: 0.0000, lr: 0.00027790, epoch_time: 1.0min
Epoch:[1/2](65640/66163), loss: 1.7620, logits_loss: 1.7620, aux_loss: 0.0000, lr: 0.00027779, epoch_time: 1.0min
Epoch:[1/2](65660/66163), loss: 1.6940, logits_loss: 1.6940, aux_loss: 0.0000, lr: 0.00027769, epoch_time: 1.0min
Epoch:[1/2](65680/66163), loss: 1.7188, logits_loss: 1.7188, aux_loss: 0.0000, lr: 0.00027758, epoch_time: 1.0min
Epoch:[1/2](65700/66163), loss: 1.7366, logits_loss: 1.7366, aux_loss: 0.0000, lr: 0.00027747, epoch_time: 1.0min
Epoch:[1/2](65720/66163), loss: 1.7865, logits_loss: 1.7865, aux_loss: 0.0000, lr: 0.00027737, epoch_time: 1.0min
Epoch:[1/2](65740/66163), loss: 1.7767, logits_loss: 1.7767, aux_loss: 0.0000, lr: 0.00027726, epoch_time: 1.0min
Epoch:[1/2](65760/66163), loss: 1.6647, logits_loss: 1.6647, aux_loss: 0.0000, lr: 0.00027715, epoch_time: 1.0min
Epoch:[1/2](65780/66163), loss: 1.7407, logits_loss: 1.7407, aux_loss: 0.0000, lr: 0.00027705, epoch_time: 1.0min
Epoch:[1/2](65800/66163), loss: 1.6895, logits_loss: 1.6895, aux_loss: 0.0000, lr: 0.00027694, epoch_time: 1.0min
Epoch:[1/2](65820/66163), loss: 1.8474, logits_loss: 1.8474, aux_loss: 0.0000, lr: 0.00027683, epoch_time: 1.0min
Epoch:[1/2](65840/66163), loss: 1.8215, logits_loss: 1.8215, aux_loss: 0.0000, lr: 0.00027673, epoch_time: 1.0min
Epoch:[1/2](65860/66163), loss: 1.7478, logits_loss: 1.7478, aux_loss: 0.0000, lr: 0.00027662, epoch_time: 0.0min
Epoch:[1/2](65880/66163), loss: 1.6776, logits_loss: 1.6776, aux_loss: 0.0000, lr: 0.00027651, epoch_time: 0.0min
Epoch:[1/2](65900/66163), loss: 1.7945, logits_loss: 1.7945, aux_loss: 0.0000, lr: 0.00027640, epoch_time: 0.0min
Epoch:[1/2](65920/66163), loss: 1.7622, logits_loss: 1.7622, aux_loss: 0.0000, lr: 0.00027630, epoch_time: 0.0min
Epoch:[1/2](65940/66163), loss: 1.7637, logits_loss: 1.7637, aux_loss: 0.0000, lr: 0.00027619, epoch_time: 0.0min
Epoch:[1/2](65960/66163), loss: 1.8523, logits_loss: 1.8523, aux_loss: 0.0000, lr: 0.00027608, epoch_time: 0.0min
Epoch:[1/2](65980/66163), loss: 1.7926, logits_loss: 1.7926, aux_loss: 0.0000, lr: 0.00027598, epoch_time: 0.0min
Epoch:[1/2](66000/66163), loss: 1.7841, logits_loss: 1.7841, aux_loss: 0.0000, lr: 0.00027587, epoch_time: 0.0min
Epoch:[1/2](66020/66163), loss: 1.8554, logits_loss: 1.8554, aux_loss: 0.0000, lr: 0.00027576, epoch_time: 0.0min
Epoch:[1/2](66040/66163), loss: 1.6480, logits_loss: 1.6480, aux_loss: 0.0000, lr: 0.00027566, epoch_time: 0.0min
Epoch:[1/2](66060/66163), loss: 1.8364, logits_loss: 1.8364, aux_loss: 0.0000, lr: 0.00027555, epoch_time: 0.0min
Epoch:[1/2](66080/66163), loss: 1.7528, logits_loss: 1.7528, aux_loss: 0.0000, lr: 0.00027544, epoch_time: 0.0min
Epoch:[1/2](66100/66163), loss: 1.7481, logits_loss: 1.7481, aux_loss: 0.0000, lr: 0.00027534, epoch_time: 0.0min
Epoch:[1/2](66120/66163), loss: 1.7422, logits_loss: 1.7422, aux_loss: 0.0000, lr: 0.00027523, epoch_time: 0.0min
Epoch:[1/2](66140/66163), loss: 1.8142, logits_loss: 1.8142, aux_loss: 0.0000, lr: 0.00027512, epoch_time: 0.0min
Epoch:[1/2](66160/66163), loss: 1.7585, logits_loss: 1.7585, aux_loss: 0.0000, lr: 0.00027502, epoch_time: 0.0min
Epoch:[1/2](66163/66163), loss: 1.6889, logits_loss: 1.6889, aux_loss: 0.0000, lr: 0.00027500, epoch_time: 0.0min
Epoch:[2/2](20/66163), loss: 1.8027, logits_loss: 1.8027, aux_loss: 0.0000, lr: 0.00027489, epoch_time: 179.0min
Epoch:[2/2](40/66163), loss: 1.7773, logits_loss: 1.7773, aux_loss: 0.0000, lr: 0.00027479, epoch_time: 157.0min
Epoch:[2/2](60/66163), loss: 1.7916, logits_loss: 1.7916, aux_loss: 0.0000, lr: 0.00027468, epoch_time: 150.0min
Epoch:[2/2](80/66163), loss: 1.6992, logits_loss: 1.6992, aux_loss: 0.0000, lr: 0.00027457, epoch_time: 146.0min
Epoch:[2/2](100/66163), loss: 1.6829, logits_loss: 1.6829, aux_loss: 0.0000, lr: 0.00027447, epoch_time: 145.0min
Epoch:[2/2](120/66163), loss: 1.7030, logits_loss: 1.7030, aux_loss: 0.0000, lr: 0.00027436, epoch_time: 145.0min
Epoch:[2/2](140/66163), loss: 1.5909, logits_loss: 1.5909, aux_loss: 0.0000, lr: 0.00027425, epoch_time: 143.0min
Epoch:[2/2](160/66163), loss: 1.6794, logits_loss: 1.6794, aux_loss: 0.0000, lr: 0.00027415, epoch_time: 143.0min
Epoch:[2/2](180/66163), loss: 1.6971, logits_loss: 1.6971, aux_loss: 0.0000, lr: 0.00027404, epoch_time: 142.0min
Epoch:[2/2](200/66163), loss: 1.7489, logits_loss: 1.7489, aux_loss: 0.0000, lr: 0.00027393, epoch_time: 141.0min
Epoch:[2/2](220/66163), loss: 1.6753, logits_loss: 1.6753, aux_loss: 0.0000, lr: 0.00027382, epoch_time: 141.0min
Epoch:[2/2](240/66163), loss: 1.6540, logits_loss: 1.6540, aux_loss: 0.0000, lr: 0.00027372, epoch_time: 140.0min
Epoch:[2/2](260/66163), loss: 1.7591, logits_loss: 1.7591, aux_loss: 0.0000, lr: 0.00027361, epoch_time: 140.0min
Epoch:[2/2](280/66163), loss: 1.7533, logits_loss: 1.7533, aux_loss: 0.0000, lr: 0.00027350, epoch_time: 140.0min
Epoch:[2/2](300/66163), loss: 1.7643, logits_loss: 1.7643, aux_loss: 0.0000, lr: 0.00027340, epoch_time: 139.0min
Epoch:[2/2](320/66163), loss: 1.8052, logits_loss: 1.8052, aux_loss: 0.0000, lr: 0.00027329, epoch_time: 139.0min
Epoch:[2/2](340/66163), loss: 1.7003, logits_loss: 1.7003, aux_loss: 0.0000, lr: 0.00027318, epoch_time: 139.0min
Epoch:[2/2](360/66163), loss: 1.6877, logits_loss: 1.6877, aux_loss: 0.0000, lr: 0.00027308, epoch_time: 139.0min
Epoch:[2/2](380/66163), loss: 1.7205, logits_loss: 1.7205, aux_loss: 0.0000, lr: 0.00027297, epoch_time: 138.0min
Epoch:[2/2](400/66163), loss: 1.8071, logits_loss: 1.8071, aux_loss: 0.0000, lr: 0.00027286, epoch_time: 138.0min
Epoch:[2/2](420/66163), loss: 1.7271, logits_loss: 1.7271, aux_loss: 0.0000, lr: 0.00027276, epoch_time: 138.0min
Epoch:[2/2](440/66163), loss: 1.7382, logits_loss: 1.7382, aux_loss: 0.0000, lr: 0.00027265, epoch_time: 138.0min
Epoch:[2/2](460/66163), loss: 1.7517, logits_loss: 1.7517, aux_loss: 0.0000, lr: 0.00027254, epoch_time: 138.0min
Epoch:[2/2](480/66163), loss: 1.7542, logits_loss: 1.7542, aux_loss: 0.0000, lr: 0.00027244, epoch_time: 137.0min
Epoch:[2/2](500/66163), loss: 1.7468, logits_loss: 1.7468, aux_loss: 0.0000, lr: 0.00027233, epoch_time: 137.0min
Epoch:[2/2](520/66163), loss: 1.7756, logits_loss: 1.7756, aux_loss: 0.0000, lr: 0.00027222, epoch_time: 137.0min
Epoch:[2/2](540/66163), loss: 1.6731, logits_loss: 1.6731, aux_loss: 0.0000, lr: 0.00027212, epoch_time: 137.0min
Epoch:[2/2](560/66163), loss: 1.6877, logits_loss: 1.6877, aux_loss: 0.0000, lr: 0.00027201, epoch_time: 137.0min
Epoch:[2/2](580/66163), loss: 1.6999, logits_loss: 1.6999, aux_loss: 0.0000, lr: 0.00027190, epoch_time: 137.0min
Epoch:[2/2](600/66163), loss: 1.6285, logits_loss: 1.6285, aux_loss: 0.0000, lr: 0.00027180, epoch_time: 137.0min
Epoch:[2/2](620/66163), loss: 1.7333, logits_loss: 1.7333, aux_loss: 0.0000, lr: 0.00027169, epoch_time: 137.0min
Epoch:[2/2](640/66163), loss: 1.6713, logits_loss: 1.6713, aux_loss: 0.0000, lr: 0.00027158, epoch_time: 137.0min
Epoch:[2/2](660/66163), loss: 1.7329, logits_loss: 1.7329, aux_loss: 0.0000, lr: 0.00027147, epoch_time: 136.0min
Epoch:[2/2](680/66163), loss: 1.7423, logits_loss: 1.7423, aux_loss: 0.0000, lr: 0.00027137, epoch_time: 136.0min
Epoch:[2/2](700/66163), loss: 1.7531, logits_loss: 1.7531, aux_loss: 0.0000, lr: 0.00027126, epoch_time: 136.0min
Epoch:[2/2](720/66163), loss: 1.7807, logits_loss: 1.7807, aux_loss: 0.0000, lr: 0.00027115, epoch_time: 136.0min
Epoch:[2/2](740/66163), loss: 1.7875, logits_loss: 1.7875, aux_loss: 0.0000, lr: 0.00027105, epoch_time: 136.0min
Epoch:[2/2](760/66163), loss: 1.7237, logits_loss: 1.7237, aux_loss: 0.0000, lr: 0.00027094, epoch_time: 136.0min
Epoch:[2/2](780/66163), loss: 1.7537, logits_loss: 1.7537, aux_loss: 0.0000, lr: 0.00027083, epoch_time: 136.0min
Epoch:[2/2](800/66163), loss: 1.7176, logits_loss: 1.7176, aux_loss: 0.0000, lr: 0.00027073, epoch_time: 136.0min
Epoch:[2/2](820/66163), loss: 1.7434, logits_loss: 1.7434, aux_loss: 0.0000, lr: 0.00027062, epoch_time: 136.0min
Epoch:[2/2](840/66163), loss: 1.7462, logits_loss: 1.7462, aux_loss: 0.0000, lr: 0.00027051, epoch_time: 136.0min
Epoch:[2/2](860/66163), loss: 1.7691, logits_loss: 1.7691, aux_loss: 0.0000, lr: 0.00027041, epoch_time: 136.0min
Epoch:[2/2](880/66163), loss: 1.7236, logits_loss: 1.7236, aux_loss: 0.0000, lr: 0.00027030, epoch_time: 136.0min
Epoch:[2/2](900/66163), loss: 1.7669, logits_loss: 1.7669, aux_loss: 0.0000, lr: 0.00027019, epoch_time: 136.0min
Epoch:[2/2](920/66163), loss: 1.7561, logits_loss: 1.7561, aux_loss: 0.0000, lr: 0.00027009, epoch_time: 135.0min
Epoch:[2/2](940/66163), loss: 1.7507, logits_loss: 1.7507, aux_loss: 0.0000, lr: 0.00026998, epoch_time: 135.0min
Epoch:[2/2](960/66163), loss: 1.7359, logits_loss: 1.7359, aux_loss: 0.0000, lr: 0.00026987, epoch_time: 135.0min
Epoch:[2/2](980/66163), loss: 1.7424, logits_loss: 1.7424, aux_loss: 0.0000, lr: 0.00026977, epoch_time: 135.0min
Epoch:[2/2](1000/66163), loss: 1.7952, logits_loss: 1.7952, aux_loss: 0.0000, lr: 0.00026966, epoch_time: 135.0min
Epoch:[2/2](1020/66163), loss: 1.7900, logits_loss: 1.7900, aux_loss: 0.0000, lr: 0.00026955, epoch_time: 135.0min
Epoch:[2/2](1040/66163), loss: 1.7556, logits_loss: 1.7556, aux_loss: 0.0000, lr: 0.00026945, epoch_time: 199.0min
Epoch:[2/2](1060/66163), loss: 1.7505, logits_loss: 1.7505, aux_loss: 0.0000, lr: 0.00026934, epoch_time: 197.0min
Epoch:[2/2](1080/66163), loss: 1.6935, logits_loss: 1.6935, aux_loss: 0.0000, lr: 0.00026923, epoch_time: 196.0min
Epoch:[2/2](1100/66163), loss: 1.7076, logits_loss: 1.7076, aux_loss: 0.0000, lr: 0.00026912, epoch_time: 195.0min
Epoch:[2/2](1120/66163), loss: 1.7127, logits_loss: 1.7127, aux_loss: 0.0000, lr: 0.00026902, epoch_time: 194.0min
Epoch:[2/2](1140/66163), loss: 1.7594, logits_loss: 1.7594, aux_loss: 0.0000, lr: 0.00026891, epoch_time: 193.0min
Epoch:[2/2](1160/66163), loss: 1.7005, logits_loss: 1.7005, aux_loss: 0.0000, lr: 0.00026880, epoch_time: 192.0min
Epoch:[2/2](1180/66163), loss: 1.6636, logits_loss: 1.6636, aux_loss: 0.0000, lr: 0.00026870, epoch_time: 191.0min
Epoch:[2/2](1200/66163), loss: 1.7752, logits_loss: 1.7752, aux_loss: 0.0000, lr: 0.00026859, epoch_time: 190.0min
Epoch:[2/2](1220/66163), loss: 1.6649, logits_loss: 1.6649, aux_loss: 0.0000, lr: 0.00026848, epoch_time: 189.0min
Epoch:[2/2](1240/66163), loss: 1.6378, logits_loss: 1.6378, aux_loss: 0.0000, lr: 0.00026838, epoch_time: 188.0min
Epoch:[2/2](1260/66163), loss: 1.7340, logits_loss: 1.7340, aux_loss: 0.0000, lr: 0.00026827, epoch_time: 187.0min
Epoch:[2/2](1280/66163), loss: 1.7498, logits_loss: 1.7498, aux_loss: 0.0000, lr: 0.00026816, epoch_time: 186.0min
Epoch:[2/2](1300/66163), loss: 1.7043, logits_loss: 1.7043, aux_loss: 0.0000, lr: 0.00026806, epoch_time: 185.0min
Epoch:[2/2](1320/66163), loss: 1.7872, logits_loss: 1.7872, aux_loss: 0.0000, lr: 0.00026795, epoch_time: 184.0min
Epoch:[2/2](1340/66163), loss: 1.7522, logits_loss: 1.7522, aux_loss: 0.0000, lr: 0.00026784, epoch_time: 183.0min
Epoch:[2/2](1360/66163), loss: 1.7650, logits_loss: 1.7650, aux_loss: 0.0000, lr: 0.00026774, epoch_time: 183.0min
Epoch:[2/2](1380/66163), loss: 1.7008, logits_loss: 1.7008, aux_loss: 0.0000, lr: 0.00026763, epoch_time: 182.0min
Epoch:[2/2](1400/66163), loss: 1.6967, logits_loss: 1.6967, aux_loss: 0.0000, lr: 0.00026752, epoch_time: 181.0min
Epoch:[2/2](1420/66163), loss: 1.7680, logits_loss: 1.7680, aux_loss: 0.0000, lr: 0.00026742, epoch_time: 180.0min
Epoch:[2/2](1440/66163), loss: 1.7434, logits_loss: 1.7434, aux_loss: 0.0000, lr: 0.00026731, epoch_time: 180.0min
Epoch:[2/2](1460/66163), loss: 1.6947, logits_loss: 1.6947, aux_loss: 0.0000, lr: 0.00026720, epoch_time: 179.0min
Epoch:[2/2](1480/66163), loss: 1.5848, logits_loss: 1.5848, aux_loss: 0.0000, lr: 0.00026710, epoch_time: 178.0min
Epoch:[2/2](1500/66163), loss: 1.7433, logits_loss: 1.7433, aux_loss: 0.0000, lr: 0.00026699, epoch_time: 178.0min
Epoch:[2/2](1520/66163), loss: 1.6933, logits_loss: 1.6933, aux_loss: 0.0000, lr: 0.00026688, epoch_time: 177.0min
Epoch:[2/2](1540/66163), loss: 1.6777, logits_loss: 1.6777, aux_loss: 0.0000, lr: 0.00026678, epoch_time: 176.0min
Epoch:[2/2](1560/66163), loss: 1.7537, logits_loss: 1.7537, aux_loss: 0.0000, lr: 0.00026667, epoch_time: 176.0min
Epoch:[2/2](1580/66163), loss: 1.8011, logits_loss: 1.8011, aux_loss: 0.0000, lr: 0.00026656, epoch_time: 175.0min
Epoch:[2/2](1600/66163), loss: 1.6952, logits_loss: 1.6952, aux_loss: 0.0000, lr: 0.00026646, epoch_time: 175.0min
Epoch:[2/2](1620/66163), loss: 1.7170, logits_loss: 1.7170, aux_loss: 0.0000, lr: 0.00026635, epoch_time: 174.0min
Epoch:[2/2](1640/66163), loss: 1.7059, logits_loss: 1.7059, aux_loss: 0.0000, lr: 0.00026624, epoch_time: 173.0min
Epoch:[2/2](1660/66163), loss: 1.7205, logits_loss: 1.7205, aux_loss: 0.0000, lr: 0.00026613, epoch_time: 173.0min
Epoch:[2/2](1680/66163), loss: 1.7276, logits_loss: 1.7276, aux_loss: 0.0000, lr: 0.00026603, epoch_time: 172.0min
Epoch:[2/2](1700/66163), loss: 1.8011, logits_loss: 1.8011, aux_loss: 0.0000, lr: 0.00026592, epoch_time: 172.0min
Epoch:[2/2](1720/66163), loss: 1.7524, logits_loss: 1.7524, aux_loss: 0.0000, lr: 0.00026581, epoch_time: 171.0min
Epoch:[2/2](1740/66163), loss: 1.7528, logits_loss: 1.7528, aux_loss: 0.0000, lr: 0.00026571, epoch_time: 171.0min
Epoch:[2/2](1760/66163), loss: 1.7395, logits_loss: 1.7395, aux_loss: 0.0000, lr: 0.00026560, epoch_time: 170.0min
Epoch:[2/2](1780/66163), loss: 1.8009, logits_loss: 1.8009, aux_loss: 0.0000, lr: 0.00026549, epoch_time: 170.0min
Epoch:[2/2](1800/66163), loss: 1.7366, logits_loss: 1.7366, aux_loss: 0.0000, lr: 0.00026539, epoch_time: 169.0min
Epoch:[2/2](1820/66163), loss: 1.6791, logits_loss: 1.6791, aux_loss: 0.0000, lr: 0.00026528, epoch_time: 169.0min
Epoch:[2/2](1840/66163), loss: 1.8146, logits_loss: 1.8146, aux_loss: 0.0000, lr: 0.00026517, epoch_time: 168.0min
Epoch:[2/2](1860/66163), loss: 1.7052, logits_loss: 1.7052, aux_loss: 0.0000, lr: 0.00026507, epoch_time: 168.0min
Epoch:[2/2](1880/66163), loss: 1.7521, logits_loss: 1.7521, aux_loss: 0.0000, lr: 0.00026496, epoch_time: 168.0min
Epoch:[2/2](1900/66163), loss: 1.7118, logits_loss: 1.7118, aux_loss: 0.0000, lr: 0.00026485, epoch_time: 167.0min
Epoch:[2/2](1920/66163), loss: 1.6301, logits_loss: 1.6301, aux_loss: 0.0000, lr: 0.00026475, epoch_time: 167.0min
Epoch:[2/2](1940/66163), loss: 1.8340, logits_loss: 1.8340, aux_loss: 0.0000, lr: 0.00026464, epoch_time: 166.0min
Epoch:[2/2](1960/66163), loss: 1.7386, logits_loss: 1.7386, aux_loss: 0.0000, lr: 0.00026453, epoch_time: 166.0min
Epoch:[2/2](1980/66163), loss: 1.7151, logits_loss: 1.7151, aux_loss: 0.0000, lr: 0.00026443, epoch_time: 166.0min
Epoch:[2/2](2000/66163), loss: 1.7834, logits_loss: 1.7834, aux_loss: 0.0000, lr: 0.00026432, epoch_time: 165.0min
Epoch:[2/2](2020/66163), loss: 1.7651, logits_loss: 1.7651, aux_loss: 0.0000, lr: 0.00026421, epoch_time: 165.0min
Epoch:[2/2](2040/66163), loss: 1.6831, logits_loss: 1.6831, aux_loss: 0.0000, lr: 0.00026411, epoch_time: 164.0min
Epoch:[2/2](2060/66163), loss: 1.7664, logits_loss: 1.7664, aux_loss: 0.0000, lr: 0.00026400, epoch_time: 164.0min
Epoch:[2/2](2080/66163), loss: 1.7388, logits_loss: 1.7388, aux_loss: 0.0000, lr: 0.00026389, epoch_time: 164.0min
Epoch:[2/2](2100/66163), loss: 1.7465, logits_loss: 1.7465, aux_loss: 0.0000, lr: 0.00026379, epoch_time: 163.0min
Epoch:[2/2](2120/66163), loss: 1.7557, logits_loss: 1.7557, aux_loss: 0.0000, lr: 0.00026368, epoch_time: 163.0min
Epoch:[2/2](2140/66163), loss: 1.6970, logits_loss: 1.6970, aux_loss: 0.0000, lr: 0.00026357, epoch_time: 163.0min
Epoch:[2/2](2160/66163), loss: 1.6387, logits_loss: 1.6387, aux_loss: 0.0000, lr: 0.00026347, epoch_time: 162.0min
Epoch:[2/2](2180/66163), loss: 1.6856, logits_loss: 1.6856, aux_loss: 0.0000, lr: 0.00026336, epoch_time: 162.0min
Epoch:[2/2](2200/66163), loss: 1.7625, logits_loss: 1.7625, aux_loss: 0.0000, lr: 0.00026325, epoch_time: 162.0min
Epoch:[2/2](2220/66163), loss: 1.6873, logits_loss: 1.6873, aux_loss: 0.0000, lr: 0.00026315, epoch_time: 161.0min
Epoch:[2/2](2240/66163), loss: 1.7660, logits_loss: 1.7660, aux_loss: 0.0000, lr: 0.00026304, epoch_time: 190.0min
Epoch:[2/2](2260/66163), loss: 1.7619, logits_loss: 1.7619, aux_loss: 0.0000, lr: 0.00026293, epoch_time: 189.0min
Epoch:[2/2](2280/66163), loss: 1.8406, logits_loss: 1.8406, aux_loss: 0.0000, lr: 0.00026283, epoch_time: 189.0min
Epoch:[2/2](2300/66163), loss: 1.6988, logits_loss: 1.6988, aux_loss: 0.0000, lr: 0.00026272, epoch_time: 188.0min
Epoch:[2/2](2320/66163), loss: 1.6743, logits_loss: 1.6743, aux_loss: 0.0000, lr: 0.00026261, epoch_time: 188.0min
Epoch:[2/2](2340/66163), loss: 1.6609, logits_loss: 1.6609, aux_loss: 0.0000, lr: 0.00026251, epoch_time: 187.0min
Epoch:[2/2](2360/66163), loss: 1.7793, logits_loss: 1.7793, aux_loss: 0.0000, lr: 0.00026240, epoch_time: 187.0min
Epoch:[2/2](2380/66163), loss: 1.6722, logits_loss: 1.6722, aux_loss: 0.0000, lr: 0.00026229, epoch_time: 186.0min
Epoch:[2/2](2400/66163), loss: 1.6461, logits_loss: 1.6461, aux_loss: 0.0000, lr: 0.00026219, epoch_time: 186.0min
Epoch:[2/2](2420/66163), loss: 1.6599, logits_loss: 1.6599, aux_loss: 0.0000, lr: 0.00026208, epoch_time: 185.0min
Epoch:[2/2](2440/66163), loss: 1.7409, logits_loss: 1.7409, aux_loss: 0.0000, lr: 0.00026197, epoch_time: 185.0min
Epoch:[2/2](2460/66163), loss: 1.6259, logits_loss: 1.6259, aux_loss: 0.0000, lr: 0.00026187, epoch_time: 184.0min
Epoch:[2/2](2480/66163), loss: 1.6809, logits_loss: 1.6809, aux_loss: 0.0000, lr: 0.00026176, epoch_time: 184.0min
Epoch:[2/2](2500/66163), loss: 1.7182, logits_loss: 1.7182, aux_loss: 0.0000, lr: 0.00026165, epoch_time: 183.0min
Epoch:[2/2](2520/66163), loss: 1.7125, logits_loss: 1.7125, aux_loss: 0.0000, lr: 0.00026155, epoch_time: 183.0min
Epoch:[2/2](2540/66163), loss: 1.7889, logits_loss: 1.7889, aux_loss: 0.0000, lr: 0.00026144, epoch_time: 182.0min
Epoch:[2/2](2560/66163), loss: 1.7070, logits_loss: 1.7070, aux_loss: 0.0000, lr: 0.00026133, epoch_time: 182.0min
Epoch:[2/2](2580/66163), loss: 1.6239, logits_loss: 1.6239, aux_loss: 0.0000, lr: 0.00026123, epoch_time: 181.0min
Epoch:[2/2](2600/66163), loss: 1.6548, logits_loss: 1.6548, aux_loss: 0.0000, lr: 0.00026112, epoch_time: 181.0min
Epoch:[2/2](2620/66163), loss: 1.6931, logits_loss: 1.6931, aux_loss: 0.0000, lr: 0.00026101, epoch_time: 180.0min
Epoch:[2/2](2640/66163), loss: 1.7760, logits_loss: 1.7760, aux_loss: 0.0000, lr: 0.00026091, epoch_time: 180.0min
Epoch:[2/2](2660/66163), loss: 1.7662, logits_loss: 1.7662, aux_loss: 0.0000, lr: 0.00026080, epoch_time: 180.0min
Epoch:[2/2](2680/66163), loss: 1.7952, logits_loss: 1.7952, aux_loss: 0.0000, lr: 0.00026069, epoch_time: 179.0min
Epoch:[2/2](2700/66163), loss: 1.7446, logits_loss: 1.7446, aux_loss: 0.0000, lr: 0.00026059, epoch_time: 179.0min
Epoch:[2/2](2720/66163), loss: 1.8064, logits_loss: 1.8064, aux_loss: 0.0000, lr: 0.00026048, epoch_time: 178.0min
Epoch:[2/2](2740/66163), loss: 1.7558, logits_loss: 1.7558, aux_loss: 0.0000, lr: 0.00026037, epoch_time: 178.0min
Epoch:[2/2](2760/66163), loss: 1.7450, logits_loss: 1.7450, aux_loss: 0.0000, lr: 0.00026027, epoch_time: 178.0min
Epoch:[2/2](2780/66163), loss: 1.7261, logits_loss: 1.7261, aux_loss: 0.0000, lr: 0.00026016, epoch_time: 177.0min
Epoch:[2/2](2800/66163), loss: 1.7222, logits_loss: 1.7222, aux_loss: 0.0000, lr: 0.00026005, epoch_time: 177.0min
Epoch:[2/2](2820/66163), loss: 1.6799, logits_loss: 1.6799, aux_loss: 0.0000, lr: 0.00025995, epoch_time: 176.0min
Epoch:[2/2](2840/66163), loss: 1.7129, logits_loss: 1.7129, aux_loss: 0.0000, lr: 0.00025984, epoch_time: 176.0min
Epoch:[2/2](2860/66163), loss: 1.7751, logits_loss: 1.7751, aux_loss: 0.0000, lr: 0.00025973, epoch_time: 176.0min
Epoch:[2/2](2880/66163), loss: 1.7100, logits_loss: 1.7100, aux_loss: 0.0000, lr: 0.00025963, epoch_time: 175.0min
Epoch:[2/2](2900/66163), loss: 1.6920, logits_loss: 1.6920, aux_loss: 0.0000, lr: 0.00025952, epoch_time: 175.0min
Epoch:[2/2](2920/66163), loss: 1.9452, logits_loss: 1.9452, aux_loss: 0.0000, lr: 0.00025941, epoch_time: 174.0min
Epoch:[2/2](2940/66163), loss: 1.7235, logits_loss: 1.7235, aux_loss: 0.0000, lr: 0.00025931, epoch_time: 174.0min
Epoch:[2/2](2960/66163), loss: 1.6605, logits_loss: 1.6605, aux_loss: 0.0000, lr: 0.00025920, epoch_time: 174.0min
Epoch:[2/2](2980/66163), loss: 1.7097, logits_loss: 1.7097, aux_loss: 0.0000, lr: 0.00025909, epoch_time: 173.0min
Epoch:[2/2](3000/66163), loss: 1.6833, logits_loss: 1.6833, aux_loss: 0.0000, lr: 0.00025899, epoch_time: 173.0min
Epoch:[2/2](3020/66163), loss: 1.7445, logits_loss: 1.7445, aux_loss: 0.0000, lr: 0.00025888, epoch_time: 173.0min
Epoch:[2/2](3040/66163), loss: 1.7146, logits_loss: 1.7146, aux_loss: 0.0000, lr: 0.00025878, epoch_time: 172.0min
Epoch:[2/2](3060/66163), loss: 1.7532, logits_loss: 1.7532, aux_loss: 0.0000, lr: 0.00025867, epoch_time: 172.0min
Epoch:[2/2](3080/66163), loss: 1.7229, logits_loss: 1.7229, aux_loss: 0.0000, lr: 0.00025856, epoch_time: 172.0min
Epoch:[2/2](3100/66163), loss: 1.7583, logits_loss: 1.7583, aux_loss: 0.0000, lr: 0.00025846, epoch_time: 171.0min
Epoch:[2/2](3120/66163), loss: 1.7282, logits_loss: 1.7282, aux_loss: 0.0000, lr: 0.00025835, epoch_time: 171.0min
Epoch:[2/2](3140/66163), loss: 1.8011, logits_loss: 1.8011, aux_loss: 0.0000, lr: 0.00025824, epoch_time: 171.0min
Epoch:[2/2](3160/66163), loss: 1.7189, logits_loss: 1.7189, aux_loss: 0.0000, lr: 0.00025814, epoch_time: 170.0min
Epoch:[2/2](3180/66163), loss: 1.7760, logits_loss: 1.7760, aux_loss: 0.0000, lr: 0.00025803, epoch_time: 170.0min
Epoch:[2/2](3200/66163), loss: 1.7458, logits_loss: 1.7458, aux_loss: 0.0000, lr: 0.00025792, epoch_time: 170.0min
Epoch:[2/2](3220/66163), loss: 1.7334, logits_loss: 1.7334, aux_loss: 0.0000, lr: 0.00025782, epoch_time: 170.0min
Epoch:[2/2](3240/66163), loss: 1.7254, logits_loss: 1.7254, aux_loss: 0.0000, lr: 0.00025771, epoch_time: 169.0min
Epoch:[2/2](3260/66163), loss: 1.6550, logits_loss: 1.6550, aux_loss: 0.0000, lr: 0.00025760, epoch_time: 169.0min
Epoch:[2/2](3280/66163), loss: 1.6389, logits_loss: 1.6389, aux_loss: 0.0000, lr: 0.00025750, epoch_time: 169.0min
Epoch:[2/2](3300/66163), loss: 1.6728, logits_loss: 1.6728, aux_loss: 0.0000, lr: 0.00025739, epoch_time: 168.0min
Epoch:[2/2](3320/66163), loss: 1.7710, logits_loss: 1.7710, aux_loss: 0.0000, lr: 0.00025728, epoch_time: 187.0min
Epoch:[2/2](3340/66163), loss: 1.6521, logits_loss: 1.6521, aux_loss: 0.0000, lr: 0.00025718, epoch_time: 187.0min
Epoch:[2/2](3360/66163), loss: 1.7898, logits_loss: 1.7898, aux_loss: 0.0000, lr: 0.00025707, epoch_time: 187.0min
Epoch:[2/2](3380/66163), loss: 1.7665, logits_loss: 1.7665, aux_loss: 0.0000, lr: 0.00025696, epoch_time: 186.0min
Epoch:[2/2](3400/66163), loss: 1.7604, logits_loss: 1.7604, aux_loss: 0.0000, lr: 0.00025686, epoch_time: 186.0min
Epoch:[2/2](3420/66163), loss: 1.7253, logits_loss: 1.7253, aux_loss: 0.0000, lr: 0.00025675, epoch_time: 185.0min
Epoch:[2/2](3440/66163), loss: 1.7439, logits_loss: 1.7439, aux_loss: 0.0000, lr: 0.00025664, epoch_time: 185.0min
Epoch:[2/2](3460/66163), loss: 1.6236, logits_loss: 1.6236, aux_loss: 0.0000, lr: 0.00025654, epoch_time: 185.0min
Epoch:[2/2](3480/66163), loss: 1.8344, logits_loss: 1.8344, aux_loss: 0.0000, lr: 0.00025643, epoch_time: 184.0min
Epoch:[2/2](3500/66163), loss: 1.7922, logits_loss: 1.7922, aux_loss: 0.0000, lr: 0.00025633, epoch_time: 184.0min
Epoch:[2/2](3520/66163), loss: 1.6825, logits_loss: 1.6825, aux_loss: 0.0000, lr: 0.00025622, epoch_time: 183.0min
Epoch:[2/2](3540/66163), loss: 1.7433, logits_loss: 1.7433, aux_loss: 0.0000, lr: 0.00025611, epoch_time: 183.0min
Epoch:[2/2](3560/66163), loss: 1.7764, logits_loss: 1.7764, aux_loss: 0.0000, lr: 0.00025601, epoch_time: 183.0min
Epoch:[2/2](3580/66163), loss: 1.7115, logits_loss: 1.7115, aux_loss: 0.0000, lr: 0.00025590, epoch_time: 182.0min
Epoch:[2/2](3600/66163), loss: 1.7095, logits_loss: 1.7095, aux_loss: 0.0000, lr: 0.00025579, epoch_time: 182.0min
Epoch:[2/2](3620/66163), loss: 1.7077, logits_loss: 1.7077, aux_loss: 0.0000, lr: 0.00025569, epoch_time: 182.0min
Epoch:[2/2](3640/66163), loss: 1.7359, logits_loss: 1.7359, aux_loss: 0.0000, lr: 0.00025558, epoch_time: 181.0min
Epoch:[2/2](3660/66163), loss: 1.8281, logits_loss: 1.8281, aux_loss: 0.0000, lr: 0.00025547, epoch_time: 181.0min
Epoch:[2/2](3680/66163), loss: 1.6221, logits_loss: 1.6221, aux_loss: 0.0000, lr: 0.00025537, epoch_time: 181.0min
Epoch:[2/2](3700/66163), loss: 1.6878, logits_loss: 1.6878, aux_loss: 0.0000, lr: 0.00025526, epoch_time: 180.0min
Epoch:[2/2](3720/66163), loss: 1.7108, logits_loss: 1.7108, aux_loss: 0.0000, lr: 0.00025515, epoch_time: 180.0min
Epoch:[2/2](3740/66163), loss: 1.6538, logits_loss: 1.6538, aux_loss: 0.0000, lr: 0.00025505, epoch_time: 180.0min
Epoch:[2/2](3760/66163), loss: 1.8059, logits_loss: 1.8059, aux_loss: 0.0000, lr: 0.00025494, epoch_time: 179.0min
Epoch:[2/2](3780/66163), loss: 1.7044, logits_loss: 1.7044, aux_loss: 0.0000, lr: 0.00025484, epoch_time: 179.0min
Epoch:[2/2](3800/66163), loss: 1.7759, logits_loss: 1.7759, aux_loss: 0.0000, lr: 0.00025473, epoch_time: 179.0min
Epoch:[2/2](3820/66163), loss: 1.7233, logits_loss: 1.7233, aux_loss: 0.0000, lr: 0.00025462, epoch_time: 178.0min
Epoch:[2/2](3840/66163), loss: 1.7071, logits_loss: 1.7071, aux_loss: 0.0000, lr: 0.00025452, epoch_time: 178.0min
Epoch:[2/2](3860/66163), loss: 1.7547, logits_loss: 1.7547, aux_loss: 0.0000, lr: 0.00025441, epoch_time: 178.0min
Epoch:[2/2](3880/66163), loss: 1.6980, logits_loss: 1.6980, aux_loss: 0.0000, lr: 0.00025430, epoch_time: 177.0min
Epoch:[2/2](3900/66163), loss: 1.7194, logits_loss: 1.7194, aux_loss: 0.0000, lr: 0.00025420, epoch_time: 177.0min
Epoch:[2/2](3920/66163), loss: 1.7342, logits_loss: 1.7342, aux_loss: 0.0000, lr: 0.00025409, epoch_time: 177.0min
Epoch:[2/2](3940/66163), loss: 1.6311, logits_loss: 1.6311, aux_loss: 0.0000, lr: 0.00025398, epoch_time: 176.0min
Epoch:[2/2](3960/66163), loss: 1.7512, logits_loss: 1.7512, aux_loss: 0.0000, lr: 0.00025388, epoch_time: 176.0min
Epoch:[2/2](3980/66163), loss: 1.7966, logits_loss: 1.7966, aux_loss: 0.0000, lr: 0.00025377, epoch_time: 176.0min
Epoch:[2/2](4000/66163), loss: 1.6955, logits_loss: 1.6955, aux_loss: 0.0000, lr: 0.00025366, epoch_time: 176.0min
Epoch:[2/2](4020/66163), loss: 1.6932, logits_loss: 1.6932, aux_loss: 0.0000, lr: 0.00025356, epoch_time: 175.0min
Epoch:[2/2](4040/66163), loss: 1.7707, logits_loss: 1.7707, aux_loss: 0.0000, lr: 0.00025345, epoch_time: 175.0min
Epoch:[2/2](4060/66163), loss: 1.7820, logits_loss: 1.7820, aux_loss: 0.0000, lr: 0.00025335, epoch_time: 175.0min
Epoch:[2/2](4080/66163), loss: 1.6450, logits_loss: 1.6450, aux_loss: 0.0000, lr: 0.00025324, epoch_time: 174.0min
Epoch:[2/2](4100/66163), loss: 1.7308, logits_loss: 1.7308, aux_loss: 0.0000, lr: 0.00025313, epoch_time: 174.0min
Epoch:[2/2](4120/66163), loss: 1.7314, logits_loss: 1.7314, aux_loss: 0.0000, lr: 0.00025303, epoch_time: 174.0min
Epoch:[2/2](4140/66163), loss: 1.6455, logits_loss: 1.6455, aux_loss: 0.0000, lr: 0.00025292, epoch_time: 174.0min
Epoch:[2/2](4160/66163), loss: 1.6624, logits_loss: 1.6624, aux_loss: 0.0000, lr: 0.00025281, epoch_time: 173.0min
Epoch:[2/2](4180/66163), loss: 1.7682, logits_loss: 1.7682, aux_loss: 0.0000, lr: 0.00025271, epoch_time: 173.0min
Epoch:[2/2](4200/66163), loss: 1.7549, logits_loss: 1.7549, aux_loss: 0.0000, lr: 0.00025260, epoch_time: 173.0min
Epoch:[2/2](4220/66163), loss: 1.7497, logits_loss: 1.7497, aux_loss: 0.0000, lr: 0.00025250, epoch_time: 172.0min
Epoch:[2/2](4240/66163), loss: 1.7091, logits_loss: 1.7091, aux_loss: 0.0000, lr: 0.00025239, epoch_time: 172.0min
Epoch:[2/2](4260/66163), loss: 1.6850, logits_loss: 1.6850, aux_loss: 0.0000, lr: 0.00025228, epoch_time: 172.0min
Epoch:[2/2](4280/66163), loss: 1.6764, logits_loss: 1.6764, aux_loss: 0.0000, lr: 0.00025218, epoch_time: 172.0min
Epoch:[2/2](4300/66163), loss: 1.7360, logits_loss: 1.7360, aux_loss: 0.0000, lr: 0.00025207, epoch_time: 171.0min
Epoch:[2/2](4320/66163), loss: 1.7640, logits_loss: 1.7640, aux_loss: 0.0000, lr: 0.00025196, epoch_time: 171.0min
Epoch:[2/2](4340/66163), loss: 1.6903, logits_loss: 1.6903, aux_loss: 0.0000, lr: 0.00025186, epoch_time: 171.0min
Epoch:[2/2](4360/66163), loss: 1.7369, logits_loss: 1.7369, aux_loss: 0.0000, lr: 0.00025175, epoch_time: 171.0min
Epoch:[2/2](4380/66163), loss: 1.6859, logits_loss: 1.6859, aux_loss: 0.0000, lr: 0.00025165, epoch_time: 170.0min
Epoch:[2/2](4400/66163), loss: 1.6569, logits_loss: 1.6569, aux_loss: 0.0000, lr: 0.00025154, epoch_time: 170.0min
Epoch:[2/2](4420/66163), loss: 1.6206, logits_loss: 1.6206, aux_loss: 0.0000, lr: 0.00025143, epoch_time: 170.0min
Epoch:[2/2](4440/66163), loss: 1.7550, logits_loss: 1.7550, aux_loss: 0.0000, lr: 0.00025133, epoch_time: 184.0min
Epoch:[2/2](4460/66163), loss: 1.7813, logits_loss: 1.7813, aux_loss: 0.0000, lr: 0.00025122, epoch_time: 183.0min
Epoch:[2/2](4480/66163), loss: 1.7829, logits_loss: 1.7829, aux_loss: 0.0000, lr: 0.00025111, epoch_time: 183.0min
Epoch:[2/2](4500/66163), loss: 1.7397, logits_loss: 1.7397, aux_loss: 0.0000, lr: 0.00025101, epoch_time: 183.0min
Epoch:[2/2](4520/66163), loss: 1.7213, logits_loss: 1.7213, aux_loss: 0.0000, lr: 0.00025090, epoch_time: 182.0min
Epoch:[2/2](4540/66163), loss: 1.7549, logits_loss: 1.7549, aux_loss: 0.0000, lr: 0.00025080, epoch_time: 182.0min
Epoch:[2/2](4560/66163), loss: 1.6742, logits_loss: 1.6742, aux_loss: 0.0000, lr: 0.00025069, epoch_time: 182.0min
Epoch:[2/2](4580/66163), loss: 1.6817, logits_loss: 1.6817, aux_loss: 0.0000, lr: 0.00025058, epoch_time: 182.0min
Epoch:[2/2](4600/66163), loss: 1.7619, logits_loss: 1.7619, aux_loss: 0.0000, lr: 0.00025048, epoch_time: 181.0min
Epoch:[2/2](4620/66163), loss: 1.7421, logits_loss: 1.7421, aux_loss: 0.0000, lr: 0.00025037, epoch_time: 181.0min
Epoch:[2/2](4640/66163), loss: 1.6810, logits_loss: 1.6810, aux_loss: 0.0000, lr: 0.00025026, epoch_time: 181.0min
Epoch:[2/2](4660/66163), loss: 1.7415, logits_loss: 1.7415, aux_loss: 0.0000, lr: 0.00025016, epoch_time: 180.0min
Epoch:[2/2](4680/66163), loss: 1.8967, logits_loss: 1.8967, aux_loss: 0.0000, lr: 0.00025005, epoch_time: 180.0min
Epoch:[2/2](4700/66163), loss: 1.7625, logits_loss: 1.7625, aux_loss: 0.0000, lr: 0.00024995, epoch_time: 180.0min
Epoch:[2/2](4720/66163), loss: 1.7877, logits_loss: 1.7877, aux_loss: 0.0000, lr: 0.00024984, epoch_time: 180.0min
Epoch:[2/2](4740/66163), loss: 1.6616, logits_loss: 1.6616, aux_loss: 0.0000, lr: 0.00024973, epoch_time: 179.0min
Epoch:[2/2](4760/66163), loss: 1.7219, logits_loss: 1.7219, aux_loss: 0.0000, lr: 0.00024963, epoch_time: 179.0min
Epoch:[2/2](4780/66163), loss: 1.8141, logits_loss: 1.8141, aux_loss: 0.0000, lr: 0.00024952, epoch_time: 179.0min
Epoch:[2/2](4800/66163), loss: 1.7641, logits_loss: 1.7641, aux_loss: 0.0000, lr: 0.00024941, epoch_time: 178.0min
Epoch:[2/2](4820/66163), loss: 1.7221, logits_loss: 1.7221, aux_loss: 0.0000, lr: 0.00024931, epoch_time: 178.0min
Epoch:[2/2](4840/66163), loss: 1.7430, logits_loss: 1.7430, aux_loss: 0.0000, lr: 0.00024920, epoch_time: 178.0min
Epoch:[2/2](4860/66163), loss: 1.7703, logits_loss: 1.7703, aux_loss: 0.0000, lr: 0.00024910, epoch_time: 178.0min
Epoch:[2/2](4880/66163), loss: 1.7520, logits_loss: 1.7520, aux_loss: 0.0000, lr: 0.00024899, epoch_time: 177.0min
Epoch:[2/2](4900/66163), loss: 1.7251, logits_loss: 1.7251, aux_loss: 0.0000, lr: 0.00024888, epoch_time: 177.0min
Epoch:[2/2](4920/66163), loss: 1.6933, logits_loss: 1.6933, aux_loss: 0.0000, lr: 0.00024878, epoch_time: 177.0min
Epoch:[2/2](4940/66163), loss: 1.7148, logits_loss: 1.7148, aux_loss: 0.0000, lr: 0.00024867, epoch_time: 177.0min
Epoch:[2/2](4960/66163), loss: 1.7629, logits_loss: 1.7629, aux_loss: 0.0000, lr: 0.00024857, epoch_time: 176.0min
Epoch:[2/2](4980/66163), loss: 1.7125, logits_loss: 1.7125, aux_loss: 0.0000, lr: 0.00024846, epoch_time: 176.0min
Epoch:[2/2](5000/66163), loss: 1.7305, logits_loss: 1.7305, aux_loss: 0.0000, lr: 0.00024835, epoch_time: 176.0min
Epoch:[2/2](5020/66163), loss: 1.7386, logits_loss: 1.7386, aux_loss: 0.0000, lr: 0.00024825, epoch_time: 178.0min
Epoch:[2/2](5040/66163), loss: 1.7045, logits_loss: 1.7045, aux_loss: 0.0000, lr: 0.00024814, epoch_time: 178.0min
Epoch:[2/2](5060/66163), loss: 1.7967, logits_loss: 1.7967, aux_loss: 0.0000, lr: 0.00024804, epoch_time: 178.0min
Epoch:[2/2](5080/66163), loss: 1.7496, logits_loss: 1.7496, aux_loss: 0.0000, lr: 0.00024793, epoch_time: 177.0min
Epoch:[2/2](5100/66163), loss: 1.8104, logits_loss: 1.8104, aux_loss: 0.0000, lr: 0.00024782, epoch_time: 177.0min
Epoch:[2/2](5120/66163), loss: 1.7284, logits_loss: 1.7284, aux_loss: 0.0000, lr: 0.00024772, epoch_time: 177.0min
Epoch:[2/2](5140/66163), loss: 1.7591, logits_loss: 1.7591, aux_loss: 0.0000, lr: 0.00024761, epoch_time: 177.0min
Epoch:[2/2](5160/66163), loss: 1.7400, logits_loss: 1.7400, aux_loss: 0.0000, lr: 0.00024751, epoch_time: 176.0min
Epoch:[2/2](5180/66163), loss: 1.7917, logits_loss: 1.7917, aux_loss: 0.0000, lr: 0.00024740, epoch_time: 176.0min
Epoch:[2/2](5200/66163), loss: 1.7825, logits_loss: 1.7825, aux_loss: 0.0000, lr: 0.00024729, epoch_time: 176.0min
Epoch:[2/2](5220/66163), loss: 1.7136, logits_loss: 1.7136, aux_loss: 0.0000, lr: 0.00024719, epoch_time: 176.0min
Epoch:[2/2](5240/66163), loss: 1.6481, logits_loss: 1.6481, aux_loss: 0.0000, lr: 0.00024708, epoch_time: 175.0min
Epoch:[2/2](5260/66163), loss: 1.7029, logits_loss: 1.7029, aux_loss: 0.0000, lr: 0.00024698, epoch_time: 175.0min
Epoch:[2/2](5280/66163), loss: 1.6395, logits_loss: 1.6395, aux_loss: 0.0000, lr: 0.00024687, epoch_time: 175.0min
Epoch:[2/2](5300/66163), loss: 1.7144, logits_loss: 1.7144, aux_loss: 0.0000, lr: 0.00024676, epoch_time: 175.0min
Epoch:[2/2](5320/66163), loss: 1.6594, logits_loss: 1.6594, aux_loss: 0.0000, lr: 0.00024666, epoch_time: 174.0min
Epoch:[2/2](5340/66163), loss: 1.7532, logits_loss: 1.7532, aux_loss: 0.0000, lr: 0.00024655, epoch_time: 174.0min
Epoch:[2/2](5360/66163), loss: 1.6861, logits_loss: 1.6861, aux_loss: 0.0000, lr: 0.00024645, epoch_time: 174.0min
Epoch:[2/2](5380/66163), loss: 1.7148, logits_loss: 1.7148, aux_loss: 0.0000, lr: 0.00024634, epoch_time: 174.0min
Epoch:[2/2](5400/66163), loss: 1.6482, logits_loss: 1.6482, aux_loss: 0.0000, lr: 0.00024623, epoch_time: 173.0min
Epoch:[2/2](5420/66163), loss: 1.7263, logits_loss: 1.7263, aux_loss: 0.0000, lr: 0.00024613, epoch_time: 173.0min
Epoch:[2/2](5440/66163), loss: 1.6385, logits_loss: 1.6385, aux_loss: 0.0000, lr: 0.00024602, epoch_time: 173.0min
Epoch:[2/2](5460/66163), loss: 1.7536, logits_loss: 1.7536, aux_loss: 0.0000, lr: 0.00024592, epoch_time: 173.0min
Epoch:[2/2](5480/66163), loss: 1.7171, logits_loss: 1.7171, aux_loss: 0.0000, lr: 0.00024581, epoch_time: 172.0min
Epoch:[2/2](5500/66163), loss: 1.7180, logits_loss: 1.7180, aux_loss: 0.0000, lr: 0.00024570, epoch_time: 172.0min
Epoch:[2/2](5520/66163), loss: 1.6105, logits_loss: 1.6105, aux_loss: 0.0000, lr: 0.00024560, epoch_time: 172.0min
Epoch:[2/2](5540/66163), loss: 1.7622, logits_loss: 1.7622, aux_loss: 0.0000, lr: 0.00024549, epoch_time: 172.0min
Epoch:[2/2](5560/66163), loss: 1.7457, logits_loss: 1.7457, aux_loss: 0.0000, lr: 0.00024539, epoch_time: 172.0min
Epoch:[2/2](5580/66163), loss: 1.7680, logits_loss: 1.7680, aux_loss: 0.0000, lr: 0.00024528, epoch_time: 171.0min
Epoch:[2/2](5600/66163), loss: 1.7256, logits_loss: 1.7256, aux_loss: 0.0000, lr: 0.00024517, epoch_time: 171.0min
Epoch:[2/2](5620/66163), loss: 1.7222, logits_loss: 1.7222, aux_loss: 0.0000, lr: 0.00024507, epoch_time: 171.0min
Epoch:[2/2](5640/66163), loss: 1.7697, logits_loss: 1.7697, aux_loss: 0.0000, lr: 0.00024496, epoch_time: 171.0min
Epoch:[2/2](5660/66163), loss: 1.8127, logits_loss: 1.8127, aux_loss: 0.0000, lr: 0.00024486, epoch_time: 170.0min
Epoch:[2/2](5680/66163), loss: 1.7230, logits_loss: 1.7230, aux_loss: 0.0000, lr: 0.00024475, epoch_time: 170.0min
Epoch:[2/2](5700/66163), loss: 1.7325, logits_loss: 1.7325, aux_loss: 0.0000, lr: 0.00024464, epoch_time: 170.0min
Epoch:[2/2](5720/66163), loss: 1.7602, logits_loss: 1.7602, aux_loss: 0.0000, lr: 0.00024454, epoch_time: 170.0min
Epoch:[2/2](5740/66163), loss: 1.7328, logits_loss: 1.7328, aux_loss: 0.0000, lr: 0.00024443, epoch_time: 170.0min
Epoch:[2/2](5760/66163), loss: 1.7453, logits_loss: 1.7453, aux_loss: 0.0000, lr: 0.00024433, epoch_time: 169.0min
Epoch:[2/2](5780/66163), loss: 1.7592, logits_loss: 1.7592, aux_loss: 0.0000, lr: 0.00024422, epoch_time: 169.0min
Epoch:[2/2](5800/66163), loss: 1.6909, logits_loss: 1.6909, aux_loss: 0.0000, lr: 0.00024412, epoch_time: 169.0min
Epoch:[2/2](5820/66163), loss: 1.7155, logits_loss: 1.7155, aux_loss: 0.0000, lr: 0.00024401, epoch_time: 179.0min
Epoch:[2/2](5840/66163), loss: 1.6596, logits_loss: 1.6596, aux_loss: 0.0000, lr: 0.00024390, epoch_time: 179.0min
Epoch:[2/2](5860/66163), loss: 1.7432, logits_loss: 1.7432, aux_loss: 0.0000, lr: 0.00024380, epoch_time: 179.0min
Epoch:[2/2](5880/66163), loss: 1.7143, logits_loss: 1.7143, aux_loss: 0.0000, lr: 0.00024369, epoch_time: 179.0min
Epoch:[2/2](5900/66163), loss: 1.6961, logits_loss: 1.6961, aux_loss: 0.0000, lr: 0.00024359, epoch_time: 178.0min
Epoch:[2/2](5920/66163), loss: 1.6817, logits_loss: 1.6817, aux_loss: 0.0000, lr: 0.00024348, epoch_time: 178.0min
Epoch:[2/2](5940/66163), loss: 1.7481, logits_loss: 1.7481, aux_loss: 0.0000, lr: 0.00024337, epoch_time: 178.0min
Epoch:[2/2](5960/66163), loss: 1.7326, logits_loss: 1.7326, aux_loss: 0.0000, lr: 0.00024327, epoch_time: 178.0min
Epoch:[2/2](5980/66163), loss: 1.7563, logits_loss: 1.7563, aux_loss: 0.0000, lr: 0.00024316, epoch_time: 177.0min
Epoch:[2/2](6000/66163), loss: 1.7543, logits_loss: 1.7543, aux_loss: 0.0000, lr: 0.00024306, epoch_time: 177.0min
Epoch:[2/2](6020/66163), loss: 1.6381, logits_loss: 1.6381, aux_loss: 0.0000, lr: 0.00024295, epoch_time: 177.0min
Epoch:[2/2](6040/66163), loss: 1.6602, logits_loss: 1.6602, aux_loss: 0.0000, lr: 0.00024285, epoch_time: 177.0min
Epoch:[2/2](6060/66163), loss: 1.7165, logits_loss: 1.7165, aux_loss: 0.0000, lr: 0.00024274, epoch_time: 176.0min
Epoch:[2/2](6080/66163), loss: 1.6515, logits_loss: 1.6515, aux_loss: 0.0000, lr: 0.00024263, epoch_time: 176.0min
Epoch:[2/2](6100/66163), loss: 1.7390, logits_loss: 1.7390, aux_loss: 0.0000, lr: 0.00024253, epoch_time: 176.0min
Epoch:[2/2](6120/66163), loss: 1.6308, logits_loss: 1.6308, aux_loss: 0.0000, lr: 0.00024242, epoch_time: 176.0min
Epoch:[2/2](6140/66163), loss: 1.6750, logits_loss: 1.6750, aux_loss: 0.0000, lr: 0.00024232, epoch_time: 175.0min
Epoch:[2/2](6160/66163), loss: 1.6949, logits_loss: 1.6949, aux_loss: 0.0000, lr: 0.00024221, epoch_time: 175.0min
Epoch:[2/2](6180/66163), loss: 1.7436, logits_loss: 1.7436, aux_loss: 0.0000, lr: 0.00024211, epoch_time: 175.0min
Epoch:[2/2](6200/66163), loss: 1.7050, logits_loss: 1.7050, aux_loss: 0.0000, lr: 0.00024200, epoch_time: 175.0min
Epoch:[2/2](6220/66163), loss: 1.7220, logits_loss: 1.7220, aux_loss: 0.0000, lr: 0.00024189, epoch_time: 175.0min
Epoch:[2/2](6240/66163), loss: 1.7570, logits_loss: 1.7570, aux_loss: 0.0000, lr: 0.00024179, epoch_time: 174.0min
Epoch:[2/2](6260/66163), loss: 1.6392, logits_loss: 1.6392, aux_loss: 0.0000, lr: 0.00024168, epoch_time: 174.0min
Epoch:[2/2](6280/66163), loss: 1.7102, logits_loss: 1.7102, aux_loss: 0.0000, lr: 0.00024158, epoch_time: 174.0min
Epoch:[2/2](6300/66163), loss: 1.6832, logits_loss: 1.6832, aux_loss: 0.0000, lr: 0.00024147, epoch_time: 174.0min
Epoch:[2/2](6320/66163), loss: 1.7129, logits_loss: 1.7129, aux_loss: 0.0000, lr: 0.00024137, epoch_time: 173.0min
Epoch:[2/2](6340/66163), loss: 1.7157, logits_loss: 1.7157, aux_loss: 0.0000, lr: 0.00024126, epoch_time: 173.0min
Epoch:[2/2](6360/66163), loss: 1.7704, logits_loss: 1.7704, aux_loss: 0.0000, lr: 0.00024116, epoch_time: 173.0min
Epoch:[2/2](6380/66163), loss: 1.6318, logits_loss: 1.6318, aux_loss: 0.0000, lr: 0.00024105, epoch_time: 173.0min
Epoch:[2/2](6400/66163), loss: 1.7604, logits_loss: 1.7604, aux_loss: 0.0000, lr: 0.00024094, epoch_time: 173.0min
Epoch:[2/2](6420/66163), loss: 1.6669, logits_loss: 1.6669, aux_loss: 0.0000, lr: 0.00024084, epoch_time: 172.0min
Epoch:[2/2](6440/66163), loss: 1.7744, logits_loss: 1.7744, aux_loss: 0.0000, lr: 0.00024073, epoch_time: 172.0min
Epoch:[2/2](6460/66163), loss: 1.7628, logits_loss: 1.7628, aux_loss: 0.0000, lr: 0.00024063, epoch_time: 172.0min
Epoch:[2/2](6480/66163), loss: 1.7187, logits_loss: 1.7187, aux_loss: 0.0000, lr: 0.00024052, epoch_time: 172.0min
Epoch:[2/2](6500/66163), loss: 1.7178, logits_loss: 1.7178, aux_loss: 0.0000, lr: 0.00024042, epoch_time: 172.0min
Epoch:[2/2](6520/66163), loss: 1.6520, logits_loss: 1.6520, aux_loss: 0.0000, lr: 0.00024031, epoch_time: 171.0min
Epoch:[2/2](6540/66163), loss: 1.7289, logits_loss: 1.7289, aux_loss: 0.0000, lr: 0.00024020, epoch_time: 171.0min
Epoch:[2/2](6560/66163), loss: 1.7602, logits_loss: 1.7602, aux_loss: 0.0000, lr: 0.00024010, epoch_time: 171.0min
Epoch:[2/2](6580/66163), loss: 1.7227, logits_loss: 1.7227, aux_loss: 0.0000, lr: 0.00023999, epoch_time: 171.0min
Epoch:[2/2](6600/66163), loss: 1.7033, logits_loss: 1.7033, aux_loss: 0.0000, lr: 0.00023989, epoch_time: 171.0min
Epoch:[2/2](6620/66163), loss: 1.6445, logits_loss: 1.6445, aux_loss: 0.0000, lr: 0.00023978, epoch_time: 170.0min
Epoch:[2/2](6640/66163), loss: 1.7293, logits_loss: 1.7293, aux_loss: 0.0000, lr: 0.00023968, epoch_time: 170.0min
Epoch:[2/2](6660/66163), loss: 1.7483, logits_loss: 1.7483, aux_loss: 0.0000, lr: 0.00023957, epoch_time: 170.0min
Epoch:[2/2](6680/66163), loss: 1.7939, logits_loss: 1.7939, aux_loss: 0.0000, lr: 0.00023947, epoch_time: 170.0min
Epoch:[2/2](6700/66163), loss: 1.8050, logits_loss: 1.8050, aux_loss: 0.0000, lr: 0.00023936, epoch_time: 170.0min
Epoch:[2/2](6720/66163), loss: 1.7710, logits_loss: 1.7710, aux_loss: 0.0000, lr: 0.00023926, epoch_time: 169.0min
Epoch:[2/2](6740/66163), loss: 1.6928, logits_loss: 1.6928, aux_loss: 0.0000, lr: 0.00023915, epoch_time: 169.0min
Epoch:[2/2](6760/66163), loss: 1.6625, logits_loss: 1.6625, aux_loss: 0.0000, lr: 0.00023904, epoch_time: 169.0min
Epoch:[2/2](6780/66163), loss: 1.6538, logits_loss: 1.6538, aux_loss: 0.0000, lr: 0.00023894, epoch_time: 169.0min
Epoch:[2/2](6800/66163), loss: 1.7384, logits_loss: 1.7384, aux_loss: 0.0000, lr: 0.00023883, epoch_time: 169.0min
Epoch:[2/2](6820/66163), loss: 1.7712, logits_loss: 1.7712, aux_loss: 0.0000, lr: 0.00023873, epoch_time: 168.0min
Epoch:[2/2](6840/66163), loss: 1.7826, logits_loss: 1.7826, aux_loss: 0.0000, lr: 0.00023862, epoch_time: 168.0min
Epoch:[2/2](6860/66163), loss: 1.7364, logits_loss: 1.7364, aux_loss: 0.0000, lr: 0.00023852, epoch_time: 168.0min
Epoch:[2/2](6880/66163), loss: 1.6596, logits_loss: 1.6596, aux_loss: 0.0000, lr: 0.00023841, epoch_time: 168.0min
Epoch:[2/2](6900/66163), loss: 1.6541, logits_loss: 1.6541, aux_loss: 0.0000, lr: 0.00023831, epoch_time: 168.0min
Epoch:[2/2](6920/66163), loss: 1.6381, logits_loss: 1.6381, aux_loss: 0.0000, lr: 0.00023820, epoch_time: 167.0min
Epoch:[2/2](6940/66163), loss: 1.7281, logits_loss: 1.7281, aux_loss: 0.0000, lr: 0.00023810, epoch_time: 176.0min
Epoch:[2/2](6960/66163), loss: 1.8213, logits_loss: 1.8213, aux_loss: 0.0000, lr: 0.00023799, epoch_time: 176.0min
Epoch:[2/2](6980/66163), loss: 1.6070, logits_loss: 1.6070, aux_loss: 0.0000, lr: 0.00023788, epoch_time: 175.0min
Epoch:[2/2](7000/66163), loss: 1.7520, logits_loss: 1.7520, aux_loss: 0.0000, lr: 0.00023778, epoch_time: 175.0min
Epoch:[2/2](7020/66163), loss: 1.7589, logits_loss: 1.7589, aux_loss: 0.0000, lr: 0.00023767, epoch_time: 175.0min
Epoch:[2/2](7040/66163), loss: 1.7333, logits_loss: 1.7333, aux_loss: 0.0000, lr: 0.00023757, epoch_time: 175.0min
Epoch:[2/2](7060/66163), loss: 1.6700, logits_loss: 1.6700, aux_loss: 0.0000, lr: 0.00023746, epoch_time: 175.0min
Epoch:[2/2](7080/66163), loss: 1.6891, logits_loss: 1.6891, aux_loss: 0.0000, lr: 0.00023736, epoch_time: 174.0min
Epoch:[2/2](7100/66163), loss: 1.6798, logits_loss: 1.6798, aux_loss: 0.0000, lr: 0.00023725, epoch_time: 174.0min
Epoch:[2/2](7120/66163), loss: 1.6901, logits_loss: 1.6901, aux_loss: 0.0000, lr: 0.00023715, epoch_time: 174.0min
Epoch:[2/2](7140/66163), loss: 1.7286, logits_loss: 1.7286, aux_loss: 0.0000, lr: 0.00023704, epoch_time: 174.0min
Epoch:[2/2](7160/66163), loss: 1.6965, logits_loss: 1.6965, aux_loss: 0.0000, lr: 0.00023694, epoch_time: 174.0min
Epoch:[2/2](7180/66163), loss: 1.8198, logits_loss: 1.8198, aux_loss: 0.0000, lr: 0.00023683, epoch_time: 173.0min
Epoch:[2/2](7200/66163), loss: 1.7625, logits_loss: 1.7625, aux_loss: 0.0000, lr: 0.00023673, epoch_time: 173.0min
Epoch:[2/2](7220/66163), loss: 1.7400, logits_loss: 1.7400, aux_loss: 0.0000, lr: 0.00023662, epoch_time: 173.0min
Epoch:[2/2](7240/66163), loss: 1.7424, logits_loss: 1.7424, aux_loss: 0.0000, lr: 0.00023652, epoch_time: 173.0min
Epoch:[2/2](7260/66163), loss: 1.7361, logits_loss: 1.7361, aux_loss: 0.0000, lr: 0.00023641, epoch_time: 173.0min
Epoch:[2/2](7280/66163), loss: 1.6593, logits_loss: 1.6593, aux_loss: 0.0000, lr: 0.00023631, epoch_time: 172.0min
Epoch:[2/2](7300/66163), loss: 1.7141, logits_loss: 1.7141, aux_loss: 0.0000, lr: 0.00023620, epoch_time: 172.0min
Epoch:[2/2](7320/66163), loss: 1.7760, logits_loss: 1.7760, aux_loss: 0.0000, lr: 0.00023609, epoch_time: 172.0min
Epoch:[2/2](7340/66163), loss: 1.7087, logits_loss: 1.7087, aux_loss: 0.0000, lr: 0.00023599, epoch_time: 172.0min
Epoch:[2/2](7360/66163), loss: 1.6731, logits_loss: 1.6731, aux_loss: 0.0000, lr: 0.00023588, epoch_time: 172.0min
Epoch:[2/2](7380/66163), loss: 1.6998, logits_loss: 1.6998, aux_loss: 0.0000, lr: 0.00023578, epoch_time: 171.0min
Epoch:[2/2](7400/66163), loss: 1.6306, logits_loss: 1.6306, aux_loss: 0.0000, lr: 0.00023567, epoch_time: 171.0min
Epoch:[2/2](7420/66163), loss: 1.7703, logits_loss: 1.7703, aux_loss: 0.0000, lr: 0.00023557, epoch_time: 171.0min
Epoch:[2/2](7440/66163), loss: 1.7086, logits_loss: 1.7086, aux_loss: 0.0000, lr: 0.00023546, epoch_time: 171.0min
Epoch:[2/2](7460/66163), loss: 1.6455, logits_loss: 1.6455, aux_loss: 0.0000, lr: 0.00023536, epoch_time: 171.0min
Epoch:[2/2](7480/66163), loss: 1.6301, logits_loss: 1.6301, aux_loss: 0.0000, lr: 0.00023525, epoch_time: 170.0min
Epoch:[2/2](7500/66163), loss: 1.7675, logits_loss: 1.7675, aux_loss: 0.0000, lr: 0.00023515, epoch_time: 170.0min
Epoch:[2/2](7520/66163), loss: 1.7433, logits_loss: 1.7433, aux_loss: 0.0000, lr: 0.00023504, epoch_time: 170.0min
Epoch:[2/2](7540/66163), loss: 1.8012, logits_loss: 1.8012, aux_loss: 0.0000, lr: 0.00023494, epoch_time: 170.0min
Epoch:[2/2](7560/66163), loss: 1.7386, logits_loss: 1.7386, aux_loss: 0.0000, lr: 0.00023483, epoch_time: 170.0min
Epoch:[2/2](7580/66163), loss: 1.6290, logits_loss: 1.6290, aux_loss: 0.0000, lr: 0.00023473, epoch_time: 169.0min
Epoch:[2/2](7600/66163), loss: 1.7124, logits_loss: 1.7124, aux_loss: 0.0000, lr: 0.00023462, epoch_time: 169.0min
Epoch:[2/2](7620/66163), loss: 1.7159, logits_loss: 1.7159, aux_loss: 0.0000, lr: 0.00023452, epoch_time: 169.0min
Epoch:[2/2](7640/66163), loss: 1.7922, logits_loss: 1.7922, aux_loss: 0.0000, lr: 0.00023441, epoch_time: 169.0min
Epoch:[2/2](7660/66163), loss: 1.7016, logits_loss: 1.7016, aux_loss: 0.0000, lr: 0.00023431, epoch_time: 169.0min
Epoch:[2/2](7680/66163), loss: 1.7501, logits_loss: 1.7501, aux_loss: 0.0000, lr: 0.00023420, epoch_time: 169.0min
Epoch:[2/2](7700/66163), loss: 1.7508, logits_loss: 1.7508, aux_loss: 0.0000, lr: 0.00023410, epoch_time: 168.0min
Epoch:[2/2](7720/66163), loss: 1.7145, logits_loss: 1.7145, aux_loss: 0.0000, lr: 0.00023399, epoch_time: 168.0min
Epoch:[2/2](7740/66163), loss: 1.8008, logits_loss: 1.8008, aux_loss: 0.0000, lr: 0.00023389, epoch_time: 168.0min
Epoch:[2/2](7760/66163), loss: 1.7436, logits_loss: 1.7436, aux_loss: 0.0000, lr: 0.00023378, epoch_time: 168.0min
Epoch:[2/2](7780/66163), loss: 1.6977, logits_loss: 1.6977, aux_loss: 0.0000, lr: 0.00023368, epoch_time: 168.0min
Epoch:[2/2](7800/66163), loss: 1.6663, logits_loss: 1.6663, aux_loss: 0.0000, lr: 0.00023357, epoch_time: 167.0min
Epoch:[2/2](7820/66163), loss: 1.7667, logits_loss: 1.7667, aux_loss: 0.0000, lr: 0.00023347, epoch_time: 167.0min
Epoch:[2/2](7840/66163), loss: 1.6200, logits_loss: 1.6200, aux_loss: 0.0000, lr: 0.00023336, epoch_time: 167.0min
Epoch:[2/2](7860/66163), loss: 1.7155, logits_loss: 1.7155, aux_loss: 0.0000, lr: 0.00023326, epoch_time: 167.0min
Epoch:[2/2](7880/66163), loss: 1.6925, logits_loss: 1.6925, aux_loss: 0.0000, lr: 0.00023315, epoch_time: 167.0min
Epoch:[2/2](7900/66163), loss: 1.6761, logits_loss: 1.6761, aux_loss: 0.0000, lr: 0.00023305, epoch_time: 167.0min
Epoch:[2/2](7920/66163), loss: 1.7494, logits_loss: 1.7494, aux_loss: 0.0000, lr: 0.00023294, epoch_time: 166.0min
Epoch:[2/2](7940/66163), loss: 1.7130, logits_loss: 1.7130, aux_loss: 0.0000, lr: 0.00023284, epoch_time: 166.0min
Epoch:[2/2](7960/66163), loss: 1.6556, logits_loss: 1.6556, aux_loss: 0.0000, lr: 0.00023273, epoch_time: 166.0min
Epoch:[2/2](7980/66163), loss: 1.7214, logits_loss: 1.7214, aux_loss: 0.0000, lr: 0.00023263, epoch_time: 166.0min
Epoch:[2/2](8000/66163), loss: 1.7829, logits_loss: 1.7829, aux_loss: 0.0000, lr: 0.00023252, epoch_time: 166.0min
Epoch:[2/2](8020/66163), loss: 1.6788, logits_loss: 1.6788, aux_loss: 0.0000, lr: 0.00023242, epoch_time: 165.0min
Epoch:[2/2](8040/66163), loss: 1.7158, logits_loss: 1.7158, aux_loss: 0.0000, lr: 0.00023231, epoch_time: 165.0min
Epoch:[2/2](8060/66163), loss: 1.7511, logits_loss: 1.7511, aux_loss: 0.0000, lr: 0.00023221, epoch_time: 172.0min
Epoch:[2/2](8080/66163), loss: 1.7123, logits_loss: 1.7123, aux_loss: 0.0000, lr: 0.00023210, epoch_time: 172.0min
Epoch:[2/2](8100/66163), loss: 1.7072, logits_loss: 1.7072, aux_loss: 0.0000, lr: 0.00023200, epoch_time: 172.0min
Epoch:[2/2](8120/66163), loss: 1.7808, logits_loss: 1.7808, aux_loss: 0.0000, lr: 0.00023189, epoch_time: 172.0min
Epoch:[2/2](8140/66163), loss: 1.6272, logits_loss: 1.6272, aux_loss: 0.0000, lr: 0.00023179, epoch_time: 172.0min
Epoch:[2/2](8160/66163), loss: 1.6839, logits_loss: 1.6839, aux_loss: 0.0000, lr: 0.00023168, epoch_time: 172.0min
Epoch:[2/2](8180/66163), loss: 1.7285, logits_loss: 1.7285, aux_loss: 0.0000, lr: 0.00023158, epoch_time: 171.0min
Epoch:[2/2](8200/66163), loss: 1.6686, logits_loss: 1.6686, aux_loss: 0.0000, lr: 0.00023147, epoch_time: 171.0min
Epoch:[2/2](8220/66163), loss: 1.7363, logits_loss: 1.7363, aux_loss: 0.0000, lr: 0.00023137, epoch_time: 171.0min
Epoch:[2/2](8240/66163), loss: 1.7400, logits_loss: 1.7400, aux_loss: 0.0000, lr: 0.00023126, epoch_time: 171.0min
Epoch:[2/2](8260/66163), loss: 1.8028, logits_loss: 1.8028, aux_loss: 0.0000, lr: 0.00023116, epoch_time: 171.0min
Epoch:[2/2](8280/66163), loss: 1.7285, logits_loss: 1.7285, aux_loss: 0.0000, lr: 0.00023105, epoch_time: 170.0min
Epoch:[2/2](8300/66163), loss: 1.7132, logits_loss: 1.7132, aux_loss: 0.0000, lr: 0.00023095, epoch_time: 170.0min
Epoch:[2/2](8320/66163), loss: 1.6789, logits_loss: 1.6789, aux_loss: 0.0000, lr: 0.00023084, epoch_time: 170.0min
Epoch:[2/2](8340/66163), loss: 1.8801, logits_loss: 1.8801, aux_loss: 0.0000, lr: 0.00023074, epoch_time: 170.0min
Epoch:[2/2](8360/66163), loss: 1.6072, logits_loss: 1.6072, aux_loss: 0.0000, lr: 0.00023064, epoch_time: 170.0min
Epoch:[2/2](8380/66163), loss: 1.6973, logits_loss: 1.6973, aux_loss: 0.0000, lr: 0.00023053, epoch_time: 170.0min
Epoch:[2/2](8400/66163), loss: 1.7768, logits_loss: 1.7768, aux_loss: 0.0000, lr: 0.00023043, epoch_time: 169.0min
Epoch:[2/2](8420/66163), loss: 1.6880, logits_loss: 1.6880, aux_loss: 0.0000, lr: 0.00023032, epoch_time: 169.0min
Epoch:[2/2](8440/66163), loss: 1.7443, logits_loss: 1.7443, aux_loss: 0.0000, lr: 0.00023022, epoch_time: 169.0min
Epoch:[2/2](8460/66163), loss: 1.7023, logits_loss: 1.7023, aux_loss: 0.0000, lr: 0.00023011, epoch_time: 169.0min
Epoch:[2/2](8480/66163), loss: 1.6988, logits_loss: 1.6988, aux_loss: 0.0000, lr: 0.00023001, epoch_time: 169.0min
Epoch:[2/2](8500/66163), loss: 1.7359, logits_loss: 1.7359, aux_loss: 0.0000, lr: 0.00022990, epoch_time: 168.0min
Epoch:[2/2](8520/66163), loss: 1.7185, logits_loss: 1.7185, aux_loss: 0.0000, lr: 0.00022980, epoch_time: 168.0min
Epoch:[2/2](8540/66163), loss: 1.7804, logits_loss: 1.7804, aux_loss: 0.0000, lr: 0.00022969, epoch_time: 168.0min
Epoch:[2/2](8560/66163), loss: 1.7356, logits_loss: 1.7356, aux_loss: 0.0000, lr: 0.00022959, epoch_time: 168.0min
Epoch:[2/2](8580/66163), loss: 1.6978, logits_loss: 1.6978, aux_loss: 0.0000, lr: 0.00022948, epoch_time: 168.0min
Epoch:[2/2](8600/66163), loss: 1.6823, logits_loss: 1.6823, aux_loss: 0.0000, lr: 0.00022938, epoch_time: 168.0min
Epoch:[2/2](8620/66163), loss: 1.7046, logits_loss: 1.7046, aux_loss: 0.0000, lr: 0.00022927, epoch_time: 167.0min
Epoch:[2/2](8640/66163), loss: 1.6683, logits_loss: 1.6683, aux_loss: 0.0000, lr: 0.00022917, epoch_time: 167.0min
Epoch:[2/2](8660/66163), loss: 1.7711, logits_loss: 1.7711, aux_loss: 0.0000, lr: 0.00022907, epoch_time: 167.0min
Epoch:[2/2](8680/66163), loss: 1.7408, logits_loss: 1.7408, aux_loss: 0.0000, lr: 0.00022896, epoch_time: 167.0min
Epoch:[2/2](8700/66163), loss: 1.7291, logits_loss: 1.7291, aux_loss: 0.0000, lr: 0.00022886, epoch_time: 167.0min
Epoch:[2/2](8720/66163), loss: 1.6658, logits_loss: 1.6658, aux_loss: 0.0000, lr: 0.00022875, epoch_time: 167.0min
Epoch:[2/2](8740/66163), loss: 1.6595, logits_loss: 1.6595, aux_loss: 0.0000, lr: 0.00022865, epoch_time: 166.0min
Epoch:[2/2](8760/66163), loss: 1.7093, logits_loss: 1.7093, aux_loss: 0.0000, lr: 0.00022854, epoch_time: 166.0min
Epoch:[2/2](8780/66163), loss: 1.6785, logits_loss: 1.6785, aux_loss: 0.0000, lr: 0.00022844, epoch_time: 166.0min
Epoch:[2/2](8800/66163), loss: 1.6848, logits_loss: 1.6848, aux_loss: 0.0000, lr: 0.00022833, epoch_time: 166.0min
Epoch:[2/2](8820/66163), loss: 1.7660, logits_loss: 1.7660, aux_loss: 0.0000, lr: 0.00022823, epoch_time: 166.0min
Epoch:[2/2](8840/66163), loss: 1.6708, logits_loss: 1.6708, aux_loss: 0.0000, lr: 0.00022812, epoch_time: 166.0min
Epoch:[2/2](8860/66163), loss: 1.8043, logits_loss: 1.8043, aux_loss: 0.0000, lr: 0.00022802, epoch_time: 165.0min
Epoch:[2/2](8880/66163), loss: 1.6853, logits_loss: 1.6853, aux_loss: 0.0000, lr: 0.00022792, epoch_time: 165.0min
Epoch:[2/2](8900/66163), loss: 1.6368, logits_loss: 1.6368, aux_loss: 0.0000, lr: 0.00022781, epoch_time: 165.0min
Epoch:[2/2](8920/66163), loss: 1.7509, logits_loss: 1.7509, aux_loss: 0.0000, lr: 0.00022771, epoch_time: 165.0min
Epoch:[2/2](8940/66163), loss: 1.6893, logits_loss: 1.6893, aux_loss: 0.0000, lr: 0.00022760, epoch_time: 165.0min
Epoch:[2/2](8960/66163), loss: 1.7114, logits_loss: 1.7114, aux_loss: 0.0000, lr: 0.00022750, epoch_time: 165.0min
Epoch:[2/2](8980/66163), loss: 1.7284, logits_loss: 1.7284, aux_loss: 0.0000, lr: 0.00022739, epoch_time: 164.0min
Epoch:[2/2](9000/66163), loss: 1.6130, logits_loss: 1.6130, aux_loss: 0.0000, lr: 0.00022729, epoch_time: 164.0min
Epoch:[2/2](9020/66163), loss: 1.6773, logits_loss: 1.6773, aux_loss: 0.0000, lr: 0.00022718, epoch_time: 164.0min
Epoch:[2/2](9040/66163), loss: 1.7744, logits_loss: 1.7744, aux_loss: 0.0000, lr: 0.00022708, epoch_time: 164.0min
Epoch:[2/2](9060/66163), loss: 1.7697, logits_loss: 1.7697, aux_loss: 0.0000, lr: 0.00022698, epoch_time: 164.0min
Epoch:[2/2](9080/66163), loss: 1.6798, logits_loss: 1.6798, aux_loss: 0.0000, lr: 0.00022687, epoch_time: 164.0min
Epoch:[2/2](9100/66163), loss: 1.7576, logits_loss: 1.7576, aux_loss: 0.0000, lr: 0.00022677, epoch_time: 163.0min
Epoch:[2/2](9120/66163), loss: 1.6799, logits_loss: 1.6799, aux_loss: 0.0000, lr: 0.00022666, epoch_time: 163.0min
Epoch:[2/2](9140/66163), loss: 1.6881, logits_loss: 1.6881, aux_loss: 0.0000, lr: 0.00022656, epoch_time: 163.0min
Epoch:[2/2](9160/66163), loss: 1.7182, logits_loss: 1.7182, aux_loss: 0.0000, lr: 0.00022645, epoch_time: 163.0min
Epoch:[2/2](9180/66163), loss: 1.6957, logits_loss: 1.6957, aux_loss: 0.0000, lr: 0.00022635, epoch_time: 169.0min
Epoch:[2/2](9200/66163), loss: 1.7411, logits_loss: 1.7411, aux_loss: 0.0000, lr: 0.00022625, epoch_time: 169.0min
Epoch:[2/2](9220/66163), loss: 1.6609, logits_loss: 1.6609, aux_loss: 0.0000, lr: 0.00022614, epoch_time: 169.0min
Epoch:[2/2](9240/66163), loss: 1.6691, logits_loss: 1.6691, aux_loss: 0.0000, lr: 0.00022604, epoch_time: 169.0min
Epoch:[2/2](9260/66163), loss: 1.6446, logits_loss: 1.6446, aux_loss: 0.0000, lr: 0.00022593, epoch_time: 168.0min
Epoch:[2/2](9280/66163), loss: 1.7854, logits_loss: 1.7854, aux_loss: 0.0000, lr: 0.00022583, epoch_time: 168.0min
Epoch:[2/2](9300/66163), loss: 1.6803, logits_loss: 1.6803, aux_loss: 0.0000, lr: 0.00022572, epoch_time: 168.0min
Epoch:[2/2](9320/66163), loss: 1.7467, logits_loss: 1.7467, aux_loss: 0.0000, lr: 0.00022562, epoch_time: 168.0min
Epoch:[2/2](9340/66163), loss: 1.7133, logits_loss: 1.7133, aux_loss: 0.0000, lr: 0.00022552, epoch_time: 168.0min
Epoch:[2/2](9360/66163), loss: 1.7529, logits_loss: 1.7529, aux_loss: 0.0000, lr: 0.00022541, epoch_time: 168.0min
Epoch:[2/2](9380/66163), loss: 1.6758, logits_loss: 1.6758, aux_loss: 0.0000, lr: 0.00022531, epoch_time: 167.0min
Epoch:[2/2](9400/66163), loss: 1.8386, logits_loss: 1.8386, aux_loss: 0.0000, lr: 0.00022520, epoch_time: 167.0min
Epoch:[2/2](9420/66163), loss: 1.7658, logits_loss: 1.7658, aux_loss: 0.0000, lr: 0.00022510, epoch_time: 167.0min
Epoch:[2/2](9440/66163), loss: 1.7000, logits_loss: 1.7000, aux_loss: 0.0000, lr: 0.00022499, epoch_time: 167.0min
Epoch:[2/2](9460/66163), loss: 1.7014, logits_loss: 1.7014, aux_loss: 0.0000, lr: 0.00022489, epoch_time: 167.0min
Epoch:[2/2](9480/66163), loss: 1.7171, logits_loss: 1.7171, aux_loss: 0.0000, lr: 0.00022479, epoch_time: 167.0min
Epoch:[2/2](9500/66163), loss: 1.7926, logits_loss: 1.7926, aux_loss: 0.0000, lr: 0.00022468, epoch_time: 166.0min
Epoch:[2/2](9520/66163), loss: 1.7845, logits_loss: 1.7845, aux_loss: 0.0000, lr: 0.00022458, epoch_time: 166.0min
Epoch:[2/2](9540/66163), loss: 1.6837, logits_loss: 1.6837, aux_loss: 0.0000, lr: 0.00022447, epoch_time: 166.0min
Epoch:[2/2](9560/66163), loss: 1.7091, logits_loss: 1.7091, aux_loss: 0.0000, lr: 0.00022437, epoch_time: 166.0min
Epoch:[2/2](9580/66163), loss: 1.7157, logits_loss: 1.7157, aux_loss: 0.0000, lr: 0.00022427, epoch_time: 166.0min
Epoch:[2/2](9600/66163), loss: 1.6568, logits_loss: 1.6568, aux_loss: 0.0000, lr: 0.00022416, epoch_time: 166.0min
Epoch:[2/2](9620/66163), loss: 1.7174, logits_loss: 1.7174, aux_loss: 0.0000, lr: 0.00022406, epoch_time: 165.0min
Epoch:[2/2](9640/66163), loss: 1.7411, logits_loss: 1.7411, aux_loss: 0.0000, lr: 0.00022395, epoch_time: 165.0min
Epoch:[2/2](9660/66163), loss: 1.7636, logits_loss: 1.7636, aux_loss: 0.0000, lr: 0.00022385, epoch_time: 165.0min
Epoch:[2/2](9680/66163), loss: 1.6692, logits_loss: 1.6692, aux_loss: 0.0000, lr: 0.00022375, epoch_time: 165.0min
Epoch:[2/2](9700/66163), loss: 1.7883, logits_loss: 1.7883, aux_loss: 0.0000, lr: 0.00022364, epoch_time: 165.0min
Epoch:[2/2](9720/66163), loss: 1.6344, logits_loss: 1.6344, aux_loss: 0.0000, lr: 0.00022354, epoch_time: 165.0min
Epoch:[2/2](9740/66163), loss: 1.7608, logits_loss: 1.7608, aux_loss: 0.0000, lr: 0.00022343, epoch_time: 164.0min
Epoch:[2/2](9760/66163), loss: 1.7340, logits_loss: 1.7340, aux_loss: 0.0000, lr: 0.00022333, epoch_time: 164.0min
Epoch:[2/2](9780/66163), loss: 1.8443, logits_loss: 1.8443, aux_loss: 0.0000, lr: 0.00022323, epoch_time: 164.0min
Epoch:[2/2](9800/66163), loss: 1.6920, logits_loss: 1.6920, aux_loss: 0.0000, lr: 0.00022312, epoch_time: 164.0min
Epoch:[2/2](9820/66163), loss: 1.7994, logits_loss: 1.7994, aux_loss: 0.0000, lr: 0.00022302, epoch_time: 164.0min
Epoch:[2/2](9840/66163), loss: 1.7382, logits_loss: 1.7382, aux_loss: 0.0000, lr: 0.00022291, epoch_time: 164.0min
Epoch:[2/2](9860/66163), loss: 1.7584, logits_loss: 1.7584, aux_loss: 0.0000, lr: 0.00022281, epoch_time: 164.0min
Epoch:[2/2](9880/66163), loss: 1.7046, logits_loss: 1.7046, aux_loss: 0.0000, lr: 0.00022271, epoch_time: 163.0min
Epoch:[2/2](9900/66163), loss: 1.6887, logits_loss: 1.6887, aux_loss: 0.0000, lr: 0.00022260, epoch_time: 163.0min
Epoch:[2/2](9920/66163), loss: 1.6222, logits_loss: 1.6222, aux_loss: 0.0000, lr: 0.00022250, epoch_time: 163.0min
Epoch:[2/2](9940/66163), loss: 1.7032, logits_loss: 1.7032, aux_loss: 0.0000, lr: 0.00022239, epoch_time: 163.0min
Epoch:[2/2](9960/66163), loss: 1.7329, logits_loss: 1.7329, aux_loss: 0.0000, lr: 0.00022229, epoch_time: 163.0min
Epoch:[2/2](9980/66163), loss: 1.7548, logits_loss: 1.7548, aux_loss: 0.0000, lr: 0.00022219, epoch_time: 163.0min
Epoch:[2/2](10000/66163), loss: 1.7417, logits_loss: 1.7417, aux_loss: 0.0000, lr: 0.00022208, epoch_time: 162.0min
Epoch:[2/2](10020/66163), loss: 1.7105, logits_loss: 1.7105, aux_loss: 0.0000, lr: 0.00022198, epoch_time: 164.0min
Epoch:[2/2](10040/66163), loss: 1.6853, logits_loss: 1.6853, aux_loss: 0.0000, lr: 0.00022187, epoch_time: 163.0min
Epoch:[2/2](10060/66163), loss: 1.7668, logits_loss: 1.7668, aux_loss: 0.0000, lr: 0.00022177, epoch_time: 163.0min
Epoch:[2/2](10080/66163), loss: 1.6937, logits_loss: 1.6937, aux_loss: 0.0000, lr: 0.00022167, epoch_time: 163.0min
Epoch:[2/2](10100/66163), loss: 1.7186, logits_loss: 1.7186, aux_loss: 0.0000, lr: 0.00022156, epoch_time: 163.0min
Epoch:[2/2](10120/66163), loss: 1.7575, logits_loss: 1.7575, aux_loss: 0.0000, lr: 0.00022146, epoch_time: 163.0min
Epoch:[2/2](10140/66163), loss: 1.7343, logits_loss: 1.7343, aux_loss: 0.0000, lr: 0.00022136, epoch_time: 163.0min
Epoch:[2/2](10160/66163), loss: 1.7280, logits_loss: 1.7280, aux_loss: 0.0000, lr: 0.00022125, epoch_time: 163.0min
Epoch:[2/2](10180/66163), loss: 1.6271, logits_loss: 1.6271, aux_loss: 0.0000, lr: 0.00022115, epoch_time: 162.0min
Epoch:[2/2](10200/66163), loss: 1.6740, logits_loss: 1.6740, aux_loss: 0.0000, lr: 0.00022104, epoch_time: 162.0min
Epoch:[2/2](10220/66163), loss: 1.7264, logits_loss: 1.7264, aux_loss: 0.0000, lr: 0.00022094, epoch_time: 162.0min
Epoch:[2/2](10240/66163), loss: 1.7216, logits_loss: 1.7216, aux_loss: 0.0000, lr: 0.00022084, epoch_time: 162.0min
Epoch:[2/2](10260/66163), loss: 1.7028, logits_loss: 1.7028, aux_loss: 0.0000, lr: 0.00022073, epoch_time: 162.0min
Epoch:[2/2](10280/66163), loss: 1.7339, logits_loss: 1.7339, aux_loss: 0.0000, lr: 0.00022063, epoch_time: 162.0min
Epoch:[2/2](10300/66163), loss: 1.7202, logits_loss: 1.7202, aux_loss: 0.0000, lr: 0.00022053, epoch_time: 161.0min
Epoch:[2/2](10320/66163), loss: 1.7646, logits_loss: 1.7646, aux_loss: 0.0000, lr: 0.00022042, epoch_time: 161.0min
Epoch:[2/2](10340/66163), loss: 1.6761, logits_loss: 1.6761, aux_loss: 0.0000, lr: 0.00022032, epoch_time: 161.0min
Epoch:[2/2](10360/66163), loss: 1.6943, logits_loss: 1.6943, aux_loss: 0.0000, lr: 0.00022022, epoch_time: 161.0min
Epoch:[2/2](10380/66163), loss: 1.5956, logits_loss: 1.5956, aux_loss: 0.0000, lr: 0.00022011, epoch_time: 161.0min
Epoch:[2/2](10400/66163), loss: 1.6388, logits_loss: 1.6388, aux_loss: 0.0000, lr: 0.00022001, epoch_time: 161.0min
Epoch:[2/2](10420/66163), loss: 1.7513, logits_loss: 1.7513, aux_loss: 0.0000, lr: 0.00021990, epoch_time: 161.0min
Epoch:[2/2](10440/66163), loss: 1.7143, logits_loss: 1.7143, aux_loss: 0.0000, lr: 0.00021980, epoch_time: 160.0min
Epoch:[2/2](10460/66163), loss: 1.7424, logits_loss: 1.7424, aux_loss: 0.0000, lr: 0.00021970, epoch_time: 160.0min
Epoch:[2/2](10480/66163), loss: 1.6709, logits_loss: 1.6709, aux_loss: 0.0000, lr: 0.00021959, epoch_time: 160.0min
Epoch:[2/2](10500/66163), loss: 1.6895, logits_loss: 1.6895, aux_loss: 0.0000, lr: 0.00021949, epoch_time: 160.0min
Epoch:[2/2](10520/66163), loss: 1.7503, logits_loss: 1.7503, aux_loss: 0.0000, lr: 0.00021939, epoch_time: 160.0min
Epoch:[2/2](10540/66163), loss: 1.7046, logits_loss: 1.7046, aux_loss: 0.0000, lr: 0.00021928, epoch_time: 160.0min
Epoch:[2/2](10560/66163), loss: 1.6536, logits_loss: 1.6536, aux_loss: 0.0000, lr: 0.00021918, epoch_time: 160.0min
Epoch:[2/2](10580/66163), loss: 1.7170, logits_loss: 1.7170, aux_loss: 0.0000, lr: 0.00021908, epoch_time: 159.0min
Epoch:[2/2](10600/66163), loss: 1.6775, logits_loss: 1.6775, aux_loss: 0.0000, lr: 0.00021897, epoch_time: 165.0min
Epoch:[2/2](10620/66163), loss: 1.6642, logits_loss: 1.6642, aux_loss: 0.0000, lr: 0.00021887, epoch_time: 164.0min
Epoch:[2/2](10640/66163), loss: 1.6989, logits_loss: 1.6989, aux_loss: 0.0000, lr: 0.00021877, epoch_time: 164.0min
Epoch:[2/2](10660/66163), loss: 1.7751, logits_loss: 1.7751, aux_loss: 0.0000, lr: 0.00021866, epoch_time: 164.0min
Epoch:[2/2](10680/66163), loss: 1.6878, logits_loss: 1.6878, aux_loss: 0.0000, lr: 0.00021856, epoch_time: 164.0min
Epoch:[2/2](10700/66163), loss: 1.7336, logits_loss: 1.7336, aux_loss: 0.0000, lr: 0.00021846, epoch_time: 164.0min
Epoch:[2/2](10720/66163), loss: 1.6503, logits_loss: 1.6503, aux_loss: 0.0000, lr: 0.00021835, epoch_time: 164.0min
Epoch:[2/2](10740/66163), loss: 1.6389, logits_loss: 1.6389, aux_loss: 0.0000, lr: 0.00021825, epoch_time: 164.0min
Epoch:[2/2](10760/66163), loss: 1.6604, logits_loss: 1.6604, aux_loss: 0.0000, lr: 0.00021815, epoch_time: 163.0min
Epoch:[2/2](10780/66163), loss: 1.6968, logits_loss: 1.6968, aux_loss: 0.0000, lr: 0.00021804, epoch_time: 163.0min
Epoch:[2/2](10800/66163), loss: 1.8042, logits_loss: 1.8042, aux_loss: 0.0000, lr: 0.00021794, epoch_time: 163.0min
Epoch:[2/2](10820/66163), loss: 1.7037, logits_loss: 1.7037, aux_loss: 0.0000, lr: 0.00021784, epoch_time: 163.0min
Epoch:[2/2](10840/66163), loss: 1.6522, logits_loss: 1.6522, aux_loss: 0.0000, lr: 0.00021773, epoch_time: 163.0min
Epoch:[2/2](10860/66163), loss: 1.6735, logits_loss: 1.6735, aux_loss: 0.0000, lr: 0.00021763, epoch_time: 163.0min
Epoch:[2/2](10880/66163), loss: 1.7500, logits_loss: 1.7500, aux_loss: 0.0000, lr: 0.00021753, epoch_time: 163.0min
Epoch:[2/2](10900/66163), loss: 1.7428, logits_loss: 1.7428, aux_loss: 0.0000, lr: 0.00021742, epoch_time: 162.0min
Epoch:[2/2](10920/66163), loss: 1.7335, logits_loss: 1.7335, aux_loss: 0.0000, lr: 0.00021732, epoch_time: 162.0min
Epoch:[2/2](10940/66163), loss: 1.5864, logits_loss: 1.5864, aux_loss: 0.0000, lr: 0.00021722, epoch_time: 162.0min
Epoch:[2/2](10960/66163), loss: 1.7390, logits_loss: 1.7390, aux_loss: 0.0000, lr: 0.00021711, epoch_time: 162.0min
Epoch:[2/2](10980/66163), loss: 1.7321, logits_loss: 1.7321, aux_loss: 0.0000, lr: 0.00021701, epoch_time: 162.0min
Epoch:[2/2](11000/66163), loss: 1.6854, logits_loss: 1.6854, aux_loss: 0.0000, lr: 0.00021691, epoch_time: 162.0min
Epoch:[2/2](11020/66163), loss: 1.7387, logits_loss: 1.7387, aux_loss: 0.0000, lr: 0.00021680, epoch_time: 161.0min
Epoch:[2/2](11040/66163), loss: 1.6890, logits_loss: 1.6890, aux_loss: 0.0000, lr: 0.00021670, epoch_time: 161.0min
Epoch:[2/2](11060/66163), loss: 1.7398, logits_loss: 1.7398, aux_loss: 0.0000, lr: 0.00021660, epoch_time: 161.0min
Epoch:[2/2](11080/66163), loss: 1.7019, logits_loss: 1.7019, aux_loss: 0.0000, lr: 0.00021649, epoch_time: 161.0min
Epoch:[2/2](11100/66163), loss: 1.5997, logits_loss: 1.5997, aux_loss: 0.0000, lr: 0.00021639, epoch_time: 161.0min
Epoch:[2/2](11120/66163), loss: 1.8166, logits_loss: 1.8166, aux_loss: 0.0000, lr: 0.00021629, epoch_time: 161.0min
Epoch:[2/2](11140/66163), loss: 1.6867, logits_loss: 1.6867, aux_loss: 0.0000, lr: 0.00021618, epoch_time: 161.0min
Epoch:[2/2](11160/66163), loss: 1.7260, logits_loss: 1.7260, aux_loss: 0.0000, lr: 0.00021608, epoch_time: 160.0min
Epoch:[2/2](11180/66163), loss: 1.6599, logits_loss: 1.6599, aux_loss: 0.0000, lr: 0.00021598, epoch_time: 160.0min
Epoch:[2/2](11200/66163), loss: 1.7034, logits_loss: 1.7034, aux_loss: 0.0000, lr: 0.00021587, epoch_time: 160.0min
Epoch:[2/2](11220/66163), loss: 1.8060, logits_loss: 1.8060, aux_loss: 0.0000, lr: 0.00021577, epoch_time: 160.0min
Epoch:[2/2](11240/66163), loss: 1.6438, logits_loss: 1.6438, aux_loss: 0.0000, lr: 0.00021567, epoch_time: 160.0min
Epoch:[2/2](11260/66163), loss: 1.7003, logits_loss: 1.7003, aux_loss: 0.0000, lr: 0.00021557, epoch_time: 160.0min
Epoch:[2/2](11280/66163), loss: 1.7068, logits_loss: 1.7068, aux_loss: 0.0000, lr: 0.00021546, epoch_time: 160.0min
Epoch:[2/2](11300/66163), loss: 1.6900, logits_loss: 1.6900, aux_loss: 0.0000, lr: 0.00021536, epoch_time: 159.0min
Epoch:[2/2](11320/66163), loss: 1.6906, logits_loss: 1.6906, aux_loss: 0.0000, lr: 0.00021526, epoch_time: 159.0min
Epoch:[2/2](11340/66163), loss: 1.6290, logits_loss: 1.6290, aux_loss: 0.0000, lr: 0.00021515, epoch_time: 159.0min
Epoch:[2/2](11360/66163), loss: 1.7076, logits_loss: 1.7076, aux_loss: 0.0000, lr: 0.00021505, epoch_time: 159.0min
Epoch:[2/2](11380/66163), loss: 1.7082, logits_loss: 1.7082, aux_loss: 0.0000, lr: 0.00021495, epoch_time: 159.0min
Epoch:[2/2](11400/66163), loss: 1.7095, logits_loss: 1.7095, aux_loss: 0.0000, lr: 0.00021484, epoch_time: 159.0min
Epoch:[2/2](11420/66163), loss: 1.7285, logits_loss: 1.7285, aux_loss: 0.0000, lr: 0.00021474, epoch_time: 159.0min
Epoch:[2/2](11440/66163), loss: 1.5903, logits_loss: 1.5903, aux_loss: 0.0000, lr: 0.00021464, epoch_time: 158.0min
Epoch:[2/2](11460/66163), loss: 1.6722, logits_loss: 1.6722, aux_loss: 0.0000, lr: 0.00021454, epoch_time: 158.0min
Epoch:[2/2](11480/66163), loss: 1.6888, logits_loss: 1.6888, aux_loss: 0.0000, lr: 0.00021443, epoch_time: 158.0min
Epoch:[2/2](11500/66163), loss: 1.7028, logits_loss: 1.7028, aux_loss: 0.0000, lr: 0.00021433, epoch_time: 158.0min
Epoch:[2/2](11520/66163), loss: 1.7442, logits_loss: 1.7442, aux_loss: 0.0000, lr: 0.00021423, epoch_time: 158.0min
Epoch:[2/2](11540/66163), loss: 1.6632, logits_loss: 1.6632, aux_loss: 0.0000, lr: 0.00021412, epoch_time: 158.0min
Epoch:[2/2](11560/66163), loss: 1.7209, logits_loss: 1.7209, aux_loss: 0.0000, lr: 0.00021402, epoch_time: 158.0min
Epoch:[2/2](11580/66163), loss: 1.7421, logits_loss: 1.7421, aux_loss: 0.0000, lr: 0.00021392, epoch_time: 158.0min
Epoch:[2/2](11600/66163), loss: 1.6964, logits_loss: 1.6964, aux_loss: 0.0000, lr: 0.00021382, epoch_time: 157.0min
Epoch:[2/2](11620/66163), loss: 1.6930, logits_loss: 1.6930, aux_loss: 0.0000, lr: 0.00021371, epoch_time: 157.0min
Epoch:[2/2](11640/66163), loss: 1.6769, logits_loss: 1.6769, aux_loss: 0.0000, lr: 0.00021361, epoch_time: 157.0min
Epoch:[2/2](11660/66163), loss: 1.8449, logits_loss: 1.8449, aux_loss: 0.0000, lr: 0.00021351, epoch_time: 157.0min
Epoch:[2/2](11680/66163), loss: 1.7214, logits_loss: 1.7214, aux_loss: 0.0000, lr: 0.00021340, epoch_time: 162.0min
Epoch:[2/2](11700/66163), loss: 1.6292, logits_loss: 1.6292, aux_loss: 0.0000, lr: 0.00021330, epoch_time: 161.0min
Epoch:[2/2](11720/66163), loss: 1.7521, logits_loss: 1.7521, aux_loss: 0.0000, lr: 0.00021320, epoch_time: 161.0min
Epoch:[2/2](11740/66163), loss: 1.6491, logits_loss: 1.6491, aux_loss: 0.0000, lr: 0.00021310, epoch_time: 161.0min
Epoch:[2/2](11760/66163), loss: 1.7051, logits_loss: 1.7051, aux_loss: 0.0000, lr: 0.00021299, epoch_time: 161.0min
Epoch:[2/2](11780/66163), loss: 1.6265, logits_loss: 1.6265, aux_loss: 0.0000, lr: 0.00021289, epoch_time: 161.0min
Epoch:[2/2](11800/66163), loss: 1.6606, logits_loss: 1.6606, aux_loss: 0.0000, lr: 0.00021279, epoch_time: 161.0min
Epoch:[2/2](11820/66163), loss: 1.7528, logits_loss: 1.7528, aux_loss: 0.0000, lr: 0.00021269, epoch_time: 161.0min
Epoch:[2/2](11840/66163), loss: 1.7205, logits_loss: 1.7205, aux_loss: 0.0000, lr: 0.00021258, epoch_time: 160.0min
Epoch:[2/2](11860/66163), loss: 1.7223, logits_loss: 1.7223, aux_loss: 0.0000, lr: 0.00021248, epoch_time: 160.0min
Epoch:[2/2](11880/66163), loss: 1.7355, logits_loss: 1.7355, aux_loss: 0.0000, lr: 0.00021238, epoch_time: 160.0min
Epoch:[2/2](11900/66163), loss: 1.6665, logits_loss: 1.6665, aux_loss: 0.0000, lr: 0.00021227, epoch_time: 160.0min
Epoch:[2/2](11920/66163), loss: 1.6883, logits_loss: 1.6883, aux_loss: 0.0000, lr: 0.00021217, epoch_time: 160.0min
Epoch:[2/2](11940/66163), loss: 1.7019, logits_loss: 1.7019, aux_loss: 0.0000, lr: 0.00021207, epoch_time: 160.0min
Epoch:[2/2](11960/66163), loss: 1.7823, logits_loss: 1.7823, aux_loss: 0.0000, lr: 0.00021197, epoch_time: 160.0min
Epoch:[2/2](11980/66163), loss: 1.6282, logits_loss: 1.6282, aux_loss: 0.0000, lr: 0.00021186, epoch_time: 159.0min
Epoch:[2/2](12000/66163), loss: 1.7105, logits_loss: 1.7105, aux_loss: 0.0000, lr: 0.00021176, epoch_time: 159.0min
Epoch:[2/2](12020/66163), loss: 1.6838, logits_loss: 1.6838, aux_loss: 0.0000, lr: 0.00021166, epoch_time: 159.0min
Epoch:[2/2](12040/66163), loss: 1.7031, logits_loss: 1.7031, aux_loss: 0.0000, lr: 0.00021156, epoch_time: 159.0min
Epoch:[2/2](12060/66163), loss: 1.7095, logits_loss: 1.7095, aux_loss: 0.0000, lr: 0.00021145, epoch_time: 159.0min
Epoch:[2/2](12080/66163), loss: 1.7762, logits_loss: 1.7762, aux_loss: 0.0000, lr: 0.00021135, epoch_time: 159.0min
Epoch:[2/2](12100/66163), loss: 1.6392, logits_loss: 1.6392, aux_loss: 0.0000, lr: 0.00021125, epoch_time: 159.0min
Epoch:[2/2](12120/66163), loss: 1.6428, logits_loss: 1.6428, aux_loss: 0.0000, lr: 0.00021115, epoch_time: 159.0min
Epoch:[2/2](12140/66163), loss: 1.6873, logits_loss: 1.6873, aux_loss: 0.0000, lr: 0.00021104, epoch_time: 158.0min
Epoch:[2/2](12160/66163), loss: 1.6802, logits_loss: 1.6802, aux_loss: 0.0000, lr: 0.00021094, epoch_time: 158.0min
Epoch:[2/2](12180/66163), loss: 1.7043, logits_loss: 1.7043, aux_loss: 0.0000, lr: 0.00021084, epoch_time: 158.0min
Epoch:[2/2](12200/66163), loss: 1.6569, logits_loss: 1.6569, aux_loss: 0.0000, lr: 0.00021074, epoch_time: 158.0min
Epoch:[2/2](12220/66163), loss: 1.7062, logits_loss: 1.7062, aux_loss: 0.0000, lr: 0.00021064, epoch_time: 158.0min
Epoch:[2/2](12240/66163), loss: 1.6122, logits_loss: 1.6122, aux_loss: 0.0000, lr: 0.00021053, epoch_time: 158.0min
Epoch:[2/2](12260/66163), loss: 1.6274, logits_loss: 1.6274, aux_loss: 0.0000, lr: 0.00021043, epoch_time: 158.0min
Epoch:[2/2](12280/66163), loss: 1.7782, logits_loss: 1.7782, aux_loss: 0.0000, lr: 0.00021033, epoch_time: 157.0min
Epoch:[2/2](12300/66163), loss: 1.7046, logits_loss: 1.7046, aux_loss: 0.0000, lr: 0.00021023, epoch_time: 157.0min
Epoch:[2/2](12320/66163), loss: 1.7625, logits_loss: 1.7625, aux_loss: 0.0000, lr: 0.00021012, epoch_time: 157.0min
Epoch:[2/2](12340/66163), loss: 1.7341, logits_loss: 1.7341, aux_loss: 0.0000, lr: 0.00021002, epoch_time: 157.0min
Epoch:[2/2](12360/66163), loss: 1.7274, logits_loss: 1.7274, aux_loss: 0.0000, lr: 0.00020992, epoch_time: 157.0min
Epoch:[2/2](12380/66163), loss: 1.6687, logits_loss: 1.6687, aux_loss: 0.0000, lr: 0.00020982, epoch_time: 157.0min
Epoch:[2/2](12400/66163), loss: 1.5869, logits_loss: 1.5869, aux_loss: 0.0000, lr: 0.00020971, epoch_time: 157.0min
Epoch:[2/2](12420/66163), loss: 1.7648, logits_loss: 1.7648, aux_loss: 0.0000, lr: 0.00020961, epoch_time: 156.0min
Epoch:[2/2](12440/66163), loss: 1.6643, logits_loss: 1.6643, aux_loss: 0.0000, lr: 0.00020951, epoch_time: 156.0min
Epoch:[2/2](12460/66163), loss: 1.7568, logits_loss: 1.7568, aux_loss: 0.0000, lr: 0.00020941, epoch_time: 156.0min
Epoch:[2/2](12480/66163), loss: 1.6878, logits_loss: 1.6878, aux_loss: 0.0000, lr: 0.00020931, epoch_time: 156.0min
Epoch:[2/2](12500/66163), loss: 1.7841, logits_loss: 1.7841, aux_loss: 0.0000, lr: 0.00020920, epoch_time: 156.0min
Epoch:[2/2](12520/66163), loss: 1.6892, logits_loss: 1.6892, aux_loss: 0.0000, lr: 0.00020910, epoch_time: 156.0min
Epoch:[2/2](12540/66163), loss: 1.7193, logits_loss: 1.7193, aux_loss: 0.0000, lr: 0.00020900, epoch_time: 156.0min
Epoch:[2/2](12560/66163), loss: 1.6715, logits_loss: 1.6715, aux_loss: 0.0000, lr: 0.00020890, epoch_time: 156.0min
Epoch:[2/2](12580/66163), loss: 1.6899, logits_loss: 1.6899, aux_loss: 0.0000, lr: 0.00020879, epoch_time: 155.0min
Epoch:[2/2](12600/66163), loss: 1.7522, logits_loss: 1.7522, aux_loss: 0.0000, lr: 0.00020869, epoch_time: 155.0min
Epoch:[2/2](12620/66163), loss: 1.6655, logits_loss: 1.6655, aux_loss: 0.0000, lr: 0.00020859, epoch_time: 155.0min
Epoch:[2/2](12640/66163), loss: 1.6948, logits_loss: 1.6948, aux_loss: 0.0000, lr: 0.00020849, epoch_time: 155.0min
Epoch:[2/2](12660/66163), loss: 1.7624, logits_loss: 1.7624, aux_loss: 0.0000, lr: 0.00020839, epoch_time: 155.0min
Epoch:[2/2](12680/66163), loss: 1.7089, logits_loss: 1.7089, aux_loss: 0.0000, lr: 0.00020828, epoch_time: 155.0min
Epoch:[2/2](12700/66163), loss: 1.6728, logits_loss: 1.6728, aux_loss: 0.0000, lr: 0.00020818, epoch_time: 155.0min
Epoch:[2/2](12720/66163), loss: 1.6397, logits_loss: 1.6397, aux_loss: 0.0000, lr: 0.00020808, epoch_time: 155.0min
Epoch:[2/2](12740/66163), loss: 1.7049, logits_loss: 1.7049, aux_loss: 0.0000, lr: 0.00020798, epoch_time: 154.0min
Epoch:[2/2](12760/66163), loss: 1.7012, logits_loss: 1.7012, aux_loss: 0.0000, lr: 0.00020788, epoch_time: 159.0min
Epoch:[2/2](12780/66163), loss: 1.7481, logits_loss: 1.7481, aux_loss: 0.0000, lr: 0.00020777, epoch_time: 158.0min
Epoch:[2/2](12800/66163), loss: 1.8029, logits_loss: 1.8029, aux_loss: 0.0000, lr: 0.00020767, epoch_time: 158.0min
Epoch:[2/2](12820/66163), loss: 1.6907, logits_loss: 1.6907, aux_loss: 0.0000, lr: 0.00020757, epoch_time: 158.0min
Epoch:[2/2](12840/66163), loss: 1.7150, logits_loss: 1.7150, aux_loss: 0.0000, lr: 0.00020747, epoch_time: 158.0min
Epoch:[2/2](12860/66163), loss: 1.7209, logits_loss: 1.7209, aux_loss: 0.0000, lr: 0.00020737, epoch_time: 158.0min
Epoch:[2/2](12880/66163), loss: 1.7593, logits_loss: 1.7593, aux_loss: 0.0000, lr: 0.00020726, epoch_time: 158.0min
Epoch:[2/2](12900/66163), loss: 1.7290, logits_loss: 1.7290, aux_loss: 0.0000, lr: 0.00020716, epoch_time: 158.0min
Epoch:[2/2](12920/66163), loss: 1.7294, logits_loss: 1.7294, aux_loss: 0.0000, lr: 0.00020706, epoch_time: 157.0min
Epoch:[2/2](12940/66163), loss: 1.7387, logits_loss: 1.7387, aux_loss: 0.0000, lr: 0.00020696, epoch_time: 157.0min
Epoch:[2/2](12960/66163), loss: 1.7423, logits_loss: 1.7423, aux_loss: 0.0000, lr: 0.00020686, epoch_time: 157.0min
Epoch:[2/2](12980/66163), loss: 1.6331, logits_loss: 1.6331, aux_loss: 0.0000, lr: 0.00020676, epoch_time: 157.0min
Epoch:[2/2](13000/66163), loss: 1.6649, logits_loss: 1.6649, aux_loss: 0.0000, lr: 0.00020665, epoch_time: 157.0min
Epoch:[2/2](13020/66163), loss: 1.7112, logits_loss: 1.7112, aux_loss: 0.0000, lr: 0.00020655, epoch_time: 157.0min
Epoch:[2/2](13040/66163), loss: 1.7088, logits_loss: 1.7088, aux_loss: 0.0000, lr: 0.00020645, epoch_time: 157.0min
Epoch:[2/2](13060/66163), loss: 1.7703, logits_loss: 1.7703, aux_loss: 0.0000, lr: 0.00020635, epoch_time: 157.0min
Epoch:[2/2](13080/66163), loss: 1.6553, logits_loss: 1.6553, aux_loss: 0.0000, lr: 0.00020625, epoch_time: 156.0min
Epoch:[2/2](13100/66163), loss: 1.6985, logits_loss: 1.6985, aux_loss: 0.0000, lr: 0.00020615, epoch_time: 156.0min
Epoch:[2/2](13120/66163), loss: 1.7155, logits_loss: 1.7155, aux_loss: 0.0000, lr: 0.00020604, epoch_time: 156.0min
Epoch:[2/2](13140/66163), loss: 1.7620, logits_loss: 1.7620, aux_loss: 0.0000, lr: 0.00020594, epoch_time: 156.0min
Epoch:[2/2](13160/66163), loss: 1.7089, logits_loss: 1.7089, aux_loss: 0.0000, lr: 0.00020584, epoch_time: 156.0min
Epoch:[2/2](13180/66163), loss: 1.5780, logits_loss: 1.5780, aux_loss: 0.0000, lr: 0.00020574, epoch_time: 156.0min
Epoch:[2/2](13200/66163), loss: 1.7672, logits_loss: 1.7672, aux_loss: 0.0000, lr: 0.00020564, epoch_time: 156.0min
Epoch:[2/2](13220/66163), loss: 1.6694, logits_loss: 1.6694, aux_loss: 0.0000, lr: 0.00020554, epoch_time: 155.0min
Epoch:[2/2](13240/66163), loss: 1.6314, logits_loss: 1.6314, aux_loss: 0.0000, lr: 0.00020543, epoch_time: 155.0min
Epoch:[2/2](13260/66163), loss: 1.6716, logits_loss: 1.6716, aux_loss: 0.0000, lr: 0.00020533, epoch_time: 155.0min
Epoch:[2/2](13280/66163), loss: 1.6899, logits_loss: 1.6899, aux_loss: 0.0000, lr: 0.00020523, epoch_time: 155.0min
Epoch:[2/2](13300/66163), loss: 1.6887, logits_loss: 1.6887, aux_loss: 0.0000, lr: 0.00020513, epoch_time: 155.0min
Epoch:[2/2](13320/66163), loss: 1.7477, logits_loss: 1.7477, aux_loss: 0.0000, lr: 0.00020503, epoch_time: 155.0min
Epoch:[2/2](13340/66163), loss: 1.7427, logits_loss: 1.7427, aux_loss: 0.0000, lr: 0.00020493, epoch_time: 155.0min
Epoch:[2/2](13360/66163), loss: 1.6838, logits_loss: 1.6838, aux_loss: 0.0000, lr: 0.00020482, epoch_time: 155.0min
Epoch:[2/2](13380/66163), loss: 1.6402, logits_loss: 1.6402, aux_loss: 0.0000, lr: 0.00020472, epoch_time: 154.0min
Epoch:[2/2](13400/66163), loss: 1.7176, logits_loss: 1.7176, aux_loss: 0.0000, lr: 0.00020462, epoch_time: 154.0min
Epoch:[2/2](13420/66163), loss: 1.6963, logits_loss: 1.6963, aux_loss: 0.0000, lr: 0.00020452, epoch_time: 154.0min
Epoch:[2/2](13440/66163), loss: 1.6811, logits_loss: 1.6811, aux_loss: 0.0000, lr: 0.00020442, epoch_time: 154.0min
Epoch:[2/2](13460/66163), loss: 1.7259, logits_loss: 1.7259, aux_loss: 0.0000, lr: 0.00020432, epoch_time: 154.0min
Epoch:[2/2](13480/66163), loss: 1.7008, logits_loss: 1.7008, aux_loss: 0.0000, lr: 0.00020422, epoch_time: 154.0min
Epoch:[2/2](13500/66163), loss: 1.6986, logits_loss: 1.6986, aux_loss: 0.0000, lr: 0.00020411, epoch_time: 154.0min
Epoch:[2/2](13520/66163), loss: 1.7266, logits_loss: 1.7266, aux_loss: 0.0000, lr: 0.00020401, epoch_time: 154.0min
Epoch:[2/2](13540/66163), loss: 1.7259, logits_loss: 1.7259, aux_loss: 0.0000, lr: 0.00020391, epoch_time: 153.0min
Epoch:[2/2](13560/66163), loss: 1.6134, logits_loss: 1.6134, aux_loss: 0.0000, lr: 0.00020381, epoch_time: 153.0min
Epoch:[2/2](13580/66163), loss: 1.7359, logits_loss: 1.7359, aux_loss: 0.0000, lr: 0.00020371, epoch_time: 153.0min
Epoch:[2/2](13600/66163), loss: 1.7314, logits_loss: 1.7314, aux_loss: 0.0000, lr: 0.00020361, epoch_time: 153.0min
Epoch:[2/2](13620/66163), loss: 1.7630, logits_loss: 1.7630, aux_loss: 0.0000, lr: 0.00020351, epoch_time: 153.0min
Epoch:[2/2](13640/66163), loss: 1.6856, logits_loss: 1.6856, aux_loss: 0.0000, lr: 0.00020340, epoch_time: 153.0min
Epoch:[2/2](13660/66163), loss: 1.7559, logits_loss: 1.7559, aux_loss: 0.0000, lr: 0.00020330, epoch_time: 153.0min
Epoch:[2/2](13680/66163), loss: 1.7639, logits_loss: 1.7639, aux_loss: 0.0000, lr: 0.00020320, epoch_time: 153.0min
Epoch:[2/2](13700/66163), loss: 1.6993, logits_loss: 1.6993, aux_loss: 0.0000, lr: 0.00020310, epoch_time: 152.0min
Epoch:[2/2](13720/66163), loss: 1.6975, logits_loss: 1.6975, aux_loss: 0.0000, lr: 0.00020300, epoch_time: 152.0min
Epoch:[2/2](13740/66163), loss: 1.7466, logits_loss: 1.7466, aux_loss: 0.0000, lr: 0.00020290, epoch_time: 152.0min
Epoch:[2/2](13760/66163), loss: 1.7120, logits_loss: 1.7120, aux_loss: 0.0000, lr: 0.00020280, epoch_time: 152.0min
Epoch:[2/2](13780/66163), loss: 1.7143, logits_loss: 1.7143, aux_loss: 0.0000, lr: 0.00020270, epoch_time: 152.0min
Epoch:[2/2](13800/66163), loss: 1.6886, logits_loss: 1.6886, aux_loss: 0.0000, lr: 0.00020259, epoch_time: 152.0min
Epoch:[2/2](13820/66163), loss: 1.6417, logits_loss: 1.6417, aux_loss: 0.0000, lr: 0.00020249, epoch_time: 152.0min
Epoch:[2/2](13840/66163), loss: 1.6959, logits_loss: 1.6959, aux_loss: 0.0000, lr: 0.00020239, epoch_time: 152.0min
Epoch:[2/2](13860/66163), loss: 1.7436, logits_loss: 1.7436, aux_loss: 0.0000, lr: 0.00020229, epoch_time: 151.0min
Epoch:[2/2](13880/66163), loss: 1.6557, logits_loss: 1.6557, aux_loss: 0.0000, lr: 0.00020219, epoch_time: 151.0min
Epoch:[2/2](13900/66163), loss: 1.6623, logits_loss: 1.6623, aux_loss: 0.0000, lr: 0.00020209, epoch_time: 151.0min
Epoch:[2/2](13920/66163), loss: 1.7426, logits_loss: 1.7426, aux_loss: 0.0000, lr: 0.00020199, epoch_time: 151.0min
Epoch:[2/2](13940/66163), loss: 1.7356, logits_loss: 1.7356, aux_loss: 0.0000, lr: 0.00020189, epoch_time: 151.0min
Epoch:[2/2](13960/66163), loss: 1.6636, logits_loss: 1.6636, aux_loss: 0.0000, lr: 0.00020179, epoch_time: 155.0min
Epoch:[2/2](13980/66163), loss: 1.6612, logits_loss: 1.6612, aux_loss: 0.0000, lr: 0.00020169, epoch_time: 155.0min
Epoch:[2/2](14000/66163), loss: 1.7033, logits_loss: 1.7033, aux_loss: 0.0000, lr: 0.00020158, epoch_time: 154.0min
Epoch:[2/2](14020/66163), loss: 1.6208, logits_loss: 1.6208, aux_loss: 0.0000, lr: 0.00020148, epoch_time: 154.0min
Epoch:[2/2](14040/66163), loss: 1.7495, logits_loss: 1.7495, aux_loss: 0.0000, lr: 0.00020138, epoch_time: 154.0min
Epoch:[2/2](14060/66163), loss: 1.7561, logits_loss: 1.7561, aux_loss: 0.0000, lr: 0.00020128, epoch_time: 154.0min
Epoch:[2/2](14080/66163), loss: 1.6943, logits_loss: 1.6943, aux_loss: 0.0000, lr: 0.00020118, epoch_time: 154.0min
Epoch:[2/2](14100/66163), loss: 1.7608, logits_loss: 1.7608, aux_loss: 0.0000, lr: 0.00020108, epoch_time: 154.0min
Epoch:[2/2](14120/66163), loss: 1.5969, logits_loss: 1.5969, aux_loss: 0.0000, lr: 0.00020098, epoch_time: 154.0min
Epoch:[2/2](14140/66163), loss: 1.6682, logits_loss: 1.6682, aux_loss: 0.0000, lr: 0.00020088, epoch_time: 154.0min
Epoch:[2/2](14160/66163), loss: 1.7095, logits_loss: 1.7095, aux_loss: 0.0000, lr: 0.00020078, epoch_time: 153.0min
Epoch:[2/2](14180/66163), loss: 1.6728, logits_loss: 1.6728, aux_loss: 0.0000, lr: 0.00020068, epoch_time: 153.0min
Epoch:[2/2](14200/66163), loss: 1.7250, logits_loss: 1.7250, aux_loss: 0.0000, lr: 0.00020058, epoch_time: 153.0min
Epoch:[2/2](14220/66163), loss: 1.7138, logits_loss: 1.7138, aux_loss: 0.0000, lr: 0.00020047, epoch_time: 153.0min
Epoch:[2/2](14240/66163), loss: 1.8166, logits_loss: 1.8166, aux_loss: 0.0000, lr: 0.00020037, epoch_time: 153.0min
Epoch:[2/2](14260/66163), loss: 1.6441, logits_loss: 1.6441, aux_loss: 0.0000, lr: 0.00020027, epoch_time: 153.0min
Epoch:[2/2](14280/66163), loss: 1.7710, logits_loss: 1.7710, aux_loss: 0.0000, lr: 0.00020017, epoch_time: 153.0min
Epoch:[2/2](14300/66163), loss: 1.7327, logits_loss: 1.7327, aux_loss: 0.0000, lr: 0.00020007, epoch_time: 153.0min
Epoch:[2/2](14320/66163), loss: 1.6486, logits_loss: 1.6486, aux_loss: 0.0000, lr: 0.00019997, epoch_time: 152.0min
Epoch:[2/2](14340/66163), loss: 1.7376, logits_loss: 1.7376, aux_loss: 0.0000, lr: 0.00019987, epoch_time: 152.0min
Epoch:[2/2](14360/66163), loss: 1.6614, logits_loss: 1.6614, aux_loss: 0.0000, lr: 0.00019977, epoch_time: 152.0min
Epoch:[2/2](14380/66163), loss: 1.8174, logits_loss: 1.8174, aux_loss: 0.0000, lr: 0.00019967, epoch_time: 152.0min
Epoch:[2/2](14400/66163), loss: 1.6904, logits_loss: 1.6904, aux_loss: 0.0000, lr: 0.00019957, epoch_time: 152.0min
Epoch:[2/2](14420/66163), loss: 1.8131, logits_loss: 1.8131, aux_loss: 0.0000, lr: 0.00019947, epoch_time: 152.0min
Epoch:[2/2](14440/66163), loss: 1.5492, logits_loss: 1.5492, aux_loss: 0.0000, lr: 0.00019937, epoch_time: 152.0min
Epoch:[2/2](14460/66163), loss: 1.6663, logits_loss: 1.6663, aux_loss: 0.0000, lr: 0.00019927, epoch_time: 152.0min
Epoch:[2/2](14480/66163), loss: 1.7242, logits_loss: 1.7242, aux_loss: 0.0000, lr: 0.00019917, epoch_time: 151.0min
Epoch:[2/2](14500/66163), loss: 1.6254, logits_loss: 1.6254, aux_loss: 0.0000, lr: 0.00019906, epoch_time: 151.0min
Epoch:[2/2](14520/66163), loss: 1.7067, logits_loss: 1.7067, aux_loss: 0.0000, lr: 0.00019896, epoch_time: 151.0min
Epoch:[2/2](14540/66163), loss: 1.7285, logits_loss: 1.7285, aux_loss: 0.0000, lr: 0.00019886, epoch_time: 151.0min
Epoch:[2/2](14560/66163), loss: 1.7347, logits_loss: 1.7347, aux_loss: 0.0000, lr: 0.00019876, epoch_time: 151.0min
Epoch:[2/2](14580/66163), loss: 1.7227, logits_loss: 1.7227, aux_loss: 0.0000, lr: 0.00019866, epoch_time: 151.0min
Epoch:[2/2](14600/66163), loss: 1.6981, logits_loss: 1.6981, aux_loss: 0.0000, lr: 0.00019856, epoch_time: 151.0min
Epoch:[2/2](14620/66163), loss: 1.7052, logits_loss: 1.7052, aux_loss: 0.0000, lr: 0.00019846, epoch_time: 151.0min
Epoch:[2/2](14640/66163), loss: 1.8214, logits_loss: 1.8214, aux_loss: 0.0000, lr: 0.00019836, epoch_time: 150.0min
Epoch:[2/2](14660/66163), loss: 1.7321, logits_loss: 1.7321, aux_loss: 0.0000, lr: 0.00019826, epoch_time: 150.0min
Epoch:[2/2](14680/66163), loss: 1.7228, logits_loss: 1.7228, aux_loss: 0.0000, lr: 0.00019816, epoch_time: 150.0min
Epoch:[2/2](14700/66163), loss: 1.8271, logits_loss: 1.8271, aux_loss: 0.0000, lr: 0.00019806, epoch_time: 150.0min
Epoch:[2/2](14720/66163), loss: 1.7075, logits_loss: 1.7075, aux_loss: 0.0000, lr: 0.00019796, epoch_time: 150.0min
Epoch:[2/2](14740/66163), loss: 1.7205, logits_loss: 1.7205, aux_loss: 0.0000, lr: 0.00019786, epoch_time: 150.0min
Epoch:[2/2](14760/66163), loss: 1.6840, logits_loss: 1.6840, aux_loss: 0.0000, lr: 0.00019776, epoch_time: 150.0min
Epoch:[2/2](14780/66163), loss: 1.6830, logits_loss: 1.6830, aux_loss: 0.0000, lr: 0.00019766, epoch_time: 150.0min
Epoch:[2/2](14800/66163), loss: 1.7462, logits_loss: 1.7462, aux_loss: 0.0000, lr: 0.00019756, epoch_time: 150.0min
Epoch:[2/2](14820/66163), loss: 1.7426, logits_loss: 1.7426, aux_loss: 0.0000, lr: 0.00019746, epoch_time: 149.0min
Epoch:[2/2](14840/66163), loss: 1.6683, logits_loss: 1.6683, aux_loss: 0.0000, lr: 0.00019736, epoch_time: 149.0min
Epoch:[2/2](14860/66163), loss: 1.7286, logits_loss: 1.7286, aux_loss: 0.0000, lr: 0.00019726, epoch_time: 149.0min
Epoch:[2/2](14880/66163), loss: 1.6781, logits_loss: 1.6781, aux_loss: 0.0000, lr: 0.00019716, epoch_time: 149.0min
Epoch:[2/2](14900/66163), loss: 1.7670, logits_loss: 1.7670, aux_loss: 0.0000, lr: 0.00019706, epoch_time: 149.0min
Epoch:[2/2](14920/66163), loss: 1.6754, logits_loss: 1.6754, aux_loss: 0.0000, lr: 0.00019696, epoch_time: 149.0min
Epoch:[2/2](14940/66163), loss: 1.6426, logits_loss: 1.6426, aux_loss: 0.0000, lr: 0.00019686, epoch_time: 149.0min
Epoch:[2/2](14960/66163), loss: 1.8012, logits_loss: 1.8012, aux_loss: 0.0000, lr: 0.00019676, epoch_time: 149.0min
Epoch:[2/2](14980/66163), loss: 1.6402, logits_loss: 1.6402, aux_loss: 0.0000, lr: 0.00019666, epoch_time: 148.0min
Epoch:[2/2](15000/66163), loss: 1.6916, logits_loss: 1.6916, aux_loss: 0.0000, lr: 0.00019656, epoch_time: 148.0min
Epoch:[2/2](15020/66163), loss: 1.7251, logits_loss: 1.7251, aux_loss: 0.0000, lr: 0.00019646, epoch_time: 149.0min
Epoch:[2/2](15040/66163), loss: 1.6877, logits_loss: 1.6877, aux_loss: 0.0000, lr: 0.00019636, epoch_time: 149.0min
Epoch:[2/2](15060/66163), loss: 1.7312, logits_loss: 1.7312, aux_loss: 0.0000, lr: 0.00019626, epoch_time: 149.0min
Epoch:[2/2](15080/66163), loss: 1.7404, logits_loss: 1.7404, aux_loss: 0.0000, lr: 0.00019616, epoch_time: 149.0min
Epoch:[2/2](15100/66163), loss: 1.6851, logits_loss: 1.6851, aux_loss: 0.0000, lr: 0.00019606, epoch_time: 149.0min
Epoch:[2/2](15120/66163), loss: 1.7553, logits_loss: 1.7553, aux_loss: 0.0000, lr: 0.00019596, epoch_time: 148.0min
Epoch:[2/2](15140/66163), loss: 1.7231, logits_loss: 1.7231, aux_loss: 0.0000, lr: 0.00019586, epoch_time: 148.0min
Epoch:[2/2](15160/66163), loss: 1.6343, logits_loss: 1.6343, aux_loss: 0.0000, lr: 0.00019576, epoch_time: 148.0min
Epoch:[2/2](15180/66163), loss: 1.7110, logits_loss: 1.7110, aux_loss: 0.0000, lr: 0.00019566, epoch_time: 148.0min
Epoch:[2/2](15200/66163), loss: 1.7382, logits_loss: 1.7382, aux_loss: 0.0000, lr: 0.00019556, epoch_time: 148.0min
Epoch:[2/2](15220/66163), loss: 1.6626, logits_loss: 1.6626, aux_loss: 0.0000, lr: 0.00019546, epoch_time: 148.0min
Epoch:[2/2](15240/66163), loss: 1.7523, logits_loss: 1.7523, aux_loss: 0.0000, lr: 0.00019536, epoch_time: 148.0min
Epoch:[2/2](15260/66163), loss: 1.6845, logits_loss: 1.6845, aux_loss: 0.0000, lr: 0.00019526, epoch_time: 148.0min
Epoch:[2/2](15280/66163), loss: 1.7065, logits_loss: 1.7065, aux_loss: 0.0000, lr: 0.00019516, epoch_time: 147.0min
Epoch:[2/2](15300/66163), loss: 1.6482, logits_loss: 1.6482, aux_loss: 0.0000, lr: 0.00019506, epoch_time: 147.0min
Epoch:[2/2](15320/66163), loss: 1.7067, logits_loss: 1.7067, aux_loss: 0.0000, lr: 0.00019496, epoch_time: 147.0min
Epoch:[2/2](15340/66163), loss: 1.7051, logits_loss: 1.7051, aux_loss: 0.0000, lr: 0.00019486, epoch_time: 147.0min
Epoch:[2/2](15360/66163), loss: 1.6197, logits_loss: 1.6197, aux_loss: 0.0000, lr: 0.00019476, epoch_time: 147.0min
Epoch:[2/2](15380/66163), loss: 1.6553, logits_loss: 1.6553, aux_loss: 0.0000, lr: 0.00019466, epoch_time: 147.0min
Epoch:[2/2](15400/66163), loss: 1.7227, logits_loss: 1.7227, aux_loss: 0.0000, lr: 0.00019456, epoch_time: 147.0min
Epoch:[2/2](15420/66163), loss: 1.7366, logits_loss: 1.7366, aux_loss: 0.0000, lr: 0.00019446, epoch_time: 147.0min
Epoch:[2/2](15440/66163), loss: 1.7968, logits_loss: 1.7968, aux_loss: 0.0000, lr: 0.00019436, epoch_time: 147.0min
Epoch:[2/2](15460/66163), loss: 1.7206, logits_loss: 1.7206, aux_loss: 0.0000, lr: 0.00019426, epoch_time: 146.0min
Epoch:[2/2](15480/66163), loss: 1.6772, logits_loss: 1.6772, aux_loss: 0.0000, lr: 0.00019416, epoch_time: 150.0min
Epoch:[2/2](15500/66163), loss: 1.7929, logits_loss: 1.7929, aux_loss: 0.0000, lr: 0.00019406, epoch_time: 150.0min
Epoch:[2/2](15520/66163), loss: 1.7918, logits_loss: 1.7918, aux_loss: 0.0000, lr: 0.00019396, epoch_time: 149.0min
Epoch:[2/2](15540/66163), loss: 1.6078, logits_loss: 1.6078, aux_loss: 0.0000, lr: 0.00019386, epoch_time: 149.0min
Epoch:[2/2](15560/66163), loss: 1.7204, logits_loss: 1.7204, aux_loss: 0.0000, lr: 0.00019376, epoch_time: 149.0min
Epoch:[2/2](15580/66163), loss: 1.7609, logits_loss: 1.7609, aux_loss: 0.0000, lr: 0.00019366, epoch_time: 149.0min
Epoch:[2/2](15600/66163), loss: 1.6979, logits_loss: 1.6979, aux_loss: 0.0000, lr: 0.00019356, epoch_time: 149.0min
Epoch:[2/2](15620/66163), loss: 1.8584, logits_loss: 1.8584, aux_loss: 0.0000, lr: 0.00019346, epoch_time: 149.0min
Epoch:[2/2](15640/66163), loss: 1.6771, logits_loss: 1.6771, aux_loss: 0.0000, lr: 0.00019336, epoch_time: 149.0min
Epoch:[2/2](15660/66163), loss: 1.6616, logits_loss: 1.6616, aux_loss: 0.0000, lr: 0.00019326, epoch_time: 149.0min
Epoch:[2/2](15680/66163), loss: 1.6637, logits_loss: 1.6637, aux_loss: 0.0000, lr: 0.00019316, epoch_time: 149.0min
Epoch:[2/2](15700/66163), loss: 1.6847, logits_loss: 1.6847, aux_loss: 0.0000, lr: 0.00019306, epoch_time: 148.0min
Epoch:[2/2](15720/66163), loss: 1.6750, logits_loss: 1.6750, aux_loss: 0.0000, lr: 0.00019296, epoch_time: 148.0min
Epoch:[2/2](15740/66163), loss: 1.6265, logits_loss: 1.6265, aux_loss: 0.0000, lr: 0.00019286, epoch_time: 148.0min
Epoch:[2/2](15760/66163), loss: 1.7242, logits_loss: 1.7242, aux_loss: 0.0000, lr: 0.00019276, epoch_time: 148.0min
Epoch:[2/2](15780/66163), loss: 1.7747, logits_loss: 1.7747, aux_loss: 0.0000, lr: 0.00019266, epoch_time: 148.0min
Epoch:[2/2](15800/66163), loss: 1.7625, logits_loss: 1.7625, aux_loss: 0.0000, lr: 0.00019257, epoch_time: 148.0min
Epoch:[2/2](15820/66163), loss: 1.7363, logits_loss: 1.7363, aux_loss: 0.0000, lr: 0.00019247, epoch_time: 148.0min
Epoch:[2/2](15840/66163), loss: 1.6596, logits_loss: 1.6596, aux_loss: 0.0000, lr: 0.00019237, epoch_time: 148.0min
Epoch:[2/2](15860/66163), loss: 1.6451, logits_loss: 1.6451, aux_loss: 0.0000, lr: 0.00019227, epoch_time: 147.0min
Epoch:[2/2](15880/66163), loss: 1.6747, logits_loss: 1.6747, aux_loss: 0.0000, lr: 0.00019217, epoch_time: 147.0min
Epoch:[2/2](15900/66163), loss: 1.6746, logits_loss: 1.6746, aux_loss: 0.0000, lr: 0.00019207, epoch_time: 147.0min
Epoch:[2/2](15920/66163), loss: 1.7009, logits_loss: 1.7009, aux_loss: 0.0000, lr: 0.00019197, epoch_time: 147.0min
Epoch:[2/2](15940/66163), loss: 1.6953, logits_loss: 1.6953, aux_loss: 0.0000, lr: 0.00019187, epoch_time: 147.0min
Epoch:[2/2](15960/66163), loss: 1.6754, logits_loss: 1.6754, aux_loss: 0.0000, lr: 0.00019177, epoch_time: 147.0min
Epoch:[2/2](15980/66163), loss: 1.7048, logits_loss: 1.7048, aux_loss: 0.0000, lr: 0.00019167, epoch_time: 147.0min
Epoch:[2/2](16000/66163), loss: 1.6254, logits_loss: 1.6254, aux_loss: 0.0000, lr: 0.00019157, epoch_time: 147.0min
Epoch:[2/2](16020/66163), loss: 1.7658, logits_loss: 1.7658, aux_loss: 0.0000, lr: 0.00019147, epoch_time: 147.0min
Epoch:[2/2](16040/66163), loss: 1.7223, logits_loss: 1.7223, aux_loss: 0.0000, lr: 0.00019137, epoch_time: 146.0min
Epoch:[2/2](16060/66163), loss: 1.7210, logits_loss: 1.7210, aux_loss: 0.0000, lr: 0.00019127, epoch_time: 146.0min
Epoch:[2/2](16080/66163), loss: 1.7875, logits_loss: 1.7875, aux_loss: 0.0000, lr: 0.00019118, epoch_time: 146.0min
Epoch:[2/2](16100/66163), loss: 1.6750, logits_loss: 1.6750, aux_loss: 0.0000, lr: 0.00019108, epoch_time: 146.0min
Epoch:[2/2](16120/66163), loss: 1.6582, logits_loss: 1.6582, aux_loss: 0.0000, lr: 0.00019098, epoch_time: 146.0min
Epoch:[2/2](16140/66163), loss: 1.6280, logits_loss: 1.6280, aux_loss: 0.0000, lr: 0.00019088, epoch_time: 146.0min
Epoch:[2/2](16160/66163), loss: 1.6645, logits_loss: 1.6645, aux_loss: 0.0000, lr: 0.00019078, epoch_time: 146.0min
Epoch:[2/2](16180/66163), loss: 1.7164, logits_loss: 1.7164, aux_loss: 0.0000, lr: 0.00019068, epoch_time: 146.0min
Epoch:[2/2](16200/66163), loss: 1.6705, logits_loss: 1.6705, aux_loss: 0.0000, lr: 0.00019058, epoch_time: 146.0min
Epoch:[2/2](16220/66163), loss: 1.6960, logits_loss: 1.6960, aux_loss: 0.0000, lr: 0.00019048, epoch_time: 145.0min
Epoch:[2/2](16240/66163), loss: 1.7108, logits_loss: 1.7108, aux_loss: 0.0000, lr: 0.00019038, epoch_time: 145.0min
Epoch:[2/2](16260/66163), loss: 1.6303, logits_loss: 1.6303, aux_loss: 0.0000, lr: 0.00019028, epoch_time: 145.0min
Epoch:[2/2](16280/66163), loss: 1.6605, logits_loss: 1.6605, aux_loss: 0.0000, lr: 0.00019018, epoch_time: 145.0min
Epoch:[2/2](16300/66163), loss: 1.6880, logits_loss: 1.6880, aux_loss: 0.0000, lr: 0.00019009, epoch_time: 145.0min
Epoch:[2/2](16320/66163), loss: 1.6218, logits_loss: 1.6218, aux_loss: 0.0000, lr: 0.00018999, epoch_time: 145.0min
Epoch:[2/2](16340/66163), loss: 1.7058, logits_loss: 1.7058, aux_loss: 0.0000, lr: 0.00018989, epoch_time: 145.0min
Epoch:[2/2](16360/66163), loss: 1.7566, logits_loss: 1.7566, aux_loss: 0.0000, lr: 0.00018979, epoch_time: 145.0min
Epoch:[2/2](16380/66163), loss: 1.7119, logits_loss: 1.7119, aux_loss: 0.0000, lr: 0.00018969, epoch_time: 145.0min
Epoch:[2/2](16400/66163), loss: 1.7015, logits_loss: 1.7015, aux_loss: 0.0000, lr: 0.00018959, epoch_time: 144.0min
Epoch:[2/2](16420/66163), loss: 1.6083, logits_loss: 1.6083, aux_loss: 0.0000, lr: 0.00018949, epoch_time: 144.0min
Epoch:[2/2](16440/66163), loss: 1.7014, logits_loss: 1.7014, aux_loss: 0.0000, lr: 0.00018939, epoch_time: 144.0min
Epoch:[2/2](16460/66163), loss: 1.8378, logits_loss: 1.8378, aux_loss: 0.0000, lr: 0.00018929, epoch_time: 144.0min
Epoch:[2/2](16480/66163), loss: 1.6494, logits_loss: 1.6494, aux_loss: 0.0000, lr: 0.00018920, epoch_time: 144.0min
Epoch:[2/2](16500/66163), loss: 1.7335, logits_loss: 1.7335, aux_loss: 0.0000, lr: 0.00018910, epoch_time: 144.0min
Epoch:[2/2](16520/66163), loss: 1.6280, logits_loss: 1.6280, aux_loss: 0.0000, lr: 0.00018900, epoch_time: 147.0min
Epoch:[2/2](16540/66163), loss: 1.6786, logits_loss: 1.6786, aux_loss: 0.0000, lr: 0.00018890, epoch_time: 147.0min
Epoch:[2/2](16560/66163), loss: 1.7753, logits_loss: 1.7753, aux_loss: 0.0000, lr: 0.00018880, epoch_time: 147.0min
Epoch:[2/2](16580/66163), loss: 1.7792, logits_loss: 1.7792, aux_loss: 0.0000, lr: 0.00018870, epoch_time: 147.0min
Epoch:[2/2](16600/66163), loss: 1.7316, logits_loss: 1.7316, aux_loss: 0.0000, lr: 0.00018860, epoch_time: 146.0min
Epoch:[2/2](16620/66163), loss: 1.6652, logits_loss: 1.6652, aux_loss: 0.0000, lr: 0.00018851, epoch_time: 146.0min
Epoch:[2/2](16640/66163), loss: 1.7795, logits_loss: 1.7795, aux_loss: 0.0000, lr: 0.00018841, epoch_time: 146.0min
Epoch:[2/2](16660/66163), loss: 1.6120, logits_loss: 1.6120, aux_loss: 0.0000, lr: 0.00018831, epoch_time: 146.0min
Epoch:[2/2](16680/66163), loss: 1.7683, logits_loss: 1.7683, aux_loss: 0.0000, lr: 0.00018821, epoch_time: 146.0min
Epoch:[2/2](16700/66163), loss: 1.6948, logits_loss: 1.6948, aux_loss: 0.0000, lr: 0.00018811, epoch_time: 146.0min
Epoch:[2/2](16720/66163), loss: 1.8424, logits_loss: 1.8424, aux_loss: 0.0000, lr: 0.00018801, epoch_time: 146.0min
Epoch:[2/2](16740/66163), loss: 1.7386, logits_loss: 1.7386, aux_loss: 0.0000, lr: 0.00018791, epoch_time: 146.0min
Epoch:[2/2](16760/66163), loss: 1.6625, logits_loss: 1.6625, aux_loss: 0.0000, lr: 0.00018782, epoch_time: 145.0min
Epoch:[2/2](16780/66163), loss: 1.7464, logits_loss: 1.7464, aux_loss: 0.0000, lr: 0.00018772, epoch_time: 145.0min
Epoch:[2/2](16800/66163), loss: 1.6723, logits_loss: 1.6723, aux_loss: 0.0000, lr: 0.00018762, epoch_time: 145.0min
Epoch:[2/2](16820/66163), loss: 1.7280, logits_loss: 1.7280, aux_loss: 0.0000, lr: 0.00018752, epoch_time: 145.0min
Epoch:[2/2](16840/66163), loss: 1.7099, logits_loss: 1.7099, aux_loss: 0.0000, lr: 0.00018742, epoch_time: 145.0min
Epoch:[2/2](16860/66163), loss: 1.7219, logits_loss: 1.7219, aux_loss: 0.0000, lr: 0.00018732, epoch_time: 145.0min
Epoch:[2/2](16880/66163), loss: 1.6684, logits_loss: 1.6684, aux_loss: 0.0000, lr: 0.00018722, epoch_time: 145.0min
Epoch:[2/2](16900/66163), loss: 1.6729, logits_loss: 1.6729, aux_loss: 0.0000, lr: 0.00018713, epoch_time: 145.0min
Epoch:[2/2](16920/66163), loss: 1.6738, logits_loss: 1.6738, aux_loss: 0.0000, lr: 0.00018703, epoch_time: 145.0min
Epoch:[2/2](16940/66163), loss: 1.6357, logits_loss: 1.6357, aux_loss: 0.0000, lr: 0.00018693, epoch_time: 144.0min
Epoch:[2/2](16960/66163), loss: 1.6861, logits_loss: 1.6861, aux_loss: 0.0000, lr: 0.00018683, epoch_time: 144.0min
Epoch:[2/2](16980/66163), loss: 1.7818, logits_loss: 1.7818, aux_loss: 0.0000, lr: 0.00018673, epoch_time: 144.0min
Epoch:[2/2](17000/66163), loss: 1.7969, logits_loss: 1.7969, aux_loss: 0.0000, lr: 0.00018663, epoch_time: 144.0min
Epoch:[2/2](17020/66163), loss: 1.7049, logits_loss: 1.7049, aux_loss: 0.0000, lr: 0.00018654, epoch_time: 144.0min
Epoch:[2/2](17040/66163), loss: 1.6921, logits_loss: 1.6921, aux_loss: 0.0000, lr: 0.00018644, epoch_time: 144.0min
Epoch:[2/2](17060/66163), loss: 1.7165, logits_loss: 1.7165, aux_loss: 0.0000, lr: 0.00018634, epoch_time: 144.0min
Epoch:[2/2](17080/66163), loss: 1.6355, logits_loss: 1.6355, aux_loss: 0.0000, lr: 0.00018624, epoch_time: 144.0min
Epoch:[2/2](17100/66163), loss: 1.8113, logits_loss: 1.8113, aux_loss: 0.0000, lr: 0.00018614, epoch_time: 144.0min
Epoch:[2/2](17120/66163), loss: 1.7201, logits_loss: 1.7201, aux_loss: 0.0000, lr: 0.00018605, epoch_time: 144.0min
Epoch:[2/2](17140/66163), loss: 1.6728, logits_loss: 1.6728, aux_loss: 0.0000, lr: 0.00018595, epoch_time: 143.0min
Epoch:[2/2](17160/66163), loss: 1.7251, logits_loss: 1.7251, aux_loss: 0.0000, lr: 0.00018585, epoch_time: 143.0min
Epoch:[2/2](17180/66163), loss: 1.5512, logits_loss: 1.5512, aux_loss: 0.0000, lr: 0.00018575, epoch_time: 143.0min
Epoch:[2/2](17200/66163), loss: 1.6585, logits_loss: 1.6585, aux_loss: 0.0000, lr: 0.00018565, epoch_time: 143.0min
Epoch:[2/2](17220/66163), loss: 1.7085, logits_loss: 1.7085, aux_loss: 0.0000, lr: 0.00018556, epoch_time: 143.0min
Epoch:[2/2](17240/66163), loss: 1.6990, logits_loss: 1.6990, aux_loss: 0.0000, lr: 0.00018546, epoch_time: 143.0min
Epoch:[2/2](17260/66163), loss: 1.7233, logits_loss: 1.7233, aux_loss: 0.0000, lr: 0.00018536, epoch_time: 143.0min
Epoch:[2/2](17280/66163), loss: 1.7014, logits_loss: 1.7014, aux_loss: 0.0000, lr: 0.00018526, epoch_time: 143.0min
Epoch:[2/2](17300/66163), loss: 1.6437, logits_loss: 1.6437, aux_loss: 0.0000, lr: 0.00018516, epoch_time: 143.0min
Epoch:[2/2](17320/66163), loss: 1.6351, logits_loss: 1.6351, aux_loss: 0.0000, lr: 0.00018507, epoch_time: 142.0min
Epoch:[2/2](17340/66163), loss: 1.7309, logits_loss: 1.7309, aux_loss: 0.0000, lr: 0.00018497, epoch_time: 142.0min
Epoch:[2/2](17360/66163), loss: 1.7350, logits_loss: 1.7350, aux_loss: 0.0000, lr: 0.00018487, epoch_time: 142.0min
Epoch:[2/2](17380/66163), loss: 1.6932, logits_loss: 1.6932, aux_loss: 0.0000, lr: 0.00018477, epoch_time: 142.0min
Epoch:[2/2](17400/66163), loss: 1.6930, logits_loss: 1.6930, aux_loss: 0.0000, lr: 0.00018467, epoch_time: 142.0min
Epoch:[2/2](17420/66163), loss: 1.7211, logits_loss: 1.7211, aux_loss: 0.0000, lr: 0.00018458, epoch_time: 142.0min
Epoch:[2/2](17440/66163), loss: 1.7822, logits_loss: 1.7822, aux_loss: 0.0000, lr: 0.00018448, epoch_time: 142.0min
Epoch:[2/2](17460/66163), loss: 1.7211, logits_loss: 1.7211, aux_loss: 0.0000, lr: 0.00018438, epoch_time: 142.0min
Epoch:[2/2](17480/66163), loss: 1.7114, logits_loss: 1.7114, aux_loss: 0.0000, lr: 0.00018428, epoch_time: 142.0min
Epoch:[2/2](17500/66163), loss: 1.6293, logits_loss: 1.6293, aux_loss: 0.0000, lr: 0.00018418, epoch_time: 141.0min
Epoch:[2/2](17520/66163), loss: 1.7120, logits_loss: 1.7120, aux_loss: 0.0000, lr: 0.00018409, epoch_time: 141.0min
Epoch:[2/2](17540/66163), loss: 1.7727, logits_loss: 1.7727, aux_loss: 0.0000, lr: 0.00018399, epoch_time: 141.0min
Epoch:[2/2](17560/66163), loss: 1.6883, logits_loss: 1.6883, aux_loss: 0.0000, lr: 0.00018389, epoch_time: 141.0min
Epoch:[2/2](17580/66163), loss: 1.7115, logits_loss: 1.7115, aux_loss: 0.0000, lr: 0.00018379, epoch_time: 141.0min
Epoch:[2/2](17600/66163), loss: 1.6907, logits_loss: 1.6907, aux_loss: 0.0000, lr: 0.00018370, epoch_time: 141.0min
Epoch:[2/2](17620/66163), loss: 1.6924, logits_loss: 1.6924, aux_loss: 0.0000, lr: 0.00018360, epoch_time: 141.0min
Epoch:[2/2](17640/66163), loss: 1.6816, logits_loss: 1.6816, aux_loss: 0.0000, lr: 0.00018350, epoch_time: 141.0min
Epoch:[2/2](17660/66163), loss: 1.6311, logits_loss: 1.6311, aux_loss: 0.0000, lr: 0.00018340, epoch_time: 141.0min
Epoch:[2/2](17680/66163), loss: 1.6997, logits_loss: 1.6997, aux_loss: 0.0000, lr: 0.00018331, epoch_time: 141.0min
Epoch:[2/2](17700/66163), loss: 1.7746, logits_loss: 1.7746, aux_loss: 0.0000, lr: 0.00018321, epoch_time: 140.0min
Epoch:[2/2](17720/66163), loss: 1.7079, logits_loss: 1.7079, aux_loss: 0.0000, lr: 0.00018311, epoch_time: 143.0min
Epoch:[2/2](17740/66163), loss: 1.6973, logits_loss: 1.6973, aux_loss: 0.0000, lr: 0.00018301, epoch_time: 143.0min
Epoch:[2/2](17760/66163), loss: 1.7133, logits_loss: 1.7133, aux_loss: 0.0000, lr: 0.00018292, epoch_time: 143.0min
Epoch:[2/2](17780/66163), loss: 1.7188, logits_loss: 1.7188, aux_loss: 0.0000, lr: 0.00018282, epoch_time: 143.0min
Epoch:[2/2](17800/66163), loss: 1.7085, logits_loss: 1.7085, aux_loss: 0.0000, lr: 0.00018272, epoch_time: 143.0min
Epoch:[2/2](17820/66163), loss: 1.7142, logits_loss: 1.7142, aux_loss: 0.0000, lr: 0.00018262, epoch_time: 143.0min
Epoch:[2/2](17840/66163), loss: 1.6846, logits_loss: 1.6846, aux_loss: 0.0000, lr: 0.00018253, epoch_time: 142.0min
Epoch:[2/2](17860/66163), loss: 1.7822, logits_loss: 1.7822, aux_loss: 0.0000, lr: 0.00018243, epoch_time: 142.0min
Epoch:[2/2](17880/66163), loss: 1.6526, logits_loss: 1.6526, aux_loss: 0.0000, lr: 0.00018233, epoch_time: 142.0min
Epoch:[2/2](17900/66163), loss: 1.7326, logits_loss: 1.7326, aux_loss: 0.0000, lr: 0.00018223, epoch_time: 142.0min
Epoch:[2/2](17920/66163), loss: 1.6872, logits_loss: 1.6872, aux_loss: 0.0000, lr: 0.00018214, epoch_time: 142.0min
Epoch:[2/2](17940/66163), loss: 1.7061, logits_loss: 1.7061, aux_loss: 0.0000, lr: 0.00018204, epoch_time: 142.0min
Epoch:[2/2](17960/66163), loss: 1.7181, logits_loss: 1.7181, aux_loss: 0.0000, lr: 0.00018194, epoch_time: 142.0min
Epoch:[2/2](17980/66163), loss: 1.6272, logits_loss: 1.6272, aux_loss: 0.0000, lr: 0.00018184, epoch_time: 142.0min
Epoch:[2/2](18000/66163), loss: 1.6203, logits_loss: 1.6203, aux_loss: 0.0000, lr: 0.00018175, epoch_time: 142.0min
Epoch:[2/2](18020/66163), loss: 1.6970, logits_loss: 1.6970, aux_loss: 0.0000, lr: 0.00018165, epoch_time: 141.0min
Epoch:[2/2](18040/66163), loss: 1.6549, logits_loss: 1.6549, aux_loss: 0.0000, lr: 0.00018155, epoch_time: 141.0min
Epoch:[2/2](18060/66163), loss: 1.7999, logits_loss: 1.7999, aux_loss: 0.0000, lr: 0.00018146, epoch_time: 141.0min
Epoch:[2/2](18080/66163), loss: 1.6855, logits_loss: 1.6855, aux_loss: 0.0000, lr: 0.00018136, epoch_time: 141.0min
Epoch:[2/2](18100/66163), loss: 1.6275, logits_loss: 1.6275, aux_loss: 0.0000, lr: 0.00018126, epoch_time: 141.0min
Epoch:[2/2](18120/66163), loss: 1.7597, logits_loss: 1.7597, aux_loss: 0.0000, lr: 0.00018116, epoch_time: 141.0min
Epoch:[2/2](18140/66163), loss: 1.6592, logits_loss: 1.6592, aux_loss: 0.0000, lr: 0.00018107, epoch_time: 141.0min
Epoch:[2/2](18160/66163), loss: 1.6364, logits_loss: 1.6364, aux_loss: 0.0000, lr: 0.00018097, epoch_time: 141.0min
Epoch:[2/2](18180/66163), loss: 1.6577, logits_loss: 1.6577, aux_loss: 0.0000, lr: 0.00018087, epoch_time: 141.0min
Epoch:[2/2](18200/66163), loss: 1.7549, logits_loss: 1.7549, aux_loss: 0.0000, lr: 0.00018078, epoch_time: 141.0min
Epoch:[2/2](18220/66163), loss: 1.7169, logits_loss: 1.7169, aux_loss: 0.0000, lr: 0.00018068, epoch_time: 140.0min
Epoch:[2/2](18240/66163), loss: 1.6564, logits_loss: 1.6564, aux_loss: 0.0000, lr: 0.00018058, epoch_time: 140.0min
Epoch:[2/2](18260/66163), loss: 1.6922, logits_loss: 1.6922, aux_loss: 0.0000, lr: 0.00018049, epoch_time: 140.0min
Epoch:[2/2](18280/66163), loss: 1.6229, logits_loss: 1.6229, aux_loss: 0.0000, lr: 0.00018039, epoch_time: 140.0min
Epoch:[2/2](18300/66163), loss: 1.7510, logits_loss: 1.7510, aux_loss: 0.0000, lr: 0.00018029, epoch_time: 140.0min
Epoch:[2/2](18320/66163), loss: 1.6679, logits_loss: 1.6679, aux_loss: 0.0000, lr: 0.00018019, epoch_time: 140.0min
Epoch:[2/2](18340/66163), loss: 1.7938, logits_loss: 1.7938, aux_loss: 0.0000, lr: 0.00018010, epoch_time: 140.0min
Epoch:[2/2](18360/66163), loss: 1.6528, logits_loss: 1.6528, aux_loss: 0.0000, lr: 0.00018000, epoch_time: 140.0min
Epoch:[2/2](18380/66163), loss: 1.6872, logits_loss: 1.6872, aux_loss: 0.0000, lr: 0.00017990, epoch_time: 140.0min
Epoch:[2/2](18400/66163), loss: 1.7184, logits_loss: 1.7184, aux_loss: 0.0000, lr: 0.00017981, epoch_time: 139.0min
Epoch:[2/2](18420/66163), loss: 1.7196, logits_loss: 1.7196, aux_loss: 0.0000, lr: 0.00017971, epoch_time: 139.0min
Epoch:[2/2](18440/66163), loss: 1.7310, logits_loss: 1.7310, aux_loss: 0.0000, lr: 0.00017961, epoch_time: 139.0min
Epoch:[2/2](18460/66163), loss: 1.5909, logits_loss: 1.5909, aux_loss: 0.0000, lr: 0.00017952, epoch_time: 139.0min
Epoch:[2/2](18480/66163), loss: 1.6745, logits_loss: 1.6745, aux_loss: 0.0000, lr: 0.00017942, epoch_time: 139.0min
Epoch:[2/2](18500/66163), loss: 1.6880, logits_loss: 1.6880, aux_loss: 0.0000, lr: 0.00017932, epoch_time: 139.0min
Epoch:[2/2](18520/66163), loss: 1.7088, logits_loss: 1.7088, aux_loss: 0.0000, lr: 0.00017923, epoch_time: 139.0min
Epoch:[2/2](18540/66163), loss: 1.6805, logits_loss: 1.6805, aux_loss: 0.0000, lr: 0.00017913, epoch_time: 139.0min
Epoch:[2/2](18560/66163), loss: 1.7446, logits_loss: 1.7446, aux_loss: 0.0000, lr: 0.00017903, epoch_time: 139.0min
Epoch:[2/2](18580/66163), loss: 1.7464, logits_loss: 1.7464, aux_loss: 0.0000, lr: 0.00017894, epoch_time: 139.0min
Epoch:[2/2](18600/66163), loss: 1.6221, logits_loss: 1.6221, aux_loss: 0.0000, lr: 0.00017884, epoch_time: 138.0min
Epoch:[2/2](18620/66163), loss: 1.6466, logits_loss: 1.6466, aux_loss: 0.0000, lr: 0.00017874, epoch_time: 138.0min
Epoch:[2/2](18640/66163), loss: 1.6933, logits_loss: 1.6933, aux_loss: 0.0000, lr: 0.00017865, epoch_time: 138.0min
Epoch:[2/2](18660/66163), loss: 1.8158, logits_loss: 1.8158, aux_loss: 0.0000, lr: 0.00017855, epoch_time: 138.0min
Epoch:[2/2](18680/66163), loss: 1.6778, logits_loss: 1.6778, aux_loss: 0.0000, lr: 0.00017845, epoch_time: 138.0min
Epoch:[2/2](18700/66163), loss: 1.7229, logits_loss: 1.7229, aux_loss: 0.0000, lr: 0.00017836, epoch_time: 138.0min
Epoch:[2/2](18720/66163), loss: 1.6930, logits_loss: 1.6930, aux_loss: 0.0000, lr: 0.00017826, epoch_time: 138.0min
Epoch:[2/2](18740/66163), loss: 1.6948, logits_loss: 1.6948, aux_loss: 0.0000, lr: 0.00017816, epoch_time: 138.0min
Epoch:[2/2](18760/66163), loss: 1.6778, logits_loss: 1.6778, aux_loss: 0.0000, lr: 0.00017807, epoch_time: 138.0min
Epoch:[2/2](18780/66163), loss: 1.7403, logits_loss: 1.7403, aux_loss: 0.0000, lr: 0.00017797, epoch_time: 138.0min
Epoch:[2/2](18800/66163), loss: 1.7358, logits_loss: 1.7358, aux_loss: 0.0000, lr: 0.00017788, epoch_time: 140.0min
Epoch:[2/2](18820/66163), loss: 1.7222, logits_loss: 1.7222, aux_loss: 0.0000, lr: 0.00017778, epoch_time: 140.0min
Epoch:[2/2](18840/66163), loss: 1.6970, logits_loss: 1.6970, aux_loss: 0.0000, lr: 0.00017768, epoch_time: 140.0min
Epoch:[2/2](18860/66163), loss: 1.6568, logits_loss: 1.6568, aux_loss: 0.0000, lr: 0.00017759, epoch_time: 140.0min
Epoch:[2/2](18880/66163), loss: 1.6730, logits_loss: 1.6730, aux_loss: 0.0000, lr: 0.00017749, epoch_time: 140.0min
Epoch:[2/2](18900/66163), loss: 1.6489, logits_loss: 1.6489, aux_loss: 0.0000, lr: 0.00017739, epoch_time: 139.0min
Epoch:[2/2](18920/66163), loss: 1.6750, logits_loss: 1.6750, aux_loss: 0.0000, lr: 0.00017730, epoch_time: 139.0min
Epoch:[2/2](18940/66163), loss: 1.6388, logits_loss: 1.6388, aux_loss: 0.0000, lr: 0.00017720, epoch_time: 139.0min
Epoch:[2/2](18960/66163), loss: 1.6532, logits_loss: 1.6532, aux_loss: 0.0000, lr: 0.00017711, epoch_time: 139.0min
Epoch:[2/2](18980/66163), loss: 1.7432, logits_loss: 1.7432, aux_loss: 0.0000, lr: 0.00017701, epoch_time: 139.0min
Epoch:[2/2](19000/66163), loss: 1.5888, logits_loss: 1.5888, aux_loss: 0.0000, lr: 0.00017691, epoch_time: 139.0min
Epoch:[2/2](19020/66163), loss: 1.6699, logits_loss: 1.6699, aux_loss: 0.0000, lr: 0.00017682, epoch_time: 139.0min
Epoch:[2/2](19040/66163), loss: 1.7344, logits_loss: 1.7344, aux_loss: 0.0000, lr: 0.00017672, epoch_time: 139.0min
Epoch:[2/2](19060/66163), loss: 1.7940, logits_loss: 1.7940, aux_loss: 0.0000, lr: 0.00017662, epoch_time: 139.0min
Epoch:[2/2](19080/66163), loss: 1.7969, logits_loss: 1.7969, aux_loss: 0.0000, lr: 0.00017653, epoch_time: 139.0min
Epoch:[2/2](19100/66163), loss: 1.7742, logits_loss: 1.7742, aux_loss: 0.0000, lr: 0.00017643, epoch_time: 138.0min
Epoch:[2/2](19120/66163), loss: 1.7595, logits_loss: 1.7595, aux_loss: 0.0000, lr: 0.00017634, epoch_time: 138.0min
Epoch:[2/2](19140/66163), loss: 1.6875, logits_loss: 1.6875, aux_loss: 0.0000, lr: 0.00017624, epoch_time: 138.0min
Epoch:[2/2](19160/66163), loss: 1.7469, logits_loss: 1.7469, aux_loss: 0.0000, lr: 0.00017614, epoch_time: 138.0min
Epoch:[2/2](19180/66163), loss: 1.7508, logits_loss: 1.7508, aux_loss: 0.0000, lr: 0.00017605, epoch_time: 138.0min
Epoch:[2/2](19200/66163), loss: 1.8083, logits_loss: 1.8083, aux_loss: 0.0000, lr: 0.00017595, epoch_time: 138.0min
Epoch:[2/2](19220/66163), loss: 1.7223, logits_loss: 1.7223, aux_loss: 0.0000, lr: 0.00017586, epoch_time: 138.0min
Epoch:[2/2](19240/66163), loss: 1.6854, logits_loss: 1.6854, aux_loss: 0.0000, lr: 0.00017576, epoch_time: 138.0min
Epoch:[2/2](19260/66163), loss: 1.6861, logits_loss: 1.6861, aux_loss: 0.0000, lr: 0.00017566, epoch_time: 138.0min
Epoch:[2/2](19280/66163), loss: 1.7068, logits_loss: 1.7068, aux_loss: 0.0000, lr: 0.00017557, epoch_time: 138.0min
Epoch:[2/2](19300/66163), loss: 1.6696, logits_loss: 1.6696, aux_loss: 0.0000, lr: 0.00017547, epoch_time: 137.0min
Epoch:[2/2](19320/66163), loss: 1.6813, logits_loss: 1.6813, aux_loss: 0.0000, lr: 0.00017538, epoch_time: 137.0min
Epoch:[2/2](19340/66163), loss: 1.7013, logits_loss: 1.7013, aux_loss: 0.0000, lr: 0.00017528, epoch_time: 137.0min
Epoch:[2/2](19360/66163), loss: 1.6492, logits_loss: 1.6492, aux_loss: 0.0000, lr: 0.00017519, epoch_time: 137.0min
Epoch:[2/2](19380/66163), loss: 1.5975, logits_loss: 1.5975, aux_loss: 0.0000, lr: 0.00017509, epoch_time: 137.0min
Epoch:[2/2](19400/66163), loss: 1.7246, logits_loss: 1.7246, aux_loss: 0.0000, lr: 0.00017499, epoch_time: 137.0min
Epoch:[2/2](19420/66163), loss: 1.6953, logits_loss: 1.6953, aux_loss: 0.0000, lr: 0.00017490, epoch_time: 137.0min
Epoch:[2/2](19440/66163), loss: 1.7474, logits_loss: 1.7474, aux_loss: 0.0000, lr: 0.00017480, epoch_time: 137.0min
Epoch:[2/2](19460/66163), loss: 1.6591, logits_loss: 1.6591, aux_loss: 0.0000, lr: 0.00017471, epoch_time: 137.0min
Epoch:[2/2](19480/66163), loss: 1.6575, logits_loss: 1.6575, aux_loss: 0.0000, lr: 0.00017461, epoch_time: 137.0min
Epoch:[2/2](19500/66163), loss: 1.6869, logits_loss: 1.6869, aux_loss: 0.0000, lr: 0.00017452, epoch_time: 136.0min
Epoch:[2/2](19520/66163), loss: 1.7803, logits_loss: 1.7803, aux_loss: 0.0000, lr: 0.00017442, epoch_time: 136.0min
Epoch:[2/2](19540/66163), loss: 1.7048, logits_loss: 1.7048, aux_loss: 0.0000, lr: 0.00017433, epoch_time: 136.0min
Epoch:[2/2](19560/66163), loss: 1.6689, logits_loss: 1.6689, aux_loss: 0.0000, lr: 0.00017423, epoch_time: 136.0min
Epoch:[2/2](19580/66163), loss: 1.7491, logits_loss: 1.7491, aux_loss: 0.0000, lr: 0.00017413, epoch_time: 136.0min
Epoch:[2/2](19600/66163), loss: 1.6081, logits_loss: 1.6081, aux_loss: 0.0000, lr: 0.00017404, epoch_time: 136.0min
Epoch:[2/2](19620/66163), loss: 1.6386, logits_loss: 1.6386, aux_loss: 0.0000, lr: 0.00017394, epoch_time: 136.0min
Epoch:[2/2](19640/66163), loss: 1.7778, logits_loss: 1.7778, aux_loss: 0.0000, lr: 0.00017385, epoch_time: 136.0min
Epoch:[2/2](19660/66163), loss: 1.6948, logits_loss: 1.6948, aux_loss: 0.0000, lr: 0.00017375, epoch_time: 136.0min
Epoch:[2/2](19680/66163), loss: 1.6648, logits_loss: 1.6648, aux_loss: 0.0000, lr: 0.00017366, epoch_time: 136.0min
Epoch:[2/2](19700/66163), loss: 1.6439, logits_loss: 1.6439, aux_loss: 0.0000, lr: 0.00017356, epoch_time: 135.0min
Epoch:[2/2](19720/66163), loss: 1.5934, logits_loss: 1.5934, aux_loss: 0.0000, lr: 0.00017347, epoch_time: 135.0min
Epoch:[2/2](19740/66163), loss: 1.7824, logits_loss: 1.7824, aux_loss: 0.0000, lr: 0.00017337, epoch_time: 135.0min
Epoch:[2/2](19760/66163), loss: 1.7846, logits_loss: 1.7846, aux_loss: 0.0000, lr: 0.00017328, epoch_time: 135.0min
Epoch:[2/2](19780/66163), loss: 1.7483, logits_loss: 1.7483, aux_loss: 0.0000, lr: 0.00017318, epoch_time: 135.0min
Epoch:[2/2](19800/66163), loss: 1.7776, logits_loss: 1.7776, aux_loss: 0.0000, lr: 0.00017308, epoch_time: 135.0min
Epoch:[2/2](19820/66163), loss: 1.7082, logits_loss: 1.7082, aux_loss: 0.0000, lr: 0.00017299, epoch_time: 135.0min
Epoch:[2/2](19840/66163), loss: 1.7024, logits_loss: 1.7024, aux_loss: 0.0000, lr: 0.00017289, epoch_time: 135.0min
Epoch:[2/2](19860/66163), loss: 1.6781, logits_loss: 1.6781, aux_loss: 0.0000, lr: 0.00017280, epoch_time: 135.0min
Epoch:[2/2](19880/66163), loss: 1.6352, logits_loss: 1.6352, aux_loss: 0.0000, lr: 0.00017270, epoch_time: 135.0min
Epoch:[2/2](19900/66163), loss: 1.6012, logits_loss: 1.6012, aux_loss: 0.0000, lr: 0.00017261, epoch_time: 134.0min
Epoch:[2/2](19920/66163), loss: 1.7453, logits_loss: 1.7453, aux_loss: 0.0000, lr: 0.00017251, epoch_time: 134.0min
Epoch:[2/2](19940/66163), loss: 1.6137, logits_loss: 1.6137, aux_loss: 0.0000, lr: 0.00017242, epoch_time: 134.0min
Epoch:[2/2](19960/66163), loss: 1.6778, logits_loss: 1.6778, aux_loss: 0.0000, lr: 0.00017232, epoch_time: 134.0min
Epoch:[2/2](19980/66163), loss: 1.6503, logits_loss: 1.6503, aux_loss: 0.0000, lr: 0.00017223, epoch_time: 134.0min
Epoch:[2/2](20000/66163), loss: 1.6196, logits_loss: 1.6196, aux_loss: 0.0000, lr: 0.00017213, epoch_time: 136.0min
Epoch:[2/2](20020/66163), loss: 1.6991, logits_loss: 1.6991, aux_loss: 0.0000, lr: 0.00017204, epoch_time: 137.0min
Epoch:[2/2](20040/66163), loss: 1.7106, logits_loss: 1.7106, aux_loss: 0.0000, lr: 0.00017194, epoch_time: 137.0min
Epoch:[2/2](20060/66163), loss: 1.6686, logits_loss: 1.6686, aux_loss: 0.0000, lr: 0.00017185, epoch_time: 137.0min
Epoch:[2/2](20080/66163), loss: 1.6248, logits_loss: 1.6248, aux_loss: 0.0000, lr: 0.00017175, epoch_time: 136.0min
Epoch:[2/2](20100/66163), loss: 1.7150, logits_loss: 1.7150, aux_loss: 0.0000, lr: 0.00017166, epoch_time: 136.0min
Epoch:[2/2](20120/66163), loss: 1.6178, logits_loss: 1.6178, aux_loss: 0.0000, lr: 0.00017156, epoch_time: 136.0min
Epoch:[2/2](20140/66163), loss: 1.7304, logits_loss: 1.7304, aux_loss: 0.0000, lr: 0.00017147, epoch_time: 136.0min
Epoch:[2/2](20160/66163), loss: 1.6679, logits_loss: 1.6679, aux_loss: 0.0000, lr: 0.00017137, epoch_time: 136.0min
Epoch:[2/2](20180/66163), loss: 1.7809, logits_loss: 1.7809, aux_loss: 0.0000, lr: 0.00017128, epoch_time: 136.0min
Epoch:[2/2](20200/66163), loss: 1.7118, logits_loss: 1.7118, aux_loss: 0.0000, lr: 0.00017118, epoch_time: 136.0min
Epoch:[2/2](20220/66163), loss: 1.7197, logits_loss: 1.7197, aux_loss: 0.0000, lr: 0.00017109, epoch_time: 136.0min
Epoch:[2/2](20240/66163), loss: 1.6201, logits_loss: 1.6201, aux_loss: 0.0000, lr: 0.00017100, epoch_time: 136.0min
Epoch:[2/2](20260/66163), loss: 1.8563, logits_loss: 1.8563, aux_loss: 0.0000, lr: 0.00017090, epoch_time: 135.0min
Epoch:[2/2](20280/66163), loss: 1.6817, logits_loss: 1.6817, aux_loss: 0.0000, lr: 0.00017081, epoch_time: 135.0min
Epoch:[2/2](20300/66163), loss: 1.6494, logits_loss: 1.6494, aux_loss: 0.0000, lr: 0.00017071, epoch_time: 135.0min
Epoch:[2/2](20320/66163), loss: 1.7440, logits_loss: 1.7440, aux_loss: 0.0000, lr: 0.00017062, epoch_time: 135.0min
Epoch:[2/2](20340/66163), loss: 1.6484, logits_loss: 1.6484, aux_loss: 0.0000, lr: 0.00017052, epoch_time: 135.0min
Epoch:[2/2](20360/66163), loss: 1.6839, logits_loss: 1.6839, aux_loss: 0.0000, lr: 0.00017043, epoch_time: 135.0min
Epoch:[2/2](20380/66163), loss: 1.6869, logits_loss: 1.6869, aux_loss: 0.0000, lr: 0.00017033, epoch_time: 135.0min
Epoch:[2/2](20400/66163), loss: 1.6281, logits_loss: 1.6281, aux_loss: 0.0000, lr: 0.00017024, epoch_time: 135.0min
Epoch:[2/2](20420/66163), loss: 1.7641, logits_loss: 1.7641, aux_loss: 0.0000, lr: 0.00017014, epoch_time: 135.0min
Epoch:[2/2](20440/66163), loss: 1.7440, logits_loss: 1.7440, aux_loss: 0.0000, lr: 0.00017005, epoch_time: 135.0min
Epoch:[2/2](20460/66163), loss: 1.7445, logits_loss: 1.7445, aux_loss: 0.0000, lr: 0.00016995, epoch_time: 135.0min
Epoch:[2/2](20480/66163), loss: 1.7440, logits_loss: 1.7440, aux_loss: 0.0000, lr: 0.00016986, epoch_time: 134.0min
Epoch:[2/2](20500/66163), loss: 1.6823, logits_loss: 1.6823, aux_loss: 0.0000, lr: 0.00016977, epoch_time: 134.0min
Epoch:[2/2](20520/66163), loss: 1.6566, logits_loss: 1.6566, aux_loss: 0.0000, lr: 0.00016967, epoch_time: 134.0min
Epoch:[2/2](20540/66163), loss: 1.6493, logits_loss: 1.6493, aux_loss: 0.0000, lr: 0.00016958, epoch_time: 134.0min
Epoch:[2/2](20560/66163), loss: 1.6017, logits_loss: 1.6017, aux_loss: 0.0000, lr: 0.00016948, epoch_time: 134.0min
Epoch:[2/2](20580/66163), loss: 1.7870, logits_loss: 1.7870, aux_loss: 0.0000, lr: 0.00016939, epoch_time: 134.0min
Epoch:[2/2](20600/66163), loss: 1.7174, logits_loss: 1.7174, aux_loss: 0.0000, lr: 0.00016929, epoch_time: 134.0min
Epoch:[2/2](20620/66163), loss: 1.7328, logits_loss: 1.7328, aux_loss: 0.0000, lr: 0.00016920, epoch_time: 134.0min
Epoch:[2/2](20640/66163), loss: 1.6974, logits_loss: 1.6974, aux_loss: 0.0000, lr: 0.00016911, epoch_time: 134.0min
Epoch:[2/2](20660/66163), loss: 1.7073, logits_loss: 1.7073, aux_loss: 0.0000, lr: 0.00016901, epoch_time: 134.0min
Epoch:[2/2](20680/66163), loss: 1.7713, logits_loss: 1.7713, aux_loss: 0.0000, lr: 0.00016892, epoch_time: 133.0min
Epoch:[2/2](20700/66163), loss: 1.6539, logits_loss: 1.6539, aux_loss: 0.0000, lr: 0.00016882, epoch_time: 133.0min
Epoch:[2/2](20720/66163), loss: 1.7508, logits_loss: 1.7508, aux_loss: 0.0000, lr: 0.00016873, epoch_time: 133.0min
Epoch:[2/2](20740/66163), loss: 1.7185, logits_loss: 1.7185, aux_loss: 0.0000, lr: 0.00016863, epoch_time: 133.0min
Epoch:[2/2](20760/66163), loss: 1.6278, logits_loss: 1.6278, aux_loss: 0.0000, lr: 0.00016854, epoch_time: 133.0min
Epoch:[2/2](20780/66163), loss: 1.6776, logits_loss: 1.6776, aux_loss: 0.0000, lr: 0.00016845, epoch_time: 133.0min
Epoch:[2/2](20800/66163), loss: 1.6917, logits_loss: 1.6917, aux_loss: 0.0000, lr: 0.00016835, epoch_time: 133.0min
Epoch:[2/2](20820/66163), loss: 1.6049, logits_loss: 1.6049, aux_loss: 0.0000, lr: 0.00016826, epoch_time: 133.0min
Epoch:[2/2](20840/66163), loss: 1.7131, logits_loss: 1.7131, aux_loss: 0.0000, lr: 0.00016816, epoch_time: 133.0min
Epoch:[2/2](20860/66163), loss: 1.7217, logits_loss: 1.7217, aux_loss: 0.0000, lr: 0.00016807, epoch_time: 133.0min
Epoch:[2/2](20880/66163), loss: 1.7036, logits_loss: 1.7036, aux_loss: 0.0000, lr: 0.00016798, epoch_time: 132.0min
Epoch:[2/2](20900/66163), loss: 1.6689, logits_loss: 1.6689, aux_loss: 0.0000, lr: 0.00016788, epoch_time: 132.0min
Epoch:[2/2](20920/66163), loss: 1.7223, logits_loss: 1.7223, aux_loss: 0.0000, lr: 0.00016779, epoch_time: 132.0min
Epoch:[2/2](20940/66163), loss: 1.6497, logits_loss: 1.6497, aux_loss: 0.0000, lr: 0.00016769, epoch_time: 132.0min
Epoch:[2/2](20960/66163), loss: 1.7616, logits_loss: 1.7616, aux_loss: 0.0000, lr: 0.00016760, epoch_time: 132.0min
Epoch:[2/2](20980/66163), loss: 1.7328, logits_loss: 1.7328, aux_loss: 0.0000, lr: 0.00016751, epoch_time: 132.0min
Epoch:[2/2](21000/66163), loss: 1.6461, logits_loss: 1.6461, aux_loss: 0.0000, lr: 0.00016741, epoch_time: 132.0min
Epoch:[2/2](21020/66163), loss: 1.7645, logits_loss: 1.7645, aux_loss: 0.0000, lr: 0.00016732, epoch_time: 132.0min
Epoch:[2/2](21040/66163), loss: 1.7890, logits_loss: 1.7890, aux_loss: 0.0000, lr: 0.00016722, epoch_time: 132.0min
Epoch:[2/2](21060/66163), loss: 1.7194, logits_loss: 1.7194, aux_loss: 0.0000, lr: 0.00016713, epoch_time: 132.0min
Epoch:[2/2](21080/66163), loss: 1.6736, logits_loss: 1.6736, aux_loss: 0.0000, lr: 0.00016704, epoch_time: 131.0min
Epoch:[2/2](21100/66163), loss: 1.7830, logits_loss: 1.7830, aux_loss: 0.0000, lr: 0.00016694, epoch_time: 131.0min
Epoch:[2/2](21120/66163), loss: 1.7615, logits_loss: 1.7615, aux_loss: 0.0000, lr: 0.00016685, epoch_time: 131.0min
Epoch:[2/2](21140/66163), loss: 1.6661, logits_loss: 1.6661, aux_loss: 0.0000, lr: 0.00016676, epoch_time: 131.0min
Epoch:[2/2](21160/66163), loss: 1.7194, logits_loss: 1.7194, aux_loss: 0.0000, lr: 0.00016666, epoch_time: 131.0min
Epoch:[2/2](21180/66163), loss: 1.6156, logits_loss: 1.6156, aux_loss: 0.0000, lr: 0.00016657, epoch_time: 131.0min
Epoch:[2/2](21200/66163), loss: 1.7099, logits_loss: 1.7099, aux_loss: 0.0000, lr: 0.00016648, epoch_time: 131.0min
Epoch:[2/2](21220/66163), loss: 1.7079, logits_loss: 1.7079, aux_loss: 0.0000, lr: 0.00016638, epoch_time: 131.0min
Epoch:[2/2](21240/66163), loss: 1.7330, logits_loss: 1.7330, aux_loss: 0.0000, lr: 0.00016629, epoch_time: 131.0min
Epoch:[2/2](21260/66163), loss: 1.6231, logits_loss: 1.6231, aux_loss: 0.0000, lr: 0.00016619, epoch_time: 133.0min
Epoch:[2/2](21280/66163), loss: 1.7473, logits_loss: 1.7473, aux_loss: 0.0000, lr: 0.00016610, epoch_time: 133.0min
Epoch:[2/2](21300/66163), loss: 1.7003, logits_loss: 1.7003, aux_loss: 0.0000, lr: 0.00016601, epoch_time: 133.0min
Epoch:[2/2](21320/66163), loss: 1.6737, logits_loss: 1.6737, aux_loss: 0.0000, lr: 0.00016591, epoch_time: 132.0min
Epoch:[2/2](21340/66163), loss: 1.7316, logits_loss: 1.7316, aux_loss: 0.0000, lr: 0.00016582, epoch_time: 132.0min
Epoch:[2/2](21360/66163), loss: 1.7379, logits_loss: 1.7379, aux_loss: 0.0000, lr: 0.00016573, epoch_time: 132.0min
Epoch:[2/2](21380/66163), loss: 1.7598, logits_loss: 1.7598, aux_loss: 0.0000, lr: 0.00016563, epoch_time: 132.0min
Epoch:[2/2](21400/66163), loss: 1.6569, logits_loss: 1.6569, aux_loss: 0.0000, lr: 0.00016554, epoch_time: 132.0min
Epoch:[2/2](21420/66163), loss: 1.7615, logits_loss: 1.7615, aux_loss: 0.0000, lr: 0.00016545, epoch_time: 132.0min
Epoch:[2/2](21440/66163), loss: 1.7117, logits_loss: 1.7117, aux_loss: 0.0000, lr: 0.00016535, epoch_time: 132.0min
Epoch:[2/2](21460/66163), loss: 1.6927, logits_loss: 1.6927, aux_loss: 0.0000, lr: 0.00016526, epoch_time: 132.0min
Epoch:[2/2](21480/66163), loss: 1.6420, logits_loss: 1.6420, aux_loss: 0.0000, lr: 0.00016517, epoch_time: 132.0min
Epoch:[2/2](21500/66163), loss: 1.6123, logits_loss: 1.6123, aux_loss: 0.0000, lr: 0.00016507, epoch_time: 132.0min
Epoch:[2/2](21520/66163), loss: 1.6896, logits_loss: 1.6896, aux_loss: 0.0000, lr: 0.00016498, epoch_time: 132.0min
Epoch:[2/2](21540/66163), loss: 1.6456, logits_loss: 1.6456, aux_loss: 0.0000, lr: 0.00016489, epoch_time: 131.0min
Epoch:[2/2](21560/66163), loss: 1.7615, logits_loss: 1.7615, aux_loss: 0.0000, lr: 0.00016479, epoch_time: 131.0min
Epoch:[2/2](21580/66163), loss: 1.5903, logits_loss: 1.5903, aux_loss: 0.0000, lr: 0.00016470, epoch_time: 131.0min
Epoch:[2/2](21600/66163), loss: 1.6836, logits_loss: 1.6836, aux_loss: 0.0000, lr: 0.00016461, epoch_time: 131.0min
Epoch:[2/2](21620/66163), loss: 1.6496, logits_loss: 1.6496, aux_loss: 0.0000, lr: 0.00016452, epoch_time: 131.0min
Epoch:[2/2](21640/66163), loss: 1.6691, logits_loss: 1.6691, aux_loss: 0.0000, lr: 0.00016442, epoch_time: 131.0min
Epoch:[2/2](21660/66163), loss: 1.6364, logits_loss: 1.6364, aux_loss: 0.0000, lr: 0.00016433, epoch_time: 131.0min
Epoch:[2/2](21680/66163), loss: 1.6347, logits_loss: 1.6347, aux_loss: 0.0000, lr: 0.00016424, epoch_time: 131.0min
Epoch:[2/2](21700/66163), loss: 1.6975, logits_loss: 1.6975, aux_loss: 0.0000, lr: 0.00016414, epoch_time: 131.0min
Epoch:[2/2](21720/66163), loss: 1.6981, logits_loss: 1.6981, aux_loss: 0.0000, lr: 0.00016405, epoch_time: 131.0min
Epoch:[2/2](21740/66163), loss: 1.6513, logits_loss: 1.6513, aux_loss: 0.0000, lr: 0.00016396, epoch_time: 130.0min
Epoch:[2/2](21760/66163), loss: 1.6744, logits_loss: 1.6744, aux_loss: 0.0000, lr: 0.00016386, epoch_time: 130.0min
Epoch:[2/2](21780/66163), loss: 1.7078, logits_loss: 1.7078, aux_loss: 0.0000, lr: 0.00016377, epoch_time: 130.0min
Epoch:[2/2](21800/66163), loss: 1.6704, logits_loss: 1.6704, aux_loss: 0.0000, lr: 0.00016368, epoch_time: 130.0min
Epoch:[2/2](21820/66163), loss: 1.6258, logits_loss: 1.6258, aux_loss: 0.0000, lr: 0.00016359, epoch_time: 130.0min
Epoch:[2/2](21840/66163), loss: 1.8410, logits_loss: 1.8410, aux_loss: 0.0000, lr: 0.00016349, epoch_time: 130.0min
Epoch:[2/2](21860/66163), loss: 1.6313, logits_loss: 1.6313, aux_loss: 0.0000, lr: 0.00016340, epoch_time: 130.0min
Epoch:[2/2](21880/66163), loss: 1.7077, logits_loss: 1.7077, aux_loss: 0.0000, lr: 0.00016331, epoch_time: 130.0min
Epoch:[2/2](21900/66163), loss: 1.8195, logits_loss: 1.8195, aux_loss: 0.0000, lr: 0.00016321, epoch_time: 130.0min
Epoch:[2/2](21920/66163), loss: 1.5842, logits_loss: 1.5842, aux_loss: 0.0000, lr: 0.00016312, epoch_time: 130.0min
Epoch:[2/2](21940/66163), loss: 1.6744, logits_loss: 1.6744, aux_loss: 0.0000, lr: 0.00016303, epoch_time: 130.0min
Epoch:[2/2](21960/66163), loss: 1.6976, logits_loss: 1.6976, aux_loss: 0.0000, lr: 0.00016294, epoch_time: 129.0min
Epoch:[2/2](21980/66163), loss: 1.7761, logits_loss: 1.7761, aux_loss: 0.0000, lr: 0.00016284, epoch_time: 129.0min
Epoch:[2/2](22000/66163), loss: 1.7485, logits_loss: 1.7485, aux_loss: 0.0000, lr: 0.00016275, epoch_time: 129.0min
Epoch:[2/2](22020/66163), loss: 1.8427, logits_loss: 1.8427, aux_loss: 0.0000, lr: 0.00016266, epoch_time: 129.0min
Epoch:[2/2](22040/66163), loss: 1.6832, logits_loss: 1.6832, aux_loss: 0.0000, lr: 0.00016257, epoch_time: 129.0min
Epoch:[2/2](22060/66163), loss: 1.6427, logits_loss: 1.6427, aux_loss: 0.0000, lr: 0.00016247, epoch_time: 129.0min
Epoch:[2/2](22080/66163), loss: 1.6951, logits_loss: 1.6951, aux_loss: 0.0000, lr: 0.00016238, epoch_time: 129.0min
Epoch:[2/2](22100/66163), loss: 1.6094, logits_loss: 1.6094, aux_loss: 0.0000, lr: 0.00016229, epoch_time: 129.0min
Epoch:[2/2](22120/66163), loss: 1.7338, logits_loss: 1.7338, aux_loss: 0.0000, lr: 0.00016220, epoch_time: 129.0min
Epoch:[2/2](22140/66163), loss: 1.6867, logits_loss: 1.6867, aux_loss: 0.0000, lr: 0.00016210, epoch_time: 129.0min
Epoch:[2/2](22160/66163), loss: 1.6311, logits_loss: 1.6311, aux_loss: 0.0000, lr: 0.00016201, epoch_time: 128.0min
Epoch:[2/2](22180/66163), loss: 1.7559, logits_loss: 1.7559, aux_loss: 0.0000, lr: 0.00016192, epoch_time: 128.0min
Epoch:[2/2](22200/66163), loss: 1.6517, logits_loss: 1.6517, aux_loss: 0.0000, lr: 0.00016183, epoch_time: 128.0min
Epoch:[2/2](22220/66163), loss: 1.7017, logits_loss: 1.7017, aux_loss: 0.0000, lr: 0.00016173, epoch_time: 128.0min
Epoch:[2/2](22240/66163), loss: 1.6480, logits_loss: 1.6480, aux_loss: 0.0000, lr: 0.00016164, epoch_time: 128.0min
Epoch:[2/2](22260/66163), loss: 1.6869, logits_loss: 1.6869, aux_loss: 0.0000, lr: 0.00016155, epoch_time: 128.0min
Epoch:[2/2](22280/66163), loss: 1.7183, logits_loss: 1.7183, aux_loss: 0.0000, lr: 0.00016146, epoch_time: 128.0min
Epoch:[2/2](22300/66163), loss: 1.6895, logits_loss: 1.6895, aux_loss: 0.0000, lr: 0.00016137, epoch_time: 128.0min
Epoch:[2/2](22320/66163), loss: 1.6288, logits_loss: 1.6288, aux_loss: 0.0000, lr: 0.00016127, epoch_time: 128.0min
Epoch:[2/2](22340/66163), loss: 1.6710, logits_loss: 1.6710, aux_loss: 0.0000, lr: 0.00016118, epoch_time: 128.0min
Epoch:[2/2](22360/66163), loss: 1.6664, logits_loss: 1.6664, aux_loss: 0.0000, lr: 0.00016109, epoch_time: 128.0min
Epoch:[2/2](22380/66163), loss: 1.7150, logits_loss: 1.7150, aux_loss: 0.0000, lr: 0.00016100, epoch_time: 129.0min
Epoch:[2/2](22400/66163), loss: 1.6891, logits_loss: 1.6891, aux_loss: 0.0000, lr: 0.00016090, epoch_time: 129.0min
Epoch:[2/2](22420/66163), loss: 1.6732, logits_loss: 1.6732, aux_loss: 0.0000, lr: 0.00016081, epoch_time: 129.0min
Epoch:[2/2](22440/66163), loss: 1.6212, logits_loss: 1.6212, aux_loss: 0.0000, lr: 0.00016072, epoch_time: 129.0min
Epoch:[2/2](22460/66163), loss: 1.7242, logits_loss: 1.7242, aux_loss: 0.0000, lr: 0.00016063, epoch_time: 129.0min
Epoch:[2/2](22480/66163), loss: 1.6886, logits_loss: 1.6886, aux_loss: 0.0000, lr: 0.00016054, epoch_time: 129.0min
Epoch:[2/2](22500/66163), loss: 1.7050, logits_loss: 1.7050, aux_loss: 0.0000, lr: 0.00016044, epoch_time: 129.0min
Epoch:[2/2](22520/66163), loss: 1.6457, logits_loss: 1.6457, aux_loss: 0.0000, lr: 0.00016035, epoch_time: 129.0min
Epoch:[2/2](22540/66163), loss: 1.7555, logits_loss: 1.7555, aux_loss: 0.0000, lr: 0.00016026, epoch_time: 129.0min
Epoch:[2/2](22560/66163), loss: 1.7316, logits_loss: 1.7316, aux_loss: 0.0000, lr: 0.00016017, epoch_time: 129.0min
Epoch:[2/2](22580/66163), loss: 1.6071, logits_loss: 1.6071, aux_loss: 0.0000, lr: 0.00016008, epoch_time: 129.0min
Epoch:[2/2](22600/66163), loss: 1.7039, logits_loss: 1.7039, aux_loss: 0.0000, lr: 0.00015999, epoch_time: 128.0min
Epoch:[2/2](22620/66163), loss: 1.7554, logits_loss: 1.7554, aux_loss: 0.0000, lr: 0.00015989, epoch_time: 128.0min
Epoch:[2/2](22640/66163), loss: 1.7519, logits_loss: 1.7519, aux_loss: 0.0000, lr: 0.00015980, epoch_time: 128.0min
Epoch:[2/2](22660/66163), loss: 1.6186, logits_loss: 1.6186, aux_loss: 0.0000, lr: 0.00015971, epoch_time: 128.0min
Epoch:[2/2](22680/66163), loss: 1.7353, logits_loss: 1.7353, aux_loss: 0.0000, lr: 0.00015962, epoch_time: 128.0min
Epoch:[2/2](22700/66163), loss: 1.6342, logits_loss: 1.6342, aux_loss: 0.0000, lr: 0.00015953, epoch_time: 128.0min
Epoch:[2/2](22720/66163), loss: 1.6606, logits_loss: 1.6606, aux_loss: 0.0000, lr: 0.00015943, epoch_time: 128.0min
Epoch:[2/2](22740/66163), loss: 1.7147, logits_loss: 1.7147, aux_loss: 0.0000, lr: 0.00015934, epoch_time: 128.0min
Epoch:[2/2](22760/66163), loss: 1.7220, logits_loss: 1.7220, aux_loss: 0.0000, lr: 0.00015925, epoch_time: 128.0min
Epoch:[2/2](22780/66163), loss: 1.6544, logits_loss: 1.6544, aux_loss: 0.0000, lr: 0.00015916, epoch_time: 128.0min
Epoch:[2/2](22800/66163), loss: 1.6743, logits_loss: 1.6743, aux_loss: 0.0000, lr: 0.00015907, epoch_time: 127.0min
Epoch:[2/2](22820/66163), loss: 1.7389, logits_loss: 1.7389, aux_loss: 0.0000, lr: 0.00015898, epoch_time: 127.0min
Epoch:[2/2](22840/66163), loss: 1.7672, logits_loss: 1.7672, aux_loss: 0.0000, lr: 0.00015889, epoch_time: 127.0min
Epoch:[2/2](22860/66163), loss: 1.7791, logits_loss: 1.7791, aux_loss: 0.0000, lr: 0.00015879, epoch_time: 127.0min
Epoch:[2/2](22880/66163), loss: 1.7826, logits_loss: 1.7826, aux_loss: 0.0000, lr: 0.00015870, epoch_time: 127.0min
Epoch:[2/2](22900/66163), loss: 1.6735, logits_loss: 1.6735, aux_loss: 0.0000, lr: 0.00015861, epoch_time: 127.0min
Epoch:[2/2](22920/66163), loss: 1.6579, logits_loss: 1.6579, aux_loss: 0.0000, lr: 0.00015852, epoch_time: 127.0min
Epoch:[2/2](22940/66163), loss: 1.6755, logits_loss: 1.6755, aux_loss: 0.0000, lr: 0.00015843, epoch_time: 127.0min
Epoch:[2/2](22960/66163), loss: 1.7496, logits_loss: 1.7496, aux_loss: 0.0000, lr: 0.00015834, epoch_time: 127.0min
Epoch:[2/2](22980/66163), loss: 1.7137, logits_loss: 1.7137, aux_loss: 0.0000, lr: 0.00015825, epoch_time: 127.0min
Epoch:[2/2](23000/66163), loss: 1.6345, logits_loss: 1.6345, aux_loss: 0.0000, lr: 0.00015815, epoch_time: 127.0min
Epoch:[2/2](23020/66163), loss: 1.7683, logits_loss: 1.7683, aux_loss: 0.0000, lr: 0.00015806, epoch_time: 126.0min
Epoch:[2/2](23040/66163), loss: 1.6479, logits_loss: 1.6479, aux_loss: 0.0000, lr: 0.00015797, epoch_time: 126.0min
Epoch:[2/2](23060/66163), loss: 1.6701, logits_loss: 1.6701, aux_loss: 0.0000, lr: 0.00015788, epoch_time: 126.0min
Epoch:[2/2](23080/66163), loss: 1.7043, logits_loss: 1.7043, aux_loss: 0.0000, lr: 0.00015779, epoch_time: 126.0min
Epoch:[2/2](23100/66163), loss: 1.7197, logits_loss: 1.7197, aux_loss: 0.0000, lr: 0.00015770, epoch_time: 126.0min
Epoch:[2/2](23120/66163), loss: 1.7303, logits_loss: 1.7303, aux_loss: 0.0000, lr: 0.00015761, epoch_time: 126.0min
Epoch:[2/2](23140/66163), loss: 1.7738, logits_loss: 1.7738, aux_loss: 0.0000, lr: 0.00015752, epoch_time: 126.0min
Epoch:[2/2](23160/66163), loss: 1.6597, logits_loss: 1.6597, aux_loss: 0.0000, lr: 0.00015742, epoch_time: 126.0min
Epoch:[2/2](23180/66163), loss: 1.6486, logits_loss: 1.6486, aux_loss: 0.0000, lr: 0.00015733, epoch_time: 126.0min
Epoch:[2/2](23200/66163), loss: 1.6184, logits_loss: 1.6184, aux_loss: 0.0000, lr: 0.00015724, epoch_time: 126.0min
Epoch:[2/2](23220/66163), loss: 1.7031, logits_loss: 1.7031, aux_loss: 0.0000, lr: 0.00015715, epoch_time: 126.0min
Epoch:[2/2](23240/66163), loss: 1.7745, logits_loss: 1.7745, aux_loss: 0.0000, lr: 0.00015706, epoch_time: 125.0min
Epoch:[2/2](23260/66163), loss: 1.7454, logits_loss: 1.7454, aux_loss: 0.0000, lr: 0.00015697, epoch_time: 125.0min
Epoch:[2/2](23280/66163), loss: 1.6335, logits_loss: 1.6335, aux_loss: 0.0000, lr: 0.00015688, epoch_time: 125.0min
Epoch:[2/2](23300/66163), loss: 1.6779, logits_loss: 1.6779, aux_loss: 0.0000, lr: 0.00015679, epoch_time: 125.0min
Epoch:[2/2](23320/66163), loss: 1.7499, logits_loss: 1.7499, aux_loss: 0.0000, lr: 0.00015670, epoch_time: 125.0min
Epoch:[2/2](23340/66163), loss: 1.6934, logits_loss: 1.6934, aux_loss: 0.0000, lr: 0.00015661, epoch_time: 125.0min
Epoch:[2/2](23360/66163), loss: 1.7568, logits_loss: 1.7568, aux_loss: 0.0000, lr: 0.00015651, epoch_time: 125.0min
Epoch:[2/2](23380/66163), loss: 1.7045, logits_loss: 1.7045, aux_loss: 0.0000, lr: 0.00015642, epoch_time: 125.0min
Epoch:[2/2](23400/66163), loss: 1.6873, logits_loss: 1.6873, aux_loss: 0.0000, lr: 0.00015633, epoch_time: 125.0min
Epoch:[2/2](23420/66163), loss: 1.7085, logits_loss: 1.7085, aux_loss: 0.0000, lr: 0.00015624, epoch_time: 125.0min
Epoch:[2/2](23440/66163), loss: 1.7016, logits_loss: 1.7016, aux_loss: 0.0000, lr: 0.00015615, epoch_time: 125.0min
Epoch:[2/2](23460/66163), loss: 1.6411, logits_loss: 1.6411, aux_loss: 0.0000, lr: 0.00015606, epoch_time: 124.0min
Epoch:[2/2](23480/66163), loss: 1.6336, logits_loss: 1.6336, aux_loss: 0.0000, lr: 0.00015597, epoch_time: 124.0min
Epoch:[2/2](23500/66163), loss: 1.6415, logits_loss: 1.6415, aux_loss: 0.0000, lr: 0.00015588, epoch_time: 124.0min
Epoch:[2/2](23520/66163), loss: 1.7131, logits_loss: 1.7131, aux_loss: 0.0000, lr: 0.00015579, epoch_time: 124.0min
Epoch:[2/2](23540/66163), loss: 1.6102, logits_loss: 1.6102, aux_loss: 0.0000, lr: 0.00015570, epoch_time: 124.0min
Epoch:[2/2](23560/66163), loss: 1.7929, logits_loss: 1.7929, aux_loss: 0.0000, lr: 0.00015561, epoch_time: 126.0min
Epoch:[2/2](23580/66163), loss: 1.7059, logits_loss: 1.7059, aux_loss: 0.0000, lr: 0.00015552, epoch_time: 126.0min
Epoch:[2/2](23600/66163), loss: 1.7128, logits_loss: 1.7128, aux_loss: 0.0000, lr: 0.00015543, epoch_time: 126.0min
Epoch:[2/2](23620/66163), loss: 1.7268, logits_loss: 1.7268, aux_loss: 0.0000, lr: 0.00015534, epoch_time: 126.0min
Epoch:[2/2](23640/66163), loss: 1.7900, logits_loss: 1.7900, aux_loss: 0.0000, lr: 0.00015525, epoch_time: 126.0min
Epoch:[2/2](23660/66163), loss: 1.6404, logits_loss: 1.6404, aux_loss: 0.0000, lr: 0.00015516, epoch_time: 125.0min
Epoch:[2/2](23680/66163), loss: 1.6871, logits_loss: 1.6871, aux_loss: 0.0000, lr: 0.00015507, epoch_time: 125.0min
Epoch:[2/2](23700/66163), loss: 1.6798, logits_loss: 1.6798, aux_loss: 0.0000, lr: 0.00015497, epoch_time: 125.0min
Epoch:[2/2](23720/66163), loss: 1.5752, logits_loss: 1.5752, aux_loss: 0.0000, lr: 0.00015488, epoch_time: 125.0min
Epoch:[2/2](23740/66163), loss: 1.6676, logits_loss: 1.6676, aux_loss: 0.0000, lr: 0.00015479, epoch_time: 125.0min
Epoch:[2/2](23760/66163), loss: 1.7481, logits_loss: 1.7481, aux_loss: 0.0000, lr: 0.00015470, epoch_time: 125.0min
Epoch:[2/2](23780/66163), loss: 1.6708, logits_loss: 1.6708, aux_loss: 0.0000, lr: 0.00015461, epoch_time: 125.0min
Epoch:[2/2](23800/66163), loss: 1.7725, logits_loss: 1.7725, aux_loss: 0.0000, lr: 0.00015452, epoch_time: 125.0min
Epoch:[2/2](23820/66163), loss: 1.6637, logits_loss: 1.6637, aux_loss: 0.0000, lr: 0.00015443, epoch_time: 125.0min
Epoch:[2/2](23840/66163), loss: 1.7388, logits_loss: 1.7388, aux_loss: 0.0000, lr: 0.00015434, epoch_time: 125.0min
Epoch:[2/2](23860/66163), loss: 1.6978, logits_loss: 1.6978, aux_loss: 0.0000, lr: 0.00015425, epoch_time: 125.0min
Epoch:[2/2](23880/66163), loss: 1.6743, logits_loss: 1.6743, aux_loss: 0.0000, lr: 0.00015416, epoch_time: 124.0min
Epoch:[2/2](23900/66163), loss: 1.7039, logits_loss: 1.7039, aux_loss: 0.0000, lr: 0.00015407, epoch_time: 124.0min
Epoch:[2/2](23920/66163), loss: 1.7370, logits_loss: 1.7370, aux_loss: 0.0000, lr: 0.00015398, epoch_time: 124.0min
Epoch:[2/2](23940/66163), loss: 1.6127, logits_loss: 1.6127, aux_loss: 0.0000, lr: 0.00015389, epoch_time: 124.0min
Epoch:[2/2](23960/66163), loss: 1.6996, logits_loss: 1.6996, aux_loss: 0.0000, lr: 0.00015380, epoch_time: 124.0min
Epoch:[2/2](23980/66163), loss: 1.6543, logits_loss: 1.6543, aux_loss: 0.0000, lr: 0.00015371, epoch_time: 124.0min
Epoch:[2/2](24000/66163), loss: 1.7183, logits_loss: 1.7183, aux_loss: 0.0000, lr: 0.00015362, epoch_time: 124.0min
Epoch:[2/2](24020/66163), loss: 1.6252, logits_loss: 1.6252, aux_loss: 0.0000, lr: 0.00015353, epoch_time: 124.0min
Epoch:[2/2](24040/66163), loss: 1.6812, logits_loss: 1.6812, aux_loss: 0.0000, lr: 0.00015344, epoch_time: 124.0min
Epoch:[2/2](24060/66163), loss: 1.6790, logits_loss: 1.6790, aux_loss: 0.0000, lr: 0.00015335, epoch_time: 124.0min
Epoch:[2/2](24080/66163), loss: 1.6601, logits_loss: 1.6601, aux_loss: 0.0000, lr: 0.00015326, epoch_time: 124.0min
Epoch:[2/2](24100/66163), loss: 1.7597, logits_loss: 1.7597, aux_loss: 0.0000, lr: 0.00015317, epoch_time: 123.0min
Epoch:[2/2](24120/66163), loss: 1.6879, logits_loss: 1.6879, aux_loss: 0.0000, lr: 0.00015308, epoch_time: 123.0min
Epoch:[2/2](24140/66163), loss: 1.5656, logits_loss: 1.5656, aux_loss: 0.0000, lr: 0.00015299, epoch_time: 123.0min
Epoch:[2/2](24160/66163), loss: 1.6565, logits_loss: 1.6565, aux_loss: 0.0000, lr: 0.00015290, epoch_time: 123.0min
Epoch:[2/2](24180/66163), loss: 1.6630, logits_loss: 1.6630, aux_loss: 0.0000, lr: 0.00015281, epoch_time: 123.0min
Epoch:[2/2](24200/66163), loss: 1.6530, logits_loss: 1.6530, aux_loss: 0.0000, lr: 0.00015272, epoch_time: 123.0min
Epoch:[2/2](24220/66163), loss: 1.7310, logits_loss: 1.7310, aux_loss: 0.0000, lr: 0.00015263, epoch_time: 123.0min
Epoch:[2/2](24240/66163), loss: 1.6406, logits_loss: 1.6406, aux_loss: 0.0000, lr: 0.00015254, epoch_time: 123.0min
Epoch:[2/2](24260/66163), loss: 1.6273, logits_loss: 1.6273, aux_loss: 0.0000, lr: 0.00015246, epoch_time: 123.0min
Epoch:[2/2](24280/66163), loss: 1.6496, logits_loss: 1.6496, aux_loss: 0.0000, lr: 0.00015237, epoch_time: 123.0min
Epoch:[2/2](24300/66163), loss: 1.6753, logits_loss: 1.6753, aux_loss: 0.0000, lr: 0.00015228, epoch_time: 123.0min
Epoch:[2/2](24320/66163), loss: 1.7155, logits_loss: 1.7155, aux_loss: 0.0000, lr: 0.00015219, epoch_time: 122.0min
Epoch:[2/2](24340/66163), loss: 1.6977, logits_loss: 1.6977, aux_loss: 0.0000, lr: 0.00015210, epoch_time: 122.0min
Epoch:[2/2](24360/66163), loss: 1.6172, logits_loss: 1.6172, aux_loss: 0.0000, lr: 0.00015201, epoch_time: 122.0min
Epoch:[2/2](24380/66163), loss: 1.7382, logits_loss: 1.7382, aux_loss: 0.0000, lr: 0.00015192, epoch_time: 122.0min
Epoch:[2/2](24400/66163), loss: 1.6748, logits_loss: 1.6748, aux_loss: 0.0000, lr: 0.00015183, epoch_time: 122.0min
Epoch:[2/2](24420/66163), loss: 1.6954, logits_loss: 1.6954, aux_loss: 0.0000, lr: 0.00015174, epoch_time: 122.0min
Epoch:[2/2](24440/66163), loss: 1.5934, logits_loss: 1.5934, aux_loss: 0.0000, lr: 0.00015165, epoch_time: 122.0min
Epoch:[2/2](24460/66163), loss: 1.6179, logits_loss: 1.6179, aux_loss: 0.0000, lr: 0.00015156, epoch_time: 122.0min
Epoch:[2/2](24480/66163), loss: 1.5638, logits_loss: 1.5638, aux_loss: 0.0000, lr: 0.00015147, epoch_time: 122.0min
Epoch:[2/2](24500/66163), loss: 1.6906, logits_loss: 1.6906, aux_loss: 0.0000, lr: 0.00015138, epoch_time: 122.0min
Epoch:[2/2](24520/66163), loss: 1.6722, logits_loss: 1.6722, aux_loss: 0.0000, lr: 0.00015129, epoch_time: 122.0min
Epoch:[2/2](24540/66163), loss: 1.6346, logits_loss: 1.6346, aux_loss: 0.0000, lr: 0.00015120, epoch_time: 121.0min
Epoch:[2/2](24560/66163), loss: 1.7871, logits_loss: 1.7871, aux_loss: 0.0000, lr: 0.00015111, epoch_time: 121.0min
Epoch:[2/2](24580/66163), loss: 1.7326, logits_loss: 1.7326, aux_loss: 0.0000, lr: 0.00015103, epoch_time: 121.0min
Epoch:[2/2](24600/66163), loss: 1.6918, logits_loss: 1.6918, aux_loss: 0.0000, lr: 0.00015094, epoch_time: 121.0min
Epoch:[2/2](24620/66163), loss: 1.6235, logits_loss: 1.6235, aux_loss: 0.0000, lr: 0.00015085, epoch_time: 121.0min
Epoch:[2/2](24640/66163), loss: 1.6094, logits_loss: 1.6094, aux_loss: 0.0000, lr: 0.00015076, epoch_time: 121.0min
Epoch:[2/2](24660/66163), loss: 1.6476, logits_loss: 1.6476, aux_loss: 0.0000, lr: 0.00015067, epoch_time: 121.0min
Epoch:[2/2](24680/66163), loss: 1.6683, logits_loss: 1.6683, aux_loss: 0.0000, lr: 0.00015058, epoch_time: 123.0min
Epoch:[2/2](24700/66163), loss: 1.6527, logits_loss: 1.6527, aux_loss: 0.0000, lr: 0.00015049, epoch_time: 122.0min
Epoch:[2/2](24720/66163), loss: 1.6047, logits_loss: 1.6047, aux_loss: 0.0000, lr: 0.00015040, epoch_time: 122.0min
Epoch:[2/2](24740/66163), loss: 1.6043, logits_loss: 1.6043, aux_loss: 0.0000, lr: 0.00015031, epoch_time: 122.0min
Epoch:[2/2](24760/66163), loss: 1.6460, logits_loss: 1.6460, aux_loss: 0.0000, lr: 0.00015022, epoch_time: 122.0min
Epoch:[2/2](24780/66163), loss: 1.6399, logits_loss: 1.6399, aux_loss: 0.0000, lr: 0.00015013, epoch_time: 122.0min
Epoch:[2/2](24800/66163), loss: 1.7095, logits_loss: 1.7095, aux_loss: 0.0000, lr: 0.00015005, epoch_time: 122.0min
Epoch:[2/2](24820/66163), loss: 1.7001, logits_loss: 1.7001, aux_loss: 0.0000, lr: 0.00014996, epoch_time: 122.0min
Epoch:[2/2](24840/66163), loss: 1.7916, logits_loss: 1.7916, aux_loss: 0.0000, lr: 0.00014987, epoch_time: 122.0min
Epoch:[2/2](24860/66163), loss: 1.6659, logits_loss: 1.6659, aux_loss: 0.0000, lr: 0.00014978, epoch_time: 122.0min
Epoch:[2/2](24880/66163), loss: 1.7383, logits_loss: 1.7383, aux_loss: 0.0000, lr: 0.00014969, epoch_time: 122.0min
Epoch:[2/2](24900/66163), loss: 1.7571, logits_loss: 1.7571, aux_loss: 0.0000, lr: 0.00014960, epoch_time: 122.0min
Epoch:[2/2](24920/66163), loss: 1.6748, logits_loss: 1.6748, aux_loss: 0.0000, lr: 0.00014951, epoch_time: 121.0min
Epoch:[2/2](24940/66163), loss: 1.6490, logits_loss: 1.6490, aux_loss: 0.0000, lr: 0.00014942, epoch_time: 121.0min
Epoch:[2/2](24960/66163), loss: 1.6576, logits_loss: 1.6576, aux_loss: 0.0000, lr: 0.00014934, epoch_time: 121.0min
Epoch:[2/2](24980/66163), loss: 1.7018, logits_loss: 1.7018, aux_loss: 0.0000, lr: 0.00014925, epoch_time: 121.0min
Epoch:[2/2](25000/66163), loss: 1.6785, logits_loss: 1.6785, aux_loss: 0.0000, lr: 0.00014916, epoch_time: 121.0min
Epoch:[2/2](25020/66163), loss: 1.6715, logits_loss: 1.6715, aux_loss: 0.0000, lr: 0.00014907, epoch_time: 121.0min
Epoch:[2/2](25040/66163), loss: 1.7390, logits_loss: 1.7390, aux_loss: 0.0000, lr: 0.00014898, epoch_time: 121.0min
Epoch:[2/2](25060/66163), loss: 1.6865, logits_loss: 1.6865, aux_loss: 0.0000, lr: 0.00014889, epoch_time: 121.0min
Epoch:[2/2](25080/66163), loss: 1.6370, logits_loss: 1.6370, aux_loss: 0.0000, lr: 0.00014881, epoch_time: 121.0min
Epoch:[2/2](25100/66163), loss: 1.7149, logits_loss: 1.7149, aux_loss: 0.0000, lr: 0.00014872, epoch_time: 121.0min
Epoch:[2/2](25120/66163), loss: 1.5968, logits_loss: 1.5968, aux_loss: 0.0000, lr: 0.00014863, epoch_time: 121.0min
Epoch:[2/2](25140/66163), loss: 1.6132, logits_loss: 1.6132, aux_loss: 0.0000, lr: 0.00014854, epoch_time: 121.0min
Epoch:[2/2](25160/66163), loss: 1.6171, logits_loss: 1.6171, aux_loss: 0.0000, lr: 0.00014845, epoch_time: 121.0min
Epoch:[2/2](25180/66163), loss: 1.7145, logits_loss: 1.7145, aux_loss: 0.0000, lr: 0.00014836, epoch_time: 121.0min
Epoch:[2/2](25200/66163), loss: 1.6674, logits_loss: 1.6674, aux_loss: 0.0000, lr: 0.00014827, epoch_time: 121.0min
Epoch:[2/2](25220/66163), loss: 1.6933, logits_loss: 1.6933, aux_loss: 0.0000, lr: 0.00014819, epoch_time: 121.0min
Epoch:[2/2](25240/66163), loss: 1.7606, logits_loss: 1.7606, aux_loss: 0.0000, lr: 0.00014810, epoch_time: 120.0min
Epoch:[2/2](25260/66163), loss: 1.5598, logits_loss: 1.5598, aux_loss: 0.0000, lr: 0.00014801, epoch_time: 120.0min
Epoch:[2/2](25280/66163), loss: 1.7044, logits_loss: 1.7044, aux_loss: 0.0000, lr: 0.00014792, epoch_time: 120.0min
Epoch:[2/2](25300/66163), loss: 1.7322, logits_loss: 1.7322, aux_loss: 0.0000, lr: 0.00014783, epoch_time: 120.0min
Epoch:[2/2](25320/66163), loss: 1.7643, logits_loss: 1.7643, aux_loss: 0.0000, lr: 0.00014775, epoch_time: 120.0min
Epoch:[2/2](25340/66163), loss: 1.6701, logits_loss: 1.6701, aux_loss: 0.0000, lr: 0.00014766, epoch_time: 120.0min
Epoch:[2/2](25360/66163), loss: 1.7261, logits_loss: 1.7261, aux_loss: 0.0000, lr: 0.00014757, epoch_time: 120.0min
Epoch:[2/2](25380/66163), loss: 1.7523, logits_loss: 1.7523, aux_loss: 0.0000, lr: 0.00014748, epoch_time: 120.0min
Epoch:[2/2](25400/66163), loss: 1.6587, logits_loss: 1.6587, aux_loss: 0.0000, lr: 0.00014739, epoch_time: 120.0min
Epoch:[2/2](25420/66163), loss: 1.6638, logits_loss: 1.6638, aux_loss: 0.0000, lr: 0.00014731, epoch_time: 120.0min
Epoch:[2/2](25440/66163), loss: 1.6971, logits_loss: 1.6971, aux_loss: 0.0000, lr: 0.00014722, epoch_time: 120.0min
Epoch:[2/2](25460/66163), loss: 1.7540, logits_loss: 1.7540, aux_loss: 0.0000, lr: 0.00014713, epoch_time: 119.0min
Epoch:[2/2](25480/66163), loss: 1.7477, logits_loss: 1.7477, aux_loss: 0.0000, lr: 0.00014704, epoch_time: 119.0min
Epoch:[2/2](25500/66163), loss: 1.7649, logits_loss: 1.7649, aux_loss: 0.0000, lr: 0.00014695, epoch_time: 119.0min
Epoch:[2/2](25520/66163), loss: 1.6474, logits_loss: 1.6474, aux_loss: 0.0000, lr: 0.00014687, epoch_time: 119.0min
Epoch:[2/2](25540/66163), loss: 1.7418, logits_loss: 1.7418, aux_loss: 0.0000, lr: 0.00014678, epoch_time: 119.0min
Epoch:[2/2](25560/66163), loss: 1.7317, logits_loss: 1.7317, aux_loss: 0.0000, lr: 0.00014669, epoch_time: 119.0min
Epoch:[2/2](25580/66163), loss: 1.7016, logits_loss: 1.7016, aux_loss: 0.0000, lr: 0.00014660, epoch_time: 119.0min
Epoch:[2/2](25600/66163), loss: 1.6667, logits_loss: 1.6667, aux_loss: 0.0000, lr: 0.00014652, epoch_time: 119.0min
Epoch:[2/2](25620/66163), loss: 1.6807, logits_loss: 1.6807, aux_loss: 0.0000, lr: 0.00014643, epoch_time: 119.0min
Epoch:[2/2](25640/66163), loss: 1.6603, logits_loss: 1.6603, aux_loss: 0.0000, lr: 0.00014634, epoch_time: 119.0min
Epoch:[2/2](25660/66163), loss: 1.6734, logits_loss: 1.6734, aux_loss: 0.0000, lr: 0.00014625, epoch_time: 119.0min
Epoch:[2/2](25680/66163), loss: 1.6712, logits_loss: 1.6712, aux_loss: 0.0000, lr: 0.00014616, epoch_time: 119.0min
Epoch:[2/2](25700/66163), loss: 1.7133, logits_loss: 1.7133, aux_loss: 0.0000, lr: 0.00014608, epoch_time: 118.0min
Epoch:[2/2](25720/66163), loss: 1.7467, logits_loss: 1.7467, aux_loss: 0.0000, lr: 0.00014599, epoch_time: 118.0min
Epoch:[2/2](25740/66163), loss: 1.7051, logits_loss: 1.7051, aux_loss: 0.0000, lr: 0.00014590, epoch_time: 118.0min
Epoch:[2/2](25760/66163), loss: 1.6372, logits_loss: 1.6372, aux_loss: 0.0000, lr: 0.00014581, epoch_time: 118.0min
Epoch:[2/2](25780/66163), loss: 1.6754, logits_loss: 1.6754, aux_loss: 0.0000, lr: 0.00014573, epoch_time: 118.0min
Epoch:[2/2](25800/66163), loss: 1.6066, logits_loss: 1.6066, aux_loss: 0.0000, lr: 0.00014564, epoch_time: 118.0min
Epoch:[2/2](25820/66163), loss: 1.6797, logits_loss: 1.6797, aux_loss: 0.0000, lr: 0.00014555, epoch_time: 118.0min
Epoch:[2/2](25840/66163), loss: 1.6768, logits_loss: 1.6768, aux_loss: 0.0000, lr: 0.00014546, epoch_time: 118.0min
Epoch:[2/2](25860/66163), loss: 1.6430, logits_loss: 1.6430, aux_loss: 0.0000, lr: 0.00014538, epoch_time: 118.0min
Epoch:[2/2](25880/66163), loss: 1.6536, logits_loss: 1.6536, aux_loss: 0.0000, lr: 0.00014529, epoch_time: 118.0min
Epoch:[2/2](25900/66163), loss: 1.6228, logits_loss: 1.6228, aux_loss: 0.0000, lr: 0.00014520, epoch_time: 118.0min
Epoch:[2/2](25920/66163), loss: 1.7567, logits_loss: 1.7567, aux_loss: 0.0000, lr: 0.00014512, epoch_time: 117.0min
Epoch:[2/2](25940/66163), loss: 1.6664, logits_loss: 1.6664, aux_loss: 0.0000, lr: 0.00014503, epoch_time: 117.0min
Epoch:[2/2](25960/66163), loss: 1.6977, logits_loss: 1.6977, aux_loss: 0.0000, lr: 0.00014494, epoch_time: 117.0min
Epoch:[2/2](25980/66163), loss: 1.6138, logits_loss: 1.6138, aux_loss: 0.0000, lr: 0.00014485, epoch_time: 119.0min
Epoch:[2/2](26000/66163), loss: 1.7597, logits_loss: 1.7597, aux_loss: 0.0000, lr: 0.00014477, epoch_time: 119.0min
Epoch:[2/2](26020/66163), loss: 1.7106, logits_loss: 1.7106, aux_loss: 0.0000, lr: 0.00014468, epoch_time: 119.0min
Epoch:[2/2](26040/66163), loss: 1.6940, logits_loss: 1.6940, aux_loss: 0.0000, lr: 0.00014459, epoch_time: 119.0min
Epoch:[2/2](26060/66163), loss: 1.6895, logits_loss: 1.6895, aux_loss: 0.0000, lr: 0.00014451, epoch_time: 118.0min
Epoch:[2/2](26080/66163), loss: 1.7054, logits_loss: 1.7054, aux_loss: 0.0000, lr: 0.00014442, epoch_time: 118.0min
Epoch:[2/2](26100/66163), loss: 1.7652, logits_loss: 1.7652, aux_loss: 0.0000, lr: 0.00014433, epoch_time: 118.0min
Epoch:[2/2](26120/66163), loss: 1.7006, logits_loss: 1.7006, aux_loss: 0.0000, lr: 0.00014424, epoch_time: 118.0min
Epoch:[2/2](26140/66163), loss: 1.6885, logits_loss: 1.6885, aux_loss: 0.0000, lr: 0.00014416, epoch_time: 118.0min
Epoch:[2/2](26160/66163), loss: 1.6012, logits_loss: 1.6012, aux_loss: 0.0000, lr: 0.00014407, epoch_time: 118.0min
Epoch:[2/2](26180/66163), loss: 1.6759, logits_loss: 1.6759, aux_loss: 0.0000, lr: 0.00014398, epoch_time: 118.0min
Epoch:[2/2](26200/66163), loss: 1.7111, logits_loss: 1.7111, aux_loss: 0.0000, lr: 0.00014390, epoch_time: 118.0min
Epoch:[2/2](26220/66163), loss: 1.7111, logits_loss: 1.7111, aux_loss: 0.0000, lr: 0.00014381, epoch_time: 118.0min
Epoch:[2/2](26240/66163), loss: 1.6888, logits_loss: 1.6888, aux_loss: 0.0000, lr: 0.00014372, epoch_time: 118.0min
Epoch:[2/2](26260/66163), loss: 1.6795, logits_loss: 1.6795, aux_loss: 0.0000, lr: 0.00014364, epoch_time: 118.0min
Epoch:[2/2](26280/66163), loss: 1.6146, logits_loss: 1.6146, aux_loss: 0.0000, lr: 0.00014355, epoch_time: 118.0min
Epoch:[2/2](26300/66163), loss: 1.6983, logits_loss: 1.6983, aux_loss: 0.0000, lr: 0.00014346, epoch_time: 117.0min
Epoch:[2/2](26320/66163), loss: 1.6291, logits_loss: 1.6291, aux_loss: 0.0000, lr: 0.00014338, epoch_time: 117.0min
Epoch:[2/2](26340/66163), loss: 1.6596, logits_loss: 1.6596, aux_loss: 0.0000, lr: 0.00014329, epoch_time: 117.0min
Epoch:[2/2](26360/66163), loss: 1.7321, logits_loss: 1.7321, aux_loss: 0.0000, lr: 0.00014320, epoch_time: 117.0min
Epoch:[2/2](26380/66163), loss: 1.6383, logits_loss: 1.6383, aux_loss: 0.0000, lr: 0.00014312, epoch_time: 117.0min
Epoch:[2/2](26400/66163), loss: 1.8216, logits_loss: 1.8216, aux_loss: 0.0000, lr: 0.00014303, epoch_time: 117.0min
Epoch:[2/2](26420/66163), loss: 1.5974, logits_loss: 1.5974, aux_loss: 0.0000, lr: 0.00014294, epoch_time: 117.0min
Epoch:[2/2](26440/66163), loss: 1.7928, logits_loss: 1.7928, aux_loss: 0.0000, lr: 0.00014286, epoch_time: 117.0min
Epoch:[2/2](26460/66163), loss: 1.7578, logits_loss: 1.7578, aux_loss: 0.0000, lr: 0.00014277, epoch_time: 117.0min
Epoch:[2/2](26480/66163), loss: 1.7185, logits_loss: 1.7185, aux_loss: 0.0000, lr: 0.00014268, epoch_time: 117.0min
Epoch:[2/2](26500/66163), loss: 1.7098, logits_loss: 1.7098, aux_loss: 0.0000, lr: 0.00014260, epoch_time: 117.0min
Epoch:[2/2](26520/66163), loss: 1.7043, logits_loss: 1.7043, aux_loss: 0.0000, lr: 0.00014251, epoch_time: 116.0min
Epoch:[2/2](26540/66163), loss: 1.6177, logits_loss: 1.6177, aux_loss: 0.0000, lr: 0.00014243, epoch_time: 116.0min
Epoch:[2/2](26560/66163), loss: 1.6896, logits_loss: 1.6896, aux_loss: 0.0000, lr: 0.00014234, epoch_time: 116.0min
Epoch:[2/2](26580/66163), loss: 1.7456, logits_loss: 1.7456, aux_loss: 0.0000, lr: 0.00014225, epoch_time: 116.0min
Epoch:[2/2](26600/66163), loss: 1.6611, logits_loss: 1.6611, aux_loss: 0.0000, lr: 0.00014217, epoch_time: 116.0min
Epoch:[2/2](26620/66163), loss: 1.7691, logits_loss: 1.7691, aux_loss: 0.0000, lr: 0.00014208, epoch_time: 116.0min
Epoch:[2/2](26640/66163), loss: 1.7039, logits_loss: 1.7039, aux_loss: 0.0000, lr: 0.00014199, epoch_time: 116.0min
Epoch:[2/2](26660/66163), loss: 1.6363, logits_loss: 1.6363, aux_loss: 0.0000, lr: 0.00014191, epoch_time: 116.0min
Epoch:[2/2](26680/66163), loss: 1.6609, logits_loss: 1.6609, aux_loss: 0.0000, lr: 0.00014182, epoch_time: 116.0min
Epoch:[2/2](26700/66163), loss: 1.6778, logits_loss: 1.6778, aux_loss: 0.0000, lr: 0.00014174, epoch_time: 116.0min
Epoch:[2/2](26720/66163), loss: 1.6306, logits_loss: 1.6306, aux_loss: 0.0000, lr: 0.00014165, epoch_time: 116.0min
Epoch:[2/2](26740/66163), loss: 1.6959, logits_loss: 1.6959, aux_loss: 0.0000, lr: 0.00014156, epoch_time: 116.0min
Epoch:[2/2](26760/66163), loss: 1.7388, logits_loss: 1.7388, aux_loss: 0.0000, lr: 0.00014148, epoch_time: 115.0min
Epoch:[2/2](26780/66163), loss: 1.6498, logits_loss: 1.6498, aux_loss: 0.0000, lr: 0.00014139, epoch_time: 115.0min
Epoch:[2/2](26800/66163), loss: 1.6894, logits_loss: 1.6894, aux_loss: 0.0000, lr: 0.00014131, epoch_time: 115.0min
Epoch:[2/2](26820/66163), loss: 1.7004, logits_loss: 1.7004, aux_loss: 0.0000, lr: 0.00014122, epoch_time: 115.0min
Epoch:[2/2](26840/66163), loss: 1.6764, logits_loss: 1.6764, aux_loss: 0.0000, lr: 0.00014113, epoch_time: 115.0min
Epoch:[2/2](26860/66163), loss: 1.6440, logits_loss: 1.6440, aux_loss: 0.0000, lr: 0.00014105, epoch_time: 115.0min
Epoch:[2/2](26880/66163), loss: 1.6721, logits_loss: 1.6721, aux_loss: 0.0000, lr: 0.00014096, epoch_time: 115.0min
Epoch:[2/2](26900/66163), loss: 1.7372, logits_loss: 1.7372, aux_loss: 0.0000, lr: 0.00014088, epoch_time: 115.0min
Epoch:[2/2](26920/66163), loss: 1.7250, logits_loss: 1.7250, aux_loss: 0.0000, lr: 0.00014079, epoch_time: 115.0min
Epoch:[2/2](26940/66163), loss: 1.7097, logits_loss: 1.7097, aux_loss: 0.0000, lr: 0.00014070, epoch_time: 115.0min
Epoch:[2/2](26960/66163), loss: 1.6741, logits_loss: 1.6741, aux_loss: 0.0000, lr: 0.00014062, epoch_time: 115.0min
Epoch:[2/2](26980/66163), loss: 1.6455, logits_loss: 1.6455, aux_loss: 0.0000, lr: 0.00014053, epoch_time: 115.0min
Epoch:[2/2](27000/66163), loss: 1.6108, logits_loss: 1.6108, aux_loss: 0.0000, lr: 0.00014045, epoch_time: 114.0min
Epoch:[2/2](27020/66163), loss: 1.6985, logits_loss: 1.6985, aux_loss: 0.0000, lr: 0.00014036, epoch_time: 114.0min
Epoch:[2/2](27040/66163), loss: 1.6353, logits_loss: 1.6353, aux_loss: 0.0000, lr: 0.00014028, epoch_time: 114.0min
Epoch:[2/2](27060/66163), loss: 1.6493, logits_loss: 1.6493, aux_loss: 0.0000, lr: 0.00014019, epoch_time: 114.0min
Epoch:[2/2](27080/66163), loss: 1.7615, logits_loss: 1.7615, aux_loss: 0.0000, lr: 0.00014011, epoch_time: 114.0min
Epoch:[2/2](27100/66163), loss: 1.6905, logits_loss: 1.6905, aux_loss: 0.0000, lr: 0.00014002, epoch_time: 114.0min
Epoch:[2/2](27120/66163), loss: 1.7716, logits_loss: 1.7716, aux_loss: 0.0000, lr: 0.00013993, epoch_time: 114.0min
Epoch:[2/2](27140/66163), loss: 1.7416, logits_loss: 1.7416, aux_loss: 0.0000, lr: 0.00013985, epoch_time: 115.0min
Epoch:[2/2](27160/66163), loss: 1.5902, logits_loss: 1.5902, aux_loss: 0.0000, lr: 0.00013976, epoch_time: 115.0min
Epoch:[2/2](27180/66163), loss: 1.6810, logits_loss: 1.6810, aux_loss: 0.0000, lr: 0.00013968, epoch_time: 115.0min
Epoch:[2/2](27200/66163), loss: 1.6693, logits_loss: 1.6693, aux_loss: 0.0000, lr: 0.00013959, epoch_time: 115.0min
Epoch:[2/2](27220/66163), loss: 1.7874, logits_loss: 1.7874, aux_loss: 0.0000, lr: 0.00013951, epoch_time: 115.0min
Epoch:[2/2](27240/66163), loss: 1.7077, logits_loss: 1.7077, aux_loss: 0.0000, lr: 0.00013942, epoch_time: 115.0min
Epoch:[2/2](27260/66163), loss: 1.7384, logits_loss: 1.7384, aux_loss: 0.0000, lr: 0.00013934, epoch_time: 115.0min
Epoch:[2/2](27280/66163), loss: 1.6664, logits_loss: 1.6664, aux_loss: 0.0000, lr: 0.00013925, epoch_time: 115.0min
Epoch:[2/2](27300/66163), loss: 1.7644, logits_loss: 1.7644, aux_loss: 0.0000, lr: 0.00013917, epoch_time: 115.0min
Epoch:[2/2](27320/66163), loss: 1.5924, logits_loss: 1.5924, aux_loss: 0.0000, lr: 0.00013908, epoch_time: 115.0min
Epoch:[2/2](27340/66163), loss: 1.7673, logits_loss: 1.7673, aux_loss: 0.0000, lr: 0.00013900, epoch_time: 114.0min
Epoch:[2/2](27360/66163), loss: 1.6954, logits_loss: 1.6954, aux_loss: 0.0000, lr: 0.00013891, epoch_time: 114.0min
Epoch:[2/2](27380/66163), loss: 1.7457, logits_loss: 1.7457, aux_loss: 0.0000, lr: 0.00013883, epoch_time: 114.0min
Epoch:[2/2](27400/66163), loss: 1.6477, logits_loss: 1.6477, aux_loss: 0.0000, lr: 0.00013874, epoch_time: 114.0min
Epoch:[2/2](27420/66163), loss: 1.6471, logits_loss: 1.6471, aux_loss: 0.0000, lr: 0.00013866, epoch_time: 114.0min
Epoch:[2/2](27440/66163), loss: 1.7233, logits_loss: 1.7233, aux_loss: 0.0000, lr: 0.00013857, epoch_time: 114.0min
Epoch:[2/2](27460/66163), loss: 1.7096, logits_loss: 1.7096, aux_loss: 0.0000, lr: 0.00013849, epoch_time: 114.0min
Epoch:[2/2](27480/66163), loss: 1.6380, logits_loss: 1.6380, aux_loss: 0.0000, lr: 0.00013840, epoch_time: 114.0min
Epoch:[2/2](27500/66163), loss: 1.7586, logits_loss: 1.7586, aux_loss: 0.0000, lr: 0.00013832, epoch_time: 114.0min
Epoch:[2/2](27520/66163), loss: 1.5381, logits_loss: 1.5381, aux_loss: 0.0000, lr: 0.00013823, epoch_time: 114.0min
Epoch:[2/2](27540/66163), loss: 1.6621, logits_loss: 1.6621, aux_loss: 0.0000, lr: 0.00013815, epoch_time: 114.0min
Epoch:[2/2](27560/66163), loss: 1.6295, logits_loss: 1.6295, aux_loss: 0.0000, lr: 0.00013806, epoch_time: 114.0min
Epoch:[2/2](27580/66163), loss: 1.5847, logits_loss: 1.5847, aux_loss: 0.0000, lr: 0.00013798, epoch_time: 113.0min
Epoch:[2/2](27600/66163), loss: 1.7335, logits_loss: 1.7335, aux_loss: 0.0000, lr: 0.00013789, epoch_time: 113.0min
Epoch:[2/2](27620/66163), loss: 1.6249, logits_loss: 1.6249, aux_loss: 0.0000, lr: 0.00013781, epoch_time: 113.0min
Epoch:[2/2](27640/66163), loss: 1.7210, logits_loss: 1.7210, aux_loss: 0.0000, lr: 0.00013772, epoch_time: 113.0min
Epoch:[2/2](27660/66163), loss: 1.7207, logits_loss: 1.7207, aux_loss: 0.0000, lr: 0.00013764, epoch_time: 113.0min
Epoch:[2/2](27680/66163), loss: 1.6330, logits_loss: 1.6330, aux_loss: 0.0000, lr: 0.00013755, epoch_time: 113.0min
Epoch:[2/2](27700/66163), loss: 1.7591, logits_loss: 1.7591, aux_loss: 0.0000, lr: 0.00013747, epoch_time: 113.0min
Epoch:[2/2](27720/66163), loss: 1.7235, logits_loss: 1.7235, aux_loss: 0.0000, lr: 0.00013739, epoch_time: 113.0min
Epoch:[2/2](27740/66163), loss: 1.7054, logits_loss: 1.7054, aux_loss: 0.0000, lr: 0.00013730, epoch_time: 113.0min
Epoch:[2/2](27760/66163), loss: 1.7236, logits_loss: 1.7236, aux_loss: 0.0000, lr: 0.00013722, epoch_time: 113.0min
Epoch:[2/2](27780/66163), loss: 1.8037, logits_loss: 1.8037, aux_loss: 0.0000, lr: 0.00013713, epoch_time: 113.0min
Epoch:[2/2](27800/66163), loss: 1.7993, logits_loss: 1.7993, aux_loss: 0.0000, lr: 0.00013705, epoch_time: 113.0min
Epoch:[2/2](27820/66163), loss: 1.7258, logits_loss: 1.7258, aux_loss: 0.0000, lr: 0.00013696, epoch_time: 112.0min
Epoch:[2/2](27840/66163), loss: 1.5878, logits_loss: 1.5878, aux_loss: 0.0000, lr: 0.00013688, epoch_time: 112.0min
Epoch:[2/2](27860/66163), loss: 1.7227, logits_loss: 1.7227, aux_loss: 0.0000, lr: 0.00013679, epoch_time: 112.0min
Epoch:[2/2](27880/66163), loss: 1.6447, logits_loss: 1.6447, aux_loss: 0.0000, lr: 0.00013671, epoch_time: 112.0min
Epoch:[2/2](27900/66163), loss: 1.7260, logits_loss: 1.7260, aux_loss: 0.0000, lr: 0.00013663, epoch_time: 112.0min
Epoch:[2/2](27920/66163), loss: 1.6914, logits_loss: 1.6914, aux_loss: 0.0000, lr: 0.00013654, epoch_time: 112.0min
Epoch:[2/2](27940/66163), loss: 1.6317, logits_loss: 1.6317, aux_loss: 0.0000, lr: 0.00013646, epoch_time: 112.0min
Epoch:[2/2](27960/66163), loss: 1.6182, logits_loss: 1.6182, aux_loss: 0.0000, lr: 0.00013637, epoch_time: 112.0min
Epoch:[2/2](27980/66163), loss: 1.6876, logits_loss: 1.6876, aux_loss: 0.0000, lr: 0.00013629, epoch_time: 112.0min
Epoch:[2/2](28000/66163), loss: 1.6513, logits_loss: 1.6513, aux_loss: 0.0000, lr: 0.00013620, epoch_time: 112.0min
Epoch:[2/2](28020/66163), loss: 1.7651, logits_loss: 1.7651, aux_loss: 0.0000, lr: 0.00013612, epoch_time: 112.0min
Epoch:[2/2](28040/66163), loss: 1.6830, logits_loss: 1.6830, aux_loss: 0.0000, lr: 0.00013604, epoch_time: 112.0min
Epoch:[2/2](28060/66163), loss: 1.7490, logits_loss: 1.7490, aux_loss: 0.0000, lr: 0.00013595, epoch_time: 111.0min
Epoch:[2/2](28080/66163), loss: 1.6953, logits_loss: 1.6953, aux_loss: 0.0000, lr: 0.00013587, epoch_time: 111.0min
Epoch:[2/2](28100/66163), loss: 1.6485, logits_loss: 1.6485, aux_loss: 0.0000, lr: 0.00013578, epoch_time: 111.0min
Epoch:[2/2](28120/66163), loss: 1.7957, logits_loss: 1.7957, aux_loss: 0.0000, lr: 0.00013570, epoch_time: 111.0min
Epoch:[2/2](28140/66163), loss: 1.6866, logits_loss: 1.6866, aux_loss: 0.0000, lr: 0.00013562, epoch_time: 111.0min
Epoch:[2/2](28160/66163), loss: 1.6006, logits_loss: 1.6006, aux_loss: 0.0000, lr: 0.00013553, epoch_time: 111.0min
Epoch:[2/2](28180/66163), loss: 1.6921, logits_loss: 1.6921, aux_loss: 0.0000, lr: 0.00013545, epoch_time: 111.0min
Epoch:[2/2](28200/66163), loss: 1.6574, logits_loss: 1.6574, aux_loss: 0.0000, lr: 0.00013537, epoch_time: 111.0min
Epoch:[2/2](28220/66163), loss: 1.6636, logits_loss: 1.6636, aux_loss: 0.0000, lr: 0.00013528, epoch_time: 111.0min
Epoch:[2/2](28240/66163), loss: 1.6624, logits_loss: 1.6624, aux_loss: 0.0000, lr: 0.00013520, epoch_time: 111.0min
Epoch:[2/2](28260/66163), loss: 1.6810, logits_loss: 1.6810, aux_loss: 0.0000, lr: 0.00013511, epoch_time: 111.0min
Epoch:[2/2](28280/66163), loss: 1.6732, logits_loss: 1.6732, aux_loss: 0.0000, lr: 0.00013503, epoch_time: 111.0min
Epoch:[2/2](28300/66163), loss: 1.6603, logits_loss: 1.6603, aux_loss: 0.0000, lr: 0.00013495, epoch_time: 112.0min
Epoch:[2/2](28320/66163), loss: 1.6806, logits_loss: 1.6806, aux_loss: 0.0000, lr: 0.00013486, epoch_time: 112.0min
Epoch:[2/2](28340/66163), loss: 1.6998, logits_loss: 1.6998, aux_loss: 0.0000, lr: 0.00013478, epoch_time: 112.0min
Epoch:[2/2](28360/66163), loss: 1.7276, logits_loss: 1.7276, aux_loss: 0.0000, lr: 0.00013470, epoch_time: 112.0min
Epoch:[2/2](28380/66163), loss: 1.7110, logits_loss: 1.7110, aux_loss: 0.0000, lr: 0.00013461, epoch_time: 112.0min
Epoch:[2/2](28400/66163), loss: 1.7688, logits_loss: 1.7688, aux_loss: 0.0000, lr: 0.00013453, epoch_time: 111.0min
Epoch:[2/2](28420/66163), loss: 1.7310, logits_loss: 1.7310, aux_loss: 0.0000, lr: 0.00013445, epoch_time: 111.0min
Epoch:[2/2](28440/66163), loss: 1.7144, logits_loss: 1.7144, aux_loss: 0.0000, lr: 0.00013436, epoch_time: 111.0min
Epoch:[2/2](28460/66163), loss: 1.7008, logits_loss: 1.7008, aux_loss: 0.0000, lr: 0.00013428, epoch_time: 111.0min
Epoch:[2/2](28480/66163), loss: 1.7274, logits_loss: 1.7274, aux_loss: 0.0000, lr: 0.00013420, epoch_time: 111.0min
Epoch:[2/2](28500/66163), loss: 1.6749, logits_loss: 1.6749, aux_loss: 0.0000, lr: 0.00013411, epoch_time: 111.0min
Epoch:[2/2](28520/66163), loss: 1.6877, logits_loss: 1.6877, aux_loss: 0.0000, lr: 0.00013403, epoch_time: 111.0min
Epoch:[2/2](28540/66163), loss: 1.6973, logits_loss: 1.6973, aux_loss: 0.0000, lr: 0.00013395, epoch_time: 111.0min
Epoch:[2/2](28560/66163), loss: 1.6788, logits_loss: 1.6788, aux_loss: 0.0000, lr: 0.00013386, epoch_time: 111.0min
Epoch:[2/2](28580/66163), loss: 1.6437, logits_loss: 1.6437, aux_loss: 0.0000, lr: 0.00013378, epoch_time: 111.0min
Epoch:[2/2](28600/66163), loss: 1.6281, logits_loss: 1.6281, aux_loss: 0.0000, lr: 0.00013370, epoch_time: 111.0min
Epoch:[2/2](28620/66163), loss: 1.6919, logits_loss: 1.6919, aux_loss: 0.0000, lr: 0.00013361, epoch_time: 111.0min
Epoch:[2/2](28640/66163), loss: 1.6365, logits_loss: 1.6365, aux_loss: 0.0000, lr: 0.00013353, epoch_time: 110.0min
Epoch:[2/2](28660/66163), loss: 1.6823, logits_loss: 1.6823, aux_loss: 0.0000, lr: 0.00013345, epoch_time: 110.0min
Epoch:[2/2](28680/66163), loss: 1.6829, logits_loss: 1.6829, aux_loss: 0.0000, lr: 0.00013336, epoch_time: 110.0min
Epoch:[2/2](28700/66163), loss: 1.6438, logits_loss: 1.6438, aux_loss: 0.0000, lr: 0.00013328, epoch_time: 110.0min
Epoch:[2/2](28720/66163), loss: 1.7312, logits_loss: 1.7312, aux_loss: 0.0000, lr: 0.00013320, epoch_time: 110.0min
Epoch:[2/2](28740/66163), loss: 1.6353, logits_loss: 1.6353, aux_loss: 0.0000, lr: 0.00013312, epoch_time: 110.0min
Epoch:[2/2](28760/66163), loss: 1.7420, logits_loss: 1.7420, aux_loss: 0.0000, lr: 0.00013303, epoch_time: 110.0min
Epoch:[2/2](28780/66163), loss: 1.6708, logits_loss: 1.6708, aux_loss: 0.0000, lr: 0.00013295, epoch_time: 110.0min
Epoch:[2/2](28800/66163), loss: 1.6535, logits_loss: 1.6535, aux_loss: 0.0000, lr: 0.00013287, epoch_time: 110.0min
Epoch:[2/2](28820/66163), loss: 1.6092, logits_loss: 1.6092, aux_loss: 0.0000, lr: 0.00013278, epoch_time: 110.0min
Epoch:[2/2](28840/66163), loss: 1.6844, logits_loss: 1.6844, aux_loss: 0.0000, lr: 0.00013270, epoch_time: 110.0min
Epoch:[2/2](28860/66163), loss: 1.6639, logits_loss: 1.6639, aux_loss: 0.0000, lr: 0.00013262, epoch_time: 110.0min
Epoch:[2/2](28880/66163), loss: 1.7180, logits_loss: 1.7180, aux_loss: 0.0000, lr: 0.00013254, epoch_time: 109.0min
Epoch:[2/2](28900/66163), loss: 1.6147, logits_loss: 1.6147, aux_loss: 0.0000, lr: 0.00013245, epoch_time: 109.0min
Epoch:[2/2](28920/66163), loss: 1.7614, logits_loss: 1.7614, aux_loss: 0.0000, lr: 0.00013237, epoch_time: 109.0min
Epoch:[2/2](28940/66163), loss: 1.6995, logits_loss: 1.6995, aux_loss: 0.0000, lr: 0.00013229, epoch_time: 109.0min
Epoch:[2/2](28960/66163), loss: 1.6647, logits_loss: 1.6647, aux_loss: 0.0000, lr: 0.00013220, epoch_time: 109.0min
Epoch:[2/2](28980/66163), loss: 1.7286, logits_loss: 1.7286, aux_loss: 0.0000, lr: 0.00013212, epoch_time: 109.0min
Epoch:[2/2](29000/66163), loss: 1.6905, logits_loss: 1.6905, aux_loss: 0.0000, lr: 0.00013204, epoch_time: 109.0min
Epoch:[2/2](29020/66163), loss: 1.6802, logits_loss: 1.6802, aux_loss: 0.0000, lr: 0.00013196, epoch_time: 109.0min
Epoch:[2/2](29040/66163), loss: 1.6028, logits_loss: 1.6028, aux_loss: 0.0000, lr: 0.00013188, epoch_time: 109.0min
Epoch:[2/2](29060/66163), loss: 1.6891, logits_loss: 1.6891, aux_loss: 0.0000, lr: 0.00013179, epoch_time: 109.0min
Epoch:[2/2](29080/66163), loss: 1.7246, logits_loss: 1.7246, aux_loss: 0.0000, lr: 0.00013171, epoch_time: 109.0min
Epoch:[2/2](29100/66163), loss: 1.7388, logits_loss: 1.7388, aux_loss: 0.0000, lr: 0.00013163, epoch_time: 109.0min
Epoch:[2/2](29120/66163), loss: 1.6874, logits_loss: 1.6874, aux_loss: 0.0000, lr: 0.00013155, epoch_time: 108.0min
Epoch:[2/2](29140/66163), loss: 1.5555, logits_loss: 1.5555, aux_loss: 0.0000, lr: 0.00013146, epoch_time: 108.0min
Epoch:[2/2](29160/66163), loss: 1.5874, logits_loss: 1.5874, aux_loss: 0.0000, lr: 0.00013138, epoch_time: 108.0min
Epoch:[2/2](29180/66163), loss: 1.6724, logits_loss: 1.6724, aux_loss: 0.0000, lr: 0.00013130, epoch_time: 108.0min
Epoch:[2/2](29200/66163), loss: 1.7563, logits_loss: 1.7563, aux_loss: 0.0000, lr: 0.00013122, epoch_time: 108.0min
Epoch:[2/2](29220/66163), loss: 1.6616, logits_loss: 1.6616, aux_loss: 0.0000, lr: 0.00013113, epoch_time: 108.0min
Epoch:[2/2](29240/66163), loss: 1.6504, logits_loss: 1.6504, aux_loss: 0.0000, lr: 0.00013105, epoch_time: 108.0min
Epoch:[2/2](29260/66163), loss: 1.6340, logits_loss: 1.6340, aux_loss: 0.0000, lr: 0.00013097, epoch_time: 108.0min
Epoch:[2/2](29280/66163), loss: 1.6215, logits_loss: 1.6215, aux_loss: 0.0000, lr: 0.00013089, epoch_time: 108.0min
Epoch:[2/2](29300/66163), loss: 1.7058, logits_loss: 1.7058, aux_loss: 0.0000, lr: 0.00013081, epoch_time: 108.0min
Epoch:[2/2](29320/66163), loss: 1.6753, logits_loss: 1.6753, aux_loss: 0.0000, lr: 0.00013072, epoch_time: 108.0min
Epoch:[2/2](29340/66163), loss: 1.6718, logits_loss: 1.6718, aux_loss: 0.0000, lr: 0.00013064, epoch_time: 108.0min
Epoch:[2/2](29360/66163), loss: 1.6652, logits_loss: 1.6652, aux_loss: 0.0000, lr: 0.00013056, epoch_time: 107.0min
Epoch:[2/2](29380/66163), loss: 1.5897, logits_loss: 1.5897, aux_loss: 0.0000, lr: 0.00013048, epoch_time: 107.0min
Epoch:[2/2](29400/66163), loss: 1.6552, logits_loss: 1.6552, aux_loss: 0.0000, lr: 0.00013040, epoch_time: 107.0min
Epoch:[2/2](29420/66163), loss: 1.6011, logits_loss: 1.6011, aux_loss: 0.0000, lr: 0.00013031, epoch_time: 107.0min
Epoch:[2/2](29440/66163), loss: 1.7267, logits_loss: 1.7267, aux_loss: 0.0000, lr: 0.00013023, epoch_time: 107.0min
Epoch:[2/2](29460/66163), loss: 1.6544, logits_loss: 1.6544, aux_loss: 0.0000, lr: 0.00013015, epoch_time: 108.0min
Epoch:[2/2](29480/66163), loss: 1.6952, logits_loss: 1.6952, aux_loss: 0.0000, lr: 0.00013007, epoch_time: 108.0min
Epoch:[2/2](29500/66163), loss: 1.7358, logits_loss: 1.7358, aux_loss: 0.0000, lr: 0.00012999, epoch_time: 108.0min
Epoch:[2/2](29520/66163), loss: 1.7061, logits_loss: 1.7061, aux_loss: 0.0000, lr: 0.00012991, epoch_time: 108.0min
Epoch:[2/2](29540/66163), loss: 1.6200, logits_loss: 1.6200, aux_loss: 0.0000, lr: 0.00012982, epoch_time: 108.0min
Epoch:[2/2](29560/66163), loss: 1.5740, logits_loss: 1.5740, aux_loss: 0.0000, lr: 0.00012974, epoch_time: 108.0min
Epoch:[2/2](29580/66163), loss: 1.6738, logits_loss: 1.6738, aux_loss: 0.0000, lr: 0.00012966, epoch_time: 108.0min
Epoch:[2/2](29600/66163), loss: 1.7405, logits_loss: 1.7405, aux_loss: 0.0000, lr: 0.00012958, epoch_time: 108.0min
Epoch:[2/2](29620/66163), loss: 1.8017, logits_loss: 1.8017, aux_loss: 0.0000, lr: 0.00012950, epoch_time: 108.0min
Epoch:[2/2](29640/66163), loss: 1.6506, logits_loss: 1.6506, aux_loss: 0.0000, lr: 0.00012942, epoch_time: 108.0min
Epoch:[2/2](29660/66163), loss: 1.6313, logits_loss: 1.6313, aux_loss: 0.0000, lr: 0.00012934, epoch_time: 108.0min
Epoch:[2/2](29680/66163), loss: 1.7234, logits_loss: 1.7234, aux_loss: 0.0000, lr: 0.00012925, epoch_time: 107.0min
Epoch:[2/2](29700/66163), loss: 1.5868, logits_loss: 1.5868, aux_loss: 0.0000, lr: 0.00012917, epoch_time: 107.0min
Epoch:[2/2](29720/66163), loss: 1.7253, logits_loss: 1.7253, aux_loss: 0.0000, lr: 0.00012909, epoch_time: 107.0min
Epoch:[2/2](29740/66163), loss: 1.6590, logits_loss: 1.6590, aux_loss: 0.0000, lr: 0.00012901, epoch_time: 107.0min
Epoch:[2/2](29760/66163), loss: 1.6747, logits_loss: 1.6747, aux_loss: 0.0000, lr: 0.00012893, epoch_time: 107.0min
Epoch:[2/2](29780/66163), loss: 1.6107, logits_loss: 1.6107, aux_loss: 0.0000, lr: 0.00012885, epoch_time: 107.0min
Epoch:[2/2](29800/66163), loss: 1.8167, logits_loss: 1.8167, aux_loss: 0.0000, lr: 0.00012877, epoch_time: 107.0min
Epoch:[2/2](29820/66163), loss: 1.7053, logits_loss: 1.7053, aux_loss: 0.0000, lr: 0.00012868, epoch_time: 107.0min
Epoch:[2/2](29840/66163), loss: 1.6405, logits_loss: 1.6405, aux_loss: 0.0000, lr: 0.00012860, epoch_time: 107.0min
Epoch:[2/2](29860/66163), loss: 1.6604, logits_loss: 1.6604, aux_loss: 0.0000, lr: 0.00012852, epoch_time: 107.0min
Epoch:[2/2](29880/66163), loss: 1.6111, logits_loss: 1.6111, aux_loss: 0.0000, lr: 0.00012844, epoch_time: 107.0min
Epoch:[2/2](29900/66163), loss: 1.6204, logits_loss: 1.6204, aux_loss: 0.0000, lr: 0.00012836, epoch_time: 107.0min
Epoch:[2/2](29920/66163), loss: 1.6619, logits_loss: 1.6619, aux_loss: 0.0000, lr: 0.00012828, epoch_time: 106.0min
Epoch:[2/2](29940/66163), loss: 1.6175, logits_loss: 1.6175, aux_loss: 0.0000, lr: 0.00012820, epoch_time: 106.0min
Epoch:[2/2](29960/66163), loss: 1.7254, logits_loss: 1.7254, aux_loss: 0.0000, lr: 0.00012812, epoch_time: 106.0min
Epoch:[2/2](29980/66163), loss: 1.7115, logits_loss: 1.7115, aux_loss: 0.0000, lr: 0.00012804, epoch_time: 106.0min
Epoch:[2/2](30000/66163), loss: 1.6475, logits_loss: 1.6475, aux_loss: 0.0000, lr: 0.00012796, epoch_time: 106.0min
Epoch:[2/2](30020/66163), loss: 1.7073, logits_loss: 1.7073, aux_loss: 0.0000, lr: 0.00012787, epoch_time: 106.0min
Epoch:[2/2](30040/66163), loss: 1.6755, logits_loss: 1.6755, aux_loss: 0.0000, lr: 0.00012779, epoch_time: 106.0min
Epoch:[2/2](30060/66163), loss: 1.7169, logits_loss: 1.7169, aux_loss: 0.0000, lr: 0.00012771, epoch_time: 106.0min
Epoch:[2/2](30080/66163), loss: 1.7805, logits_loss: 1.7805, aux_loss: 0.0000, lr: 0.00012763, epoch_time: 106.0min
Epoch:[2/2](30100/66163), loss: 1.7467, logits_loss: 1.7467, aux_loss: 0.0000, lr: 0.00012755, epoch_time: 106.0min
Epoch:[2/2](30120/66163), loss: 1.6406, logits_loss: 1.6406, aux_loss: 0.0000, lr: 0.00012747, epoch_time: 106.0min
Epoch:[2/2](30140/66163), loss: 1.7121, logits_loss: 1.7121, aux_loss: 0.0000, lr: 0.00012739, epoch_time: 106.0min
Epoch:[2/2](30160/66163), loss: 1.6963, logits_loss: 1.6963, aux_loss: 0.0000, lr: 0.00012731, epoch_time: 106.0min
Epoch:[2/2](30180/66163), loss: 1.7893, logits_loss: 1.7893, aux_loss: 0.0000, lr: 0.00012723, epoch_time: 106.0min
Epoch:[2/2](30200/66163), loss: 1.5988, logits_loss: 1.5988, aux_loss: 0.0000, lr: 0.00012715, epoch_time: 106.0min
Epoch:[2/2](30220/66163), loss: 1.7187, logits_loss: 1.7187, aux_loss: 0.0000, lr: 0.00012707, epoch_time: 106.0min
Epoch:[2/2](30240/66163), loss: 1.7327, logits_loss: 1.7327, aux_loss: 0.0000, lr: 0.00012699, epoch_time: 105.0min
Epoch:[2/2](30260/66163), loss: 1.6310, logits_loss: 1.6310, aux_loss: 0.0000, lr: 0.00012691, epoch_time: 105.0min
Epoch:[2/2](30280/66163), loss: 1.6108, logits_loss: 1.6108, aux_loss: 0.0000, lr: 0.00012683, epoch_time: 105.0min
Epoch:[2/2](30300/66163), loss: 1.6027, logits_loss: 1.6027, aux_loss: 0.0000, lr: 0.00012675, epoch_time: 105.0min
Epoch:[2/2](30320/66163), loss: 1.7566, logits_loss: 1.7566, aux_loss: 0.0000, lr: 0.00012667, epoch_time: 105.0min
Epoch:[2/2](30340/66163), loss: 1.6921, logits_loss: 1.6921, aux_loss: 0.0000, lr: 0.00012659, epoch_time: 105.0min
Epoch:[2/2](30360/66163), loss: 1.6740, logits_loss: 1.6740, aux_loss: 0.0000, lr: 0.00012651, epoch_time: 105.0min
Epoch:[2/2](30380/66163), loss: 1.7495, logits_loss: 1.7495, aux_loss: 0.0000, lr: 0.00012643, epoch_time: 105.0min
Epoch:[2/2](30400/66163), loss: 1.6381, logits_loss: 1.6381, aux_loss: 0.0000, lr: 0.00012635, epoch_time: 105.0min
Epoch:[2/2](30420/66163), loss: 1.7128, logits_loss: 1.7128, aux_loss: 0.0000, lr: 0.00012626, epoch_time: 105.0min
Epoch:[2/2](30440/66163), loss: 1.6960, logits_loss: 1.6960, aux_loss: 0.0000, lr: 0.00012618, epoch_time: 105.0min
Epoch:[2/2](30460/66163), loss: 1.6985, logits_loss: 1.6985, aux_loss: 0.0000, lr: 0.00012610, epoch_time: 105.0min
Epoch:[2/2](30480/66163), loss: 1.7674, logits_loss: 1.7674, aux_loss: 0.0000, lr: 0.00012602, epoch_time: 105.0min
Epoch:[2/2](30500/66163), loss: 1.6339, logits_loss: 1.6339, aux_loss: 0.0000, lr: 0.00012594, epoch_time: 104.0min
Epoch:[2/2](30520/66163), loss: 1.7484, logits_loss: 1.7484, aux_loss: 0.0000, lr: 0.00012586, epoch_time: 104.0min
Epoch:[2/2](30540/66163), loss: 1.6350, logits_loss: 1.6350, aux_loss: 0.0000, lr: 0.00012578, epoch_time: 104.0min
Epoch:[2/2](30560/66163), loss: 1.6933, logits_loss: 1.6933, aux_loss: 0.0000, lr: 0.00012570, epoch_time: 104.0min
Epoch:[2/2](30580/66163), loss: 1.5726, logits_loss: 1.5726, aux_loss: 0.0000, lr: 0.00012562, epoch_time: 104.0min
Epoch:[2/2](30600/66163), loss: 1.6515, logits_loss: 1.6515, aux_loss: 0.0000, lr: 0.00012554, epoch_time: 104.0min
Epoch:[2/2](30620/66163), loss: 1.7086, logits_loss: 1.7086, aux_loss: 0.0000, lr: 0.00012546, epoch_time: 104.0min
Epoch:[2/2](30640/66163), loss: 1.6100, logits_loss: 1.6100, aux_loss: 0.0000, lr: 0.00012539, epoch_time: 104.0min
Epoch:[2/2](30660/66163), loss: 1.6233, logits_loss: 1.6233, aux_loss: 0.0000, lr: 0.00012531, epoch_time: 104.0min
Epoch:[2/2](30680/66163), loss: 1.6372, logits_loss: 1.6372, aux_loss: 0.0000, lr: 0.00012523, epoch_time: 104.0min
Epoch:[2/2](30700/66163), loss: 1.6639, logits_loss: 1.6639, aux_loss: 0.0000, lr: 0.00012515, epoch_time: 104.0min
Epoch:[2/2](30720/66163), loss: 1.6292, logits_loss: 1.6292, aux_loss: 0.0000, lr: 0.00012507, epoch_time: 104.0min
Epoch:[2/2](30740/66163), loss: 1.6503, logits_loss: 1.6503, aux_loss: 0.0000, lr: 0.00012499, epoch_time: 103.0min
Epoch:[2/2](30760/66163), loss: 1.6348, logits_loss: 1.6348, aux_loss: 0.0000, lr: 0.00012491, epoch_time: 103.0min
Epoch:[2/2](30780/66163), loss: 1.6025, logits_loss: 1.6025, aux_loss: 0.0000, lr: 0.00012483, epoch_time: 103.0min
Epoch:[2/2](30800/66163), loss: 1.6356, logits_loss: 1.6356, aux_loss: 0.0000, lr: 0.00012475, epoch_time: 103.0min
Epoch:[2/2](30820/66163), loss: 1.7024, logits_loss: 1.7024, aux_loss: 0.0000, lr: 0.00012467, epoch_time: 103.0min
Epoch:[2/2](30840/66163), loss: 1.6468, logits_loss: 1.6468, aux_loss: 0.0000, lr: 0.00012459, epoch_time: 104.0min
Epoch:[2/2](30860/66163), loss: 1.7293, logits_loss: 1.7293, aux_loss: 0.0000, lr: 0.00012451, epoch_time: 104.0min
Epoch:[2/2](30880/66163), loss: 1.6851, logits_loss: 1.6851, aux_loss: 0.0000, lr: 0.00012443, epoch_time: 104.0min
Epoch:[2/2](30900/66163), loss: 1.6261, logits_loss: 1.6261, aux_loss: 0.0000, lr: 0.00012435, epoch_time: 104.0min
Epoch:[2/2](30920/66163), loss: 1.6733, logits_loss: 1.6733, aux_loss: 0.0000, lr: 0.00012427, epoch_time: 104.0min
Epoch:[2/2](30940/66163), loss: 1.7571, logits_loss: 1.7571, aux_loss: 0.0000, lr: 0.00012419, epoch_time: 104.0min
Epoch:[2/2](30960/66163), loss: 1.5885, logits_loss: 1.5885, aux_loss: 0.0000, lr: 0.00012411, epoch_time: 104.0min
Epoch:[2/2](30980/66163), loss: 1.6598, logits_loss: 1.6598, aux_loss: 0.0000, lr: 0.00012403, epoch_time: 104.0min
Epoch:[2/2](31000/66163), loss: 1.7687, logits_loss: 1.7687, aux_loss: 0.0000, lr: 0.00012395, epoch_time: 104.0min
Epoch:[2/2](31020/66163), loss: 1.7162, logits_loss: 1.7162, aux_loss: 0.0000, lr: 0.00012388, epoch_time: 104.0min
Epoch:[2/2](31040/66163), loss: 1.6356, logits_loss: 1.6356, aux_loss: 0.0000, lr: 0.00012380, epoch_time: 103.0min
Epoch:[2/2](31060/66163), loss: 1.6339, logits_loss: 1.6339, aux_loss: 0.0000, lr: 0.00012372, epoch_time: 103.0min
Epoch:[2/2](31080/66163), loss: 1.7035, logits_loss: 1.7035, aux_loss: 0.0000, lr: 0.00012364, epoch_time: 103.0min
Epoch:[2/2](31100/66163), loss: 1.6972, logits_loss: 1.6972, aux_loss: 0.0000, lr: 0.00012356, epoch_time: 103.0min
Epoch:[2/2](31120/66163), loss: 1.6620, logits_loss: 1.6620, aux_loss: 0.0000, lr: 0.00012348, epoch_time: 103.0min
Epoch:[2/2](31140/66163), loss: 1.7588, logits_loss: 1.7588, aux_loss: 0.0000, lr: 0.00012340, epoch_time: 103.0min
Epoch:[2/2](31160/66163), loss: 1.6478, logits_loss: 1.6478, aux_loss: 0.0000, lr: 0.00012332, epoch_time: 103.0min
Epoch:[2/2](31180/66163), loss: 1.6120, logits_loss: 1.6120, aux_loss: 0.0000, lr: 0.00012324, epoch_time: 103.0min
Epoch:[2/2](31200/66163), loss: 1.7168, logits_loss: 1.7168, aux_loss: 0.0000, lr: 0.00012316, epoch_time: 103.0min
Epoch:[2/2](31220/66163), loss: 1.6705, logits_loss: 1.6705, aux_loss: 0.0000, lr: 0.00012309, epoch_time: 103.0min
Epoch:[2/2](31240/66163), loss: 1.7295, logits_loss: 1.7295, aux_loss: 0.0000, lr: 0.00012301, epoch_time: 103.0min
Epoch:[2/2](31260/66163), loss: 1.7392, logits_loss: 1.7392, aux_loss: 0.0000, lr: 0.00012293, epoch_time: 103.0min
Epoch:[2/2](31280/66163), loss: 1.6841, logits_loss: 1.6841, aux_loss: 0.0000, lr: 0.00012285, epoch_time: 103.0min
Epoch:[2/2](31300/66163), loss: 1.7006, logits_loss: 1.7006, aux_loss: 0.0000, lr: 0.00012277, epoch_time: 102.0min
Epoch:[2/2](31320/66163), loss: 1.7278, logits_loss: 1.7278, aux_loss: 0.0000, lr: 0.00012269, epoch_time: 102.0min
Epoch:[2/2](31340/66163), loss: 1.6651, logits_loss: 1.6651, aux_loss: 0.0000, lr: 0.00012261, epoch_time: 102.0min
Epoch:[2/2](31360/66163), loss: 1.6962, logits_loss: 1.6962, aux_loss: 0.0000, lr: 0.00012253, epoch_time: 102.0min
Epoch:[2/2](31380/66163), loss: 1.6144, logits_loss: 1.6144, aux_loss: 0.0000, lr: 0.00012246, epoch_time: 102.0min
Epoch:[2/2](31400/66163), loss: 1.6902, logits_loss: 1.6902, aux_loss: 0.0000, lr: 0.00012238, epoch_time: 102.0min
Epoch:[2/2](31420/66163), loss: 1.6275, logits_loss: 1.6275, aux_loss: 0.0000, lr: 0.00012230, epoch_time: 102.0min
Epoch:[2/2](31440/66163), loss: 1.6485, logits_loss: 1.6485, aux_loss: 0.0000, lr: 0.00012222, epoch_time: 102.0min
Epoch:[2/2](31460/66163), loss: 1.6961, logits_loss: 1.6961, aux_loss: 0.0000, lr: 0.00012214, epoch_time: 102.0min
Epoch:[2/2](31480/66163), loss: 1.6563, logits_loss: 1.6563, aux_loss: 0.0000, lr: 0.00012206, epoch_time: 102.0min
Epoch:[2/2](31500/66163), loss: 1.6559, logits_loss: 1.6559, aux_loss: 0.0000, lr: 0.00012199, epoch_time: 102.0min
Epoch:[2/2](31520/66163), loss: 1.6905, logits_loss: 1.6905, aux_loss: 0.0000, lr: 0.00012191, epoch_time: 102.0min
Epoch:[2/2](31540/66163), loss: 1.5991, logits_loss: 1.5991, aux_loss: 0.0000, lr: 0.00012183, epoch_time: 101.0min
Epoch:[2/2](31560/66163), loss: 1.7361, logits_loss: 1.7361, aux_loss: 0.0000, lr: 0.00012175, epoch_time: 101.0min
Epoch:[2/2](31580/66163), loss: 1.6820, logits_loss: 1.6820, aux_loss: 0.0000, lr: 0.00012167, epoch_time: 101.0min
Epoch:[2/2](31600/66163), loss: 1.6685, logits_loss: 1.6685, aux_loss: 0.0000, lr: 0.00012159, epoch_time: 101.0min
Epoch:[2/2](31620/66163), loss: 1.6817, logits_loss: 1.6817, aux_loss: 0.0000, lr: 0.00012152, epoch_time: 101.0min
Epoch:[2/2](31640/66163), loss: 1.7466, logits_loss: 1.7466, aux_loss: 0.0000, lr: 0.00012144, epoch_time: 101.0min
Epoch:[2/2](31660/66163), loss: 1.6465, logits_loss: 1.6465, aux_loss: 0.0000, lr: 0.00012136, epoch_time: 101.0min
Epoch:[2/2](31680/66163), loss: 1.6607, logits_loss: 1.6607, aux_loss: 0.0000, lr: 0.00012128, epoch_time: 101.0min
Epoch:[2/2](31700/66163), loss: 1.7563, logits_loss: 1.7563, aux_loss: 0.0000, lr: 0.00012120, epoch_time: 101.0min
Epoch:[2/2](31720/66163), loss: 1.6865, logits_loss: 1.6865, aux_loss: 0.0000, lr: 0.00012113, epoch_time: 101.0min
Epoch:[2/2](31740/66163), loss: 1.7221, logits_loss: 1.7221, aux_loss: 0.0000, lr: 0.00012105, epoch_time: 101.0min
Epoch:[2/2](31760/66163), loss: 1.7137, logits_loss: 1.7137, aux_loss: 0.0000, lr: 0.00012097, epoch_time: 101.0min
Epoch:[2/2](31780/66163), loss: 1.7273, logits_loss: 1.7273, aux_loss: 0.0000, lr: 0.00012089, epoch_time: 101.0min
Epoch:[2/2](31800/66163), loss: 1.7650, logits_loss: 1.7650, aux_loss: 0.0000, lr: 0.00012081, epoch_time: 100.0min
Epoch:[2/2](31820/66163), loss: 1.6227, logits_loss: 1.6227, aux_loss: 0.0000, lr: 0.00012074, epoch_time: 100.0min
Epoch:[2/2](31840/66163), loss: 1.6340, logits_loss: 1.6340, aux_loss: 0.0000, lr: 0.00012066, epoch_time: 100.0min
Epoch:[2/2](31860/66163), loss: 1.6649, logits_loss: 1.6649, aux_loss: 0.0000, lr: 0.00012058, epoch_time: 100.0min
Epoch:[2/2](31880/66163), loss: 1.7058, logits_loss: 1.7058, aux_loss: 0.0000, lr: 0.00012050, epoch_time: 100.0min
Epoch:[2/2](31900/66163), loss: 1.7193, logits_loss: 1.7193, aux_loss: 0.0000, lr: 0.00012043, epoch_time: 100.0min
Epoch:[2/2](31920/66163), loss: 1.6565, logits_loss: 1.6565, aux_loss: 0.0000, lr: 0.00012035, epoch_time: 100.0min
Epoch:[2/2](31940/66163), loss: 1.6343, logits_loss: 1.6343, aux_loss: 0.0000, lr: 0.00012027, epoch_time: 100.0min
Epoch:[2/2](31960/66163), loss: 1.6442, logits_loss: 1.6442, aux_loss: 0.0000, lr: 0.00012019, epoch_time: 100.0min
Epoch:[2/2](31980/66163), loss: 1.6628, logits_loss: 1.6628, aux_loss: 0.0000, lr: 0.00012012, epoch_time: 100.0min
Epoch:[2/2](32000/66163), loss: 1.7022, logits_loss: 1.7022, aux_loss: 0.0000, lr: 0.00012004, epoch_time: 100.0min
Epoch:[2/2](32020/66163), loss: 1.6672, logits_loss: 1.6672, aux_loss: 0.0000, lr: 0.00011996, epoch_time: 100.0min
Epoch:[2/2](32040/66163), loss: 1.6774, logits_loss: 1.6774, aux_loss: 0.0000, lr: 0.00011988, epoch_time: 100.0min
Epoch:[2/2](32060/66163), loss: 1.7069, logits_loss: 1.7069, aux_loss: 0.0000, lr: 0.00011981, epoch_time: 101.0min
Epoch:[2/2](32080/66163), loss: 1.5907, logits_loss: 1.5907, aux_loss: 0.0000, lr: 0.00011973, epoch_time: 100.0min
Epoch:[2/2](32100/66163), loss: 1.6917, logits_loss: 1.6917, aux_loss: 0.0000, lr: 0.00011965, epoch_time: 100.0min
Epoch:[2/2](32120/66163), loss: 1.6526, logits_loss: 1.6526, aux_loss: 0.0000, lr: 0.00011957, epoch_time: 100.0min
Epoch:[2/2](32140/66163), loss: 1.6448, logits_loss: 1.6448, aux_loss: 0.0000, lr: 0.00011950, epoch_time: 100.0min
Epoch:[2/2](32160/66163), loss: 1.6968, logits_loss: 1.6968, aux_loss: 0.0000, lr: 0.00011942, epoch_time: 100.0min
Epoch:[2/2](32180/66163), loss: 1.6644, logits_loss: 1.6644, aux_loss: 0.0000, lr: 0.00011934, epoch_time: 100.0min
Epoch:[2/2](32200/66163), loss: 1.7562, logits_loss: 1.7562, aux_loss: 0.0000, lr: 0.00011927, epoch_time: 100.0min
Epoch:[2/2](32220/66163), loss: 1.7037, logits_loss: 1.7037, aux_loss: 0.0000, lr: 0.00011919, epoch_time: 100.0min
Epoch:[2/2](32240/66163), loss: 1.6960, logits_loss: 1.6960, aux_loss: 0.0000, lr: 0.00011911, epoch_time: 100.0min
Epoch:[2/2](32260/66163), loss: 1.7860, logits_loss: 1.7860, aux_loss: 0.0000, lr: 0.00011903, epoch_time: 100.0min
Epoch:[2/2](32280/66163), loss: 1.6819, logits_loss: 1.6819, aux_loss: 0.0000, lr: 0.00011896, epoch_time: 100.0min
Epoch:[2/2](32300/66163), loss: 1.7024, logits_loss: 1.7024, aux_loss: 0.0000, lr: 0.00011888, epoch_time: 100.0min
Epoch:[2/2](32320/66163), loss: 1.6297, logits_loss: 1.6297, aux_loss: 0.0000, lr: 0.00011880, epoch_time: 100.0min
Epoch:[2/2](32340/66163), loss: 1.7002, logits_loss: 1.7002, aux_loss: 0.0000, lr: 0.00011873, epoch_time: 99.0min
Epoch:[2/2](32360/66163), loss: 1.6775, logits_loss: 1.6775, aux_loss: 0.0000, lr: 0.00011865, epoch_time: 99.0min
Epoch:[2/2](32380/66163), loss: 1.8023, logits_loss: 1.8023, aux_loss: 0.0000, lr: 0.00011857, epoch_time: 99.0min
Epoch:[2/2](32400/66163), loss: 1.6234, logits_loss: 1.6234, aux_loss: 0.0000, lr: 0.00011850, epoch_time: 99.0min
Epoch:[2/2](32420/66163), loss: 1.6680, logits_loss: 1.6680, aux_loss: 0.0000, lr: 0.00011842, epoch_time: 99.0min
Epoch:[2/2](32440/66163), loss: 1.6222, logits_loss: 1.6222, aux_loss: 0.0000, lr: 0.00011834, epoch_time: 99.0min
Epoch:[2/2](32460/66163), loss: 1.6068, logits_loss: 1.6068, aux_loss: 0.0000, lr: 0.00011827, epoch_time: 99.0min
Epoch:[2/2](32480/66163), loss: 1.6675, logits_loss: 1.6675, aux_loss: 0.0000, lr: 0.00011819, epoch_time: 99.0min
Epoch:[2/2](32500/66163), loss: 1.5777, logits_loss: 1.5777, aux_loss: 0.0000, lr: 0.00011811, epoch_time: 99.0min
Epoch:[2/2](32520/66163), loss: 1.6644, logits_loss: 1.6644, aux_loss: 0.0000, lr: 0.00011804, epoch_time: 99.0min
Epoch:[2/2](32540/66163), loss: 1.6033, logits_loss: 1.6033, aux_loss: 0.0000, lr: 0.00011796, epoch_time: 99.0min
Epoch:[2/2](32560/66163), loss: 1.6380, logits_loss: 1.6380, aux_loss: 0.0000, lr: 0.00011788, epoch_time: 99.0min
Epoch:[2/2](32580/66163), loss: 1.7017, logits_loss: 1.7017, aux_loss: 0.0000, lr: 0.00011781, epoch_time: 99.0min
Epoch:[2/2](32600/66163), loss: 1.7539, logits_loss: 1.7539, aux_loss: 0.0000, lr: 0.00011773, epoch_time: 98.0min
Epoch:[2/2](32620/66163), loss: 1.7425, logits_loss: 1.7425, aux_loss: 0.0000, lr: 0.00011765, epoch_time: 98.0min
Epoch:[2/2](32640/66163), loss: 1.7595, logits_loss: 1.7595, aux_loss: 0.0000, lr: 0.00011758, epoch_time: 98.0min
Epoch:[2/2](32660/66163), loss: 1.7142, logits_loss: 1.7142, aux_loss: 0.0000, lr: 0.00011750, epoch_time: 98.0min
Epoch:[2/2](32680/66163), loss: 1.6502, logits_loss: 1.6502, aux_loss: 0.0000, lr: 0.00011742, epoch_time: 98.0min
Epoch:[2/2](32700/66163), loss: 1.7071, logits_loss: 1.7071, aux_loss: 0.0000, lr: 0.00011735, epoch_time: 98.0min
Epoch:[2/2](32720/66163), loss: 1.7357, logits_loss: 1.7357, aux_loss: 0.0000, lr: 0.00011727, epoch_time: 98.0min
Epoch:[2/2](32740/66163), loss: 1.6705, logits_loss: 1.6705, aux_loss: 0.0000, lr: 0.00011720, epoch_time: 98.0min
Epoch:[2/2](32760/66163), loss: 1.7047, logits_loss: 1.7047, aux_loss: 0.0000, lr: 0.00011712, epoch_time: 98.0min
Epoch:[2/2](32780/66163), loss: 1.5458, logits_loss: 1.5458, aux_loss: 0.0000, lr: 0.00011704, epoch_time: 98.0min
Epoch:[2/2](32800/66163), loss: 1.7512, logits_loss: 1.7512, aux_loss: 0.0000, lr: 0.00011697, epoch_time: 98.0min
Epoch:[2/2](32820/66163), loss: 1.6727, logits_loss: 1.6727, aux_loss: 0.0000, lr: 0.00011689, epoch_time: 98.0min
Epoch:[2/2](32840/66163), loss: 1.6468, logits_loss: 1.6468, aux_loss: 0.0000, lr: 0.00011682, epoch_time: 98.0min
Epoch:[2/2](32860/66163), loss: 1.6404, logits_loss: 1.6404, aux_loss: 0.0000, lr: 0.00011674, epoch_time: 97.0min
Epoch:[2/2](32880/66163), loss: 1.6351, logits_loss: 1.6351, aux_loss: 0.0000, lr: 0.00011666, epoch_time: 97.0min
Epoch:[2/2](32900/66163), loss: 1.6526, logits_loss: 1.6526, aux_loss: 0.0000, lr: 0.00011659, epoch_time: 97.0min
Epoch:[2/2](32920/66163), loss: 1.6538, logits_loss: 1.6538, aux_loss: 0.0000, lr: 0.00011651, epoch_time: 97.0min
Epoch:[2/2](32940/66163), loss: 1.7042, logits_loss: 1.7042, aux_loss: 0.0000, lr: 0.00011644, epoch_time: 97.0min
Epoch:[2/2](32960/66163), loss: 1.6047, logits_loss: 1.6047, aux_loss: 0.0000, lr: 0.00011636, epoch_time: 97.0min
Epoch:[2/2](32980/66163), loss: 1.6775, logits_loss: 1.6775, aux_loss: 0.0000, lr: 0.00011628, epoch_time: 97.0min
Epoch:[2/2](33000/66163), loss: 1.6414, logits_loss: 1.6414, aux_loss: 0.0000, lr: 0.00011621, epoch_time: 97.0min
Epoch:[2/2](33020/66163), loss: 1.7359, logits_loss: 1.7359, aux_loss: 0.0000, lr: 0.00011613, epoch_time: 97.0min
Epoch:[2/2](33040/66163), loss: 1.6619, logits_loss: 1.6619, aux_loss: 0.0000, lr: 0.00011606, epoch_time: 97.0min
Epoch:[2/2](33060/66163), loss: 1.6488, logits_loss: 1.6488, aux_loss: 0.0000, lr: 0.00011598, epoch_time: 97.0min
Epoch:[2/2](33080/66163), loss: 1.7001, logits_loss: 1.7001, aux_loss: 0.0000, lr: 0.00011591, epoch_time: 97.0min
Epoch:[2/2](33100/66163), loss: 1.7501, logits_loss: 1.7501, aux_loss: 0.0000, lr: 0.00011583, epoch_time: 97.0min
Epoch:[2/2](33120/66163), loss: 1.7726, logits_loss: 1.7726, aux_loss: 0.0000, lr: 0.00011576, epoch_time: 96.0min
Epoch:[2/2](33140/66163), loss: 1.7816, logits_loss: 1.7816, aux_loss: 0.0000, lr: 0.00011568, epoch_time: 96.0min
Epoch:[2/2](33160/66163), loss: 1.7082, logits_loss: 1.7082, aux_loss: 0.0000, lr: 0.00011560, epoch_time: 96.0min
Epoch:[2/2](33180/66163), loss: 1.7229, logits_loss: 1.7229, aux_loss: 0.0000, lr: 0.00011553, epoch_time: 96.0min
Epoch:[2/2](33200/66163), loss: 1.6047, logits_loss: 1.6047, aux_loss: 0.0000, lr: 0.00011545, epoch_time: 96.0min
Epoch:[2/2](33220/66163), loss: 1.6721, logits_loss: 1.6721, aux_loss: 0.0000, lr: 0.00011538, epoch_time: 96.0min
Epoch:[2/2](33240/66163), loss: 1.6971, logits_loss: 1.6971, aux_loss: 0.0000, lr: 0.00011530, epoch_time: 96.0min
Epoch:[2/2](33260/66163), loss: 1.6959, logits_loss: 1.6959, aux_loss: 0.0000, lr: 0.00011523, epoch_time: 97.0min
Epoch:[2/2](33280/66163), loss: 1.6662, logits_loss: 1.6662, aux_loss: 0.0000, lr: 0.00011515, epoch_time: 97.0min
Epoch:[2/2](33300/66163), loss: 1.6228, logits_loss: 1.6228, aux_loss: 0.0000, lr: 0.00011508, epoch_time: 97.0min
Epoch:[2/2](33320/66163), loss: 1.6334, logits_loss: 1.6334, aux_loss: 0.0000, lr: 0.00011500, epoch_time: 97.0min
Epoch:[2/2](33340/66163), loss: 1.7303, logits_loss: 1.7303, aux_loss: 0.0000, lr: 0.00011493, epoch_time: 97.0min
Epoch:[2/2](33360/66163), loss: 1.6956, logits_loss: 1.6956, aux_loss: 0.0000, lr: 0.00011485, epoch_time: 97.0min
Epoch:[2/2](33380/66163), loss: 1.7013, logits_loss: 1.7013, aux_loss: 0.0000, lr: 0.00011478, epoch_time: 96.0min
Epoch:[2/2](33400/66163), loss: 1.6425, logits_loss: 1.6425, aux_loss: 0.0000, lr: 0.00011470, epoch_time: 96.0min
Epoch:[2/2](33420/66163), loss: 1.6160, logits_loss: 1.6160, aux_loss: 0.0000, lr: 0.00011463, epoch_time: 96.0min
Epoch:[2/2](33440/66163), loss: 1.6121, logits_loss: 1.6121, aux_loss: 0.0000, lr: 0.00011455, epoch_time: 96.0min
Epoch:[2/2](33460/66163), loss: 1.6976, logits_loss: 1.6976, aux_loss: 0.0000, lr: 0.00011448, epoch_time: 96.0min
Epoch:[2/2](33480/66163), loss: 1.7087, logits_loss: 1.7087, aux_loss: 0.0000, lr: 0.00011440, epoch_time: 96.0min
Epoch:[2/2](33500/66163), loss: 1.6287, logits_loss: 1.6287, aux_loss: 0.0000, lr: 0.00011433, epoch_time: 96.0min
Epoch:[2/2](33520/66163), loss: 1.6304, logits_loss: 1.6304, aux_loss: 0.0000, lr: 0.00011425, epoch_time: 96.0min
Epoch:[2/2](33540/66163), loss: 1.7307, logits_loss: 1.7307, aux_loss: 0.0000, lr: 0.00011418, epoch_time: 96.0min
Epoch:[2/2](33560/66163), loss: 1.7481, logits_loss: 1.7481, aux_loss: 0.0000, lr: 0.00011410, epoch_time: 96.0min
Epoch:[2/2](33580/66163), loss: 1.6432, logits_loss: 1.6432, aux_loss: 0.0000, lr: 0.00011403, epoch_time: 96.0min
Epoch:[2/2](33600/66163), loss: 1.7168, logits_loss: 1.7168, aux_loss: 0.0000, lr: 0.00011395, epoch_time: 96.0min
Epoch:[2/2](33620/66163), loss: 1.6000, logits_loss: 1.6000, aux_loss: 0.0000, lr: 0.00011388, epoch_time: 96.0min
Epoch:[2/2](33640/66163), loss: 1.6462, logits_loss: 1.6462, aux_loss: 0.0000, lr: 0.00011381, epoch_time: 95.0min
Epoch:[2/2](33660/66163), loss: 1.6659, logits_loss: 1.6659, aux_loss: 0.0000, lr: 0.00011373, epoch_time: 95.0min
Epoch:[2/2](33680/66163), loss: 1.5737, logits_loss: 1.5737, aux_loss: 0.0000, lr: 0.00011366, epoch_time: 95.0min
Epoch:[2/2](33700/66163), loss: 1.6092, logits_loss: 1.6092, aux_loss: 0.0000, lr: 0.00011358, epoch_time: 95.0min
Epoch:[2/2](33720/66163), loss: 1.6594, logits_loss: 1.6594, aux_loss: 0.0000, lr: 0.00011351, epoch_time: 95.0min
Epoch:[2/2](33740/66163), loss: 1.7475, logits_loss: 1.7475, aux_loss: 0.0000, lr: 0.00011343, epoch_time: 95.0min
Epoch:[2/2](33760/66163), loss: 1.6417, logits_loss: 1.6417, aux_loss: 0.0000, lr: 0.00011336, epoch_time: 95.0min
Epoch:[2/2](33780/66163), loss: 1.5947, logits_loss: 1.5947, aux_loss: 0.0000, lr: 0.00011328, epoch_time: 95.0min
Epoch:[2/2](33800/66163), loss: 1.6586, logits_loss: 1.6586, aux_loss: 0.0000, lr: 0.00011321, epoch_time: 95.0min
Epoch:[2/2](33820/66163), loss: 1.6090, logits_loss: 1.6090, aux_loss: 0.0000, lr: 0.00011314, epoch_time: 95.0min
Epoch:[2/2](33840/66163), loss: 1.5655, logits_loss: 1.5655, aux_loss: 0.0000, lr: 0.00011306, epoch_time: 95.0min
Epoch:[2/2](33860/66163), loss: 1.6938, logits_loss: 1.6938, aux_loss: 0.0000, lr: 0.00011299, epoch_time: 95.0min
Epoch:[2/2](33880/66163), loss: 1.6564, logits_loss: 1.6564, aux_loss: 0.0000, lr: 0.00011291, epoch_time: 95.0min
Epoch:[2/2](33900/66163), loss: 1.7227, logits_loss: 1.7227, aux_loss: 0.0000, lr: 0.00011284, epoch_time: 94.0min
Epoch:[2/2](33920/66163), loss: 1.7539, logits_loss: 1.7539, aux_loss: 0.0000, lr: 0.00011277, epoch_time: 94.0min
Epoch:[2/2](33940/66163), loss: 1.7470, logits_loss: 1.7470, aux_loss: 0.0000, lr: 0.00011269, epoch_time: 94.0min
Epoch:[2/2](33960/66163), loss: 1.6197, logits_loss: 1.6197, aux_loss: 0.0000, lr: 0.00011262, epoch_time: 94.0min
Epoch:[2/2](33980/66163), loss: 1.6355, logits_loss: 1.6355, aux_loss: 0.0000, lr: 0.00011254, epoch_time: 94.0min
Epoch:[2/2](34000/66163), loss: 1.6126, logits_loss: 1.6126, aux_loss: 0.0000, lr: 0.00011247, epoch_time: 94.0min
Epoch:[2/2](34020/66163), loss: 1.6149, logits_loss: 1.6149, aux_loss: 0.0000, lr: 0.00011240, epoch_time: 94.0min
Epoch:[2/2](34040/66163), loss: 1.8933, logits_loss: 1.8933, aux_loss: 0.0000, lr: 0.00011232, epoch_time: 94.0min
Epoch:[2/2](34060/66163), loss: 1.6424, logits_loss: 1.6424, aux_loss: 0.0000, lr: 0.00011225, epoch_time: 94.0min
Epoch:[2/2](34080/66163), loss: 1.6490, logits_loss: 1.6490, aux_loss: 0.0000, lr: 0.00011217, epoch_time: 94.0min
Epoch:[2/2](34100/66163), loss: 1.7133, logits_loss: 1.7133, aux_loss: 0.0000, lr: 0.00011210, epoch_time: 94.0min
Epoch:[2/2](34120/66163), loss: 1.5777, logits_loss: 1.5777, aux_loss: 0.0000, lr: 0.00011203, epoch_time: 94.0min
Epoch:[2/2](34140/66163), loss: 1.7177, logits_loss: 1.7177, aux_loss: 0.0000, lr: 0.00011195, epoch_time: 94.0min
Epoch:[2/2](34160/66163), loss: 1.7859, logits_loss: 1.7859, aux_loss: 0.0000, lr: 0.00011188, epoch_time: 94.0min
Epoch:[2/2](34180/66163), loss: 1.5644, logits_loss: 1.5644, aux_loss: 0.0000, lr: 0.00011181, epoch_time: 93.0min
Epoch:[2/2](34200/66163), loss: 1.7029, logits_loss: 1.7029, aux_loss: 0.0000, lr: 0.00011173, epoch_time: 93.0min
Epoch:[2/2](34220/66163), loss: 1.6759, logits_loss: 1.6759, aux_loss: 0.0000, lr: 0.00011166, epoch_time: 93.0min
Epoch:[2/2](34240/66163), loss: 1.6049, logits_loss: 1.6049, aux_loss: 0.0000, lr: 0.00011159, epoch_time: 93.0min
Epoch:[2/2](34260/66163), loss: 1.7520, logits_loss: 1.7520, aux_loss: 0.0000, lr: 0.00011151, epoch_time: 93.0min
Epoch:[2/2](34280/66163), loss: 1.6136, logits_loss: 1.6136, aux_loss: 0.0000, lr: 0.00011144, epoch_time: 93.0min
Epoch:[2/2](34300/66163), loss: 1.7179, logits_loss: 1.7179, aux_loss: 0.0000, lr: 0.00011137, epoch_time: 93.0min
Epoch:[2/2](34320/66163), loss: 1.6284, logits_loss: 1.6284, aux_loss: 0.0000, lr: 0.00011129, epoch_time: 93.0min
Epoch:[2/2](34340/66163), loss: 1.6489, logits_loss: 1.6489, aux_loss: 0.0000, lr: 0.00011122, epoch_time: 93.0min
Epoch:[2/2](34360/66163), loss: 1.6968, logits_loss: 1.6968, aux_loss: 0.0000, lr: 0.00011115, epoch_time: 93.0min
Epoch:[2/2](34380/66163), loss: 1.6381, logits_loss: 1.6381, aux_loss: 0.0000, lr: 0.00011107, epoch_time: 94.0min
Epoch:[2/2](34400/66163), loss: 1.6969, logits_loss: 1.6969, aux_loss: 0.0000, lr: 0.00011100, epoch_time: 94.0min
Epoch:[2/2](34420/66163), loss: 1.6759, logits_loss: 1.6759, aux_loss: 0.0000, lr: 0.00011093, epoch_time: 93.0min
Epoch:[2/2](34440/66163), loss: 1.7001, logits_loss: 1.7001, aux_loss: 0.0000, lr: 0.00011085, epoch_time: 93.0min
Epoch:[2/2](34460/66163), loss: 1.7336, logits_loss: 1.7336, aux_loss: 0.0000, lr: 0.00011078, epoch_time: 93.0min
Epoch:[2/2](34480/66163), loss: 1.7346, logits_loss: 1.7346, aux_loss: 0.0000, lr: 0.00011071, epoch_time: 93.0min
Epoch:[2/2](34500/66163), loss: 1.6350, logits_loss: 1.6350, aux_loss: 0.0000, lr: 0.00011063, epoch_time: 93.0min
Epoch:[2/2](34520/66163), loss: 1.7691, logits_loss: 1.7691, aux_loss: 0.0000, lr: 0.00011056, epoch_time: 93.0min
Epoch:[2/2](34540/66163), loss: 1.7783, logits_loss: 1.7783, aux_loss: 0.0000, lr: 0.00011049, epoch_time: 93.0min
Epoch:[2/2](34560/66163), loss: 1.6679, logits_loss: 1.6679, aux_loss: 0.0000, lr: 0.00011042, epoch_time: 93.0min
Epoch:[2/2](34580/66163), loss: 1.6765, logits_loss: 1.6765, aux_loss: 0.0000, lr: 0.00011034, epoch_time: 93.0min
Epoch:[2/2](34600/66163), loss: 1.6647, logits_loss: 1.6647, aux_loss: 0.0000, lr: 0.00011027, epoch_time: 93.0min
Epoch:[2/2](34620/66163), loss: 1.7753, logits_loss: 1.7753, aux_loss: 0.0000, lr: 0.00011020, epoch_time: 93.0min
Epoch:[2/2](34640/66163), loss: 1.6765, logits_loss: 1.6765, aux_loss: 0.0000, lr: 0.00011012, epoch_time: 93.0min
Epoch:[2/2](34660/66163), loss: 1.6066, logits_loss: 1.6066, aux_loss: 0.0000, lr: 0.00011005, epoch_time: 93.0min
Epoch:[2/2](34680/66163), loss: 1.6804, logits_loss: 1.6804, aux_loss: 0.0000, lr: 0.00010998, epoch_time: 92.0min
Epoch:[2/2](34700/66163), loss: 1.6562, logits_loss: 1.6562, aux_loss: 0.0000, lr: 0.00010991, epoch_time: 92.0min
Epoch:[2/2](34720/66163), loss: 1.7271, logits_loss: 1.7271, aux_loss: 0.0000, lr: 0.00010983, epoch_time: 92.0min
Epoch:[2/2](34740/66163), loss: 1.7309, logits_loss: 1.7309, aux_loss: 0.0000, lr: 0.00010976, epoch_time: 92.0min
Epoch:[2/2](34760/66163), loss: 1.5287, logits_loss: 1.5287, aux_loss: 0.0000, lr: 0.00010969, epoch_time: 92.0min
Epoch:[2/2](34780/66163), loss: 1.5866, logits_loss: 1.5866, aux_loss: 0.0000, lr: 0.00010962, epoch_time: 92.0min
Epoch:[2/2](34800/66163), loss: 1.6944, logits_loss: 1.6944, aux_loss: 0.0000, lr: 0.00010954, epoch_time: 92.0min
Epoch:[2/2](34820/66163), loss: 1.6652, logits_loss: 1.6652, aux_loss: 0.0000, lr: 0.00010947, epoch_time: 92.0min
Epoch:[2/2](34840/66163), loss: 1.6224, logits_loss: 1.6224, aux_loss: 0.0000, lr: 0.00010940, epoch_time: 92.0min
Epoch:[2/2](34860/66163), loss: 1.7685, logits_loss: 1.7685, aux_loss: 0.0000, lr: 0.00010933, epoch_time: 92.0min
Epoch:[2/2](34880/66163), loss: 1.6468, logits_loss: 1.6468, aux_loss: 0.0000, lr: 0.00010925, epoch_time: 92.0min
Epoch:[2/2](34900/66163), loss: 1.6793, logits_loss: 1.6793, aux_loss: 0.0000, lr: 0.00010918, epoch_time: 92.0min
Epoch:[2/2](34920/66163), loss: 1.6292, logits_loss: 1.6292, aux_loss: 0.0000, lr: 0.00010911, epoch_time: 92.0min
Epoch:[2/2](34940/66163), loss: 1.6117, logits_loss: 1.6117, aux_loss: 0.0000, lr: 0.00010904, epoch_time: 92.0min
Epoch:[2/2](34960/66163), loss: 1.7273, logits_loss: 1.7273, aux_loss: 0.0000, lr: 0.00010897, epoch_time: 91.0min
Epoch:[2/2](34980/66163), loss: 1.6560, logits_loss: 1.6560, aux_loss: 0.0000, lr: 0.00010889, epoch_time: 91.0min
Epoch:[2/2](35000/66163), loss: 1.7369, logits_loss: 1.7369, aux_loss: 0.0000, lr: 0.00010882, epoch_time: 91.0min
Epoch:[2/2](35020/66163), loss: 1.6405, logits_loss: 1.6405, aux_loss: 0.0000, lr: 0.00010875, epoch_time: 91.0min
Epoch:[2/2](35040/66163), loss: 1.6499, logits_loss: 1.6499, aux_loss: 0.0000, lr: 0.00010868, epoch_time: 91.0min
Epoch:[2/2](35060/66163), loss: 1.6683, logits_loss: 1.6683, aux_loss: 0.0000, lr: 0.00010861, epoch_time: 91.0min
Epoch:[2/2](35080/66163), loss: 1.6920, logits_loss: 1.6920, aux_loss: 0.0000, lr: 0.00010853, epoch_time: 91.0min
Epoch:[2/2](35100/66163), loss: 1.7007, logits_loss: 1.7007, aux_loss: 0.0000, lr: 0.00010846, epoch_time: 91.0min
Epoch:[2/2](35120/66163), loss: 1.7245, logits_loss: 1.7245, aux_loss: 0.0000, lr: 0.00010839, epoch_time: 91.0min
Epoch:[2/2](35140/66163), loss: 1.6671, logits_loss: 1.6671, aux_loss: 0.0000, lr: 0.00010832, epoch_time: 91.0min
Epoch:[2/2](35160/66163), loss: 1.6431, logits_loss: 1.6431, aux_loss: 0.0000, lr: 0.00010825, epoch_time: 91.0min
Epoch:[2/2](35180/66163), loss: 1.6277, logits_loss: 1.6277, aux_loss: 0.0000, lr: 0.00010818, epoch_time: 91.0min
Epoch:[2/2](35200/66163), loss: 1.6691, logits_loss: 1.6691, aux_loss: 0.0000, lr: 0.00010810, epoch_time: 91.0min
Epoch:[2/2](35220/66163), loss: 1.6298, logits_loss: 1.6298, aux_loss: 0.0000, lr: 0.00010803, epoch_time: 91.0min
Epoch:[2/2](35240/66163), loss: 1.7066, logits_loss: 1.7066, aux_loss: 0.0000, lr: 0.00010796, epoch_time: 91.0min
Epoch:[2/2](35260/66163), loss: 1.7691, logits_loss: 1.7691, aux_loss: 0.0000, lr: 0.00010789, epoch_time: 91.0min
Epoch:[2/2](35280/66163), loss: 1.6559, logits_loss: 1.6559, aux_loss: 0.0000, lr: 0.00010782, epoch_time: 90.0min
Epoch:[2/2](35300/66163), loss: 1.6770, logits_loss: 1.6770, aux_loss: 0.0000, lr: 0.00010775, epoch_time: 90.0min
Epoch:[2/2](35320/66163), loss: 1.7491, logits_loss: 1.7491, aux_loss: 0.0000, lr: 0.00010767, epoch_time: 90.0min
Epoch:[2/2](35340/66163), loss: 1.7376, logits_loss: 1.7376, aux_loss: 0.0000, lr: 0.00010760, epoch_time: 90.0min
Epoch:[2/2](35360/66163), loss: 1.6345, logits_loss: 1.6345, aux_loss: 0.0000, lr: 0.00010753, epoch_time: 90.0min
Epoch:[2/2](35380/66163), loss: 1.6888, logits_loss: 1.6888, aux_loss: 0.0000, lr: 0.00010746, epoch_time: 90.0min
Epoch:[2/2](35400/66163), loss: 1.6733, logits_loss: 1.6733, aux_loss: 0.0000, lr: 0.00010739, epoch_time: 90.0min
Epoch:[2/2](35420/66163), loss: 1.6458, logits_loss: 1.6458, aux_loss: 0.0000, lr: 0.00010732, epoch_time: 90.0min
Epoch:[2/2](35440/66163), loss: 1.6862, logits_loss: 1.6862, aux_loss: 0.0000, lr: 0.00010725, epoch_time: 90.0min
Epoch:[2/2](35460/66163), loss: 1.6998, logits_loss: 1.6998, aux_loss: 0.0000, lr: 0.00010718, epoch_time: 90.0min
Epoch:[2/2](35480/66163), loss: 1.7174, logits_loss: 1.7174, aux_loss: 0.0000, lr: 0.00010710, epoch_time: 90.0min
Epoch:[2/2](35500/66163), loss: 1.7031, logits_loss: 1.7031, aux_loss: 0.0000, lr: 0.00010703, epoch_time: 90.0min
Epoch:[2/2](35520/66163), loss: 1.6851, logits_loss: 1.6851, aux_loss: 0.0000, lr: 0.00010696, epoch_time: 90.0min
Epoch:[2/2](35540/66163), loss: 1.7468, logits_loss: 1.7468, aux_loss: 0.0000, lr: 0.00010689, epoch_time: 89.0min
Epoch:[2/2](35560/66163), loss: 1.7138, logits_loss: 1.7138, aux_loss: 0.0000, lr: 0.00010682, epoch_time: 89.0min
Epoch:[2/2](35580/66163), loss: 1.6210, logits_loss: 1.6210, aux_loss: 0.0000, lr: 0.00010675, epoch_time: 89.0min
Epoch:[2/2](35600/66163), loss: 1.6157, logits_loss: 1.6157, aux_loss: 0.0000, lr: 0.00010668, epoch_time: 89.0min
Epoch:[2/2](35620/66163), loss: 1.6185, logits_loss: 1.6185, aux_loss: 0.0000, lr: 0.00010661, epoch_time: 89.0min
Epoch:[2/2](35640/66163), loss: 1.6812, logits_loss: 1.6812, aux_loss: 0.0000, lr: 0.00010654, epoch_time: 89.0min
Epoch:[2/2](35660/66163), loss: 1.6601, logits_loss: 1.6601, aux_loss: 0.0000, lr: 0.00010647, epoch_time: 89.0min
Epoch:[2/2](35680/66163), loss: 1.6832, logits_loss: 1.6832, aux_loss: 0.0000, lr: 0.00010639, epoch_time: 89.0min
Epoch:[2/2](35700/66163), loss: 1.7154, logits_loss: 1.7154, aux_loss: 0.0000, lr: 0.00010632, epoch_time: 89.0min
Epoch:[2/2](35720/66163), loss: 1.6531, logits_loss: 1.6531, aux_loss: 0.0000, lr: 0.00010625, epoch_time: 89.0min
Epoch:[2/2](35740/66163), loss: 1.5868, logits_loss: 1.5868, aux_loss: 0.0000, lr: 0.00010618, epoch_time: 89.0min
Epoch:[2/2](35760/66163), loss: 1.6605, logits_loss: 1.6605, aux_loss: 0.0000, lr: 0.00010611, epoch_time: 90.0min
Epoch:[2/2](35780/66163), loss: 1.7084, logits_loss: 1.7084, aux_loss: 0.0000, lr: 0.00010604, epoch_time: 89.0min
Epoch:[2/2](35800/66163), loss: 1.6662, logits_loss: 1.6662, aux_loss: 0.0000, lr: 0.00010597, epoch_time: 89.0min
Epoch:[2/2](35820/66163), loss: 1.6347, logits_loss: 1.6347, aux_loss: 0.0000, lr: 0.00010590, epoch_time: 89.0min
Epoch:[2/2](35840/66163), loss: 1.6893, logits_loss: 1.6893, aux_loss: 0.0000, lr: 0.00010583, epoch_time: 89.0min
Epoch:[2/2](35860/66163), loss: 1.7336, logits_loss: 1.7336, aux_loss: 0.0000, lr: 0.00010576, epoch_time: 89.0min
Epoch:[2/2](35880/66163), loss: 1.5598, logits_loss: 1.5598, aux_loss: 0.0000, lr: 0.00010569, epoch_time: 89.0min
Epoch:[2/2](35900/66163), loss: 1.6043, logits_loss: 1.6043, aux_loss: 0.0000, lr: 0.00010562, epoch_time: 89.0min
Epoch:[2/2](35920/66163), loss: 1.7423, logits_loss: 1.7423, aux_loss: 0.0000, lr: 0.00010555, epoch_time: 89.0min
Epoch:[2/2](35940/66163), loss: 1.7602, logits_loss: 1.7602, aux_loss: 0.0000, lr: 0.00010548, epoch_time: 89.0min
Epoch:[2/2](35960/66163), loss: 1.5991, logits_loss: 1.5991, aux_loss: 0.0000, lr: 0.00010541, epoch_time: 89.0min
Epoch:[2/2](35980/66163), loss: 1.6274, logits_loss: 1.6274, aux_loss: 0.0000, lr: 0.00010534, epoch_time: 89.0min
Epoch:[2/2](36000/66163), loss: 1.7450, logits_loss: 1.7450, aux_loss: 0.0000, lr: 0.00010527, epoch_time: 89.0min
Epoch:[2/2](36020/66163), loss: 1.7394, logits_loss: 1.7394, aux_loss: 0.0000, lr: 0.00010520, epoch_time: 89.0min
Epoch:[2/2](36040/66163), loss: 1.6297, logits_loss: 1.6297, aux_loss: 0.0000, lr: 0.00010513, epoch_time: 89.0min
Epoch:[2/2](36060/66163), loss: 1.6235, logits_loss: 1.6235, aux_loss: 0.0000, lr: 0.00010506, epoch_time: 88.0min
Epoch:[2/2](36080/66163), loss: 1.7165, logits_loss: 1.7165, aux_loss: 0.0000, lr: 0.00010499, epoch_time: 88.0min
Epoch:[2/2](36100/66163), loss: 1.7083, logits_loss: 1.7083, aux_loss: 0.0000, lr: 0.00010492, epoch_time: 88.0min
Epoch:[2/2](36120/66163), loss: 1.6226, logits_loss: 1.6226, aux_loss: 0.0000, lr: 0.00010485, epoch_time: 88.0min
Epoch:[2/2](36140/66163), loss: 1.7034, logits_loss: 1.7034, aux_loss: 0.0000, lr: 0.00010478, epoch_time: 88.0min
Epoch:[2/2](36160/66163), loss: 1.7318, logits_loss: 1.7318, aux_loss: 0.0000, lr: 0.00010471, epoch_time: 88.0min
Epoch:[2/2](36180/66163), loss: 1.6581, logits_loss: 1.6581, aux_loss: 0.0000, lr: 0.00010464, epoch_time: 88.0min
Epoch:[2/2](36200/66163), loss: 1.6518, logits_loss: 1.6518, aux_loss: 0.0000, lr: 0.00010457, epoch_time: 88.0min
Epoch:[2/2](36220/66163), loss: 1.6037, logits_loss: 1.6037, aux_loss: 0.0000, lr: 0.00010450, epoch_time: 88.0min
Epoch:[2/2](36240/66163), loss: 1.6672, logits_loss: 1.6672, aux_loss: 0.0000, lr: 0.00010443, epoch_time: 88.0min
Epoch:[2/2](36260/66163), loss: 1.7264, logits_loss: 1.7264, aux_loss: 0.0000, lr: 0.00010436, epoch_time: 88.0min
Epoch:[2/2](36280/66163), loss: 1.7162, logits_loss: 1.7162, aux_loss: 0.0000, lr: 0.00010429, epoch_time: 88.0min
Epoch:[2/2](36300/66163), loss: 1.7208, logits_loss: 1.7208, aux_loss: 0.0000, lr: 0.00010422, epoch_time: 88.0min
Epoch:[2/2](36320/66163), loss: 1.6803, logits_loss: 1.6803, aux_loss: 0.0000, lr: 0.00010415, epoch_time: 87.0min
Epoch:[2/2](36340/66163), loss: 1.7616, logits_loss: 1.7616, aux_loss: 0.0000, lr: 0.00010408, epoch_time: 87.0min
Epoch:[2/2](36360/66163), loss: 1.7075, logits_loss: 1.7075, aux_loss: 0.0000, lr: 0.00010401, epoch_time: 87.0min
Epoch:[2/2](36380/66163), loss: 1.7787, logits_loss: 1.7787, aux_loss: 0.0000, lr: 0.00010394, epoch_time: 87.0min
Epoch:[2/2](36400/66163), loss: 1.6075, logits_loss: 1.6075, aux_loss: 0.0000, lr: 0.00010387, epoch_time: 87.0min
Epoch:[2/2](36420/66163), loss: 1.6863, logits_loss: 1.6863, aux_loss: 0.0000, lr: 0.00010380, epoch_time: 87.0min
Epoch:[2/2](36440/66163), loss: 1.5967, logits_loss: 1.5967, aux_loss: 0.0000, lr: 0.00010373, epoch_time: 87.0min
Epoch:[2/2](36460/66163), loss: 1.6634, logits_loss: 1.6634, aux_loss: 0.0000, lr: 0.00010366, epoch_time: 87.0min
Epoch:[2/2](36480/66163), loss: 1.6866, logits_loss: 1.6866, aux_loss: 0.0000, lr: 0.00010360, epoch_time: 87.0min
Epoch:[2/2](36500/66163), loss: 1.6663, logits_loss: 1.6663, aux_loss: 0.0000, lr: 0.00010353, epoch_time: 87.0min
Epoch:[2/2](36520/66163), loss: 1.7239, logits_loss: 1.7239, aux_loss: 0.0000, lr: 0.00010346, epoch_time: 87.0min
Epoch:[2/2](36540/66163), loss: 1.6956, logits_loss: 1.6956, aux_loss: 0.0000, lr: 0.00010339, epoch_time: 87.0min
Epoch:[2/2](36560/66163), loss: 1.7498, logits_loss: 1.7498, aux_loss: 0.0000, lr: 0.00010332, epoch_time: 87.0min
Epoch:[2/2](36580/66163), loss: 1.5851, logits_loss: 1.5851, aux_loss: 0.0000, lr: 0.00010325, epoch_time: 87.0min
Epoch:[2/2](36600/66163), loss: 1.7384, logits_loss: 1.7384, aux_loss: 0.0000, lr: 0.00010318, epoch_time: 86.0min
Epoch:[2/2](36620/66163), loss: 1.6778, logits_loss: 1.6778, aux_loss: 0.0000, lr: 0.00010311, epoch_time: 86.0min
Epoch:[2/2](36640/66163), loss: 1.7238, logits_loss: 1.7238, aux_loss: 0.0000, lr: 0.00010304, epoch_time: 86.0min
Epoch:[2/2](36660/66163), loss: 1.6897, logits_loss: 1.6897, aux_loss: 0.0000, lr: 0.00010297, epoch_time: 86.0min
Epoch:[2/2](36680/66163), loss: 1.6972, logits_loss: 1.6972, aux_loss: 0.0000, lr: 0.00010291, epoch_time: 86.0min
Epoch:[2/2](36700/66163), loss: 1.7229, logits_loss: 1.7229, aux_loss: 0.0000, lr: 0.00010284, epoch_time: 86.0min
Epoch:[2/2](36720/66163), loss: 1.7080, logits_loss: 1.7080, aux_loss: 0.0000, lr: 0.00010277, epoch_time: 86.0min
Epoch:[2/2](36740/66163), loss: 1.6741, logits_loss: 1.6741, aux_loss: 0.0000, lr: 0.00010270, epoch_time: 86.0min
Epoch:[2/2](36760/66163), loss: 1.6484, logits_loss: 1.6484, aux_loss: 0.0000, lr: 0.00010263, epoch_time: 86.0min
Epoch:[2/2](36780/66163), loss: 1.6819, logits_loss: 1.6819, aux_loss: 0.0000, lr: 0.00010256, epoch_time: 86.0min
Epoch:[2/2](36800/66163), loss: 1.7075, logits_loss: 1.7075, aux_loss: 0.0000, lr: 0.00010249, epoch_time: 86.0min
Epoch:[2/2](36820/66163), loss: 1.6049, logits_loss: 1.6049, aux_loss: 0.0000, lr: 0.00010242, epoch_time: 86.0min
Epoch:[2/2](36840/66163), loss: 1.6008, logits_loss: 1.6008, aux_loss: 0.0000, lr: 0.00010236, epoch_time: 86.0min
Epoch:[2/2](36860/66163), loss: 1.6421, logits_loss: 1.6421, aux_loss: 0.0000, lr: 0.00010229, epoch_time: 86.0min
Epoch:[2/2](36880/66163), loss: 1.5915, logits_loss: 1.5915, aux_loss: 0.0000, lr: 0.00010222, epoch_time: 86.0min
Epoch:[2/2](36900/66163), loss: 1.5426, logits_loss: 1.5426, aux_loss: 0.0000, lr: 0.00010215, epoch_time: 86.0min
Epoch:[2/2](36920/66163), loss: 1.7091, logits_loss: 1.7091, aux_loss: 0.0000, lr: 0.00010208, epoch_time: 86.0min
Epoch:[2/2](36940/66163), loss: 1.6694, logits_loss: 1.6694, aux_loss: 0.0000, lr: 0.00010201, epoch_time: 86.0min
Epoch:[2/2](36960/66163), loss: 1.7907, logits_loss: 1.7907, aux_loss: 0.0000, lr: 0.00010195, epoch_time: 86.0min
Epoch:[2/2](36980/66163), loss: 1.6001, logits_loss: 1.6001, aux_loss: 0.0000, lr: 0.00010188, epoch_time: 86.0min
Epoch:[2/2](37000/66163), loss: 1.5976, logits_loss: 1.5976, aux_loss: 0.0000, lr: 0.00010181, epoch_time: 86.0min
Epoch:[2/2](37020/66163), loss: 1.6443, logits_loss: 1.6443, aux_loss: 0.0000, lr: 0.00010174, epoch_time: 86.0min
Epoch:[2/2](37040/66163), loss: 1.5595, logits_loss: 1.5595, aux_loss: 0.0000, lr: 0.00010167, epoch_time: 86.0min
Epoch:[2/2](37060/66163), loss: 1.6673, logits_loss: 1.6673, aux_loss: 0.0000, lr: 0.00010160, epoch_time: 86.0min
Epoch:[2/2](37080/66163), loss: 1.6624, logits_loss: 1.6624, aux_loss: 0.0000, lr: 0.00010154, epoch_time: 86.0min
Epoch:[2/2](37100/66163), loss: 1.6271, logits_loss: 1.6271, aux_loss: 0.0000, lr: 0.00010147, epoch_time: 85.0min
Epoch:[2/2](37120/66163), loss: 1.7325, logits_loss: 1.7325, aux_loss: 0.0000, lr: 0.00010140, epoch_time: 85.0min
Epoch:[2/2](37140/66163), loss: 1.6473, logits_loss: 1.6473, aux_loss: 0.0000, lr: 0.00010133, epoch_time: 85.0min
Epoch:[2/2](37160/66163), loss: 1.6778, logits_loss: 1.6778, aux_loss: 0.0000, lr: 0.00010126, epoch_time: 85.0min
Epoch:[2/2](37180/66163), loss: 1.6251, logits_loss: 1.6251, aux_loss: 0.0000, lr: 0.00010120, epoch_time: 85.0min
Epoch:[2/2](37200/66163), loss: 1.7067, logits_loss: 1.7067, aux_loss: 0.0000, lr: 0.00010113, epoch_time: 85.0min
Epoch:[2/2](37220/66163), loss: 1.6226, logits_loss: 1.6226, aux_loss: 0.0000, lr: 0.00010106, epoch_time: 85.0min
Epoch:[2/2](37240/66163), loss: 1.7058, logits_loss: 1.7058, aux_loss: 0.0000, lr: 0.00010099, epoch_time: 85.0min
Epoch:[2/2](37260/66163), loss: 1.6318, logits_loss: 1.6318, aux_loss: 0.0000, lr: 0.00010093, epoch_time: 85.0min
Epoch:[2/2](37280/66163), loss: 1.7084, logits_loss: 1.7084, aux_loss: 0.0000, lr: 0.00010086, epoch_time: 85.0min
Epoch:[2/2](37300/66163), loss: 1.7043, logits_loss: 1.7043, aux_loss: 0.0000, lr: 0.00010079, epoch_time: 85.0min
Epoch:[2/2](37320/66163), loss: 1.7155, logits_loss: 1.7155, aux_loss: 0.0000, lr: 0.00010072, epoch_time: 85.0min
Epoch:[2/2](37340/66163), loss: 1.6543, logits_loss: 1.6543, aux_loss: 0.0000, lr: 0.00010066, epoch_time: 85.0min
Epoch:[2/2](37360/66163), loss: 1.6863, logits_loss: 1.6863, aux_loss: 0.0000, lr: 0.00010059, epoch_time: 84.0min
Epoch:[2/2](37380/66163), loss: 1.6727, logits_loss: 1.6727, aux_loss: 0.0000, lr: 0.00010052, epoch_time: 84.0min
Epoch:[2/2](37400/66163), loss: 1.5911, logits_loss: 1.5911, aux_loss: 0.0000, lr: 0.00010045, epoch_time: 84.0min
Epoch:[2/2](37420/66163), loss: 1.6981, logits_loss: 1.6981, aux_loss: 0.0000, lr: 0.00010039, epoch_time: 84.0min
Epoch:[2/2](37440/66163), loss: 1.6546, logits_loss: 1.6546, aux_loss: 0.0000, lr: 0.00010032, epoch_time: 84.0min
Epoch:[2/2](37460/66163), loss: 1.6451, logits_loss: 1.6451, aux_loss: 0.0000, lr: 0.00010025, epoch_time: 84.0min
Epoch:[2/2](37480/66163), loss: 1.5684, logits_loss: 1.5684, aux_loss: 0.0000, lr: 0.00010018, epoch_time: 84.0min
Epoch:[2/2](37500/66163), loss: 1.7407, logits_loss: 1.7407, aux_loss: 0.0000, lr: 0.00010012, epoch_time: 84.0min
Epoch:[2/2](37520/66163), loss: 1.5429, logits_loss: 1.5429, aux_loss: 0.0000, lr: 0.00010005, epoch_time: 84.0min
Epoch:[2/2](37540/66163), loss: 1.7784, logits_loss: 1.7784, aux_loss: 0.0000, lr: 0.00009998, epoch_time: 84.0min
Epoch:[2/2](37560/66163), loss: 1.6167, logits_loss: 1.6167, aux_loss: 0.0000, lr: 0.00009992, epoch_time: 84.0min
Epoch:[2/2](37580/66163), loss: 1.6502, logits_loss: 1.6502, aux_loss: 0.0000, lr: 0.00009985, epoch_time: 84.0min
Epoch:[2/2](37600/66163), loss: 1.6843, logits_loss: 1.6843, aux_loss: 0.0000, lr: 0.00009978, epoch_time: 84.0min
Epoch:[2/2](37620/66163), loss: 1.6520, logits_loss: 1.6520, aux_loss: 0.0000, lr: 0.00009971, epoch_time: 84.0min
Epoch:[2/2](37640/66163), loss: 1.7194, logits_loss: 1.7194, aux_loss: 0.0000, lr: 0.00009965, epoch_time: 83.0min
Epoch:[2/2](37660/66163), loss: 1.7998, logits_loss: 1.7998, aux_loss: 0.0000, lr: 0.00009958, epoch_time: 83.0min
Epoch:[2/2](37680/66163), loss: 1.6058, logits_loss: 1.6058, aux_loss: 0.0000, lr: 0.00009951, epoch_time: 83.0min
Epoch:[2/2](37700/66163), loss: 1.6619, logits_loss: 1.6619, aux_loss: 0.0000, lr: 0.00009945, epoch_time: 83.0min
Epoch:[2/2](37720/66163), loss: 1.6371, logits_loss: 1.6371, aux_loss: 0.0000, lr: 0.00009938, epoch_time: 83.0min
Epoch:[2/2](37740/66163), loss: 1.6677, logits_loss: 1.6677, aux_loss: 0.0000, lr: 0.00009931, epoch_time: 83.0min
Epoch:[2/2](37760/66163), loss: 1.6081, logits_loss: 1.6081, aux_loss: 0.0000, lr: 0.00009925, epoch_time: 83.0min
Epoch:[2/2](37780/66163), loss: 1.6069, logits_loss: 1.6069, aux_loss: 0.0000, lr: 0.00009918, epoch_time: 83.0min
Epoch:[2/2](37800/66163), loss: 1.7226, logits_loss: 1.7226, aux_loss: 0.0000, lr: 0.00009911, epoch_time: 83.0min
Epoch:[2/2](37820/66163), loss: 1.7421, logits_loss: 1.7421, aux_loss: 0.0000, lr: 0.00009905, epoch_time: 83.0min
Epoch:[2/2](37840/66163), loss: 1.6394, logits_loss: 1.6394, aux_loss: 0.0000, lr: 0.00009898, epoch_time: 83.0min
Epoch:[2/2](37860/66163), loss: 1.6948, logits_loss: 1.6948, aux_loss: 0.0000, lr: 0.00009891, epoch_time: 83.0min
Epoch:[2/2](37880/66163), loss: 1.7081, logits_loss: 1.7081, aux_loss: 0.0000, lr: 0.00009885, epoch_time: 83.0min
Epoch:[2/2](37900/66163), loss: 1.6460, logits_loss: 1.6460, aux_loss: 0.0000, lr: 0.00009878, epoch_time: 83.0min
Epoch:[2/2](37920/66163), loss: 1.5985, logits_loss: 1.5985, aux_loss: 0.0000, lr: 0.00009871, epoch_time: 82.0min
Epoch:[2/2](37940/66163), loss: 1.6116, logits_loss: 1.6116, aux_loss: 0.0000, lr: 0.00009865, epoch_time: 82.0min
Epoch:[2/2](37960/66163), loss: 1.6569, logits_loss: 1.6569, aux_loss: 0.0000, lr: 0.00009858, epoch_time: 82.0min
Epoch:[2/2](37980/66163), loss: 1.7275, logits_loss: 1.7275, aux_loss: 0.0000, lr: 0.00009851, epoch_time: 82.0min
Epoch:[2/2](38000/66163), loss: 1.7491, logits_loss: 1.7491, aux_loss: 0.0000, lr: 0.00009845, epoch_time: 82.0min
Epoch:[2/2](38020/66163), loss: 1.7214, logits_loss: 1.7214, aux_loss: 0.0000, lr: 0.00009838, epoch_time: 82.0min
Epoch:[2/2](38040/66163), loss: 1.5940, logits_loss: 1.5940, aux_loss: 0.0000, lr: 0.00009832, epoch_time: 82.0min
Epoch:[2/2](38060/66163), loss: 1.6374, logits_loss: 1.6374, aux_loss: 0.0000, lr: 0.00009825, epoch_time: 82.0min
Epoch:[2/2](38080/66163), loss: 1.6576, logits_loss: 1.6576, aux_loss: 0.0000, lr: 0.00009818, epoch_time: 82.0min
Epoch:[2/2](38100/66163), loss: 1.7036, logits_loss: 1.7036, aux_loss: 0.0000, lr: 0.00009812, epoch_time: 82.0min
Epoch:[2/2](38120/66163), loss: 1.6086, logits_loss: 1.6086, aux_loss: 0.0000, lr: 0.00009805, epoch_time: 82.0min
Epoch:[2/2](38140/66163), loss: 1.7018, logits_loss: 1.7018, aux_loss: 0.0000, lr: 0.00009799, epoch_time: 82.0min
Epoch:[2/2](38160/66163), loss: 1.6719, logits_loss: 1.6719, aux_loss: 0.0000, lr: 0.00009792, epoch_time: 82.0min
Epoch:[2/2](38180/66163), loss: 1.5625, logits_loss: 1.5625, aux_loss: 0.0000, lr: 0.00009785, epoch_time: 82.0min
Epoch:[2/2](38200/66163), loss: 1.6849, logits_loss: 1.6849, aux_loss: 0.0000, lr: 0.00009779, epoch_time: 82.0min
Epoch:[2/2](38220/66163), loss: 1.5492, logits_loss: 1.5492, aux_loss: 0.0000, lr: 0.00009772, epoch_time: 82.0min
Epoch:[2/2](38240/66163), loss: 1.6302, logits_loss: 1.6302, aux_loss: 0.0000, lr: 0.00009766, epoch_time: 82.0min
Epoch:[2/2](38260/66163), loss: 1.6883, logits_loss: 1.6883, aux_loss: 0.0000, lr: 0.00009759, epoch_time: 82.0min
Epoch:[2/2](38280/66163), loss: 1.7145, logits_loss: 1.7145, aux_loss: 0.0000, lr: 0.00009753, epoch_time: 82.0min
Epoch:[2/2](38300/66163), loss: 1.6852, logits_loss: 1.6852, aux_loss: 0.0000, lr: 0.00009746, epoch_time: 82.0min
Epoch:[2/2](38320/66163), loss: 1.6996, logits_loss: 1.6996, aux_loss: 0.0000, lr: 0.00009739, epoch_time: 82.0min
Epoch:[2/2](38340/66163), loss: 1.7123, logits_loss: 1.7123, aux_loss: 0.0000, lr: 0.00009733, epoch_time: 82.0min
Epoch:[2/2](38360/66163), loss: 1.7069, logits_loss: 1.7069, aux_loss: 0.0000, lr: 0.00009726, epoch_time: 82.0min
Epoch:[2/2](38380/66163), loss: 1.6289, logits_loss: 1.6289, aux_loss: 0.0000, lr: 0.00009720, epoch_time: 82.0min
Epoch:[2/2](38400/66163), loss: 1.7016, logits_loss: 1.7016, aux_loss: 0.0000, lr: 0.00009713, epoch_time: 81.0min
Epoch:[2/2](38420/66163), loss: 1.6726, logits_loss: 1.6726, aux_loss: 0.0000, lr: 0.00009707, epoch_time: 81.0min
Epoch:[2/2](38440/66163), loss: 1.6425, logits_loss: 1.6425, aux_loss: 0.0000, lr: 0.00009700, epoch_time: 81.0min
Epoch:[2/2](38460/66163), loss: 1.7768, logits_loss: 1.7768, aux_loss: 0.0000, lr: 0.00009694, epoch_time: 81.0min
Epoch:[2/2](38480/66163), loss: 1.6304, logits_loss: 1.6304, aux_loss: 0.0000, lr: 0.00009687, epoch_time: 81.0min
Epoch:[2/2](38500/66163), loss: 1.6694, logits_loss: 1.6694, aux_loss: 0.0000, lr: 0.00009681, epoch_time: 81.0min
Epoch:[2/2](38520/66163), loss: 1.7264, logits_loss: 1.7264, aux_loss: 0.0000, lr: 0.00009674, epoch_time: 81.0min
Epoch:[2/2](38540/66163), loss: 1.7733, logits_loss: 1.7733, aux_loss: 0.0000, lr: 0.00009667, epoch_time: 81.0min
Epoch:[2/2](38560/66163), loss: 1.6689, logits_loss: 1.6689, aux_loss: 0.0000, lr: 0.00009661, epoch_time: 81.0min
Epoch:[2/2](38580/66163), loss: 1.7520, logits_loss: 1.7520, aux_loss: 0.0000, lr: 0.00009654, epoch_time: 81.0min
Epoch:[2/2](38600/66163), loss: 1.7264, logits_loss: 1.7264, aux_loss: 0.0000, lr: 0.00009648, epoch_time: 81.0min
Epoch:[2/2](38620/66163), loss: 1.7081, logits_loss: 1.7081, aux_loss: 0.0000, lr: 0.00009641, epoch_time: 81.0min
Epoch:[2/2](38640/66163), loss: 1.6634, logits_loss: 1.6634, aux_loss: 0.0000, lr: 0.00009635, epoch_time: 81.0min
Epoch:[2/2](38660/66163), loss: 1.6435, logits_loss: 1.6435, aux_loss: 0.0000, lr: 0.00009628, epoch_time: 81.0min
Epoch:[2/2](38680/66163), loss: 1.5874, logits_loss: 1.5874, aux_loss: 0.0000, lr: 0.00009622, epoch_time: 80.0min
Epoch:[2/2](38700/66163), loss: 1.6440, logits_loss: 1.6440, aux_loss: 0.0000, lr: 0.00009615, epoch_time: 80.0min
Epoch:[2/2](38720/66163), loss: 1.6366, logits_loss: 1.6366, aux_loss: 0.0000, lr: 0.00009609, epoch_time: 80.0min
Epoch:[2/2](38740/66163), loss: 1.6402, logits_loss: 1.6402, aux_loss: 0.0000, lr: 0.00009603, epoch_time: 80.0min
Epoch:[2/2](38760/66163), loss: 1.5853, logits_loss: 1.5853, aux_loss: 0.0000, lr: 0.00009596, epoch_time: 80.0min
Epoch:[2/2](38780/66163), loss: 1.6536, logits_loss: 1.6536, aux_loss: 0.0000, lr: 0.00009590, epoch_time: 80.0min
Epoch:[2/2](38800/66163), loss: 1.6684, logits_loss: 1.6684, aux_loss: 0.0000, lr: 0.00009583, epoch_time: 80.0min
Epoch:[2/2](38820/66163), loss: 1.7095, logits_loss: 1.7095, aux_loss: 0.0000, lr: 0.00009577, epoch_time: 80.0min
Epoch:[2/2](38840/66163), loss: 1.7072, logits_loss: 1.7072, aux_loss: 0.0000, lr: 0.00009570, epoch_time: 80.0min
Epoch:[2/2](38860/66163), loss: 1.6650, logits_loss: 1.6650, aux_loss: 0.0000, lr: 0.00009564, epoch_time: 80.0min
Epoch:[2/2](38880/66163), loss: 1.7041, logits_loss: 1.7041, aux_loss: 0.0000, lr: 0.00009557, epoch_time: 80.0min
Epoch:[2/2](38900/66163), loss: 1.6738, logits_loss: 1.6738, aux_loss: 0.0000, lr: 0.00009551, epoch_time: 80.0min
Epoch:[2/2](38920/66163), loss: 1.6117, logits_loss: 1.6117, aux_loss: 0.0000, lr: 0.00009544, epoch_time: 80.0min
Epoch:[2/2](38940/66163), loss: 1.6029, logits_loss: 1.6029, aux_loss: 0.0000, lr: 0.00009538, epoch_time: 80.0min
Epoch:[2/2](38960/66163), loss: 1.6158, logits_loss: 1.6158, aux_loss: 0.0000, lr: 0.00009532, epoch_time: 79.0min
Epoch:[2/2](38980/66163), loss: 1.6802, logits_loss: 1.6802, aux_loss: 0.0000, lr: 0.00009525, epoch_time: 79.0min
Epoch:[2/2](39000/66163), loss: 1.6743, logits_loss: 1.6743, aux_loss: 0.0000, lr: 0.00009519, epoch_time: 79.0min
Epoch:[2/2](39020/66163), loss: 1.7223, logits_loss: 1.7223, aux_loss: 0.0000, lr: 0.00009512, epoch_time: 79.0min
Epoch:[2/2](39040/66163), loss: 1.6714, logits_loss: 1.6714, aux_loss: 0.0000, lr: 0.00009506, epoch_time: 79.0min
Epoch:[2/2](39060/66163), loss: 1.6109, logits_loss: 1.6109, aux_loss: 0.0000, lr: 0.00009499, epoch_time: 79.0min
Epoch:[2/2](39080/66163), loss: 1.6124, logits_loss: 1.6124, aux_loss: 0.0000, lr: 0.00009493, epoch_time: 79.0min
Epoch:[2/2](39100/66163), loss: 1.6576, logits_loss: 1.6576, aux_loss: 0.0000, lr: 0.00009487, epoch_time: 79.0min
Epoch:[2/2](39120/66163), loss: 1.6609, logits_loss: 1.6609, aux_loss: 0.0000, lr: 0.00009480, epoch_time: 79.0min
Epoch:[2/2](39140/66163), loss: 1.6669, logits_loss: 1.6669, aux_loss: 0.0000, lr: 0.00009474, epoch_time: 79.0min
Epoch:[2/2](39160/66163), loss: 1.7027, logits_loss: 1.7027, aux_loss: 0.0000, lr: 0.00009467, epoch_time: 79.0min
Epoch:[2/2](39180/66163), loss: 1.6563, logits_loss: 1.6563, aux_loss: 0.0000, lr: 0.00009461, epoch_time: 79.0min
Epoch:[2/2](39200/66163), loss: 1.6419, logits_loss: 1.6419, aux_loss: 0.0000, lr: 0.00009455, epoch_time: 79.0min
Epoch:[2/2](39220/66163), loss: 1.6969, logits_loss: 1.6969, aux_loss: 0.0000, lr: 0.00009448, epoch_time: 79.0min
Epoch:[2/2](39240/66163), loss: 1.7019, logits_loss: 1.7019, aux_loss: 0.0000, lr: 0.00009442, epoch_time: 79.0min
Epoch:[2/2](39260/66163), loss: 1.6100, logits_loss: 1.6100, aux_loss: 0.0000, lr: 0.00009436, epoch_time: 79.0min
Epoch:[2/2](39280/66163), loss: 1.6198, logits_loss: 1.6198, aux_loss: 0.0000, lr: 0.00009429, epoch_time: 79.0min
Epoch:[2/2](39300/66163), loss: 1.6257, logits_loss: 1.6257, aux_loss: 0.0000, lr: 0.00009423, epoch_time: 79.0min
Epoch:[2/2](39320/66163), loss: 1.6222, logits_loss: 1.6222, aux_loss: 0.0000, lr: 0.00009416, epoch_time: 79.0min
Epoch:[2/2](39340/66163), loss: 1.6187, logits_loss: 1.6187, aux_loss: 0.0000, lr: 0.00009410, epoch_time: 79.0min
Epoch:[2/2](39360/66163), loss: 1.6959, logits_loss: 1.6959, aux_loss: 0.0000, lr: 0.00009404, epoch_time: 79.0min
Epoch:[2/2](39380/66163), loss: 1.6953, logits_loss: 1.6953, aux_loss: 0.0000, lr: 0.00009397, epoch_time: 79.0min
Epoch:[2/2](39400/66163), loss: 1.6207, logits_loss: 1.6207, aux_loss: 0.0000, lr: 0.00009391, epoch_time: 79.0min
Epoch:[2/2](39420/66163), loss: 1.7036, logits_loss: 1.7036, aux_loss: 0.0000, lr: 0.00009385, epoch_time: 79.0min
Epoch:[2/2](39440/66163), loss: 1.6986, logits_loss: 1.6986, aux_loss: 0.0000, lr: 0.00009378, epoch_time: 78.0min
Epoch:[2/2](39460/66163), loss: 1.5984, logits_loss: 1.5984, aux_loss: 0.0000, lr: 0.00009372, epoch_time: 78.0min
Epoch:[2/2](39480/66163), loss: 1.6069, logits_loss: 1.6069, aux_loss: 0.0000, lr: 0.00009366, epoch_time: 78.0min
Epoch:[2/2](39500/66163), loss: 1.6684, logits_loss: 1.6684, aux_loss: 0.0000, lr: 0.00009359, epoch_time: 78.0min
Epoch:[2/2](39520/66163), loss: 1.6726, logits_loss: 1.6726, aux_loss: 0.0000, lr: 0.00009353, epoch_time: 78.0min
Epoch:[2/2](39540/66163), loss: 1.7074, logits_loss: 1.7074, aux_loss: 0.0000, lr: 0.00009347, epoch_time: 78.0min
Epoch:[2/2](39560/66163), loss: 1.7151, logits_loss: 1.7151, aux_loss: 0.0000, lr: 0.00009340, epoch_time: 78.0min
Epoch:[2/2](39580/66163), loss: 1.5596, logits_loss: 1.5596, aux_loss: 0.0000, lr: 0.00009334, epoch_time: 78.0min
Epoch:[2/2](39600/66163), loss: 1.6665, logits_loss: 1.6665, aux_loss: 0.0000, lr: 0.00009328, epoch_time: 78.0min
Epoch:[2/2](39620/66163), loss: 1.6551, logits_loss: 1.6551, aux_loss: 0.0000, lr: 0.00009322, epoch_time: 78.0min
Epoch:[2/2](39640/66163), loss: 1.6292, logits_loss: 1.6292, aux_loss: 0.0000, lr: 0.00009315, epoch_time: 78.0min
Epoch:[2/2](39660/66163), loss: 1.6360, logits_loss: 1.6360, aux_loss: 0.0000, lr: 0.00009309, epoch_time: 78.0min
Epoch:[2/2](39680/66163), loss: 1.6487, logits_loss: 1.6487, aux_loss: 0.0000, lr: 0.00009303, epoch_time: 78.0min
Epoch:[2/2](39700/66163), loss: 1.6351, logits_loss: 1.6351, aux_loss: 0.0000, lr: 0.00009296, epoch_time: 78.0min
Epoch:[2/2](39720/66163), loss: 1.6940, logits_loss: 1.6940, aux_loss: 0.0000, lr: 0.00009290, epoch_time: 77.0min
Epoch:[2/2](39740/66163), loss: 1.7447, logits_loss: 1.7447, aux_loss: 0.0000, lr: 0.00009284, epoch_time: 77.0min
Epoch:[2/2](39760/66163), loss: 1.6642, logits_loss: 1.6642, aux_loss: 0.0000, lr: 0.00009278, epoch_time: 77.0min
Epoch:[2/2](39780/66163), loss: 1.6680, logits_loss: 1.6680, aux_loss: 0.0000, lr: 0.00009271, epoch_time: 77.0min
Epoch:[2/2](39800/66163), loss: 1.6484, logits_loss: 1.6484, aux_loss: 0.0000, lr: 0.00009265, epoch_time: 77.0min
Epoch:[2/2](39820/66163), loss: 1.6769, logits_loss: 1.6769, aux_loss: 0.0000, lr: 0.00009259, epoch_time: 77.0min
Epoch:[2/2](39840/66163), loss: 1.7774, logits_loss: 1.7774, aux_loss: 0.0000, lr: 0.00009253, epoch_time: 77.0min
Epoch:[2/2](39860/66163), loss: 1.6884, logits_loss: 1.6884, aux_loss: 0.0000, lr: 0.00009246, epoch_time: 77.0min
Epoch:[2/2](39880/66163), loss: 1.6901, logits_loss: 1.6901, aux_loss: 0.0000, lr: 0.00009240, epoch_time: 77.0min
Epoch:[2/2](39900/66163), loss: 1.6491, logits_loss: 1.6491, aux_loss: 0.0000, lr: 0.00009234, epoch_time: 77.0min
Epoch:[2/2](39920/66163), loss: 1.7024, logits_loss: 1.7024, aux_loss: 0.0000, lr: 0.00009228, epoch_time: 77.0min
Epoch:[2/2](39940/66163), loss: 1.6697, logits_loss: 1.6697, aux_loss: 0.0000, lr: 0.00009221, epoch_time: 77.0min
Epoch:[2/2](39960/66163), loss: 1.6819, logits_loss: 1.6819, aux_loss: 0.0000, lr: 0.00009215, epoch_time: 77.0min
Epoch:[2/2](39980/66163), loss: 1.6850, logits_loss: 1.6850, aux_loss: 0.0000, lr: 0.00009209, epoch_time: 77.0min
Epoch:[2/2](40000/66163), loss: 1.7226, logits_loss: 1.7226, aux_loss: 0.0000, lr: 0.00009203, epoch_time: 76.0min
Epoch:[2/2](40020/66163), loss: 1.5592, logits_loss: 1.5592, aux_loss: 0.0000, lr: 0.00009196, epoch_time: 77.0min
Epoch:[2/2](40040/66163), loss: 1.5554, logits_loss: 1.5554, aux_loss: 0.0000, lr: 0.00009190, epoch_time: 76.0min
Epoch:[2/2](40060/66163), loss: 1.6021, logits_loss: 1.6021, aux_loss: 0.0000, lr: 0.00009184, epoch_time: 76.0min
Epoch:[2/2](40080/66163), loss: 1.6336, logits_loss: 1.6336, aux_loss: 0.0000, lr: 0.00009178, epoch_time: 76.0min
Epoch:[2/2](40100/66163), loss: 1.6597, logits_loss: 1.6597, aux_loss: 0.0000, lr: 0.00009172, epoch_time: 76.0min
Epoch:[2/2](40120/66163), loss: 1.7327, logits_loss: 1.7327, aux_loss: 0.0000, lr: 0.00009165, epoch_time: 76.0min
Epoch:[2/2](40140/66163), loss: 1.6702, logits_loss: 1.6702, aux_loss: 0.0000, lr: 0.00009159, epoch_time: 76.0min
Epoch:[2/2](40160/66163), loss: 1.6359, logits_loss: 1.6359, aux_loss: 0.0000, lr: 0.00009153, epoch_time: 76.0min
Epoch:[2/2](40180/66163), loss: 1.7245, logits_loss: 1.7245, aux_loss: 0.0000, lr: 0.00009147, epoch_time: 76.0min
Epoch:[2/2](40200/66163), loss: 1.6293, logits_loss: 1.6293, aux_loss: 0.0000, lr: 0.00009141, epoch_time: 76.0min
Epoch:[2/2](40220/66163), loss: 1.6777, logits_loss: 1.6777, aux_loss: 0.0000, lr: 0.00009135, epoch_time: 76.0min
Epoch:[2/2](40240/66163), loss: 1.6890, logits_loss: 1.6890, aux_loss: 0.0000, lr: 0.00009128, epoch_time: 76.0min
Epoch:[2/2](40260/66163), loss: 1.6657, logits_loss: 1.6657, aux_loss: 0.0000, lr: 0.00009122, epoch_time: 76.0min
Epoch:[2/2](40280/66163), loss: 1.6850, logits_loss: 1.6850, aux_loss: 0.0000, lr: 0.00009116, epoch_time: 76.0min
Epoch:[2/2](40300/66163), loss: 1.7019, logits_loss: 1.7019, aux_loss: 0.0000, lr: 0.00009110, epoch_time: 76.0min
Epoch:[2/2](40320/66163), loss: 1.6322, logits_loss: 1.6322, aux_loss: 0.0000, lr: 0.00009104, epoch_time: 76.0min
Epoch:[2/2](40340/66163), loss: 1.6479, logits_loss: 1.6479, aux_loss: 0.0000, lr: 0.00009098, epoch_time: 75.0min
Epoch:[2/2](40360/66163), loss: 1.6638, logits_loss: 1.6638, aux_loss: 0.0000, lr: 0.00009091, epoch_time: 75.0min
Epoch:[2/2](40380/66163), loss: 1.6069, logits_loss: 1.6069, aux_loss: 0.0000, lr: 0.00009085, epoch_time: 75.0min
Epoch:[2/2](40400/66163), loss: 1.6626, logits_loss: 1.6626, aux_loss: 0.0000, lr: 0.00009079, epoch_time: 75.0min
Epoch:[2/2](40420/66163), loss: 1.6899, logits_loss: 1.6899, aux_loss: 0.0000, lr: 0.00009073, epoch_time: 75.0min
Epoch:[2/2](40440/66163), loss: 1.6874, logits_loss: 1.6874, aux_loss: 0.0000, lr: 0.00009067, epoch_time: 75.0min
Epoch:[2/2](40460/66163), loss: 1.7239, logits_loss: 1.7239, aux_loss: 0.0000, lr: 0.00009061, epoch_time: 75.0min
Epoch:[2/2](40480/66163), loss: 1.7304, logits_loss: 1.7304, aux_loss: 0.0000, lr: 0.00009055, epoch_time: 75.0min
Epoch:[2/2](40500/66163), loss: 1.6081, logits_loss: 1.6081, aux_loss: 0.0000, lr: 0.00009049, epoch_time: 75.0min
Epoch:[2/2](40520/66163), loss: 1.6521, logits_loss: 1.6521, aux_loss: 0.0000, lr: 0.00009042, epoch_time: 75.0min
Epoch:[2/2](40540/66163), loss: 1.6900, logits_loss: 1.6900, aux_loss: 0.0000, lr: 0.00009036, epoch_time: 75.0min
Epoch:[2/2](40560/66163), loss: 1.6918, logits_loss: 1.6918, aux_loss: 0.0000, lr: 0.00009030, epoch_time: 75.0min
Epoch:[2/2](40580/66163), loss: 1.6226, logits_loss: 1.6226, aux_loss: 0.0000, lr: 0.00009024, epoch_time: 75.0min
Epoch:[2/2](40600/66163), loss: 1.6696, logits_loss: 1.6696, aux_loss: 0.0000, lr: 0.00009018, epoch_time: 75.0min
Epoch:[2/2](40620/66163), loss: 1.6940, logits_loss: 1.6940, aux_loss: 0.0000, lr: 0.00009012, epoch_time: 74.0min
Epoch:[2/2](40640/66163), loss: 1.6458, logits_loss: 1.6458, aux_loss: 0.0000, lr: 0.00009006, epoch_time: 74.0min
Epoch:[2/2](40660/66163), loss: 1.6259, logits_loss: 1.6259, aux_loss: 0.0000, lr: 0.00009000, epoch_time: 74.0min
Epoch:[2/2](40680/66163), loss: 1.6001, logits_loss: 1.6001, aux_loss: 0.0000, lr: 0.00008994, epoch_time: 74.0min
Epoch:[2/2](40700/66163), loss: 1.6177, logits_loss: 1.6177, aux_loss: 0.0000, lr: 0.00008988, epoch_time: 74.0min
Epoch:[2/2](40720/66163), loss: 1.6757, logits_loss: 1.6757, aux_loss: 0.0000, lr: 0.00008982, epoch_time: 75.0min
Epoch:[2/2](40740/66163), loss: 1.5861, logits_loss: 1.5861, aux_loss: 0.0000, lr: 0.00008975, epoch_time: 75.0min
Epoch:[2/2](40760/66163), loss: 1.6436, logits_loss: 1.6436, aux_loss: 0.0000, lr: 0.00008969, epoch_time: 75.0min
Epoch:[2/2](40780/66163), loss: 1.6210, logits_loss: 1.6210, aux_loss: 0.0000, lr: 0.00008963, epoch_time: 75.0min
Epoch:[2/2](40800/66163), loss: 1.7640, logits_loss: 1.7640, aux_loss: 0.0000, lr: 0.00008957, epoch_time: 74.0min
Epoch:[2/2](40820/66163), loss: 1.6484, logits_loss: 1.6484, aux_loss: 0.0000, lr: 0.00008951, epoch_time: 74.0min
Epoch:[2/2](40840/66163), loss: 1.7472, logits_loss: 1.7472, aux_loss: 0.0000, lr: 0.00008945, epoch_time: 74.0min
Epoch:[2/2](40860/66163), loss: 1.7220, logits_loss: 1.7220, aux_loss: 0.0000, lr: 0.00008939, epoch_time: 74.0min
Epoch:[2/2](40880/66163), loss: 1.6667, logits_loss: 1.6667, aux_loss: 0.0000, lr: 0.00008933, epoch_time: 74.0min
Epoch:[2/2](40900/66163), loss: 1.6136, logits_loss: 1.6136, aux_loss: 0.0000, lr: 0.00008927, epoch_time: 74.0min
Epoch:[2/2](40920/66163), loss: 1.6031, logits_loss: 1.6031, aux_loss: 0.0000, lr: 0.00008921, epoch_time: 74.0min
Epoch:[2/2](40940/66163), loss: 1.6084, logits_loss: 1.6084, aux_loss: 0.0000, lr: 0.00008915, epoch_time: 74.0min
Epoch:[2/2](40960/66163), loss: 1.7315, logits_loss: 1.7315, aux_loss: 0.0000, lr: 0.00008909, epoch_time: 74.0min
Epoch:[2/2](40980/66163), loss: 1.6933, logits_loss: 1.6933, aux_loss: 0.0000, lr: 0.00008903, epoch_time: 74.0min
Epoch:[2/2](41000/66163), loss: 1.6016, logits_loss: 1.6016, aux_loss: 0.0000, lr: 0.00008897, epoch_time: 74.0min
Epoch:[2/2](41020/66163), loss: 1.8058, logits_loss: 1.8058, aux_loss: 0.0000, lr: 0.00008891, epoch_time: 74.0min
Epoch:[2/2](41040/66163), loss: 1.6815, logits_loss: 1.6815, aux_loss: 0.0000, lr: 0.00008885, epoch_time: 74.0min
Epoch:[2/2](41060/66163), loss: 1.6457, logits_loss: 1.6457, aux_loss: 0.0000, lr: 0.00008879, epoch_time: 74.0min
Epoch:[2/2](41080/66163), loss: 1.6379, logits_loss: 1.6379, aux_loss: 0.0000, lr: 0.00008873, epoch_time: 73.0min
Epoch:[2/2](41100/66163), loss: 1.5309, logits_loss: 1.5309, aux_loss: 0.0000, lr: 0.00008867, epoch_time: 73.0min
Epoch:[2/2](41120/66163), loss: 1.6983, logits_loss: 1.6983, aux_loss: 0.0000, lr: 0.00008861, epoch_time: 73.0min
Epoch:[2/2](41140/66163), loss: 1.6460, logits_loss: 1.6460, aux_loss: 0.0000, lr: 0.00008855, epoch_time: 73.0min
Epoch:[2/2](41160/66163), loss: 1.7374, logits_loss: 1.7374, aux_loss: 0.0000, lr: 0.00008849, epoch_time: 73.0min
Epoch:[2/2](41180/66163), loss: 1.6925, logits_loss: 1.6925, aux_loss: 0.0000, lr: 0.00008843, epoch_time: 73.0min
Epoch:[2/2](41200/66163), loss: 1.6365, logits_loss: 1.6365, aux_loss: 0.0000, lr: 0.00008837, epoch_time: 73.0min
Epoch:[2/2](41220/66163), loss: 1.7345, logits_loss: 1.7345, aux_loss: 0.0000, lr: 0.00008831, epoch_time: 73.0min
Epoch:[2/2](41240/66163), loss: 1.6631, logits_loss: 1.6631, aux_loss: 0.0000, lr: 0.00008825, epoch_time: 73.0min
Epoch:[2/2](41260/66163), loss: 1.7578, logits_loss: 1.7578, aux_loss: 0.0000, lr: 0.00008819, epoch_time: 73.0min
Epoch:[2/2](41280/66163), loss: 1.7848, logits_loss: 1.7848, aux_loss: 0.0000, lr: 0.00008813, epoch_time: 73.0min
Epoch:[2/2](41300/66163), loss: 1.5925, logits_loss: 1.5925, aux_loss: 0.0000, lr: 0.00008807, epoch_time: 73.0min
Epoch:[2/2](41320/66163), loss: 1.6605, logits_loss: 1.6605, aux_loss: 0.0000, lr: 0.00008801, epoch_time: 73.0min
Epoch:[2/2](41340/66163), loss: 1.7751, logits_loss: 1.7751, aux_loss: 0.0000, lr: 0.00008795, epoch_time: 73.0min
Epoch:[2/2](41360/66163), loss: 1.6548, logits_loss: 1.6548, aux_loss: 0.0000, lr: 0.00008790, epoch_time: 73.0min
Epoch:[2/2](41380/66163), loss: 1.6782, logits_loss: 1.6782, aux_loss: 0.0000, lr: 0.00008784, epoch_time: 72.0min
Epoch:[2/2](41400/66163), loss: 1.6655, logits_loss: 1.6655, aux_loss: 0.0000, lr: 0.00008778, epoch_time: 72.0min
Epoch:[2/2](41420/66163), loss: 1.6552, logits_loss: 1.6552, aux_loss: 0.0000, lr: 0.00008772, epoch_time: 72.0min
Epoch:[2/2](41440/66163), loss: 1.6980, logits_loss: 1.6980, aux_loss: 0.0000, lr: 0.00008766, epoch_time: 72.0min
Epoch:[2/2](41460/66163), loss: 1.5671, logits_loss: 1.5671, aux_loss: 0.0000, lr: 0.00008760, epoch_time: 72.0min
Epoch:[2/2](41480/66163), loss: 1.6861, logits_loss: 1.6861, aux_loss: 0.0000, lr: 0.00008754, epoch_time: 72.0min
Epoch:[2/2](41500/66163), loss: 1.6252, logits_loss: 1.6252, aux_loss: 0.0000, lr: 0.00008748, epoch_time: 72.0min
Epoch:[2/2](41520/66163), loss: 1.6843, logits_loss: 1.6843, aux_loss: 0.0000, lr: 0.00008742, epoch_time: 72.0min
Epoch:[2/2](41540/66163), loss: 1.6157, logits_loss: 1.6157, aux_loss: 0.0000, lr: 0.00008736, epoch_time: 72.0min
Epoch:[2/2](41560/66163), loss: 1.6953, logits_loss: 1.6953, aux_loss: 0.0000, lr: 0.00008730, epoch_time: 72.0min
Epoch:[2/2](41580/66163), loss: 1.6182, logits_loss: 1.6182, aux_loss: 0.0000, lr: 0.00008725, epoch_time: 72.0min
Epoch:[2/2](41600/66163), loss: 1.6035, logits_loss: 1.6035, aux_loss: 0.0000, lr: 0.00008719, epoch_time: 72.0min
Epoch:[2/2](41620/66163), loss: 1.6794, logits_loss: 1.6794, aux_loss: 0.0000, lr: 0.00008713, epoch_time: 72.0min
Epoch:[2/2](41640/66163), loss: 1.6293, logits_loss: 1.6293, aux_loss: 0.0000, lr: 0.00008707, epoch_time: 72.0min
Epoch:[2/2](41660/66163), loss: 1.6813, logits_loss: 1.6813, aux_loss: 0.0000, lr: 0.00008701, epoch_time: 71.0min
Epoch:[2/2](41680/66163), loss: 1.7511, logits_loss: 1.7511, aux_loss: 0.0000, lr: 0.00008695, epoch_time: 71.0min
Epoch:[2/2](41700/66163), loss: 1.7065, logits_loss: 1.7065, aux_loss: 0.0000, lr: 0.00008689, epoch_time: 71.0min
Epoch:[2/2](41720/66163), loss: 1.6542, logits_loss: 1.6542, aux_loss: 0.0000, lr: 0.00008683, epoch_time: 71.0min
Epoch:[2/2](41740/66163), loss: 1.6797, logits_loss: 1.6797, aux_loss: 0.0000, lr: 0.00008678, epoch_time: 71.0min
Epoch:[2/2](41760/66163), loss: 1.7226, logits_loss: 1.7226, aux_loss: 0.0000, lr: 0.00008672, epoch_time: 71.0min
Epoch:[2/2](41780/66163), loss: 1.6577, logits_loss: 1.6577, aux_loss: 0.0000, lr: 0.00008666, epoch_time: 71.0min
Epoch:[2/2](41800/66163), loss: 1.7025, logits_loss: 1.7025, aux_loss: 0.0000, lr: 0.00008660, epoch_time: 71.0min
Epoch:[2/2](41820/66163), loss: 1.6543, logits_loss: 1.6543, aux_loss: 0.0000, lr: 0.00008654, epoch_time: 71.0min
Epoch:[2/2](41840/66163), loss: 1.6358, logits_loss: 1.6358, aux_loss: 0.0000, lr: 0.00008648, epoch_time: 71.0min
Epoch:[2/2](41860/66163), loss: 1.6558, logits_loss: 1.6558, aux_loss: 0.0000, lr: 0.00008643, epoch_time: 71.0min
Epoch:[2/2](41880/66163), loss: 1.6388, logits_loss: 1.6388, aux_loss: 0.0000, lr: 0.00008637, epoch_time: 71.0min
Epoch:[2/2](41900/66163), loss: 1.6953, logits_loss: 1.6953, aux_loss: 0.0000, lr: 0.00008631, epoch_time: 71.0min
Epoch:[2/2](41920/66163), loss: 1.6450, logits_loss: 1.6450, aux_loss: 0.0000, lr: 0.00008625, epoch_time: 71.0min
Epoch:[2/2](41940/66163), loss: 1.7046, logits_loss: 1.7046, aux_loss: 0.0000, lr: 0.00008619, epoch_time: 71.0min
Epoch:[2/2](41960/66163), loss: 1.5758, logits_loss: 1.5758, aux_loss: 0.0000, lr: 0.00008613, epoch_time: 71.0min
Epoch:[2/2](41980/66163), loss: 1.6799, logits_loss: 1.6799, aux_loss: 0.0000, lr: 0.00008608, epoch_time: 71.0min
Epoch:[2/2](42000/66163), loss: 1.7631, logits_loss: 1.7631, aux_loss: 0.0000, lr: 0.00008602, epoch_time: 71.0min
Epoch:[2/2](42020/66163), loss: 1.5967, logits_loss: 1.5967, aux_loss: 0.0000, lr: 0.00008596, epoch_time: 71.0min
Epoch:[2/2](42040/66163), loss: 1.6568, logits_loss: 1.6568, aux_loss: 0.0000, lr: 0.00008590, epoch_time: 71.0min
Epoch:[2/2](42060/66163), loss: 1.7132, logits_loss: 1.7132, aux_loss: 0.0000, lr: 0.00008584, epoch_time: 71.0min
Epoch:[2/2](42080/66163), loss: 1.7086, logits_loss: 1.7086, aux_loss: 0.0000, lr: 0.00008579, epoch_time: 71.0min
Epoch:[2/2](42100/66163), loss: 1.6526, logits_loss: 1.6526, aux_loss: 0.0000, lr: 0.00008573, epoch_time: 71.0min
Epoch:[2/2](42120/66163), loss: 1.6447, logits_loss: 1.6447, aux_loss: 0.0000, lr: 0.00008567, epoch_time: 70.0min
Epoch:[2/2](42140/66163), loss: 1.6289, logits_loss: 1.6289, aux_loss: 0.0000, lr: 0.00008561, epoch_time: 70.0min
Epoch:[2/2](42160/66163), loss: 1.7004, logits_loss: 1.7004, aux_loss: 0.0000, lr: 0.00008556, epoch_time: 70.0min
Epoch:[2/2](42180/66163), loss: 1.6447, logits_loss: 1.6447, aux_loss: 0.0000, lr: 0.00008550, epoch_time: 70.0min
Epoch:[2/2](42200/66163), loss: 1.6632, logits_loss: 1.6632, aux_loss: 0.0000, lr: 0.00008544, epoch_time: 70.0min
Epoch:[2/2](42220/66163), loss: 1.5982, logits_loss: 1.5982, aux_loss: 0.0000, lr: 0.00008538, epoch_time: 70.0min
Epoch:[2/2](42240/66163), loss: 1.6653, logits_loss: 1.6653, aux_loss: 0.0000, lr: 0.00008533, epoch_time: 70.0min
Epoch:[2/2](42260/66163), loss: 1.5985, logits_loss: 1.5985, aux_loss: 0.0000, lr: 0.00008527, epoch_time: 70.0min
Epoch:[2/2](42280/66163), loss: 1.7371, logits_loss: 1.7371, aux_loss: 0.0000, lr: 0.00008521, epoch_time: 70.0min
Epoch:[2/2](42300/66163), loss: 1.6987, logits_loss: 1.6987, aux_loss: 0.0000, lr: 0.00008515, epoch_time: 70.0min
Epoch:[2/2](42320/66163), loss: 1.7328, logits_loss: 1.7328, aux_loss: 0.0000, lr: 0.00008510, epoch_time: 70.0min
Epoch:[2/2](42340/66163), loss: 1.6607, logits_loss: 1.6607, aux_loss: 0.0000, lr: 0.00008504, epoch_time: 70.0min
Epoch:[2/2](42360/66163), loss: 1.6871, logits_loss: 1.6871, aux_loss: 0.0000, lr: 0.00008498, epoch_time: 70.0min
Epoch:[2/2](42380/66163), loss: 1.6933, logits_loss: 1.6933, aux_loss: 0.0000, lr: 0.00008492, epoch_time: 70.0min
Epoch:[2/2](42400/66163), loss: 1.6958, logits_loss: 1.6958, aux_loss: 0.0000, lr: 0.00008487, epoch_time: 70.0min
Epoch:[2/2](42420/66163), loss: 1.6763, logits_loss: 1.6763, aux_loss: 0.0000, lr: 0.00008481, epoch_time: 69.0min
Epoch:[2/2](42440/66163), loss: 1.7302, logits_loss: 1.7302, aux_loss: 0.0000, lr: 0.00008475, epoch_time: 69.0min
Epoch:[2/2](42460/66163), loss: 1.6380, logits_loss: 1.6380, aux_loss: 0.0000, lr: 0.00008470, epoch_time: 69.0min
Epoch:[2/2](42480/66163), loss: 1.6759, logits_loss: 1.6759, aux_loss: 0.0000, lr: 0.00008464, epoch_time: 69.0min
Epoch:[2/2](42500/66163), loss: 1.6115, logits_loss: 1.6115, aux_loss: 0.0000, lr: 0.00008458, epoch_time: 69.0min
Epoch:[2/2](42520/66163), loss: 1.6610, logits_loss: 1.6610, aux_loss: 0.0000, lr: 0.00008453, epoch_time: 69.0min
Epoch:[2/2](42540/66163), loss: 1.6808, logits_loss: 1.6808, aux_loss: 0.0000, lr: 0.00008447, epoch_time: 69.0min
Epoch:[2/2](42560/66163), loss: 1.6198, logits_loss: 1.6198, aux_loss: 0.0000, lr: 0.00008441, epoch_time: 69.0min
Epoch:[2/2](42580/66163), loss: 1.7130, logits_loss: 1.7130, aux_loss: 0.0000, lr: 0.00008435, epoch_time: 69.0min
Epoch:[2/2](42600/66163), loss: 1.6555, logits_loss: 1.6555, aux_loss: 0.0000, lr: 0.00008430, epoch_time: 69.0min
Epoch:[2/2](42620/66163), loss: 1.6888, logits_loss: 1.6888, aux_loss: 0.0000, lr: 0.00008424, epoch_time: 69.0min
Epoch:[2/2](42640/66163), loss: 1.6509, logits_loss: 1.6509, aux_loss: 0.0000, lr: 0.00008418, epoch_time: 69.0min
Epoch:[2/2](42660/66163), loss: 1.6585, logits_loss: 1.6585, aux_loss: 0.0000, lr: 0.00008413, epoch_time: 69.0min
Epoch:[2/2](42680/66163), loss: 1.6684, logits_loss: 1.6684, aux_loss: 0.0000, lr: 0.00008407, epoch_time: 69.0min
Epoch:[2/2](42700/66163), loss: 1.5914, logits_loss: 1.5914, aux_loss: 0.0000, lr: 0.00008401, epoch_time: 68.0min
Epoch:[2/2](42720/66163), loss: 1.6158, logits_loss: 1.6158, aux_loss: 0.0000, lr: 0.00008396, epoch_time: 68.0min
Epoch:[2/2](42740/66163), loss: 1.7104, logits_loss: 1.7104, aux_loss: 0.0000, lr: 0.00008390, epoch_time: 68.0min
Epoch:[2/2](42760/66163), loss: 1.6460, logits_loss: 1.6460, aux_loss: 0.0000, lr: 0.00008385, epoch_time: 68.0min
Epoch:[2/2](42780/66163), loss: 1.6767, logits_loss: 1.6767, aux_loss: 0.0000, lr: 0.00008379, epoch_time: 68.0min
Epoch:[2/2](42800/66163), loss: 1.7088, logits_loss: 1.7088, aux_loss: 0.0000, lr: 0.00008373, epoch_time: 68.0min
Epoch:[2/2](42820/66163), loss: 1.5775, logits_loss: 1.5775, aux_loss: 0.0000, lr: 0.00008368, epoch_time: 68.0min
Epoch:[2/2](42840/66163), loss: 1.6653, logits_loss: 1.6653, aux_loss: 0.0000, lr: 0.00008362, epoch_time: 68.0min
Epoch:[2/2](42860/66163), loss: 1.7217, logits_loss: 1.7217, aux_loss: 0.0000, lr: 0.00008356, epoch_time: 68.0min
Epoch:[2/2](42880/66163), loss: 1.6900, logits_loss: 1.6900, aux_loss: 0.0000, lr: 0.00008351, epoch_time: 68.0min
Epoch:[2/2](42900/66163), loss: 1.6514, logits_loss: 1.6514, aux_loss: 0.0000, lr: 0.00008345, epoch_time: 68.0min
Epoch:[2/2](42920/66163), loss: 1.7156, logits_loss: 1.7156, aux_loss: 0.0000, lr: 0.00008340, epoch_time: 68.0min
Epoch:[2/2](42940/66163), loss: 1.6232, logits_loss: 1.6232, aux_loss: 0.0000, lr: 0.00008334, epoch_time: 68.0min
Epoch:[2/2](42960/66163), loss: 1.6541, logits_loss: 1.6541, aux_loss: 0.0000, lr: 0.00008328, epoch_time: 68.0min
Epoch:[2/2](42980/66163), loss: 1.6639, logits_loss: 1.6639, aux_loss: 0.0000, lr: 0.00008323, epoch_time: 68.0min
Epoch:[2/2](43000/66163), loss: 1.6065, logits_loss: 1.6065, aux_loss: 0.0000, lr: 0.00008317, epoch_time: 67.0min
Epoch:[2/2](43020/66163), loss: 1.7366, logits_loss: 1.7366, aux_loss: 0.0000, lr: 0.00008312, epoch_time: 67.0min
Epoch:[2/2](43040/66163), loss: 1.6427, logits_loss: 1.6427, aux_loss: 0.0000, lr: 0.00008306, epoch_time: 67.0min
Epoch:[2/2](43060/66163), loss: 1.6633, logits_loss: 1.6633, aux_loss: 0.0000, lr: 0.00008301, epoch_time: 67.0min
Epoch:[2/2](43080/66163), loss: 1.5868, logits_loss: 1.5868, aux_loss: 0.0000, lr: 0.00008295, epoch_time: 67.0min
Epoch:[2/2](43100/66163), loss: 1.6266, logits_loss: 1.6266, aux_loss: 0.0000, lr: 0.00008289, epoch_time: 67.0min
Epoch:[2/2](43120/66163), loss: 1.6594, logits_loss: 1.6594, aux_loss: 0.0000, lr: 0.00008284, epoch_time: 67.0min
Epoch:[2/2](43140/66163), loss: 1.6000, logits_loss: 1.6000, aux_loss: 0.0000, lr: 0.00008278, epoch_time: 67.0min
Epoch:[2/2](43160/66163), loss: 1.6679, logits_loss: 1.6679, aux_loss: 0.0000, lr: 0.00008273, epoch_time: 67.0min
Epoch:[2/2](43180/66163), loss: 1.6532, logits_loss: 1.6532, aux_loss: 0.0000, lr: 0.00008267, epoch_time: 67.0min
Epoch:[2/2](43200/66163), loss: 1.6154, logits_loss: 1.6154, aux_loss: 0.0000, lr: 0.00008262, epoch_time: 67.0min
Epoch:[2/2](43220/66163), loss: 1.5118, logits_loss: 1.5118, aux_loss: 0.0000, lr: 0.00008256, epoch_time: 67.0min
Epoch:[2/2](43240/66163), loss: 1.5873, logits_loss: 1.5873, aux_loss: 0.0000, lr: 0.00008251, epoch_time: 67.0min
Epoch:[2/2](43260/66163), loss: 1.6538, logits_loss: 1.6538, aux_loss: 0.0000, lr: 0.00008245, epoch_time: 67.0min
Epoch:[2/2](43280/66163), loss: 1.6904, logits_loss: 1.6904, aux_loss: 0.0000, lr: 0.00008240, epoch_time: 67.0min
Epoch:[2/2](43300/66163), loss: 1.6111, logits_loss: 1.6111, aux_loss: 0.0000, lr: 0.00008234, epoch_time: 67.0min
Epoch:[2/2](43320/66163), loss: 1.6934, logits_loss: 1.6934, aux_loss: 0.0000, lr: 0.00008228, epoch_time: 67.0min
Epoch:[2/2](43340/66163), loss: 1.6325, logits_loss: 1.6325, aux_loss: 0.0000, lr: 0.00008223, epoch_time: 67.0min
Epoch:[2/2](43360/66163), loss: 1.7970, logits_loss: 1.7970, aux_loss: 0.0000, lr: 0.00008217, epoch_time: 67.0min
Epoch:[2/2](43380/66163), loss: 1.7041, logits_loss: 1.7041, aux_loss: 0.0000, lr: 0.00008212, epoch_time: 67.0min
Epoch:[2/2](43400/66163), loss: 1.7360, logits_loss: 1.7360, aux_loss: 0.0000, lr: 0.00008206, epoch_time: 67.0min
Epoch:[2/2](43420/66163), loss: 1.6366, logits_loss: 1.6366, aux_loss: 0.0000, lr: 0.00008201, epoch_time: 67.0min
Epoch:[2/2](43440/66163), loss: 1.6245, logits_loss: 1.6245, aux_loss: 0.0000, lr: 0.00008195, epoch_time: 67.0min
Epoch:[2/2](43460/66163), loss: 1.6777, logits_loss: 1.6777, aux_loss: 0.0000, lr: 0.00008190, epoch_time: 66.0min
Epoch:[2/2](43480/66163), loss: 1.5959, logits_loss: 1.5959, aux_loss: 0.0000, lr: 0.00008185, epoch_time: 66.0min
Epoch:[2/2](43500/66163), loss: 1.6234, logits_loss: 1.6234, aux_loss: 0.0000, lr: 0.00008179, epoch_time: 66.0min
Epoch:[2/2](43520/66163), loss: 1.7110, logits_loss: 1.7110, aux_loss: 0.0000, lr: 0.00008174, epoch_time: 66.0min
Epoch:[2/2](43540/66163), loss: 1.6273, logits_loss: 1.6273, aux_loss: 0.0000, lr: 0.00008168, epoch_time: 66.0min
Epoch:[2/2](43560/66163), loss: 1.7059, logits_loss: 1.7059, aux_loss: 0.0000, lr: 0.00008163, epoch_time: 66.0min
Epoch:[2/2](43580/66163), loss: 1.7072, logits_loss: 1.7072, aux_loss: 0.0000, lr: 0.00008157, epoch_time: 66.0min
Epoch:[2/2](43600/66163), loss: 1.6882, logits_loss: 1.6882, aux_loss: 0.0000, lr: 0.00008152, epoch_time: 66.0min
Epoch:[2/2](43620/66163), loss: 1.7200, logits_loss: 1.7200, aux_loss: 0.0000, lr: 0.00008146, epoch_time: 66.0min
Epoch:[2/2](43640/66163), loss: 1.5650, logits_loss: 1.5650, aux_loss: 0.0000, lr: 0.00008141, epoch_time: 66.0min
Epoch:[2/2](43660/66163), loss: 1.6211, logits_loss: 1.6211, aux_loss: 0.0000, lr: 0.00008135, epoch_time: 66.0min
Epoch:[2/2](43680/66163), loss: 1.6609, logits_loss: 1.6609, aux_loss: 0.0000, lr: 0.00008130, epoch_time: 66.0min
Epoch:[2/2](43700/66163), loss: 1.6832, logits_loss: 1.6832, aux_loss: 0.0000, lr: 0.00008124, epoch_time: 66.0min
Epoch:[2/2](43720/66163), loss: 1.6556, logits_loss: 1.6556, aux_loss: 0.0000, lr: 0.00008119, epoch_time: 66.0min
Epoch:[2/2](43740/66163), loss: 1.6537, logits_loss: 1.6537, aux_loss: 0.0000, lr: 0.00008114, epoch_time: 65.0min
Epoch:[2/2](43760/66163), loss: 1.5498, logits_loss: 1.5498, aux_loss: 0.0000, lr: 0.00008108, epoch_time: 65.0min
Epoch:[2/2](43780/66163), loss: 1.7226, logits_loss: 1.7226, aux_loss: 0.0000, lr: 0.00008103, epoch_time: 65.0min
Epoch:[2/2](43800/66163), loss: 1.7130, logits_loss: 1.7130, aux_loss: 0.0000, lr: 0.00008097, epoch_time: 65.0min
Epoch:[2/2](43820/66163), loss: 1.6864, logits_loss: 1.6864, aux_loss: 0.0000, lr: 0.00008092, epoch_time: 65.0min
Epoch:[2/2](43840/66163), loss: 1.6515, logits_loss: 1.6515, aux_loss: 0.0000, lr: 0.00008087, epoch_time: 65.0min
Epoch:[2/2](43860/66163), loss: 1.6582, logits_loss: 1.6582, aux_loss: 0.0000, lr: 0.00008081, epoch_time: 65.0min
Epoch:[2/2](43880/66163), loss: 1.6439, logits_loss: 1.6439, aux_loss: 0.0000, lr: 0.00008076, epoch_time: 65.0min
Epoch:[2/2](43900/66163), loss: 1.5679, logits_loss: 1.5679, aux_loss: 0.0000, lr: 0.00008070, epoch_time: 65.0min
Epoch:[2/2](43920/66163), loss: 1.7673, logits_loss: 1.7673, aux_loss: 0.0000, lr: 0.00008065, epoch_time: 65.0min
Epoch:[2/2](43940/66163), loss: 1.7377, logits_loss: 1.7377, aux_loss: 0.0000, lr: 0.00008060, epoch_time: 65.0min
Epoch:[2/2](43960/66163), loss: 1.6245, logits_loss: 1.6245, aux_loss: 0.0000, lr: 0.00008054, epoch_time: 65.0min
Epoch:[2/2](43980/66163), loss: 1.6723, logits_loss: 1.6723, aux_loss: 0.0000, lr: 0.00008049, epoch_time: 65.0min
Epoch:[2/2](44000/66163), loss: 1.6756, logits_loss: 1.6756, aux_loss: 0.0000, lr: 0.00008044, epoch_time: 65.0min
Epoch:[2/2](44020/66163), loss: 1.6257, logits_loss: 1.6257, aux_loss: 0.0000, lr: 0.00008038, epoch_time: 65.0min
Epoch:[2/2](44040/66163), loss: 1.7445, logits_loss: 1.7445, aux_loss: 0.0000, lr: 0.00008033, epoch_time: 64.0min
Epoch:[2/2](44060/66163), loss: 1.6694, logits_loss: 1.6694, aux_loss: 0.0000, lr: 0.00008027, epoch_time: 64.0min
Epoch:[2/2](44080/66163), loss: 1.5878, logits_loss: 1.5878, aux_loss: 0.0000, lr: 0.00008022, epoch_time: 64.0min
Epoch:[2/2](44100/66163), loss: 1.6177, logits_loss: 1.6177, aux_loss: 0.0000, lr: 0.00008017, epoch_time: 64.0min
Epoch:[2/2](44120/66163), loss: 1.6807, logits_loss: 1.6807, aux_loss: 0.0000, lr: 0.00008011, epoch_time: 64.0min
Epoch:[2/2](44140/66163), loss: 1.7385, logits_loss: 1.7385, aux_loss: 0.0000, lr: 0.00008006, epoch_time: 64.0min
Epoch:[2/2](44160/66163), loss: 1.6917, logits_loss: 1.6917, aux_loss: 0.0000, lr: 0.00008001, epoch_time: 64.0min
Epoch:[2/2](44180/66163), loss: 1.6896, logits_loss: 1.6896, aux_loss: 0.0000, lr: 0.00007995, epoch_time: 64.0min
Epoch:[2/2](44200/66163), loss: 1.6861, logits_loss: 1.6861, aux_loss: 0.0000, lr: 0.00007990, epoch_time: 64.0min
Epoch:[2/2](44220/66163), loss: 1.6664, logits_loss: 1.6664, aux_loss: 0.0000, lr: 0.00007985, epoch_time: 64.0min
Epoch:[2/2](44240/66163), loss: 1.6388, logits_loss: 1.6388, aux_loss: 0.0000, lr: 0.00007979, epoch_time: 64.0min
Epoch:[2/2](44260/66163), loss: 1.7077, logits_loss: 1.7077, aux_loss: 0.0000, lr: 0.00007974, epoch_time: 64.0min
Epoch:[2/2](44280/66163), loss: 1.6572, logits_loss: 1.6572, aux_loss: 0.0000, lr: 0.00007969, epoch_time: 64.0min
Epoch:[2/2](44300/66163), loss: 1.6382, logits_loss: 1.6382, aux_loss: 0.0000, lr: 0.00007964, epoch_time: 64.0min
Epoch:[2/2](44320/66163), loss: 1.6494, logits_loss: 1.6494, aux_loss: 0.0000, lr: 0.00007958, epoch_time: 64.0min
Epoch:[2/2](44340/66163), loss: 1.6252, logits_loss: 1.6252, aux_loss: 0.0000, lr: 0.00007953, epoch_time: 63.0min
Epoch:[2/2](44360/66163), loss: 1.6527, logits_loss: 1.6527, aux_loss: 0.0000, lr: 0.00007948, epoch_time: 64.0min
Epoch:[2/2](44380/66163), loss: 1.6556, logits_loss: 1.6556, aux_loss: 0.0000, lr: 0.00007942, epoch_time: 64.0min
Epoch:[2/2](44400/66163), loss: 1.7098, logits_loss: 1.7098, aux_loss: 0.0000, lr: 0.00007937, epoch_time: 64.0min
Epoch:[2/2](44420/66163), loss: 1.6453, logits_loss: 1.6453, aux_loss: 0.0000, lr: 0.00007932, epoch_time: 64.0min
Epoch:[2/2](44440/66163), loss: 1.6682, logits_loss: 1.6682, aux_loss: 0.0000, lr: 0.00007927, epoch_time: 64.0min
Epoch:[2/2](44460/66163), loss: 1.6120, logits_loss: 1.6120, aux_loss: 0.0000, lr: 0.00007921, epoch_time: 64.0min
Epoch:[2/2](44480/66163), loss: 1.6695, logits_loss: 1.6695, aux_loss: 0.0000, lr: 0.00007916, epoch_time: 63.0min
Epoch:[2/2](44500/66163), loss: 1.6456, logits_loss: 1.6456, aux_loss: 0.0000, lr: 0.00007911, epoch_time: 63.0min
Epoch:[2/2](44520/66163), loss: 1.6637, logits_loss: 1.6637, aux_loss: 0.0000, lr: 0.00007905, epoch_time: 63.0min
Epoch:[2/2](44540/66163), loss: 1.5581, logits_loss: 1.5581, aux_loss: 0.0000, lr: 0.00007900, epoch_time: 63.0min
Epoch:[2/2](44560/66163), loss: 1.6320, logits_loss: 1.6320, aux_loss: 0.0000, lr: 0.00007895, epoch_time: 63.0min
Epoch:[2/2](44580/66163), loss: 1.6695, logits_loss: 1.6695, aux_loss: 0.0000, lr: 0.00007890, epoch_time: 63.0min
Epoch:[2/2](44600/66163), loss: 1.7215, logits_loss: 1.7215, aux_loss: 0.0000, lr: 0.00007885, epoch_time: 63.0min
Epoch:[2/2](44620/66163), loss: 1.7121, logits_loss: 1.7121, aux_loss: 0.0000, lr: 0.00007879, epoch_time: 63.0min
Epoch:[2/2](44640/66163), loss: 1.5527, logits_loss: 1.5527, aux_loss: 0.0000, lr: 0.00007874, epoch_time: 63.0min
Epoch:[2/2](44660/66163), loss: 1.6783, logits_loss: 1.6783, aux_loss: 0.0000, lr: 0.00007869, epoch_time: 63.0min
Epoch:[2/2](44680/66163), loss: 1.7431, logits_loss: 1.7431, aux_loss: 0.0000, lr: 0.00007864, epoch_time: 63.0min
Epoch:[2/2](44700/66163), loss: 1.6707, logits_loss: 1.6707, aux_loss: 0.0000, lr: 0.00007858, epoch_time: 63.0min
Epoch:[2/2](44720/66163), loss: 1.6842, logits_loss: 1.6842, aux_loss: 0.0000, lr: 0.00007853, epoch_time: 63.0min
Epoch:[2/2](44740/66163), loss: 1.6568, logits_loss: 1.6568, aux_loss: 0.0000, lr: 0.00007848, epoch_time: 63.0min
Epoch:[2/2](44760/66163), loss: 1.5906, logits_loss: 1.5906, aux_loss: 0.0000, lr: 0.00007843, epoch_time: 63.0min
Epoch:[2/2](44780/66163), loss: 1.6594, logits_loss: 1.6594, aux_loss: 0.0000, lr: 0.00007838, epoch_time: 62.0min
Epoch:[2/2](44800/66163), loss: 1.7421, logits_loss: 1.7421, aux_loss: 0.0000, lr: 0.00007832, epoch_time: 62.0min
Epoch:[2/2](44820/66163), loss: 1.6273, logits_loss: 1.6273, aux_loss: 0.0000, lr: 0.00007827, epoch_time: 62.0min
Epoch:[2/2](44840/66163), loss: 1.6412, logits_loss: 1.6412, aux_loss: 0.0000, lr: 0.00007822, epoch_time: 62.0min
Epoch:[2/2](44860/66163), loss: 1.6153, logits_loss: 1.6153, aux_loss: 0.0000, lr: 0.00007817, epoch_time: 62.0min
Epoch:[2/2](44880/66163), loss: 1.5687, logits_loss: 1.5687, aux_loss: 0.0000, lr: 0.00007812, epoch_time: 62.0min
Epoch:[2/2](44900/66163), loss: 1.6462, logits_loss: 1.6462, aux_loss: 0.0000, lr: 0.00007807, epoch_time: 62.0min
Epoch:[2/2](44920/66163), loss: 1.6615, logits_loss: 1.6615, aux_loss: 0.0000, lr: 0.00007801, epoch_time: 62.0min
Epoch:[2/2](44940/66163), loss: 1.7152, logits_loss: 1.7152, aux_loss: 0.0000, lr: 0.00007796, epoch_time: 62.0min
Epoch:[2/2](44960/66163), loss: 1.6973, logits_loss: 1.6973, aux_loss: 0.0000, lr: 0.00007791, epoch_time: 62.0min
Epoch:[2/2](44980/66163), loss: 1.6234, logits_loss: 1.6234, aux_loss: 0.0000, lr: 0.00007786, epoch_time: 62.0min
Epoch:[2/2](45000/66163), loss: 1.6722, logits_loss: 1.6722, aux_loss: 0.0000, lr: 0.00007781, epoch_time: 62.0min
Epoch:[2/2](45020/66163), loss: 1.7459, logits_loss: 1.7459, aux_loss: 0.0000, lr: 0.00007776, epoch_time: 62.0min
Epoch:[2/2](45040/66163), loss: 1.6615, logits_loss: 1.6615, aux_loss: 0.0000, lr: 0.00007770, epoch_time: 62.0min
Epoch:[2/2](45060/66163), loss: 1.6993, logits_loss: 1.6993, aux_loss: 0.0000, lr: 0.00007765, epoch_time: 62.0min
Epoch:[2/2](45080/66163), loss: 1.6399, logits_loss: 1.6399, aux_loss: 0.0000, lr: 0.00007760, epoch_time: 62.0min
Epoch:[2/2](45100/66163), loss: 1.6592, logits_loss: 1.6592, aux_loss: 0.0000, lr: 0.00007755, epoch_time: 62.0min
Epoch:[2/2](45120/66163), loss: 1.6583, logits_loss: 1.6583, aux_loss: 0.0000, lr: 0.00007750, epoch_time: 61.0min
Epoch:[2/2](45140/66163), loss: 1.6702, logits_loss: 1.6702, aux_loss: 0.0000, lr: 0.00007745, epoch_time: 61.0min
Epoch:[2/2](45160/66163), loss: 1.6901, logits_loss: 1.6901, aux_loss: 0.0000, lr: 0.00007740, epoch_time: 61.0min
Epoch:[2/2](45180/66163), loss: 1.6993, logits_loss: 1.6993, aux_loss: 0.0000, lr: 0.00007735, epoch_time: 61.0min
Epoch:[2/2](45200/66163), loss: 1.7337, logits_loss: 1.7337, aux_loss: 0.0000, lr: 0.00007730, epoch_time: 61.0min
Epoch:[2/2](45220/66163), loss: 1.6962, logits_loss: 1.6962, aux_loss: 0.0000, lr: 0.00007724, epoch_time: 61.0min
Epoch:[2/2](45240/66163), loss: 1.6750, logits_loss: 1.6750, aux_loss: 0.0000, lr: 0.00007719, epoch_time: 61.0min
Epoch:[2/2](45260/66163), loss: 1.6595, logits_loss: 1.6595, aux_loss: 0.0000, lr: 0.00007714, epoch_time: 61.0min
Epoch:[2/2](45280/66163), loss: 1.5946, logits_loss: 1.5946, aux_loss: 0.0000, lr: 0.00007709, epoch_time: 61.0min
Epoch:[2/2](45300/66163), loss: 1.7101, logits_loss: 1.7101, aux_loss: 0.0000, lr: 0.00007704, epoch_time: 61.0min
Epoch:[2/2](45320/66163), loss: 1.6733, logits_loss: 1.6733, aux_loss: 0.0000, lr: 0.00007699, epoch_time: 61.0min
Epoch:[2/2](45340/66163), loss: 1.7167, logits_loss: 1.7167, aux_loss: 0.0000, lr: 0.00007694, epoch_time: 61.0min
Epoch:[2/2](45360/66163), loss: 1.6154, logits_loss: 1.6154, aux_loss: 0.0000, lr: 0.00007689, epoch_time: 61.0min
Epoch:[2/2](45380/66163), loss: 1.6754, logits_loss: 1.6754, aux_loss: 0.0000, lr: 0.00007684, epoch_time: 61.0min
Epoch:[2/2](45400/66163), loss: 1.5531, logits_loss: 1.5531, aux_loss: 0.0000, lr: 0.00007679, epoch_time: 61.0min
Epoch:[2/2](45420/66163), loss: 1.5396, logits_loss: 1.5396, aux_loss: 0.0000, lr: 0.00007674, epoch_time: 60.0min
Epoch:[2/2](45440/66163), loss: 1.7269, logits_loss: 1.7269, aux_loss: 0.0000, lr: 0.00007669, epoch_time: 60.0min
Epoch:[2/2](45460/66163), loss: 1.6940, logits_loss: 1.6940, aux_loss: 0.0000, lr: 0.00007664, epoch_time: 60.0min
Epoch:[2/2](45480/66163), loss: 1.6700, logits_loss: 1.6700, aux_loss: 0.0000, lr: 0.00007659, epoch_time: 60.0min
Epoch:[2/2](45500/66163), loss: 1.6333, logits_loss: 1.6333, aux_loss: 0.0000, lr: 0.00007654, epoch_time: 60.0min
Epoch:[2/2](45520/66163), loss: 1.6569, logits_loss: 1.6569, aux_loss: 0.0000, lr: 0.00007648, epoch_time: 60.0min
Epoch:[2/2](45540/66163), loss: 1.7337, logits_loss: 1.7337, aux_loss: 0.0000, lr: 0.00007643, epoch_time: 60.0min
Epoch:[2/2](45560/66163), loss: 1.6805, logits_loss: 1.6805, aux_loss: 0.0000, lr: 0.00007638, epoch_time: 60.0min
Epoch:[2/2](45580/66163), loss: 1.6911, logits_loss: 1.6911, aux_loss: 0.0000, lr: 0.00007633, epoch_time: 60.0min
Epoch:[2/2](45600/66163), loss: 1.5657, logits_loss: 1.5657, aux_loss: 0.0000, lr: 0.00007628, epoch_time: 60.0min
Epoch:[2/2](45620/66163), loss: 1.6982, logits_loss: 1.6982, aux_loss: 0.0000, lr: 0.00007623, epoch_time: 60.0min
Epoch:[2/2](45640/66163), loss: 1.7251, logits_loss: 1.7251, aux_loss: 0.0000, lr: 0.00007618, epoch_time: 60.0min
Epoch:[2/2](45660/66163), loss: 1.6372, logits_loss: 1.6372, aux_loss: 0.0000, lr: 0.00007613, epoch_time: 60.0min
Epoch:[2/2](45680/66163), loss: 1.6539, logits_loss: 1.6539, aux_loss: 0.0000, lr: 0.00007608, epoch_time: 60.0min
Epoch:[2/2](45700/66163), loss: 1.6068, logits_loss: 1.6068, aux_loss: 0.0000, lr: 0.00007603, epoch_time: 60.0min
Epoch:[2/2](45720/66163), loss: 1.5968, logits_loss: 1.5968, aux_loss: 0.0000, lr: 0.00007598, epoch_time: 59.0min
Epoch:[2/2](45740/66163), loss: 1.6354, logits_loss: 1.6354, aux_loss: 0.0000, lr: 0.00007593, epoch_time: 59.0min
Epoch:[2/2](45760/66163), loss: 1.7091, logits_loss: 1.7091, aux_loss: 0.0000, lr: 0.00007588, epoch_time: 59.0min
Epoch:[2/2](45780/66163), loss: 1.6893, logits_loss: 1.6893, aux_loss: 0.0000, lr: 0.00007583, epoch_time: 59.0min
Epoch:[2/2](45800/66163), loss: 1.7191, logits_loss: 1.7191, aux_loss: 0.0000, lr: 0.00007579, epoch_time: 59.0min
Epoch:[2/2](45820/66163), loss: 1.6129, logits_loss: 1.6129, aux_loss: 0.0000, lr: 0.00007574, epoch_time: 59.0min
Epoch:[2/2](45840/66163), loss: 1.6454, logits_loss: 1.6454, aux_loss: 0.0000, lr: 0.00007569, epoch_time: 59.0min
Epoch:[2/2](45860/66163), loss: 1.6755, logits_loss: 1.6755, aux_loss: 0.0000, lr: 0.00007564, epoch_time: 59.0min
Epoch:[2/2](45880/66163), loss: 1.7091, logits_loss: 1.7091, aux_loss: 0.0000, lr: 0.00007559, epoch_time: 59.0min
Epoch:[2/2](45900/66163), loss: 1.6826, logits_loss: 1.6826, aux_loss: 0.0000, lr: 0.00007554, epoch_time: 59.0min
Epoch:[2/2](45920/66163), loss: 1.7206, logits_loss: 1.7206, aux_loss: 0.0000, lr: 0.00007549, epoch_time: 59.0min
Epoch:[2/2](45940/66163), loss: 1.6532, logits_loss: 1.6532, aux_loss: 0.0000, lr: 0.00007544, epoch_time: 59.0min
Epoch:[2/2](45960/66163), loss: 1.6636, logits_loss: 1.6636, aux_loss: 0.0000, lr: 0.00007539, epoch_time: 59.0min
Epoch:[2/2](45980/66163), loss: 1.6056, logits_loss: 1.6056, aux_loss: 0.0000, lr: 0.00007534, epoch_time: 59.0min
Epoch:[2/2](46000/66163), loss: 1.6782, logits_loss: 1.6782, aux_loss: 0.0000, lr: 0.00007529, epoch_time: 59.0min
Epoch:[2/2](46020/66163), loss: 1.6329, logits_loss: 1.6329, aux_loss: 0.0000, lr: 0.00007524, epoch_time: 59.0min
Epoch:[2/2](46040/66163), loss: 1.6290, logits_loss: 1.6290, aux_loss: 0.0000, lr: 0.00007519, epoch_time: 59.0min
Epoch:[2/2](46060/66163), loss: 1.6597, logits_loss: 1.6597, aux_loss: 0.0000, lr: 0.00007514, epoch_time: 59.0min
Epoch:[2/2](46080/66163), loss: 1.6116, logits_loss: 1.6116, aux_loss: 0.0000, lr: 0.00007509, epoch_time: 59.0min
Epoch:[2/2](46100/66163), loss: 1.5895, logits_loss: 1.5895, aux_loss: 0.0000, lr: 0.00007505, epoch_time: 59.0min
Epoch:[2/2](46120/66163), loss: 1.6491, logits_loss: 1.6491, aux_loss: 0.0000, lr: 0.00007500, epoch_time: 59.0min
Epoch:[2/2](46140/66163), loss: 1.6559, logits_loss: 1.6559, aux_loss: 0.0000, lr: 0.00007495, epoch_time: 58.0min
Epoch:[2/2](46160/66163), loss: 1.6163, logits_loss: 1.6163, aux_loss: 0.0000, lr: 0.00007490, epoch_time: 58.0min
Epoch:[2/2](46180/66163), loss: 1.6713, logits_loss: 1.6713, aux_loss: 0.0000, lr: 0.00007485, epoch_time: 58.0min
Epoch:[2/2](46200/66163), loss: 1.6280, logits_loss: 1.6280, aux_loss: 0.0000, lr: 0.00007480, epoch_time: 58.0min
Epoch:[2/2](46220/66163), loss: 1.6959, logits_loss: 1.6959, aux_loss: 0.0000, lr: 0.00007475, epoch_time: 58.0min
Epoch:[2/2](46240/66163), loss: 1.6774, logits_loss: 1.6774, aux_loss: 0.0000, lr: 0.00007470, epoch_time: 58.0min
Epoch:[2/2](46260/66163), loss: 1.6442, logits_loss: 1.6442, aux_loss: 0.0000, lr: 0.00007465, epoch_time: 58.0min
Epoch:[2/2](46280/66163), loss: 1.6018, logits_loss: 1.6018, aux_loss: 0.0000, lr: 0.00007461, epoch_time: 58.0min
Epoch:[2/2](46300/66163), loss: 1.7151, logits_loss: 1.7151, aux_loss: 0.0000, lr: 0.00007456, epoch_time: 58.0min
Epoch:[2/2](46320/66163), loss: 1.6970, logits_loss: 1.6970, aux_loss: 0.0000, lr: 0.00007451, epoch_time: 58.0min
Epoch:[2/2](46340/66163), loss: 1.6375, logits_loss: 1.6375, aux_loss: 0.0000, lr: 0.00007446, epoch_time: 58.0min
Epoch:[2/2](46360/66163), loss: 1.6974, logits_loss: 1.6974, aux_loss: 0.0000, lr: 0.00007441, epoch_time: 58.0min
Epoch:[2/2](46380/66163), loss: 1.5783, logits_loss: 1.5783, aux_loss: 0.0000, lr: 0.00007436, epoch_time: 58.0min
Epoch:[2/2](46400/66163), loss: 1.7359, logits_loss: 1.7359, aux_loss: 0.0000, lr: 0.00007432, epoch_time: 58.0min
Epoch:[2/2](46420/66163), loss: 1.7289, logits_loss: 1.7289, aux_loss: 0.0000, lr: 0.00007427, epoch_time: 58.0min
Epoch:[2/2](46440/66163), loss: 1.5426, logits_loss: 1.5426, aux_loss: 0.0000, lr: 0.00007422, epoch_time: 57.0min
Epoch:[2/2](46460/66163), loss: 1.5795, logits_loss: 1.5795, aux_loss: 0.0000, lr: 0.00007417, epoch_time: 57.0min
Epoch:[2/2](46480/66163), loss: 1.6590, logits_loss: 1.6590, aux_loss: 0.0000, lr: 0.00007412, epoch_time: 57.0min
Epoch:[2/2](46500/66163), loss: 1.5910, logits_loss: 1.5910, aux_loss: 0.0000, lr: 0.00007407, epoch_time: 57.0min
Epoch:[2/2](46520/66163), loss: 1.5945, logits_loss: 1.5945, aux_loss: 0.0000, lr: 0.00007403, epoch_time: 57.0min
Epoch:[2/2](46540/66163), loss: 1.6289, logits_loss: 1.6289, aux_loss: 0.0000, lr: 0.00007398, epoch_time: 57.0min
Epoch:[2/2](46560/66163), loss: 1.7175, logits_loss: 1.7175, aux_loss: 0.0000, lr: 0.00007393, epoch_time: 57.0min
Epoch:[2/2](46580/66163), loss: 1.6406, logits_loss: 1.6406, aux_loss: 0.0000, lr: 0.00007388, epoch_time: 57.0min
Epoch:[2/2](46600/66163), loss: 1.6416, logits_loss: 1.6416, aux_loss: 0.0000, lr: 0.00007383, epoch_time: 57.0min
Epoch:[2/2](46620/66163), loss: 1.6408, logits_loss: 1.6408, aux_loss: 0.0000, lr: 0.00007379, epoch_time: 57.0min
Epoch:[2/2](46640/66163), loss: 1.5584, logits_loss: 1.5584, aux_loss: 0.0000, lr: 0.00007374, epoch_time: 57.0min
Epoch:[2/2](46660/66163), loss: 1.7005, logits_loss: 1.7005, aux_loss: 0.0000, lr: 0.00007369, epoch_time: 57.0min
Epoch:[2/2](46680/66163), loss: 1.6822, logits_loss: 1.6822, aux_loss: 0.0000, lr: 0.00007364, epoch_time: 57.0min
Epoch:[2/2](46700/66163), loss: 1.6100, logits_loss: 1.6100, aux_loss: 0.0000, lr: 0.00007360, epoch_time: 57.0min
Epoch:[2/2](46720/66163), loss: 1.6683, logits_loss: 1.6683, aux_loss: 0.0000, lr: 0.00007355, epoch_time: 57.0min
Epoch:[2/2](46740/66163), loss: 1.6053, logits_loss: 1.6053, aux_loss: 0.0000, lr: 0.00007350, epoch_time: 57.0min
Epoch:[2/2](46760/66163), loss: 1.6323, logits_loss: 1.6323, aux_loss: 0.0000, lr: 0.00007345, epoch_time: 56.0min
Epoch:[2/2](46780/66163), loss: 1.6590, logits_loss: 1.6590, aux_loss: 0.0000, lr: 0.00007341, epoch_time: 56.0min
Epoch:[2/2](46800/66163), loss: 1.7258, logits_loss: 1.7258, aux_loss: 0.0000, lr: 0.00007336, epoch_time: 56.0min
Epoch:[2/2](46820/66163), loss: 1.7316, logits_loss: 1.7316, aux_loss: 0.0000, lr: 0.00007331, epoch_time: 56.0min
Epoch:[2/2](46840/66163), loss: 1.7309, logits_loss: 1.7309, aux_loss: 0.0000, lr: 0.00007326, epoch_time: 56.0min
Epoch:[2/2](46860/66163), loss: 1.7049, logits_loss: 1.7049, aux_loss: 0.0000, lr: 0.00007322, epoch_time: 56.0min
Epoch:[2/2](46880/66163), loss: 1.7306, logits_loss: 1.7306, aux_loss: 0.0000, lr: 0.00007317, epoch_time: 56.0min
Epoch:[2/2](46900/66163), loss: 1.6252, logits_loss: 1.6252, aux_loss: 0.0000, lr: 0.00007312, epoch_time: 56.0min
Epoch:[2/2](46920/66163), loss: 1.5668, logits_loss: 1.5668, aux_loss: 0.0000, lr: 0.00007307, epoch_time: 56.0min
Epoch:[2/2](46940/66163), loss: 1.5251, logits_loss: 1.5251, aux_loss: 0.0000, lr: 0.00007303, epoch_time: 56.0min
Epoch:[2/2](46960/66163), loss: 1.5826, logits_loss: 1.5826, aux_loss: 0.0000, lr: 0.00007298, epoch_time: 56.0min
Epoch:[2/2](46980/66163), loss: 1.7515, logits_loss: 1.7515, aux_loss: 0.0000, lr: 0.00007293, epoch_time: 56.0min
Epoch:[2/2](47000/66163), loss: 1.6106, logits_loss: 1.6106, aux_loss: 0.0000, lr: 0.00007289, epoch_time: 56.0min
Epoch:[2/2](47020/66163), loss: 1.6733, logits_loss: 1.6733, aux_loss: 0.0000, lr: 0.00007284, epoch_time: 56.0min
Epoch:[2/2](47040/66163), loss: 1.7730, logits_loss: 1.7730, aux_loss: 0.0000, lr: 0.00007279, epoch_time: 56.0min
Epoch:[2/2](47060/66163), loss: 1.6351, logits_loss: 1.6351, aux_loss: 0.0000, lr: 0.00007275, epoch_time: 55.0min
Epoch:[2/2](47080/66163), loss: 1.6653, logits_loss: 1.6653, aux_loss: 0.0000, lr: 0.00007270, epoch_time: 55.0min
Epoch:[2/2](47100/66163), loss: 1.6640, logits_loss: 1.6640, aux_loss: 0.0000, lr: 0.00007265, epoch_time: 55.0min
Epoch:[2/2](47120/66163), loss: 1.6886, logits_loss: 1.6886, aux_loss: 0.0000, lr: 0.00007261, epoch_time: 56.0min
Epoch:[2/2](47140/66163), loss: 1.5918, logits_loss: 1.5918, aux_loss: 0.0000, lr: 0.00007256, epoch_time: 56.0min
Epoch:[2/2](47160/66163), loss: 1.7356, logits_loss: 1.7356, aux_loss: 0.0000, lr: 0.00007251, epoch_time: 56.0min
Epoch:[2/2](47180/66163), loss: 1.7339, logits_loss: 1.7339, aux_loss: 0.0000, lr: 0.00007247, epoch_time: 55.0min
Epoch:[2/2](47200/66163), loss: 1.5959, logits_loss: 1.5959, aux_loss: 0.0000, lr: 0.00007242, epoch_time: 55.0min
Epoch:[2/2](47220/66163), loss: 1.7349, logits_loss: 1.7349, aux_loss: 0.0000, lr: 0.00007237, epoch_time: 55.0min
Epoch:[2/2](47240/66163), loss: 1.7018, logits_loss: 1.7018, aux_loss: 0.0000, lr: 0.00007233, epoch_time: 55.0min
Epoch:[2/2](47260/66163), loss: 1.6794, logits_loss: 1.6794, aux_loss: 0.0000, lr: 0.00007228, epoch_time: 55.0min
Epoch:[2/2](47280/66163), loss: 1.6615, logits_loss: 1.6615, aux_loss: 0.0000, lr: 0.00007223, epoch_time: 55.0min
Epoch:[2/2](47300/66163), loss: 1.6398, logits_loss: 1.6398, aux_loss: 0.0000, lr: 0.00007219, epoch_time: 55.0min
Epoch:[2/2](47320/66163), loss: 1.6574, logits_loss: 1.6574, aux_loss: 0.0000, lr: 0.00007214, epoch_time: 55.0min
Epoch:[2/2](47340/66163), loss: 1.7035, logits_loss: 1.7035, aux_loss: 0.0000, lr: 0.00007210, epoch_time: 55.0min
Epoch:[2/2](47360/66163), loss: 1.6439, logits_loss: 1.6439, aux_loss: 0.0000, lr: 0.00007205, epoch_time: 55.0min
Epoch:[2/2](47380/66163), loss: 1.6980, logits_loss: 1.6980, aux_loss: 0.0000, lr: 0.00007200, epoch_time: 55.0min
Epoch:[2/2](47400/66163), loss: 1.6857, logits_loss: 1.6857, aux_loss: 0.0000, lr: 0.00007196, epoch_time: 55.0min
Epoch:[2/2](47420/66163), loss: 1.6685, logits_loss: 1.6685, aux_loss: 0.0000, lr: 0.00007191, epoch_time: 55.0min
Epoch:[2/2](47440/66163), loss: 1.6554, logits_loss: 1.6554, aux_loss: 0.0000, lr: 0.00007187, epoch_time: 55.0min
Epoch:[2/2](47460/66163), loss: 1.6642, logits_loss: 1.6642, aux_loss: 0.0000, lr: 0.00007182, epoch_time: 55.0min
Epoch:[2/2](47480/66163), loss: 1.7084, logits_loss: 1.7084, aux_loss: 0.0000, lr: 0.00007177, epoch_time: 54.0min
Epoch:[2/2](47500/66163), loss: 1.6668, logits_loss: 1.6668, aux_loss: 0.0000, lr: 0.00007173, epoch_time: 54.0min
Epoch:[2/2](47520/66163), loss: 1.5800, logits_loss: 1.5800, aux_loss: 0.0000, lr: 0.00007168, epoch_time: 54.0min
Epoch:[2/2](47540/66163), loss: 1.5944, logits_loss: 1.5944, aux_loss: 0.0000, lr: 0.00007164, epoch_time: 54.0min
Epoch:[2/2](47560/66163), loss: 1.6189, logits_loss: 1.6189, aux_loss: 0.0000, lr: 0.00007159, epoch_time: 54.0min
Epoch:[2/2](47580/66163), loss: 1.6567, logits_loss: 1.6567, aux_loss: 0.0000, lr: 0.00007154, epoch_time: 54.0min
Epoch:[2/2](47600/66163), loss: 1.6250, logits_loss: 1.6250, aux_loss: 0.0000, lr: 0.00007150, epoch_time: 54.0min
Epoch:[2/2](47620/66163), loss: 1.6347, logits_loss: 1.6347, aux_loss: 0.0000, lr: 0.00007145, epoch_time: 54.0min
Epoch:[2/2](47640/66163), loss: 1.7474, logits_loss: 1.7474, aux_loss: 0.0000, lr: 0.00007141, epoch_time: 54.0min
Epoch:[2/2](47660/66163), loss: 1.6342, logits_loss: 1.6342, aux_loss: 0.0000, lr: 0.00007136, epoch_time: 54.0min
Epoch:[2/2](47680/66163), loss: 1.6194, logits_loss: 1.6194, aux_loss: 0.0000, lr: 0.00007132, epoch_time: 54.0min
Epoch:[2/2](47700/66163), loss: 1.7507, logits_loss: 1.7507, aux_loss: 0.0000, lr: 0.00007127, epoch_time: 54.0min
Epoch:[2/2](47720/66163), loss: 1.6174, logits_loss: 1.6174, aux_loss: 0.0000, lr: 0.00007123, epoch_time: 54.0min
Epoch:[2/2](47740/66163), loss: 1.6584, logits_loss: 1.6584, aux_loss: 0.0000, lr: 0.00007118, epoch_time: 54.0min
Epoch:[2/2](47760/66163), loss: 1.6812, logits_loss: 1.6812, aux_loss: 0.0000, lr: 0.00007114, epoch_time: 54.0min
Epoch:[2/2](47780/66163), loss: 1.6220, logits_loss: 1.6220, aux_loss: 0.0000, lr: 0.00007109, epoch_time: 53.0min
Epoch:[2/2](47800/66163), loss: 1.5965, logits_loss: 1.5965, aux_loss: 0.0000, lr: 0.00007105, epoch_time: 53.0min
Epoch:[2/2](47820/66163), loss: 1.7879, logits_loss: 1.7879, aux_loss: 0.0000, lr: 0.00007100, epoch_time: 53.0min
Epoch:[2/2](47840/66163), loss: 1.6114, logits_loss: 1.6114, aux_loss: 0.0000, lr: 0.00007096, epoch_time: 53.0min
Epoch:[2/2](47860/66163), loss: 1.6384, logits_loss: 1.6384, aux_loss: 0.0000, lr: 0.00007091, epoch_time: 53.0min
Epoch:[2/2](47880/66163), loss: 1.6378, logits_loss: 1.6378, aux_loss: 0.0000, lr: 0.00007087, epoch_time: 53.0min
Epoch:[2/2](47900/66163), loss: 1.6427, logits_loss: 1.6427, aux_loss: 0.0000, lr: 0.00007082, epoch_time: 53.0min
Epoch:[2/2](47920/66163), loss: 1.5935, logits_loss: 1.5935, aux_loss: 0.0000, lr: 0.00007078, epoch_time: 53.0min
Epoch:[2/2](47940/66163), loss: 1.6577, logits_loss: 1.6577, aux_loss: 0.0000, lr: 0.00007073, epoch_time: 53.0min
Epoch:[2/2](47960/66163), loss: 1.6664, logits_loss: 1.6664, aux_loss: 0.0000, lr: 0.00007069, epoch_time: 53.0min
Epoch:[2/2](47980/66163), loss: 1.6692, logits_loss: 1.6692, aux_loss: 0.0000, lr: 0.00007064, epoch_time: 53.0min
Epoch:[2/2](48000/66163), loss: 1.6845, logits_loss: 1.6845, aux_loss: 0.0000, lr: 0.00007060, epoch_time: 53.0min
Epoch:[2/2](48020/66163), loss: 1.6149, logits_loss: 1.6149, aux_loss: 0.0000, lr: 0.00007055, epoch_time: 53.0min
Epoch:[2/2](48040/66163), loss: 1.6069, logits_loss: 1.6069, aux_loss: 0.0000, lr: 0.00007051, epoch_time: 53.0min
Epoch:[2/2](48060/66163), loss: 1.7976, logits_loss: 1.7976, aux_loss: 0.0000, lr: 0.00007046, epoch_time: 53.0min
Epoch:[2/2](48080/66163), loss: 1.6212, logits_loss: 1.6212, aux_loss: 0.0000, lr: 0.00007042, epoch_time: 53.0min
Epoch:[2/2](48100/66163), loss: 1.5518, logits_loss: 1.5518, aux_loss: 0.0000, lr: 0.00007037, epoch_time: 52.0min
Epoch:[2/2](48120/66163), loss: 1.6134, logits_loss: 1.6134, aux_loss: 0.0000, lr: 0.00007033, epoch_time: 52.0min
Epoch:[2/2](48140/66163), loss: 1.6919, logits_loss: 1.6919, aux_loss: 0.0000, lr: 0.00007029, epoch_time: 52.0min
Epoch:[2/2](48160/66163), loss: 1.5747, logits_loss: 1.5747, aux_loss: 0.0000, lr: 0.00007024, epoch_time: 52.0min
Epoch:[2/2](48180/66163), loss: 1.7199, logits_loss: 1.7199, aux_loss: 0.0000, lr: 0.00007020, epoch_time: 52.0min
Epoch:[2/2](48200/66163), loss: 1.7377, logits_loss: 1.7377, aux_loss: 0.0000, lr: 0.00007015, epoch_time: 52.0min
Epoch:[2/2](48220/66163), loss: 1.6896, logits_loss: 1.6896, aux_loss: 0.0000, lr: 0.00007011, epoch_time: 52.0min
Epoch:[2/2](48240/66163), loss: 1.6182, logits_loss: 1.6182, aux_loss: 0.0000, lr: 0.00007006, epoch_time: 52.0min
Epoch:[2/2](48260/66163), loss: 1.5627, logits_loss: 1.5627, aux_loss: 0.0000, lr: 0.00007002, epoch_time: 52.0min
Epoch:[2/2](48280/66163), loss: 1.6047, logits_loss: 1.6047, aux_loss: 0.0000, lr: 0.00006998, epoch_time: 52.0min
Epoch:[2/2](48300/66163), loss: 1.6483, logits_loss: 1.6483, aux_loss: 0.0000, lr: 0.00006993, epoch_time: 52.0min
Epoch:[2/2](48320/66163), loss: 1.6509, logits_loss: 1.6509, aux_loss: 0.0000, lr: 0.00006989, epoch_time: 52.0min
Epoch:[2/2](48340/66163), loss: 1.6875, logits_loss: 1.6875, aux_loss: 0.0000, lr: 0.00006984, epoch_time: 52.0min
Epoch:[2/2](48360/66163), loss: 1.5684, logits_loss: 1.5684, aux_loss: 0.0000, lr: 0.00006980, epoch_time: 52.0min
Epoch:[2/2](48380/66163), loss: 1.7374, logits_loss: 1.7374, aux_loss: 0.0000, lr: 0.00006976, epoch_time: 52.0min
Epoch:[2/2](48400/66163), loss: 1.6592, logits_loss: 1.6592, aux_loss: 0.0000, lr: 0.00006971, epoch_time: 52.0min
Epoch:[2/2](48420/66163), loss: 1.7105, logits_loss: 1.7105, aux_loss: 0.0000, lr: 0.00006967, epoch_time: 52.0min
Epoch:[2/2](48440/66163), loss: 1.5409, logits_loss: 1.5409, aux_loss: 0.0000, lr: 0.00006963, epoch_time: 52.0min
Epoch:[2/2](48460/66163), loss: 1.5934, logits_loss: 1.5934, aux_loss: 0.0000, lr: 0.00006958, epoch_time: 52.0min
Epoch:[2/2](48480/66163), loss: 1.5638, logits_loss: 1.5638, aux_loss: 0.0000, lr: 0.00006954, epoch_time: 52.0min
Epoch:[2/2](48500/66163), loss: 1.6997, logits_loss: 1.6997, aux_loss: 0.0000, lr: 0.00006949, epoch_time: 52.0min
Epoch:[2/2](48520/66163), loss: 1.6668, logits_loss: 1.6668, aux_loss: 0.0000, lr: 0.00006945, epoch_time: 51.0min
Epoch:[2/2](48540/66163), loss: 1.6751, logits_loss: 1.6751, aux_loss: 0.0000, lr: 0.00006941, epoch_time: 51.0min
Epoch:[2/2](48560/66163), loss: 1.5895, logits_loss: 1.5895, aux_loss: 0.0000, lr: 0.00006936, epoch_time: 51.0min
Epoch:[2/2](48580/66163), loss: 1.5931, logits_loss: 1.5931, aux_loss: 0.0000, lr: 0.00006932, epoch_time: 51.0min
Epoch:[2/2](48600/66163), loss: 1.7256, logits_loss: 1.7256, aux_loss: 0.0000, lr: 0.00006928, epoch_time: 51.0min
Epoch:[2/2](48620/66163), loss: 1.6391, logits_loss: 1.6391, aux_loss: 0.0000, lr: 0.00006923, epoch_time: 51.0min
Epoch:[2/2](48640/66163), loss: 1.6377, logits_loss: 1.6377, aux_loss: 0.0000, lr: 0.00006919, epoch_time: 51.0min
Epoch:[2/2](48660/66163), loss: 1.6313, logits_loss: 1.6313, aux_loss: 0.0000, lr: 0.00006915, epoch_time: 51.0min
Epoch:[2/2](48680/66163), loss: 1.6829, logits_loss: 1.6829, aux_loss: 0.0000, lr: 0.00006911, epoch_time: 51.0min
Epoch:[2/2](48700/66163), loss: 1.6583, logits_loss: 1.6583, aux_loss: 0.0000, lr: 0.00006906, epoch_time: 51.0min
Epoch:[2/2](48720/66163), loss: 1.6599, logits_loss: 1.6599, aux_loss: 0.0000, lr: 0.00006902, epoch_time: 51.0min
Epoch:[2/2](48740/66163), loss: 1.6277, logits_loss: 1.6277, aux_loss: 0.0000, lr: 0.00006898, epoch_time: 51.0min
Epoch:[2/2](48760/66163), loss: 1.6360, logits_loss: 1.6360, aux_loss: 0.0000, lr: 0.00006893, epoch_time: 51.0min
Epoch:[2/2](48780/66163), loss: 1.6713, logits_loss: 1.6713, aux_loss: 0.0000, lr: 0.00006889, epoch_time: 51.0min
Epoch:[2/2](48800/66163), loss: 1.6845, logits_loss: 1.6845, aux_loss: 0.0000, lr: 0.00006885, epoch_time: 51.0min
Epoch:[2/2](48820/66163), loss: 1.7172, logits_loss: 1.7172, aux_loss: 0.0000, lr: 0.00006880, epoch_time: 50.0min
Epoch:[2/2](48840/66163), loss: 1.6487, logits_loss: 1.6487, aux_loss: 0.0000, lr: 0.00006876, epoch_time: 50.0min
Epoch:[2/2](48860/66163), loss: 1.6564, logits_loss: 1.6564, aux_loss: 0.0000, lr: 0.00006872, epoch_time: 50.0min
Epoch:[2/2](48880/66163), loss: 1.5816, logits_loss: 1.5816, aux_loss: 0.0000, lr: 0.00006868, epoch_time: 50.0min
Epoch:[2/2](48900/66163), loss: 1.6623, logits_loss: 1.6623, aux_loss: 0.0000, lr: 0.00006863, epoch_time: 50.0min
Epoch:[2/2](48920/66163), loss: 1.5644, logits_loss: 1.5644, aux_loss: 0.0000, lr: 0.00006859, epoch_time: 50.0min
Epoch:[2/2](48940/66163), loss: 1.6020, logits_loss: 1.6020, aux_loss: 0.0000, lr: 0.00006855, epoch_time: 50.0min
Epoch:[2/2](48960/66163), loss: 1.6203, logits_loss: 1.6203, aux_loss: 0.0000, lr: 0.00006851, epoch_time: 50.0min
Epoch:[2/2](48980/66163), loss: 1.6781, logits_loss: 1.6781, aux_loss: 0.0000, lr: 0.00006846, epoch_time: 50.0min
Epoch:[2/2](49000/66163), loss: 1.6879, logits_loss: 1.6879, aux_loss: 0.0000, lr: 0.00006842, epoch_time: 50.0min
Epoch:[2/2](49020/66163), loss: 1.6977, logits_loss: 1.6977, aux_loss: 0.0000, lr: 0.00006838, epoch_time: 50.0min
Epoch:[2/2](49040/66163), loss: 1.6423, logits_loss: 1.6423, aux_loss: 0.0000, lr: 0.00006834, epoch_time: 50.0min
Epoch:[2/2](49060/66163), loss: 1.6819, logits_loss: 1.6819, aux_loss: 0.0000, lr: 0.00006829, epoch_time: 50.0min
Epoch:[2/2](49080/66163), loss: 1.7283, logits_loss: 1.7283, aux_loss: 0.0000, lr: 0.00006825, epoch_time: 50.0min
Epoch:[2/2](49100/66163), loss: 1.7148, logits_loss: 1.7148, aux_loss: 0.0000, lr: 0.00006821, epoch_time: 50.0min
Epoch:[2/2](49120/66163), loss: 1.6812, logits_loss: 1.6812, aux_loss: 0.0000, lr: 0.00006817, epoch_time: 50.0min
Epoch:[2/2](49140/66163), loss: 1.5913, logits_loss: 1.5913, aux_loss: 0.0000, lr: 0.00006813, epoch_time: 49.0min
Epoch:[2/2](49160/66163), loss: 1.7188, logits_loss: 1.7188, aux_loss: 0.0000, lr: 0.00006808, epoch_time: 49.0min
Epoch:[2/2](49180/66163), loss: 1.6611, logits_loss: 1.6611, aux_loss: 0.0000, lr: 0.00006804, epoch_time: 49.0min
Epoch:[2/2](49200/66163), loss: 1.6208, logits_loss: 1.6208, aux_loss: 0.0000, lr: 0.00006800, epoch_time: 49.0min
Epoch:[2/2](49220/66163), loss: 1.7542, logits_loss: 1.7542, aux_loss: 0.0000, lr: 0.00006796, epoch_time: 49.0min
Epoch:[2/2](49240/66163), loss: 1.6597, logits_loss: 1.6597, aux_loss: 0.0000, lr: 0.00006792, epoch_time: 49.0min
Epoch:[2/2](49260/66163), loss: 1.6588, logits_loss: 1.6588, aux_loss: 0.0000, lr: 0.00006788, epoch_time: 49.0min
Epoch:[2/2](49280/66163), loss: 1.6085, logits_loss: 1.6085, aux_loss: 0.0000, lr: 0.00006783, epoch_time: 49.0min
Epoch:[2/2](49300/66163), loss: 1.5785, logits_loss: 1.5785, aux_loss: 0.0000, lr: 0.00006779, epoch_time: 49.0min
Epoch:[2/2](49320/66163), loss: 1.6522, logits_loss: 1.6522, aux_loss: 0.0000, lr: 0.00006775, epoch_time: 49.0min
Epoch:[2/2](49340/66163), loss: 1.7183, logits_loss: 1.7183, aux_loss: 0.0000, lr: 0.00006771, epoch_time: 49.0min
Epoch:[2/2](49360/66163), loss: 1.6482, logits_loss: 1.6482, aux_loss: 0.0000, lr: 0.00006767, epoch_time: 49.0min
Epoch:[2/2](49380/66163), loss: 1.8135, logits_loss: 1.8135, aux_loss: 0.0000, lr: 0.00006763, epoch_time: 49.0min
Epoch:[2/2](49400/66163), loss: 1.7784, logits_loss: 1.7784, aux_loss: 0.0000, lr: 0.00006758, epoch_time: 49.0min
Epoch:[2/2](49420/66163), loss: 1.6080, logits_loss: 1.6080, aux_loss: 0.0000, lr: 0.00006754, epoch_time: 49.0min
Epoch:[2/2](49440/66163), loss: 1.7343, logits_loss: 1.7343, aux_loss: 0.0000, lr: 0.00006750, epoch_time: 49.0min
Epoch:[2/2](49460/66163), loss: 1.6405, logits_loss: 1.6405, aux_loss: 0.0000, lr: 0.00006746, epoch_time: 49.0min
Epoch:[2/2](49480/66163), loss: 1.7463, logits_loss: 1.7463, aux_loss: 0.0000, lr: 0.00006742, epoch_time: 49.0min
Epoch:[2/2](49500/66163), loss: 1.6430, logits_loss: 1.6430, aux_loss: 0.0000, lr: 0.00006738, epoch_time: 49.0min
Epoch:[2/2](49520/66163), loss: 1.7145, logits_loss: 1.7145, aux_loss: 0.0000, lr: 0.00006734, epoch_time: 49.0min
Epoch:[2/2](49540/66163), loss: 1.6416, logits_loss: 1.6416, aux_loss: 0.0000, lr: 0.00006730, epoch_time: 48.0min
Epoch:[2/2](49560/66163), loss: 1.6552, logits_loss: 1.6552, aux_loss: 0.0000, lr: 0.00006725, epoch_time: 48.0min
Epoch:[2/2](49580/66163), loss: 1.5955, logits_loss: 1.5955, aux_loss: 0.0000, lr: 0.00006721, epoch_time: 48.0min
Epoch:[2/2](49600/66163), loss: 1.6765, logits_loss: 1.6765, aux_loss: 0.0000, lr: 0.00006717, epoch_time: 48.0min
Epoch:[2/2](49620/66163), loss: 1.7151, logits_loss: 1.7151, aux_loss: 0.0000, lr: 0.00006713, epoch_time: 48.0min
Epoch:[2/2](49640/66163), loss: 1.6089, logits_loss: 1.6089, aux_loss: 0.0000, lr: 0.00006709, epoch_time: 48.0min
Epoch:[2/2](49660/66163), loss: 1.6387, logits_loss: 1.6387, aux_loss: 0.0000, lr: 0.00006705, epoch_time: 48.0min
Epoch:[2/2](49680/66163), loss: 1.7051, logits_loss: 1.7051, aux_loss: 0.0000, lr: 0.00006701, epoch_time: 48.0min
Epoch:[2/2](49700/66163), loss: 1.6796, logits_loss: 1.6796, aux_loss: 0.0000, lr: 0.00006697, epoch_time: 48.0min
Epoch:[2/2](49720/66163), loss: 1.6720, logits_loss: 1.6720, aux_loss: 0.0000, lr: 0.00006693, epoch_time: 48.0min
Epoch:[2/2](49740/66163), loss: 1.6758, logits_loss: 1.6758, aux_loss: 0.0000, lr: 0.00006689, epoch_time: 48.0min
Epoch:[2/2](49760/66163), loss: 1.7256, logits_loss: 1.7256, aux_loss: 0.0000, lr: 0.00006685, epoch_time: 48.0min
Epoch:[2/2](49780/66163), loss: 1.6252, logits_loss: 1.6252, aux_loss: 0.0000, lr: 0.00006681, epoch_time: 48.0min
Epoch:[2/2](49800/66163), loss: 1.6713, logits_loss: 1.6713, aux_loss: 0.0000, lr: 0.00006677, epoch_time: 48.0min
Epoch:[2/2](49820/66163), loss: 1.7026, logits_loss: 1.7026, aux_loss: 0.0000, lr: 0.00006673, epoch_time: 48.0min
Epoch:[2/2](49840/66163), loss: 1.6708, logits_loss: 1.6708, aux_loss: 0.0000, lr: 0.00006668, epoch_time: 48.0min
Epoch:[2/2](49860/66163), loss: 1.6304, logits_loss: 1.6304, aux_loss: 0.0000, lr: 0.00006664, epoch_time: 47.0min
Epoch:[2/2](49880/66163), loss: 1.6871, logits_loss: 1.6871, aux_loss: 0.0000, lr: 0.00006660, epoch_time: 47.0min
Epoch:[2/2](49900/66163), loss: 1.6604, logits_loss: 1.6604, aux_loss: 0.0000, lr: 0.00006656, epoch_time: 47.0min
Epoch:[2/2](49920/66163), loss: 1.6664, logits_loss: 1.6664, aux_loss: 0.0000, lr: 0.00006652, epoch_time: 47.0min
Epoch:[2/2](49940/66163), loss: 1.6111, logits_loss: 1.6111, aux_loss: 0.0000, lr: 0.00006648, epoch_time: 47.0min
Epoch:[2/2](49960/66163), loss: 1.6401, logits_loss: 1.6401, aux_loss: 0.0000, lr: 0.00006644, epoch_time: 47.0min
Epoch:[2/2](49980/66163), loss: 1.6393, logits_loss: 1.6393, aux_loss: 0.0000, lr: 0.00006640, epoch_time: 47.0min
Epoch:[2/2](50000/66163), loss: 1.5909, logits_loss: 1.5909, aux_loss: 0.0000, lr: 0.00006636, epoch_time: 47.0min
Epoch:[2/2](50020/66163), loss: 1.6161, logits_loss: 1.6161, aux_loss: 0.0000, lr: 0.00006632, epoch_time: 47.0min
Epoch:[2/2](50040/66163), loss: 1.6702, logits_loss: 1.6702, aux_loss: 0.0000, lr: 0.00006628, epoch_time: 47.0min
Epoch:[2/2](50060/66163), loss: 1.6178, logits_loss: 1.6178, aux_loss: 0.0000, lr: 0.00006624, epoch_time: 47.0min
Epoch:[2/2](50080/66163), loss: 1.5558, logits_loss: 1.5558, aux_loss: 0.0000, lr: 0.00006620, epoch_time: 47.0min
Epoch:[2/2](50100/66163), loss: 1.8098, logits_loss: 1.8098, aux_loss: 0.0000, lr: 0.00006616, epoch_time: 47.0min
Epoch:[2/2](50120/66163), loss: 1.6344, logits_loss: 1.6344, aux_loss: 0.0000, lr: 0.00006612, epoch_time: 47.0min
Epoch:[2/2](50140/66163), loss: 1.6163, logits_loss: 1.6163, aux_loss: 0.0000, lr: 0.00006608, epoch_time: 47.0min
Epoch:[2/2](50160/66163), loss: 1.6515, logits_loss: 1.6515, aux_loss: 0.0000, lr: 0.00006604, epoch_time: 47.0min
Epoch:[2/2](50180/66163), loss: 1.6790, logits_loss: 1.6790, aux_loss: 0.0000, lr: 0.00006601, epoch_time: 46.0min
Epoch:[2/2](50200/66163), loss: 1.7544, logits_loss: 1.7544, aux_loss: 0.0000, lr: 0.00006597, epoch_time: 46.0min
Epoch:[2/2](50220/66163), loss: 1.7840, logits_loss: 1.7840, aux_loss: 0.0000, lr: 0.00006593, epoch_time: 46.0min
Epoch:[2/2](50240/66163), loss: 1.6451, logits_loss: 1.6451, aux_loss: 0.0000, lr: 0.00006589, epoch_time: 46.0min
Epoch:[2/2](50260/66163), loss: 1.6455, logits_loss: 1.6455, aux_loss: 0.0000, lr: 0.00006585, epoch_time: 46.0min
Epoch:[2/2](50280/66163), loss: 1.6310, logits_loss: 1.6310, aux_loss: 0.0000, lr: 0.00006581, epoch_time: 46.0min
Epoch:[2/2](50300/66163), loss: 1.7744, logits_loss: 1.7744, aux_loss: 0.0000, lr: 0.00006577, epoch_time: 46.0min
Epoch:[2/2](50320/66163), loss: 1.6902, logits_loss: 1.6902, aux_loss: 0.0000, lr: 0.00006573, epoch_time: 46.0min
Epoch:[2/2](50340/66163), loss: 1.6612, logits_loss: 1.6612, aux_loss: 0.0000, lr: 0.00006569, epoch_time: 46.0min
Epoch:[2/2](50360/66163), loss: 1.6351, logits_loss: 1.6351, aux_loss: 0.0000, lr: 0.00006565, epoch_time: 46.0min
Epoch:[2/2](50380/66163), loss: 1.6088, logits_loss: 1.6088, aux_loss: 0.0000, lr: 0.00006561, epoch_time: 46.0min
Epoch:[2/2](50400/66163), loss: 1.6334, logits_loss: 1.6334, aux_loss: 0.0000, lr: 0.00006557, epoch_time: 46.0min
Epoch:[2/2](50420/66163), loss: 1.6972, logits_loss: 1.6972, aux_loss: 0.0000, lr: 0.00006553, epoch_time: 46.0min
Epoch:[2/2](50440/66163), loss: 1.6294, logits_loss: 1.6294, aux_loss: 0.0000, lr: 0.00006549, epoch_time: 46.0min
Epoch:[2/2](50460/66163), loss: 1.7173, logits_loss: 1.7173, aux_loss: 0.0000, lr: 0.00006546, epoch_time: 46.0min
Epoch:[2/2](50480/66163), loss: 1.6550, logits_loss: 1.6550, aux_loss: 0.0000, lr: 0.00006542, epoch_time: 46.0min
Epoch:[2/2](50500/66163), loss: 1.6603, logits_loss: 1.6603, aux_loss: 0.0000, lr: 0.00006538, epoch_time: 45.0min
Epoch:[2/2](50520/66163), loss: 1.6034, logits_loss: 1.6034, aux_loss: 0.0000, lr: 0.00006534, epoch_time: 45.0min
Epoch:[2/2](50540/66163), loss: 1.6216, logits_loss: 1.6216, aux_loss: 0.0000, lr: 0.00006530, epoch_time: 45.0min
Epoch:[2/2](50560/66163), loss: 1.6496, logits_loss: 1.6496, aux_loss: 0.0000, lr: 0.00006526, epoch_time: 45.0min
Epoch:[2/2](50580/66163), loss: 1.6710, logits_loss: 1.6710, aux_loss: 0.0000, lr: 0.00006522, epoch_time: 45.0min
Epoch:[2/2](50600/66163), loss: 1.6851, logits_loss: 1.6851, aux_loss: 0.0000, lr: 0.00006518, epoch_time: 45.0min
Epoch:[2/2](50620/66163), loss: 1.6520, logits_loss: 1.6520, aux_loss: 0.0000, lr: 0.00006515, epoch_time: 45.0min
Epoch:[2/2](50640/66163), loss: 1.5796, logits_loss: 1.5796, aux_loss: 0.0000, lr: 0.00006511, epoch_time: 45.0min
Epoch:[2/2](50660/66163), loss: 1.6603, logits_loss: 1.6603, aux_loss: 0.0000, lr: 0.00006507, epoch_time: 45.0min
Epoch:[2/2](50680/66163), loss: 1.6802, logits_loss: 1.6802, aux_loss: 0.0000, lr: 0.00006503, epoch_time: 45.0min
Epoch:[2/2](50700/66163), loss: 1.6430, logits_loss: 1.6430, aux_loss: 0.0000, lr: 0.00006499, epoch_time: 45.0min
Epoch:[2/2](50720/66163), loss: 1.6191, logits_loss: 1.6191, aux_loss: 0.0000, lr: 0.00006495, epoch_time: 45.0min
Epoch:[2/2](50740/66163), loss: 1.7704, logits_loss: 1.7704, aux_loss: 0.0000, lr: 0.00006492, epoch_time: 45.0min
Epoch:[2/2](50760/66163), loss: 1.6603, logits_loss: 1.6603, aux_loss: 0.0000, lr: 0.00006488, epoch_time: 45.0min
Epoch:[2/2](50780/66163), loss: 1.6216, logits_loss: 1.6216, aux_loss: 0.0000, lr: 0.00006484, epoch_time: 45.0min
Epoch:[2/2](50800/66163), loss: 1.5745, logits_loss: 1.5745, aux_loss: 0.0000, lr: 0.00006480, epoch_time: 45.0min
Epoch:[2/2](50820/66163), loss: 1.7194, logits_loss: 1.7194, aux_loss: 0.0000, lr: 0.00006476, epoch_time: 44.0min
Epoch:[2/2](50840/66163), loss: 1.5731, logits_loss: 1.5731, aux_loss: 0.0000, lr: 0.00006472, epoch_time: 44.0min
Epoch:[2/2](50860/66163), loss: 1.7516, logits_loss: 1.7516, aux_loss: 0.0000, lr: 0.00006469, epoch_time: 45.0min
Epoch:[2/2](50880/66163), loss: 1.6219, logits_loss: 1.6219, aux_loss: 0.0000, lr: 0.00006465, epoch_time: 45.0min
Epoch:[2/2](50900/66163), loss: 1.6619, logits_loss: 1.6619, aux_loss: 0.0000, lr: 0.00006461, epoch_time: 44.0min
Epoch:[2/2](50920/66163), loss: 1.7100, logits_loss: 1.7100, aux_loss: 0.0000, lr: 0.00006457, epoch_time: 44.0min
Epoch:[2/2](50940/66163), loss: 1.7341, logits_loss: 1.7341, aux_loss: 0.0000, lr: 0.00006454, epoch_time: 44.0min
Epoch:[2/2](50960/66163), loss: 1.6478, logits_loss: 1.6478, aux_loss: 0.0000, lr: 0.00006450, epoch_time: 44.0min
Epoch:[2/2](50980/66163), loss: 1.6326, logits_loss: 1.6326, aux_loss: 0.0000, lr: 0.00006446, epoch_time: 44.0min
Epoch:[2/2](51000/66163), loss: 1.6957, logits_loss: 1.6957, aux_loss: 0.0000, lr: 0.00006442, epoch_time: 44.0min
Epoch:[2/2](51020/66163), loss: 1.6278, logits_loss: 1.6278, aux_loss: 0.0000, lr: 0.00006438, epoch_time: 44.0min
Epoch:[2/2](51040/66163), loss: 1.6708, logits_loss: 1.6708, aux_loss: 0.0000, lr: 0.00006435, epoch_time: 44.0min
Epoch:[2/2](51060/66163), loss: 1.6943, logits_loss: 1.6943, aux_loss: 0.0000, lr: 0.00006431, epoch_time: 44.0min
Epoch:[2/2](51080/66163), loss: 1.6677, logits_loss: 1.6677, aux_loss: 0.0000, lr: 0.00006427, epoch_time: 44.0min
Epoch:[2/2](51100/66163), loss: 1.6601, logits_loss: 1.6601, aux_loss: 0.0000, lr: 0.00006423, epoch_time: 44.0min
Epoch:[2/2](51120/66163), loss: 1.6794, logits_loss: 1.6794, aux_loss: 0.0000, lr: 0.00006420, epoch_time: 44.0min
Epoch:[2/2](51140/66163), loss: 1.6458, logits_loss: 1.6458, aux_loss: 0.0000, lr: 0.00006416, epoch_time: 44.0min
Epoch:[2/2](51160/66163), loss: 1.6029, logits_loss: 1.6029, aux_loss: 0.0000, lr: 0.00006412, epoch_time: 44.0min
Epoch:[2/2](51180/66163), loss: 1.7157, logits_loss: 1.7157, aux_loss: 0.0000, lr: 0.00006409, epoch_time: 44.0min
Epoch:[2/2](51200/66163), loss: 1.6497, logits_loss: 1.6497, aux_loss: 0.0000, lr: 0.00006405, epoch_time: 44.0min
Epoch:[2/2](51220/66163), loss: 1.6856, logits_loss: 1.6856, aux_loss: 0.0000, lr: 0.00006401, epoch_time: 43.0min
Epoch:[2/2](51240/66163), loss: 1.7317, logits_loss: 1.7317, aux_loss: 0.0000, lr: 0.00006397, epoch_time: 43.0min
Epoch:[2/2](51260/66163), loss: 1.5474, logits_loss: 1.5474, aux_loss: 0.0000, lr: 0.00006394, epoch_time: 43.0min
Epoch:[2/2](51280/66163), loss: 1.7149, logits_loss: 1.7149, aux_loss: 0.0000, lr: 0.00006390, epoch_time: 43.0min
Epoch:[2/2](51300/66163), loss: 1.6111, logits_loss: 1.6111, aux_loss: 0.0000, lr: 0.00006386, epoch_time: 43.0min
Epoch:[2/2](51320/66163), loss: 1.7605, logits_loss: 1.7605, aux_loss: 0.0000, lr: 0.00006383, epoch_time: 43.0min
Epoch:[2/2](51340/66163), loss: 1.6414, logits_loss: 1.6414, aux_loss: 0.0000, lr: 0.00006379, epoch_time: 43.0min
Epoch:[2/2](51360/66163), loss: 1.6641, logits_loss: 1.6641, aux_loss: 0.0000, lr: 0.00006375, epoch_time: 43.0min
Epoch:[2/2](51380/66163), loss: 1.6774, logits_loss: 1.6774, aux_loss: 0.0000, lr: 0.00006372, epoch_time: 43.0min
Epoch:[2/2](51400/66163), loss: 1.6964, logits_loss: 1.6964, aux_loss: 0.0000, lr: 0.00006368, epoch_time: 43.0min
Epoch:[2/2](51420/66163), loss: 1.6168, logits_loss: 1.6168, aux_loss: 0.0000, lr: 0.00006364, epoch_time: 43.0min
Epoch:[2/2](51440/66163), loss: 1.6674, logits_loss: 1.6674, aux_loss: 0.0000, lr: 0.00006361, epoch_time: 43.0min
Epoch:[2/2](51460/66163), loss: 1.6247, logits_loss: 1.6247, aux_loss: 0.0000, lr: 0.00006357, epoch_time: 43.0min
Epoch:[2/2](51480/66163), loss: 1.6275, logits_loss: 1.6275, aux_loss: 0.0000, lr: 0.00006353, epoch_time: 43.0min
Epoch:[2/2](51500/66163), loss: 1.5826, logits_loss: 1.5826, aux_loss: 0.0000, lr: 0.00006350, epoch_time: 43.0min
Epoch:[2/2](51520/66163), loss: 1.6867, logits_loss: 1.6867, aux_loss: 0.0000, lr: 0.00006346, epoch_time: 43.0min
Epoch:[2/2](51540/66163), loss: 1.6330, logits_loss: 1.6330, aux_loss: 0.0000, lr: 0.00006342, epoch_time: 42.0min
Epoch:[2/2](51560/66163), loss: 1.7124, logits_loss: 1.7124, aux_loss: 0.0000, lr: 0.00006339, epoch_time: 42.0min
Epoch:[2/2](51580/66163), loss: 1.6505, logits_loss: 1.6505, aux_loss: 0.0000, lr: 0.00006335, epoch_time: 42.0min
Epoch:[2/2](51600/66163), loss: 1.6738, logits_loss: 1.6738, aux_loss: 0.0000, lr: 0.00006331, epoch_time: 42.0min
Epoch:[2/2](51620/66163), loss: 1.7168, logits_loss: 1.7168, aux_loss: 0.0000, lr: 0.00006328, epoch_time: 42.0min
Epoch:[2/2](51640/66163), loss: 1.6976, logits_loss: 1.6976, aux_loss: 0.0000, lr: 0.00006324, epoch_time: 42.0min
Epoch:[2/2](51660/66163), loss: 1.7219, logits_loss: 1.7219, aux_loss: 0.0000, lr: 0.00006321, epoch_time: 42.0min
Epoch:[2/2](51680/66163), loss: 1.6915, logits_loss: 1.6915, aux_loss: 0.0000, lr: 0.00006317, epoch_time: 42.0min
Epoch:[2/2](51700/66163), loss: 1.6154, logits_loss: 1.6154, aux_loss: 0.0000, lr: 0.00006313, epoch_time: 42.0min
Epoch:[2/2](51720/66163), loss: 1.6779, logits_loss: 1.6779, aux_loss: 0.0000, lr: 0.00006310, epoch_time: 42.0min
Epoch:[2/2](51740/66163), loss: 1.6801, logits_loss: 1.6801, aux_loss: 0.0000, lr: 0.00006306, epoch_time: 42.0min
Epoch:[2/2](51760/66163), loss: 1.7286, logits_loss: 1.7286, aux_loss: 0.0000, lr: 0.00006303, epoch_time: 42.0min
Epoch:[2/2](51780/66163), loss: 1.7128, logits_loss: 1.7128, aux_loss: 0.0000, lr: 0.00006299, epoch_time: 42.0min
Epoch:[2/2](51800/66163), loss: 1.6368, logits_loss: 1.6368, aux_loss: 0.0000, lr: 0.00006296, epoch_time: 42.0min
Epoch:[2/2](51820/66163), loss: 1.7066, logits_loss: 1.7066, aux_loss: 0.0000, lr: 0.00006292, epoch_time: 42.0min
Epoch:[2/2](51840/66163), loss: 1.6342, logits_loss: 1.6342, aux_loss: 0.0000, lr: 0.00006288, epoch_time: 41.0min
Epoch:[2/2](51860/66163), loss: 1.6353, logits_loss: 1.6353, aux_loss: 0.0000, lr: 0.00006285, epoch_time: 41.0min
Epoch:[2/2](51880/66163), loss: 1.6727, logits_loss: 1.6727, aux_loss: 0.0000, lr: 0.00006281, epoch_time: 41.0min
Epoch:[2/2](51900/66163), loss: 1.7012, logits_loss: 1.7012, aux_loss: 0.0000, lr: 0.00006278, epoch_time: 41.0min
Epoch:[2/2](51920/66163), loss: 1.7043, logits_loss: 1.7043, aux_loss: 0.0000, lr: 0.00006274, epoch_time: 41.0min
Epoch:[2/2](51940/66163), loss: 1.6748, logits_loss: 1.6748, aux_loss: 0.0000, lr: 0.00006271, epoch_time: 41.0min
Epoch:[2/2](51960/66163), loss: 1.6392, logits_loss: 1.6392, aux_loss: 0.0000, lr: 0.00006267, epoch_time: 41.0min
Epoch:[2/2](51980/66163), loss: 1.6577, logits_loss: 1.6577, aux_loss: 0.0000, lr: 0.00006264, epoch_time: 41.0min
Epoch:[2/2](52000/66163), loss: 1.6883, logits_loss: 1.6883, aux_loss: 0.0000, lr: 0.00006260, epoch_time: 41.0min
Epoch:[2/2](52020/66163), loss: 1.6658, logits_loss: 1.6658, aux_loss: 0.0000, lr: 0.00006256, epoch_time: 41.0min
Epoch:[2/2](52040/66163), loss: 1.6470, logits_loss: 1.6470, aux_loss: 0.0000, lr: 0.00006253, epoch_time: 41.0min
Epoch:[2/2](52060/66163), loss: 1.8129, logits_loss: 1.8129, aux_loss: 0.0000, lr: 0.00006249, epoch_time: 41.0min
Epoch:[2/2](52080/66163), loss: 1.6734, logits_loss: 1.6734, aux_loss: 0.0000, lr: 0.00006246, epoch_time: 41.0min
Epoch:[2/2](52100/66163), loss: 1.6773, logits_loss: 1.6773, aux_loss: 0.0000, lr: 0.00006242, epoch_time: 41.0min
Epoch:[2/2](52120/66163), loss: 1.7079, logits_loss: 1.7079, aux_loss: 0.0000, lr: 0.00006239, epoch_time: 41.0min
Epoch:[2/2](52140/66163), loss: 1.6538, logits_loss: 1.6538, aux_loss: 0.0000, lr: 0.00006235, epoch_time: 41.0min
Epoch:[2/2](52160/66163), loss: 1.6744, logits_loss: 1.6744, aux_loss: 0.0000, lr: 0.00006232, epoch_time: 41.0min
Epoch:[2/2](52180/66163), loss: 1.5901, logits_loss: 1.5901, aux_loss: 0.0000, lr: 0.00006228, epoch_time: 41.0min
Epoch:[2/2](52200/66163), loss: 1.7044, logits_loss: 1.7044, aux_loss: 0.0000, lr: 0.00006225, epoch_time: 41.0min
Epoch:[2/2](52220/66163), loss: 1.5937, logits_loss: 1.5937, aux_loss: 0.0000, lr: 0.00006222, epoch_time: 41.0min
Epoch:[2/2](52240/66163), loss: 1.6448, logits_loss: 1.6448, aux_loss: 0.0000, lr: 0.00006218, epoch_time: 41.0min
Epoch:[2/2](52260/66163), loss: 1.6733, logits_loss: 1.6733, aux_loss: 0.0000, lr: 0.00006215, epoch_time: 40.0min
Epoch:[2/2](52280/66163), loss: 1.6176, logits_loss: 1.6176, aux_loss: 0.0000, lr: 0.00006211, epoch_time: 40.0min
Epoch:[2/2](52300/66163), loss: 1.6792, logits_loss: 1.6792, aux_loss: 0.0000, lr: 0.00006208, epoch_time: 40.0min
Epoch:[2/2](52320/66163), loss: 1.6175, logits_loss: 1.6175, aux_loss: 0.0000, lr: 0.00006204, epoch_time: 40.0min
Epoch:[2/2](52340/66163), loss: 1.7242, logits_loss: 1.7242, aux_loss: 0.0000, lr: 0.00006201, epoch_time: 40.0min
Epoch:[2/2](52360/66163), loss: 1.6150, logits_loss: 1.6150, aux_loss: 0.0000, lr: 0.00006197, epoch_time: 40.0min
Epoch:[2/2](52380/66163), loss: 1.6427, logits_loss: 1.6427, aux_loss: 0.0000, lr: 0.00006194, epoch_time: 40.0min
Epoch:[2/2](52400/66163), loss: 1.6660, logits_loss: 1.6660, aux_loss: 0.0000, lr: 0.00006190, epoch_time: 40.0min
Epoch:[2/2](52420/66163), loss: 1.6719, logits_loss: 1.6719, aux_loss: 0.0000, lr: 0.00006187, epoch_time: 40.0min
Epoch:[2/2](52440/66163), loss: 1.6334, logits_loss: 1.6334, aux_loss: 0.0000, lr: 0.00006184, epoch_time: 40.0min
Epoch:[2/2](52460/66163), loss: 1.6869, logits_loss: 1.6869, aux_loss: 0.0000, lr: 0.00006180, epoch_time: 40.0min
Epoch:[2/2](52480/66163), loss: 1.7018, logits_loss: 1.7018, aux_loss: 0.0000, lr: 0.00006177, epoch_time: 40.0min
Epoch:[2/2](52500/66163), loss: 1.7740, logits_loss: 1.7740, aux_loss: 0.0000, lr: 0.00006173, epoch_time: 40.0min
Epoch:[2/2](52520/66163), loss: 1.5135, logits_loss: 1.5135, aux_loss: 0.0000, lr: 0.00006170, epoch_time: 40.0min
Epoch:[2/2](52540/66163), loss: 1.6090, logits_loss: 1.6090, aux_loss: 0.0000, lr: 0.00006167, epoch_time: 40.0min
Epoch:[2/2](52560/66163), loss: 1.6289, logits_loss: 1.6289, aux_loss: 0.0000, lr: 0.00006163, epoch_time: 39.0min
Epoch:[2/2](52580/66163), loss: 1.7274, logits_loss: 1.7274, aux_loss: 0.0000, lr: 0.00006160, epoch_time: 39.0min
Epoch:[2/2](52600/66163), loss: 1.6613, logits_loss: 1.6613, aux_loss: 0.0000, lr: 0.00006156, epoch_time: 39.0min
Epoch:[2/2](52620/66163), loss: 1.6453, logits_loss: 1.6453, aux_loss: 0.0000, lr: 0.00006153, epoch_time: 39.0min
Epoch:[2/2](52640/66163), loss: 1.5813, logits_loss: 1.5813, aux_loss: 0.0000, lr: 0.00006150, epoch_time: 39.0min
Epoch:[2/2](52660/66163), loss: 1.5490, logits_loss: 1.5490, aux_loss: 0.0000, lr: 0.00006146, epoch_time: 39.0min
Epoch:[2/2](52680/66163), loss: 1.6733, logits_loss: 1.6733, aux_loss: 0.0000, lr: 0.00006143, epoch_time: 39.0min
Epoch:[2/2](52700/66163), loss: 1.5546, logits_loss: 1.5546, aux_loss: 0.0000, lr: 0.00006140, epoch_time: 39.0min
Epoch:[2/2](52720/66163), loss: 1.6338, logits_loss: 1.6338, aux_loss: 0.0000, lr: 0.00006136, epoch_time: 39.0min
Epoch:[2/2](52740/66163), loss: 1.6277, logits_loss: 1.6277, aux_loss: 0.0000, lr: 0.00006133, epoch_time: 39.0min
Epoch:[2/2](52760/66163), loss: 1.6968, logits_loss: 1.6968, aux_loss: 0.0000, lr: 0.00006130, epoch_time: 39.0min
Epoch:[2/2](52780/66163), loss: 1.6513, logits_loss: 1.6513, aux_loss: 0.0000, lr: 0.00006126, epoch_time: 39.0min
Epoch:[2/2](52800/66163), loss: 1.6597, logits_loss: 1.6597, aux_loss: 0.0000, lr: 0.00006123, epoch_time: 39.0min
Epoch:[2/2](52820/66163), loss: 1.6827, logits_loss: 1.6827, aux_loss: 0.0000, lr: 0.00006120, epoch_time: 39.0min
Epoch:[2/2](52840/66163), loss: 1.6382, logits_loss: 1.6382, aux_loss: 0.0000, lr: 0.00006116, epoch_time: 39.0min
Epoch:[2/2](52860/66163), loss: 1.6581, logits_loss: 1.6581, aux_loss: 0.0000, lr: 0.00006113, epoch_time: 39.0min
Epoch:[2/2](52880/66163), loss: 1.6507, logits_loss: 1.6507, aux_loss: 0.0000, lr: 0.00006110, epoch_time: 38.0min
Epoch:[2/2](52900/66163), loss: 1.6115, logits_loss: 1.6115, aux_loss: 0.0000, lr: 0.00006106, epoch_time: 38.0min
Epoch:[2/2](52920/66163), loss: 1.6885, logits_loss: 1.6885, aux_loss: 0.0000, lr: 0.00006103, epoch_time: 38.0min
Epoch:[2/2](52940/66163), loss: 1.6928, logits_loss: 1.6928, aux_loss: 0.0000, lr: 0.00006100, epoch_time: 38.0min
Epoch:[2/2](52960/66163), loss: 1.6533, logits_loss: 1.6533, aux_loss: 0.0000, lr: 0.00006096, epoch_time: 38.0min
Epoch:[2/2](52980/66163), loss: 1.6733, logits_loss: 1.6733, aux_loss: 0.0000, lr: 0.00006093, epoch_time: 38.0min
Epoch:[2/2](53000/66163), loss: 1.6391, logits_loss: 1.6391, aux_loss: 0.0000, lr: 0.00006090, epoch_time: 38.0min
Epoch:[2/2](53020/66163), loss: 1.6134, logits_loss: 1.6134, aux_loss: 0.0000, lr: 0.00006086, epoch_time: 38.0min
Epoch:[2/2](53040/66163), loss: 1.6078, logits_loss: 1.6078, aux_loss: 0.0000, lr: 0.00006083, epoch_time: 38.0min
Epoch:[2/2](53060/66163), loss: 1.6639, logits_loss: 1.6639, aux_loss: 0.0000, lr: 0.00006080, epoch_time: 38.0min
Epoch:[2/2](53080/66163), loss: 1.6908, logits_loss: 1.6908, aux_loss: 0.0000, lr: 0.00006077, epoch_time: 38.0min
Epoch:[2/2](53100/66163), loss: 1.6771, logits_loss: 1.6771, aux_loss: 0.0000, lr: 0.00006073, epoch_time: 38.0min
Epoch:[2/2](53120/66163), loss: 1.7158, logits_loss: 1.7158, aux_loss: 0.0000, lr: 0.00006070, epoch_time: 38.0min
Epoch:[2/2](53140/66163), loss: 1.6550, logits_loss: 1.6550, aux_loss: 0.0000, lr: 0.00006067, epoch_time: 38.0min
Epoch:[2/2](53160/66163), loss: 1.6646, logits_loss: 1.6646, aux_loss: 0.0000, lr: 0.00006064, epoch_time: 38.0min
Epoch:[2/2](53180/66163), loss: 1.6244, logits_loss: 1.6244, aux_loss: 0.0000, lr: 0.00006060, epoch_time: 38.0min
Epoch:[2/2](53200/66163), loss: 1.6838, logits_loss: 1.6838, aux_loss: 0.0000, lr: 0.00006057, epoch_time: 37.0min
Epoch:[2/2](53220/66163), loss: 1.6180, logits_loss: 1.6180, aux_loss: 0.0000, lr: 0.00006054, epoch_time: 37.0min
Epoch:[2/2](53240/66163), loss: 1.7053, logits_loss: 1.7053, aux_loss: 0.0000, lr: 0.00006051, epoch_time: 38.0min
Epoch:[2/2](53260/66163), loss: 1.5990, logits_loss: 1.5990, aux_loss: 0.0000, lr: 0.00006047, epoch_time: 38.0min
Epoch:[2/2](53280/66163), loss: 1.6232, logits_loss: 1.6232, aux_loss: 0.0000, lr: 0.00006044, epoch_time: 37.0min
Epoch:[2/2](53300/66163), loss: 1.6358, logits_loss: 1.6358, aux_loss: 0.0000, lr: 0.00006041, epoch_time: 37.0min
Epoch:[2/2](53320/66163), loss: 1.6025, logits_loss: 1.6025, aux_loss: 0.0000, lr: 0.00006038, epoch_time: 37.0min
Epoch:[2/2](53340/66163), loss: 1.7134, logits_loss: 1.7134, aux_loss: 0.0000, lr: 0.00006035, epoch_time: 37.0min
Epoch:[2/2](53360/66163), loss: 1.6145, logits_loss: 1.6145, aux_loss: 0.0000, lr: 0.00006031, epoch_time: 37.0min
Epoch:[2/2](53380/66163), loss: 1.6556, logits_loss: 1.6556, aux_loss: 0.0000, lr: 0.00006028, epoch_time: 37.0min
Epoch:[2/2](53400/66163), loss: 1.6553, logits_loss: 1.6553, aux_loss: 0.0000, lr: 0.00006025, epoch_time: 37.0min
Epoch:[2/2](53420/66163), loss: 1.6374, logits_loss: 1.6374, aux_loss: 0.0000, lr: 0.00006022, epoch_time: 37.0min
Epoch:[2/2](53440/66163), loss: 1.6387, logits_loss: 1.6387, aux_loss: 0.0000, lr: 0.00006019, epoch_time: 37.0min
Epoch:[2/2](53460/66163), loss: 1.6586, logits_loss: 1.6586, aux_loss: 0.0000, lr: 0.00006016, epoch_time: 37.0min
Epoch:[2/2](53480/66163), loss: 1.6432, logits_loss: 1.6432, aux_loss: 0.0000, lr: 0.00006012, epoch_time: 37.0min
Epoch:[2/2](53500/66163), loss: 1.6420, logits_loss: 1.6420, aux_loss: 0.0000, lr: 0.00006009, epoch_time: 37.0min
Epoch:[2/2](53520/66163), loss: 1.7023, logits_loss: 1.7023, aux_loss: 0.0000, lr: 0.00006006, epoch_time: 37.0min
Epoch:[2/2](53540/66163), loss: 1.6371, logits_loss: 1.6371, aux_loss: 0.0000, lr: 0.00006003, epoch_time: 37.0min
Epoch:[2/2](53560/66163), loss: 1.6455, logits_loss: 1.6455, aux_loss: 0.0000, lr: 0.00006000, epoch_time: 37.0min
Epoch:[2/2](53580/66163), loss: 1.6134, logits_loss: 1.6134, aux_loss: 0.0000, lr: 0.00005997, epoch_time: 37.0min
Epoch:[2/2](53600/66163), loss: 1.6499, logits_loss: 1.6499, aux_loss: 0.0000, lr: 0.00005993, epoch_time: 36.0min
Epoch:[2/2](53620/66163), loss: 1.7250, logits_loss: 1.7250, aux_loss: 0.0000, lr: 0.00005990, epoch_time: 36.0min
Epoch:[2/2](53640/66163), loss: 1.7304, logits_loss: 1.7304, aux_loss: 0.0000, lr: 0.00005987, epoch_time: 36.0min
Epoch:[2/2](53660/66163), loss: 1.6618, logits_loss: 1.6618, aux_loss: 0.0000, lr: 0.00005984, epoch_time: 36.0min
Epoch:[2/2](53680/66163), loss: 1.7021, logits_loss: 1.7021, aux_loss: 0.0000, lr: 0.00005981, epoch_time: 36.0min
Epoch:[2/2](53700/66163), loss: 1.6436, logits_loss: 1.6436, aux_loss: 0.0000, lr: 0.00005978, epoch_time: 36.0min
Epoch:[2/2](53720/66163), loss: 1.5729, logits_loss: 1.5729, aux_loss: 0.0000, lr: 0.00005975, epoch_time: 36.0min
Epoch:[2/2](53740/66163), loss: 1.6464, logits_loss: 1.6464, aux_loss: 0.0000, lr: 0.00005972, epoch_time: 36.0min
Epoch:[2/2](53760/66163), loss: 1.5829, logits_loss: 1.5829, aux_loss: 0.0000, lr: 0.00005968, epoch_time: 36.0min
Epoch:[2/2](53780/66163), loss: 1.6877, logits_loss: 1.6877, aux_loss: 0.0000, lr: 0.00005965, epoch_time: 36.0min
Epoch:[2/2](53800/66163), loss: 1.7129, logits_loss: 1.7129, aux_loss: 0.0000, lr: 0.00005962, epoch_time: 36.0min
Epoch:[2/2](53820/66163), loss: 1.7228, logits_loss: 1.7228, aux_loss: 0.0000, lr: 0.00005959, epoch_time: 36.0min
Epoch:[2/2](53840/66163), loss: 1.6085, logits_loss: 1.6085, aux_loss: 0.0000, lr: 0.00005956, epoch_time: 36.0min
Epoch:[2/2](53860/66163), loss: 1.6800, logits_loss: 1.6800, aux_loss: 0.0000, lr: 0.00005953, epoch_time: 36.0min
Epoch:[2/2](53880/66163), loss: 1.5585, logits_loss: 1.5585, aux_loss: 0.0000, lr: 0.00005950, epoch_time: 36.0min
Epoch:[2/2](53900/66163), loss: 1.6496, logits_loss: 1.6496, aux_loss: 0.0000, lr: 0.00005947, epoch_time: 36.0min
Epoch:[2/2](53920/66163), loss: 1.5633, logits_loss: 1.5633, aux_loss: 0.0000, lr: 0.00005944, epoch_time: 35.0min
Epoch:[2/2](53940/66163), loss: 1.6072, logits_loss: 1.6072, aux_loss: 0.0000, lr: 0.00005941, epoch_time: 35.0min
Epoch:[2/2](53960/66163), loss: 1.6270, logits_loss: 1.6270, aux_loss: 0.0000, lr: 0.00005938, epoch_time: 35.0min
Epoch:[2/2](53980/66163), loss: 1.6425, logits_loss: 1.6425, aux_loss: 0.0000, lr: 0.00005935, epoch_time: 35.0min
Epoch:[2/2](54000/66163), loss: 1.6612, logits_loss: 1.6612, aux_loss: 0.0000, lr: 0.00005932, epoch_time: 35.0min
Epoch:[2/2](54020/66163), loss: 1.6044, logits_loss: 1.6044, aux_loss: 0.0000, lr: 0.00005929, epoch_time: 35.0min
Epoch:[2/2](54040/66163), loss: 1.6210, logits_loss: 1.6210, aux_loss: 0.0000, lr: 0.00005926, epoch_time: 35.0min
Epoch:[2/2](54060/66163), loss: 1.5673, logits_loss: 1.5673, aux_loss: 0.0000, lr: 0.00005922, epoch_time: 35.0min
Epoch:[2/2](54080/66163), loss: 1.6301, logits_loss: 1.6301, aux_loss: 0.0000, lr: 0.00005919, epoch_time: 35.0min
Epoch:[2/2](54100/66163), loss: 1.6299, logits_loss: 1.6299, aux_loss: 0.0000, lr: 0.00005916, epoch_time: 35.0min
Epoch:[2/2](54120/66163), loss: 1.5885, logits_loss: 1.5885, aux_loss: 0.0000, lr: 0.00005913, epoch_time: 35.0min
Epoch:[2/2](54140/66163), loss: 1.6905, logits_loss: 1.6905, aux_loss: 0.0000, lr: 0.00005910, epoch_time: 35.0min
Epoch:[2/2](54160/66163), loss: 1.6963, logits_loss: 1.6963, aux_loss: 0.0000, lr: 0.00005907, epoch_time: 35.0min
Epoch:[2/2](54180/66163), loss: 1.6722, logits_loss: 1.6722, aux_loss: 0.0000, lr: 0.00005904, epoch_time: 35.0min
Epoch:[2/2](54200/66163), loss: 1.6753, logits_loss: 1.6753, aux_loss: 0.0000, lr: 0.00005901, epoch_time: 35.0min
Epoch:[2/2](54220/66163), loss: 1.7022, logits_loss: 1.7022, aux_loss: 0.0000, lr: 0.00005898, epoch_time: 35.0min
Epoch:[2/2](54240/66163), loss: 1.5737, logits_loss: 1.5737, aux_loss: 0.0000, lr: 0.00005895, epoch_time: 34.0min
Epoch:[2/2](54260/66163), loss: 1.6601, logits_loss: 1.6601, aux_loss: 0.0000, lr: 0.00005892, epoch_time: 34.0min
Epoch:[2/2](54280/66163), loss: 1.6003, logits_loss: 1.6003, aux_loss: 0.0000, lr: 0.00005889, epoch_time: 34.0min
Epoch:[2/2](54300/66163), loss: 1.6691, logits_loss: 1.6691, aux_loss: 0.0000, lr: 0.00005886, epoch_time: 34.0min
Epoch:[2/2](54320/66163), loss: 1.7055, logits_loss: 1.7055, aux_loss: 0.0000, lr: 0.00005884, epoch_time: 34.0min
Epoch:[2/2](54340/66163), loss: 1.6699, logits_loss: 1.6699, aux_loss: 0.0000, lr: 0.00005881, epoch_time: 34.0min
Epoch:[2/2](54360/66163), loss: 1.6631, logits_loss: 1.6631, aux_loss: 0.0000, lr: 0.00005878, epoch_time: 34.0min
Epoch:[2/2](54380/66163), loss: 1.6127, logits_loss: 1.6127, aux_loss: 0.0000, lr: 0.00005875, epoch_time: 34.0min
Epoch:[2/2](54400/66163), loss: 1.5353, logits_loss: 1.5353, aux_loss: 0.0000, lr: 0.00005872, epoch_time: 34.0min
Epoch:[2/2](54420/66163), loss: 1.7479, logits_loss: 1.7479, aux_loss: 0.0000, lr: 0.00005869, epoch_time: 34.0min
Epoch:[2/2](54440/66163), loss: 1.7142, logits_loss: 1.7142, aux_loss: 0.0000, lr: 0.00005866, epoch_time: 34.0min
Epoch:[2/2](54460/66163), loss: 1.6922, logits_loss: 1.6922, aux_loss: 0.0000, lr: 0.00005863, epoch_time: 34.0min
Epoch:[2/2](54480/66163), loss: 1.6541, logits_loss: 1.6541, aux_loss: 0.0000, lr: 0.00005860, epoch_time: 34.0min
Epoch:[2/2](54500/66163), loss: 1.5719, logits_loss: 1.5719, aux_loss: 0.0000, lr: 0.00005857, epoch_time: 34.0min
Epoch:[2/2](54520/66163), loss: 1.6484, logits_loss: 1.6484, aux_loss: 0.0000, lr: 0.00005854, epoch_time: 34.0min
Epoch:[2/2](54540/66163), loss: 1.6371, logits_loss: 1.6371, aux_loss: 0.0000, lr: 0.00005851, epoch_time: 34.0min
Epoch:[2/2](54560/66163), loss: 1.5929, logits_loss: 1.5929, aux_loss: 0.0000, lr: 0.00005848, epoch_time: 34.0min
Epoch:[2/2](54580/66163), loss: 1.7323, logits_loss: 1.7323, aux_loss: 0.0000, lr: 0.00005845, epoch_time: 34.0min
Epoch:[2/2](54600/66163), loss: 1.5775, logits_loss: 1.5775, aux_loss: 0.0000, lr: 0.00005843, epoch_time: 34.0min
Epoch:[2/2](54620/66163), loss: 1.6569, logits_loss: 1.6569, aux_loss: 0.0000, lr: 0.00005840, epoch_time: 33.0min
Epoch:[2/2](54640/66163), loss: 1.5955, logits_loss: 1.5955, aux_loss: 0.0000, lr: 0.00005837, epoch_time: 33.0min
Epoch:[2/2](54660/66163), loss: 1.5937, logits_loss: 1.5937, aux_loss: 0.0000, lr: 0.00005834, epoch_time: 33.0min
Epoch:[2/2](54680/66163), loss: 1.5988, logits_loss: 1.5988, aux_loss: 0.0000, lr: 0.00005831, epoch_time: 33.0min
Epoch:[2/2](54700/66163), loss: 1.6476, logits_loss: 1.6476, aux_loss: 0.0000, lr: 0.00005828, epoch_time: 33.0min
Epoch:[2/2](54720/66163), loss: 1.6652, logits_loss: 1.6652, aux_loss: 0.0000, lr: 0.00005825, epoch_time: 33.0min
Epoch:[2/2](54740/66163), loss: 1.5548, logits_loss: 1.5548, aux_loss: 0.0000, lr: 0.00005822, epoch_time: 33.0min
Epoch:[2/2](54760/66163), loss: 1.5920, logits_loss: 1.5920, aux_loss: 0.0000, lr: 0.00005819, epoch_time: 33.0min
Epoch:[2/2](54780/66163), loss: 1.5617, logits_loss: 1.5617, aux_loss: 0.0000, lr: 0.00005817, epoch_time: 33.0min
Epoch:[2/2](54800/66163), loss: 1.6412, logits_loss: 1.6412, aux_loss: 0.0000, lr: 0.00005814, epoch_time: 33.0min
Epoch:[2/2](54820/66163), loss: 1.5721, logits_loss: 1.5721, aux_loss: 0.0000, lr: 0.00005811, epoch_time: 33.0min
Epoch:[2/2](54840/66163), loss: 1.6407, logits_loss: 1.6407, aux_loss: 0.0000, lr: 0.00005808, epoch_time: 33.0min
Epoch:[2/2](54860/66163), loss: 1.5850, logits_loss: 1.5850, aux_loss: 0.0000, lr: 0.00005805, epoch_time: 33.0min
Epoch:[2/2](54880/66163), loss: 1.7092, logits_loss: 1.7092, aux_loss: 0.0000, lr: 0.00005802, epoch_time: 33.0min
Epoch:[2/2](54900/66163), loss: 1.5774, logits_loss: 1.5774, aux_loss: 0.0000, lr: 0.00005800, epoch_time: 33.0min
Epoch:[2/2](54920/66163), loss: 1.6789, logits_loss: 1.6789, aux_loss: 0.0000, lr: 0.00005797, epoch_time: 33.0min
Epoch:[2/2](54940/66163), loss: 1.6234, logits_loss: 1.6234, aux_loss: 0.0000, lr: 0.00005794, epoch_time: 32.0min
Epoch:[2/2](54960/66163), loss: 1.6273, logits_loss: 1.6273, aux_loss: 0.0000, lr: 0.00005791, epoch_time: 32.0min
Epoch:[2/2](54980/66163), loss: 1.6822, logits_loss: 1.6822, aux_loss: 0.0000, lr: 0.00005788, epoch_time: 32.0min
Epoch:[2/2](55000/66163), loss: 1.6543, logits_loss: 1.6543, aux_loss: 0.0000, lr: 0.00005786, epoch_time: 32.0min
Epoch:[2/2](55020/66163), loss: 1.6201, logits_loss: 1.6201, aux_loss: 0.0000, lr: 0.00005783, epoch_time: 32.0min
Epoch:[2/2](55040/66163), loss: 1.5817, logits_loss: 1.5817, aux_loss: 0.0000, lr: 0.00005780, epoch_time: 32.0min
Epoch:[2/2](55060/66163), loss: 1.6418, logits_loss: 1.6418, aux_loss: 0.0000, lr: 0.00005777, epoch_time: 32.0min
Epoch:[2/2](55080/66163), loss: 1.7311, logits_loss: 1.7311, aux_loss: 0.0000, lr: 0.00005774, epoch_time: 32.0min
Epoch:[2/2](55100/66163), loss: 1.6208, logits_loss: 1.6208, aux_loss: 0.0000, lr: 0.00005772, epoch_time: 32.0min
Epoch:[2/2](55120/66163), loss: 1.6661, logits_loss: 1.6661, aux_loss: 0.0000, lr: 0.00005769, epoch_time: 32.0min
Epoch:[2/2](55140/66163), loss: 1.6841, logits_loss: 1.6841, aux_loss: 0.0000, lr: 0.00005766, epoch_time: 32.0min
Epoch:[2/2](55160/66163), loss: 1.6772, logits_loss: 1.6772, aux_loss: 0.0000, lr: 0.00005763, epoch_time: 32.0min
Epoch:[2/2](55180/66163), loss: 1.6651, logits_loss: 1.6651, aux_loss: 0.0000, lr: 0.00005761, epoch_time: 32.0min
Epoch:[2/2](55200/66163), loss: 1.6672, logits_loss: 1.6672, aux_loss: 0.0000, lr: 0.00005758, epoch_time: 32.0min
Epoch:[2/2](55220/66163), loss: 1.6522, logits_loss: 1.6522, aux_loss: 0.0000, lr: 0.00005755, epoch_time: 32.0min
Epoch:[2/2](55240/66163), loss: 1.6529, logits_loss: 1.6529, aux_loss: 0.0000, lr: 0.00005752, epoch_time: 32.0min
Epoch:[2/2](55260/66163), loss: 1.6997, logits_loss: 1.6997, aux_loss: 0.0000, lr: 0.00005750, epoch_time: 32.0min
Epoch:[2/2](55280/66163), loss: 1.7073, logits_loss: 1.7073, aux_loss: 0.0000, lr: 0.00005747, epoch_time: 31.0min
Epoch:[2/2](55300/66163), loss: 1.6066, logits_loss: 1.6066, aux_loss: 0.0000, lr: 0.00005744, epoch_time: 31.0min
Epoch:[2/2](55320/66163), loss: 1.6061, logits_loss: 1.6061, aux_loss: 0.0000, lr: 0.00005741, epoch_time: 31.0min
Epoch:[2/2](55340/66163), loss: 1.7158, logits_loss: 1.7158, aux_loss: 0.0000, lr: 0.00005739, epoch_time: 31.0min
Epoch:[2/2](55360/66163), loss: 1.6102, logits_loss: 1.6102, aux_loss: 0.0000, lr: 0.00005736, epoch_time: 31.0min
Epoch:[2/2](55380/66163), loss: 1.7405, logits_loss: 1.7405, aux_loss: 0.0000, lr: 0.00005733, epoch_time: 31.0min
Epoch:[2/2](55400/66163), loss: 1.6292, logits_loss: 1.6292, aux_loss: 0.0000, lr: 0.00005731, epoch_time: 31.0min
Epoch:[2/2](55420/66163), loss: 1.6668, logits_loss: 1.6668, aux_loss: 0.0000, lr: 0.00005728, epoch_time: 31.0min
Epoch:[2/2](55440/66163), loss: 1.6443, logits_loss: 1.6443, aux_loss: 0.0000, lr: 0.00005725, epoch_time: 31.0min
Epoch:[2/2](55460/66163), loss: 1.6775, logits_loss: 1.6775, aux_loss: 0.0000, lr: 0.00005722, epoch_time: 31.0min
Epoch:[2/2](55480/66163), loss: 1.6271, logits_loss: 1.6271, aux_loss: 0.0000, lr: 0.00005720, epoch_time: 31.0min
Epoch:[2/2](55500/66163), loss: 1.6528, logits_loss: 1.6528, aux_loss: 0.0000, lr: 0.00005717, epoch_time: 31.0min
Epoch:[2/2](55520/66163), loss: 1.7095, logits_loss: 1.7095, aux_loss: 0.0000, lr: 0.00005714, epoch_time: 31.0min
Epoch:[2/2](55540/66163), loss: 1.6848, logits_loss: 1.6848, aux_loss: 0.0000, lr: 0.00005712, epoch_time: 31.0min
Epoch:[2/2](55560/66163), loss: 1.6409, logits_loss: 1.6409, aux_loss: 0.0000, lr: 0.00005709, epoch_time: 31.0min
Epoch:[2/2](55580/66163), loss: 1.6501, logits_loss: 1.6501, aux_loss: 0.0000, lr: 0.00005706, epoch_time: 31.0min
Epoch:[2/2](55600/66163), loss: 1.6872, logits_loss: 1.6872, aux_loss: 0.0000, lr: 0.00005704, epoch_time: 30.0min
Epoch:[2/2](55620/66163), loss: 1.6397, logits_loss: 1.6397, aux_loss: 0.0000, lr: 0.00005701, epoch_time: 30.0min
Epoch:[2/2](55640/66163), loss: 1.5914, logits_loss: 1.5914, aux_loss: 0.0000, lr: 0.00005699, epoch_time: 30.0min
Epoch:[2/2](55660/66163), loss: 1.6921, logits_loss: 1.6921, aux_loss: 0.0000, lr: 0.00005696, epoch_time: 30.0min
Epoch:[2/2](55680/66163), loss: 1.7686, logits_loss: 1.7686, aux_loss: 0.0000, lr: 0.00005693, epoch_time: 30.0min
Epoch:[2/2](55700/66163), loss: 1.6665, logits_loss: 1.6665, aux_loss: 0.0000, lr: 0.00005691, epoch_time: 30.0min
Epoch:[2/2](55720/66163), loss: 1.6614, logits_loss: 1.6614, aux_loss: 0.0000, lr: 0.00005688, epoch_time: 30.0min
Epoch:[2/2](55740/66163), loss: 1.7466, logits_loss: 1.7466, aux_loss: 0.0000, lr: 0.00005685, epoch_time: 30.0min
Epoch:[2/2](55760/66163), loss: 1.7127, logits_loss: 1.7127, aux_loss: 0.0000, lr: 0.00005683, epoch_time: 30.0min
Epoch:[2/2](55780/66163), loss: 1.6734, logits_loss: 1.6734, aux_loss: 0.0000, lr: 0.00005680, epoch_time: 30.0min
Epoch:[2/2](55800/66163), loss: 1.6740, logits_loss: 1.6740, aux_loss: 0.0000, lr: 0.00005678, epoch_time: 30.0min
Epoch:[2/2](55820/66163), loss: 1.5600, logits_loss: 1.5600, aux_loss: 0.0000, lr: 0.00005675, epoch_time: 30.0min
Epoch:[2/2](55840/66163), loss: 1.6133, logits_loss: 1.6133, aux_loss: 0.0000, lr: 0.00005672, epoch_time: 30.0min
Epoch:[2/2](55860/66163), loss: 1.7262, logits_loss: 1.7262, aux_loss: 0.0000, lr: 0.00005670, epoch_time: 30.0min
Epoch:[2/2](55880/66163), loss: 1.6421, logits_loss: 1.6421, aux_loss: 0.0000, lr: 0.00005667, epoch_time: 30.0min
Epoch:[2/2](55900/66163), loss: 1.6982, logits_loss: 1.6982, aux_loss: 0.0000, lr: 0.00005665, epoch_time: 30.0min
Epoch:[2/2](55920/66163), loss: 1.6194, logits_loss: 1.6194, aux_loss: 0.0000, lr: 0.00005662, epoch_time: 30.0min
Epoch:[2/2](55940/66163), loss: 1.6539, logits_loss: 1.6539, aux_loss: 0.0000, lr: 0.00005659, epoch_time: 30.0min
Epoch:[2/2](55960/66163), loss: 1.6730, logits_loss: 1.6730, aux_loss: 0.0000, lr: 0.00005657, epoch_time: 30.0min
Epoch:[2/2](55980/66163), loss: 1.6386, logits_loss: 1.6386, aux_loss: 0.0000, lr: 0.00005654, epoch_time: 29.0min
Epoch:[2/2](56000/66163), loss: 1.6236, logits_loss: 1.6236, aux_loss: 0.0000, lr: 0.00005652, epoch_time: 29.0min
Epoch:[2/2](56020/66163), loss: 1.6257, logits_loss: 1.6257, aux_loss: 0.0000, lr: 0.00005649, epoch_time: 29.0min
Epoch:[2/2](56040/66163), loss: 1.6645, logits_loss: 1.6645, aux_loss: 0.0000, lr: 0.00005647, epoch_time: 29.0min
Epoch:[2/2](56060/66163), loss: 1.6662, logits_loss: 1.6662, aux_loss: 0.0000, lr: 0.00005644, epoch_time: 29.0min
Epoch:[2/2](56080/66163), loss: 1.6460, logits_loss: 1.6460, aux_loss: 0.0000, lr: 0.00005642, epoch_time: 29.0min
Epoch:[2/2](56100/66163), loss: 1.6456, logits_loss: 1.6456, aux_loss: 0.0000, lr: 0.00005639, epoch_time: 29.0min
Epoch:[2/2](56120/66163), loss: 1.6794, logits_loss: 1.6794, aux_loss: 0.0000, lr: 0.00005637, epoch_time: 29.0min
Epoch:[2/2](56140/66163), loss: 1.5751, logits_loss: 1.5751, aux_loss: 0.0000, lr: 0.00005634, epoch_time: 29.0min
Epoch:[2/2](56160/66163), loss: 1.6566, logits_loss: 1.6566, aux_loss: 0.0000, lr: 0.00005632, epoch_time: 29.0min
Epoch:[2/2](56180/66163), loss: 1.6690, logits_loss: 1.6690, aux_loss: 0.0000, lr: 0.00005629, epoch_time: 29.0min
Epoch:[2/2](56200/66163), loss: 1.6627, logits_loss: 1.6627, aux_loss: 0.0000, lr: 0.00005626, epoch_time: 29.0min
Epoch:[2/2](56220/66163), loss: 1.6132, logits_loss: 1.6132, aux_loss: 0.0000, lr: 0.00005624, epoch_time: 29.0min
Epoch:[2/2](56240/66163), loss: 1.6914, logits_loss: 1.6914, aux_loss: 0.0000, lr: 0.00005621, epoch_time: 29.0min
Epoch:[2/2](56260/66163), loss: 1.5655, logits_loss: 1.5655, aux_loss: 0.0000, lr: 0.00005619, epoch_time: 29.0min
Epoch:[2/2](56280/66163), loss: 1.6302, logits_loss: 1.6302, aux_loss: 0.0000, lr: 0.00005617, epoch_time: 29.0min
Epoch:[2/2](56300/66163), loss: 1.5844, logits_loss: 1.5844, aux_loss: 0.0000, lr: 0.00005614, epoch_time: 28.0min
Epoch:[2/2](56320/66163), loss: 1.7396, logits_loss: 1.7396, aux_loss: 0.0000, lr: 0.00005612, epoch_time: 28.0min
Epoch:[2/2](56340/66163), loss: 1.6362, logits_loss: 1.6362, aux_loss: 0.0000, lr: 0.00005609, epoch_time: 28.0min
Epoch:[2/2](56360/66163), loss: 1.6910, logits_loss: 1.6910, aux_loss: 0.0000, lr: 0.00005607, epoch_time: 28.0min
Epoch:[2/2](56380/66163), loss: 1.6542, logits_loss: 1.6542, aux_loss: 0.0000, lr: 0.00005604, epoch_time: 28.0min
Epoch:[2/2](56400/66163), loss: 1.6504, logits_loss: 1.6504, aux_loss: 0.0000, lr: 0.00005602, epoch_time: 28.0min
Epoch:[2/2](56420/66163), loss: 1.5675, logits_loss: 1.5675, aux_loss: 0.0000, lr: 0.00005599, epoch_time: 28.0min
Epoch:[2/2](56440/66163), loss: 1.6295, logits_loss: 1.6295, aux_loss: 0.0000, lr: 0.00005597, epoch_time: 28.0min
Epoch:[2/2](56460/66163), loss: 1.5163, logits_loss: 1.5163, aux_loss: 0.0000, lr: 0.00005594, epoch_time: 28.0min
Epoch:[2/2](56480/66163), loss: 1.5533, logits_loss: 1.5533, aux_loss: 0.0000, lr: 0.00005592, epoch_time: 28.0min
Epoch:[2/2](56500/66163), loss: 1.6574, logits_loss: 1.6574, aux_loss: 0.0000, lr: 0.00005589, epoch_time: 28.0min
Epoch:[2/2](56520/66163), loss: 1.6602, logits_loss: 1.6602, aux_loss: 0.0000, lr: 0.00005587, epoch_time: 28.0min
Epoch:[2/2](56540/66163), loss: 1.7581, logits_loss: 1.7581, aux_loss: 0.0000, lr: 0.00005585, epoch_time: 28.0min
Epoch:[2/2](56560/66163), loss: 1.5871, logits_loss: 1.5871, aux_loss: 0.0000, lr: 0.00005582, epoch_time: 28.0min
Epoch:[2/2](56580/66163), loss: 1.6931, logits_loss: 1.6931, aux_loss: 0.0000, lr: 0.00005580, epoch_time: 28.0min
Epoch:[2/2](56600/66163), loss: 1.6410, logits_loss: 1.6410, aux_loss: 0.0000, lr: 0.00005577, epoch_time: 28.0min
Epoch:[2/2](56620/66163), loss: 1.6992, logits_loss: 1.6992, aux_loss: 0.0000, lr: 0.00005575, epoch_time: 28.0min
Epoch:[2/2](56640/66163), loss: 1.5969, logits_loss: 1.5969, aux_loss: 0.0000, lr: 0.00005573, epoch_time: 27.0min
Epoch:[2/2](56660/66163), loss: 1.5586, logits_loss: 1.5586, aux_loss: 0.0000, lr: 0.00005570, epoch_time: 27.0min
Epoch:[2/2](56680/66163), loss: 1.8163, logits_loss: 1.8163, aux_loss: 0.0000, lr: 0.00005568, epoch_time: 27.0min
Epoch:[2/2](56700/66163), loss: 1.6327, logits_loss: 1.6327, aux_loss: 0.0000, lr: 0.00005565, epoch_time: 27.0min
Epoch:[2/2](56720/66163), loss: 1.6982, logits_loss: 1.6982, aux_loss: 0.0000, lr: 0.00005563, epoch_time: 27.0min
Epoch:[2/2](56740/66163), loss: 1.6746, logits_loss: 1.6746, aux_loss: 0.0000, lr: 0.00005561, epoch_time: 27.0min
Epoch:[2/2](56760/66163), loss: 1.5642, logits_loss: 1.5642, aux_loss: 0.0000, lr: 0.00005558, epoch_time: 27.0min
Epoch:[2/2](56780/66163), loss: 1.6077, logits_loss: 1.6077, aux_loss: 0.0000, lr: 0.00005556, epoch_time: 27.0min
Epoch:[2/2](56800/66163), loss: 1.5794, logits_loss: 1.5794, aux_loss: 0.0000, lr: 0.00005554, epoch_time: 27.0min
Epoch:[2/2](56820/66163), loss: 1.6786, logits_loss: 1.6786, aux_loss: 0.0000, lr: 0.00005551, epoch_time: 27.0min
Epoch:[2/2](56840/66163), loss: 1.6938, logits_loss: 1.6938, aux_loss: 0.0000, lr: 0.00005549, epoch_time: 27.0min
Epoch:[2/2](56860/66163), loss: 1.7155, logits_loss: 1.7155, aux_loss: 0.0000, lr: 0.00005547, epoch_time: 27.0min
Epoch:[2/2](56880/66163), loss: 1.6516, logits_loss: 1.6516, aux_loss: 0.0000, lr: 0.00005544, epoch_time: 27.0min
Epoch:[2/2](56900/66163), loss: 1.6181, logits_loss: 1.6181, aux_loss: 0.0000, lr: 0.00005542, epoch_time: 27.0min
Epoch:[2/2](56920/66163), loss: 1.6933, logits_loss: 1.6933, aux_loss: 0.0000, lr: 0.00005540, epoch_time: 27.0min
Epoch:[2/2](56940/66163), loss: 1.6622, logits_loss: 1.6622, aux_loss: 0.0000, lr: 0.00005537, epoch_time: 27.0min
Epoch:[2/2](56960/66163), loss: 1.6336, logits_loss: 1.6336, aux_loss: 0.0000, lr: 0.00005535, epoch_time: 26.0min
Epoch:[2/2](56980/66163), loss: 1.6274, logits_loss: 1.6274, aux_loss: 0.0000, lr: 0.00005533, epoch_time: 26.0min
Epoch:[2/2](57000/66163), loss: 1.7179, logits_loss: 1.7179, aux_loss: 0.0000, lr: 0.00005530, epoch_time: 26.0min
Epoch:[2/2](57020/66163), loss: 1.6719, logits_loss: 1.6719, aux_loss: 0.0000, lr: 0.00005528, epoch_time: 26.0min
Epoch:[2/2](57040/66163), loss: 1.7311, logits_loss: 1.7311, aux_loss: 0.0000, lr: 0.00005526, epoch_time: 26.0min
Epoch:[2/2](57060/66163), loss: 1.6553, logits_loss: 1.6553, aux_loss: 0.0000, lr: 0.00005523, epoch_time: 26.0min
Epoch:[2/2](57080/66163), loss: 1.7153, logits_loss: 1.7153, aux_loss: 0.0000, lr: 0.00005521, epoch_time: 26.0min
Epoch:[2/2](57100/66163), loss: 1.5319, logits_loss: 1.5319, aux_loss: 0.0000, lr: 0.00005519, epoch_time: 26.0min
Epoch:[2/2](57120/66163), loss: 1.5805, logits_loss: 1.5805, aux_loss: 0.0000, lr: 0.00005517, epoch_time: 26.0min
Epoch:[2/2](57140/66163), loss: 1.6024, logits_loss: 1.6024, aux_loss: 0.0000, lr: 0.00005514, epoch_time: 26.0min
Epoch:[2/2](57160/66163), loss: 1.6694, logits_loss: 1.6694, aux_loss: 0.0000, lr: 0.00005512, epoch_time: 26.0min
Epoch:[2/2](57180/66163), loss: 1.6868, logits_loss: 1.6868, aux_loss: 0.0000, lr: 0.00005510, epoch_time: 26.0min
Epoch:[2/2](57200/66163), loss: 1.6079, logits_loss: 1.6079, aux_loss: 0.0000, lr: 0.00005507, epoch_time: 26.0min
Epoch:[2/2](57220/66163), loss: 1.7438, logits_loss: 1.7438, aux_loss: 0.0000, lr: 0.00005505, epoch_time: 26.0min
Epoch:[2/2](57240/66163), loss: 1.6726, logits_loss: 1.6726, aux_loss: 0.0000, lr: 0.00005503, epoch_time: 26.0min
Epoch:[2/2](57260/66163), loss: 1.6734, logits_loss: 1.6734, aux_loss: 0.0000, lr: 0.00005501, epoch_time: 26.0min
Epoch:[2/2](57280/66163), loss: 1.6383, logits_loss: 1.6383, aux_loss: 0.0000, lr: 0.00005499, epoch_time: 26.0min
Epoch:[2/2](57300/66163), loss: 1.7596, logits_loss: 1.7596, aux_loss: 0.0000, lr: 0.00005496, epoch_time: 26.0min
Epoch:[2/2](57320/66163), loss: 1.6013, logits_loss: 1.6013, aux_loss: 0.0000, lr: 0.00005494, epoch_time: 26.0min
Epoch:[2/2](57340/66163), loss: 1.7394, logits_loss: 1.7394, aux_loss: 0.0000, lr: 0.00005492, epoch_time: 25.0min
Epoch:[2/2](57360/66163), loss: 1.6379, logits_loss: 1.6379, aux_loss: 0.0000, lr: 0.00005490, epoch_time: 25.0min
Epoch:[2/2](57380/66163), loss: 1.6878, logits_loss: 1.6878, aux_loss: 0.0000, lr: 0.00005487, epoch_time: 25.0min
Epoch:[2/2](57400/66163), loss: 1.6760, logits_loss: 1.6760, aux_loss: 0.0000, lr: 0.00005485, epoch_time: 25.0min
Epoch:[2/2](57420/66163), loss: 1.6786, logits_loss: 1.6786, aux_loss: 0.0000, lr: 0.00005483, epoch_time: 25.0min
Epoch:[2/2](57440/66163), loss: 1.7051, logits_loss: 1.7051, aux_loss: 0.0000, lr: 0.00005481, epoch_time: 25.0min
Epoch:[2/2](57460/66163), loss: 1.6293, logits_loss: 1.6293, aux_loss: 0.0000, lr: 0.00005479, epoch_time: 25.0min
Epoch:[2/2](57480/66163), loss: 1.6998, logits_loss: 1.6998, aux_loss: 0.0000, lr: 0.00005476, epoch_time: 25.0min
Epoch:[2/2](57500/66163), loss: 1.6356, logits_loss: 1.6356, aux_loss: 0.0000, lr: 0.00005474, epoch_time: 25.0min
Epoch:[2/2](57520/66163), loss: 1.7163, logits_loss: 1.7163, aux_loss: 0.0000, lr: 0.00005472, epoch_time: 25.0min
Epoch:[2/2](57540/66163), loss: 1.6658, logits_loss: 1.6658, aux_loss: 0.0000, lr: 0.00005470, epoch_time: 25.0min
Epoch:[2/2](57560/66163), loss: 1.6471, logits_loss: 1.6471, aux_loss: 0.0000, lr: 0.00005468, epoch_time: 25.0min
Epoch:[2/2](57580/66163), loss: 1.5277, logits_loss: 1.5277, aux_loss: 0.0000, lr: 0.00005466, epoch_time: 25.0min
Epoch:[2/2](57600/66163), loss: 1.6428, logits_loss: 1.6428, aux_loss: 0.0000, lr: 0.00005463, epoch_time: 25.0min
Epoch:[2/2](57620/66163), loss: 1.6102, logits_loss: 1.6102, aux_loss: 0.0000, lr: 0.00005461, epoch_time: 25.0min
Epoch:[2/2](57640/66163), loss: 1.6105, logits_loss: 1.6105, aux_loss: 0.0000, lr: 0.00005459, epoch_time: 25.0min
Epoch:[2/2](57660/66163), loss: 1.6508, logits_loss: 1.6508, aux_loss: 0.0000, lr: 0.00005457, epoch_time: 24.0min
Epoch:[2/2](57680/66163), loss: 1.6130, logits_loss: 1.6130, aux_loss: 0.0000, lr: 0.00005455, epoch_time: 24.0min
Epoch:[2/2](57700/66163), loss: 1.6892, logits_loss: 1.6892, aux_loss: 0.0000, lr: 0.00005453, epoch_time: 24.0min
Epoch:[2/2](57720/66163), loss: 1.7040, logits_loss: 1.7040, aux_loss: 0.0000, lr: 0.00005451, epoch_time: 24.0min
Epoch:[2/2](57740/66163), loss: 1.7090, logits_loss: 1.7090, aux_loss: 0.0000, lr: 0.00005448, epoch_time: 24.0min
Epoch:[2/2](57760/66163), loss: 1.6343, logits_loss: 1.6343, aux_loss: 0.0000, lr: 0.00005446, epoch_time: 24.0min
Epoch:[2/2](57780/66163), loss: 1.6051, logits_loss: 1.6051, aux_loss: 0.0000, lr: 0.00005444, epoch_time: 24.0min
Epoch:[2/2](57800/66163), loss: 1.6349, logits_loss: 1.6349, aux_loss: 0.0000, lr: 0.00005442, epoch_time: 24.0min
Epoch:[2/2](57820/66163), loss: 1.5576, logits_loss: 1.5576, aux_loss: 0.0000, lr: 0.00005440, epoch_time: 24.0min
Epoch:[2/2](57840/66163), loss: 1.6051, logits_loss: 1.6051, aux_loss: 0.0000, lr: 0.00005438, epoch_time: 24.0min
Epoch:[2/2](57860/66163), loss: 1.6623, logits_loss: 1.6623, aux_loss: 0.0000, lr: 0.00005436, epoch_time: 24.0min
Epoch:[2/2](57880/66163), loss: 1.6957, logits_loss: 1.6957, aux_loss: 0.0000, lr: 0.00005434, epoch_time: 24.0min
Epoch:[2/2](57900/66163), loss: 1.6221, logits_loss: 1.6221, aux_loss: 0.0000, lr: 0.00005432, epoch_time: 24.0min
Epoch:[2/2](57920/66163), loss: 1.6148, logits_loss: 1.6148, aux_loss: 0.0000, lr: 0.00005429, epoch_time: 24.0min
Epoch:[2/2](57940/66163), loss: 1.5980, logits_loss: 1.5980, aux_loss: 0.0000, lr: 0.00005427, epoch_time: 24.0min
Epoch:[2/2](57960/66163), loss: 1.6778, logits_loss: 1.6778, aux_loss: 0.0000, lr: 0.00005425, epoch_time: 24.0min
Epoch:[2/2](57980/66163), loss: 1.6208, logits_loss: 1.6208, aux_loss: 0.0000, lr: 0.00005423, epoch_time: 23.0min
Epoch:[2/2](58000/66163), loss: 1.6679, logits_loss: 1.6679, aux_loss: 0.0000, lr: 0.00005421, epoch_time: 23.0min
Epoch:[2/2](58020/66163), loss: 1.7160, logits_loss: 1.7160, aux_loss: 0.0000, lr: 0.00005419, epoch_time: 23.0min
Epoch:[2/2](58040/66163), loss: 1.7144, logits_loss: 1.7144, aux_loss: 0.0000, lr: 0.00005417, epoch_time: 23.0min
Epoch:[2/2](58060/66163), loss: 1.7077, logits_loss: 1.7077, aux_loss: 0.0000, lr: 0.00005415, epoch_time: 23.0min
Epoch:[2/2](58080/66163), loss: 1.6646, logits_loss: 1.6646, aux_loss: 0.0000, lr: 0.00005413, epoch_time: 23.0min
Epoch:[2/2](58100/66163), loss: 1.5665, logits_loss: 1.5665, aux_loss: 0.0000, lr: 0.00005411, epoch_time: 23.0min
Epoch:[2/2](58120/66163), loss: 1.6473, logits_loss: 1.6473, aux_loss: 0.0000, lr: 0.00005409, epoch_time: 23.0min
Epoch:[2/2](58140/66163), loss: 1.7445, logits_loss: 1.7445, aux_loss: 0.0000, lr: 0.00005407, epoch_time: 23.0min
Epoch:[2/2](58160/66163), loss: 1.6960, logits_loss: 1.6960, aux_loss: 0.0000, lr: 0.00005405, epoch_time: 23.0min
Epoch:[2/2](58180/66163), loss: 1.6799, logits_loss: 1.6799, aux_loss: 0.0000, lr: 0.00005403, epoch_time: 23.0min
Epoch:[2/2](58200/66163), loss: 1.5789, logits_loss: 1.5789, aux_loss: 0.0000, lr: 0.00005401, epoch_time: 23.0min
Epoch:[2/2](58220/66163), loss: 1.6754, logits_loss: 1.6754, aux_loss: 0.0000, lr: 0.00005399, epoch_time: 23.0min
Epoch:[2/2](58240/66163), loss: 1.6780, logits_loss: 1.6780, aux_loss: 0.0000, lr: 0.00005397, epoch_time: 23.0min
Epoch:[2/2](58260/66163), loss: 1.7177, logits_loss: 1.7177, aux_loss: 0.0000, lr: 0.00005395, epoch_time: 23.0min
Epoch:[2/2](58280/66163), loss: 1.5891, logits_loss: 1.5891, aux_loss: 0.0000, lr: 0.00005393, epoch_time: 23.0min
Epoch:[2/2](58300/66163), loss: 1.5708, logits_loss: 1.5708, aux_loss: 0.0000, lr: 0.00005391, epoch_time: 23.0min
Epoch:[2/2](58320/66163), loss: 1.5961, logits_loss: 1.5961, aux_loss: 0.0000, lr: 0.00005389, epoch_time: 23.0min
Epoch:[2/2](58340/66163), loss: 1.6120, logits_loss: 1.6120, aux_loss: 0.0000, lr: 0.00005387, epoch_time: 23.0min
Epoch:[2/2](58360/66163), loss: 1.6465, logits_loss: 1.6465, aux_loss: 0.0000, lr: 0.00005385, epoch_time: 22.0min
Epoch:[2/2](58380/66163), loss: 1.7839, logits_loss: 1.7839, aux_loss: 0.0000, lr: 0.00005383, epoch_time: 22.0min
Epoch:[2/2](58400/66163), loss: 1.6929, logits_loss: 1.6929, aux_loss: 0.0000, lr: 0.00005381, epoch_time: 22.0min
Epoch:[2/2](58420/66163), loss: 1.7160, logits_loss: 1.7160, aux_loss: 0.0000, lr: 0.00005379, epoch_time: 22.0min
Epoch:[2/2](58440/66163), loss: 1.6667, logits_loss: 1.6667, aux_loss: 0.0000, lr: 0.00005377, epoch_time: 22.0min
Epoch:[2/2](58460/66163), loss: 1.6385, logits_loss: 1.6385, aux_loss: 0.0000, lr: 0.00005375, epoch_time: 22.0min
Epoch:[2/2](58480/66163), loss: 1.6934, logits_loss: 1.6934, aux_loss: 0.0000, lr: 0.00005373, epoch_time: 22.0min
Epoch:[2/2](58500/66163), loss: 1.5673, logits_loss: 1.5673, aux_loss: 0.0000, lr: 0.00005371, epoch_time: 22.0min
Epoch:[2/2](58520/66163), loss: 1.6439, logits_loss: 1.6439, aux_loss: 0.0000, lr: 0.00005369, epoch_time: 22.0min
Epoch:[2/2](58540/66163), loss: 1.6070, logits_loss: 1.6070, aux_loss: 0.0000, lr: 0.00005367, epoch_time: 22.0min
Epoch:[2/2](58560/66163), loss: 1.6037, logits_loss: 1.6037, aux_loss: 0.0000, lr: 0.00005366, epoch_time: 22.0min
Epoch:[2/2](58580/66163), loss: 1.6633, logits_loss: 1.6633, aux_loss: 0.0000, lr: 0.00005364, epoch_time: 22.0min
Epoch:[2/2](58600/66163), loss: 1.6237, logits_loss: 1.6237, aux_loss: 0.0000, lr: 0.00005362, epoch_time: 22.0min
Epoch:[2/2](58620/66163), loss: 1.6889, logits_loss: 1.6889, aux_loss: 0.0000, lr: 0.00005360, epoch_time: 22.0min
Epoch:[2/2](58640/66163), loss: 1.6073, logits_loss: 1.6073, aux_loss: 0.0000, lr: 0.00005358, epoch_time: 22.0min
Epoch:[2/2](58660/66163), loss: 1.6894, logits_loss: 1.6894, aux_loss: 0.0000, lr: 0.00005356, epoch_time: 22.0min
Epoch:[2/2](58680/66163), loss: 1.5909, logits_loss: 1.5909, aux_loss: 0.0000, lr: 0.00005354, epoch_time: 21.0min
Epoch:[2/2](58700/66163), loss: 1.6257, logits_loss: 1.6257, aux_loss: 0.0000, lr: 0.00005352, epoch_time: 21.0min
Epoch:[2/2](58720/66163), loss: 1.7192, logits_loss: 1.7192, aux_loss: 0.0000, lr: 0.00005350, epoch_time: 21.0min
Epoch:[2/2](58740/66163), loss: 1.6189, logits_loss: 1.6189, aux_loss: 0.0000, lr: 0.00005348, epoch_time: 21.0min
Epoch:[2/2](58760/66163), loss: 1.5990, logits_loss: 1.5990, aux_loss: 0.0000, lr: 0.00005347, epoch_time: 21.0min
Epoch:[2/2](58780/66163), loss: 1.7017, logits_loss: 1.7017, aux_loss: 0.0000, lr: 0.00005345, epoch_time: 21.0min
Epoch:[2/2](58800/66163), loss: 1.5190, logits_loss: 1.5190, aux_loss: 0.0000, lr: 0.00005343, epoch_time: 21.0min
Epoch:[2/2](58820/66163), loss: 1.6512, logits_loss: 1.6512, aux_loss: 0.0000, lr: 0.00005341, epoch_time: 21.0min
Epoch:[2/2](58840/66163), loss: 1.6138, logits_loss: 1.6138, aux_loss: 0.0000, lr: 0.00005339, epoch_time: 21.0min
Epoch:[2/2](58860/66163), loss: 1.5859, logits_loss: 1.5859, aux_loss: 0.0000, lr: 0.00005337, epoch_time: 21.0min
Epoch:[2/2](58880/66163), loss: 1.6704, logits_loss: 1.6704, aux_loss: 0.0000, lr: 0.00005336, epoch_time: 21.0min
Epoch:[2/2](58900/66163), loss: 1.7281, logits_loss: 1.7281, aux_loss: 0.0000, lr: 0.00005334, epoch_time: 21.0min
Epoch:[2/2](58920/66163), loss: 1.6143, logits_loss: 1.6143, aux_loss: 0.0000, lr: 0.00005332, epoch_time: 21.0min
Epoch:[2/2](58940/66163), loss: 1.6480, logits_loss: 1.6480, aux_loss: 0.0000, lr: 0.00005330, epoch_time: 21.0min
Epoch:[2/2](58960/66163), loss: 1.6369, logits_loss: 1.6369, aux_loss: 0.0000, lr: 0.00005328, epoch_time: 21.0min
Epoch:[2/2](58980/66163), loss: 1.6846, logits_loss: 1.6846, aux_loss: 0.0000, lr: 0.00005326, epoch_time: 21.0min
Epoch:[2/2](59000/66163), loss: 1.5902, logits_loss: 1.5902, aux_loss: 0.0000, lr: 0.00005325, epoch_time: 21.0min
Epoch:[2/2](59020/66163), loss: 1.7278, logits_loss: 1.7278, aux_loss: 0.0000, lr: 0.00005323, epoch_time: 20.0min
Epoch:[2/2](59040/66163), loss: 1.6893, logits_loss: 1.6893, aux_loss: 0.0000, lr: 0.00005321, epoch_time: 20.0min
Epoch:[2/2](59060/66163), loss: 1.7454, logits_loss: 1.7454, aux_loss: 0.0000, lr: 0.00005319, epoch_time: 20.0min
Epoch:[2/2](59080/66163), loss: 1.5851, logits_loss: 1.5851, aux_loss: 0.0000, lr: 0.00005317, epoch_time: 20.0min
Epoch:[2/2](59100/66163), loss: 1.6103, logits_loss: 1.6103, aux_loss: 0.0000, lr: 0.00005316, epoch_time: 20.0min
Epoch:[2/2](59120/66163), loss: 1.5939, logits_loss: 1.5939, aux_loss: 0.0000, lr: 0.00005314, epoch_time: 20.0min
Epoch:[2/2](59140/66163), loss: 1.7709, logits_loss: 1.7709, aux_loss: 0.0000, lr: 0.00005312, epoch_time: 20.0min
Epoch:[2/2](59160/66163), loss: 1.6253, logits_loss: 1.6253, aux_loss: 0.0000, lr: 0.00005310, epoch_time: 20.0min
Epoch:[2/2](59180/66163), loss: 1.6516, logits_loss: 1.6516, aux_loss: 0.0000, lr: 0.00005308, epoch_time: 20.0min
Epoch:[2/2](59200/66163), loss: 1.6773, logits_loss: 1.6773, aux_loss: 0.0000, lr: 0.00005307, epoch_time: 20.0min
Epoch:[2/2](59220/66163), loss: 1.6049, logits_loss: 1.6049, aux_loss: 0.0000, lr: 0.00005305, epoch_time: 20.0min
Epoch:[2/2](59240/66163), loss: 1.7292, logits_loss: 1.7292, aux_loss: 0.0000, lr: 0.00005303, epoch_time: 20.0min
Epoch:[2/2](59260/66163), loss: 1.6428, logits_loss: 1.6428, aux_loss: 0.0000, lr: 0.00005301, epoch_time: 20.0min
Epoch:[2/2](59280/66163), loss: 1.6191, logits_loss: 1.6191, aux_loss: 0.0000, lr: 0.00005300, epoch_time: 20.0min
Epoch:[2/2](59300/66163), loss: 1.6359, logits_loss: 1.6359, aux_loss: 0.0000, lr: 0.00005298, epoch_time: 20.0min
Epoch:[2/2](59320/66163), loss: 1.6208, logits_loss: 1.6208, aux_loss: 0.0000, lr: 0.00005296, epoch_time: 20.0min
Epoch:[2/2](59340/66163), loss: 1.6772, logits_loss: 1.6772, aux_loss: 0.0000, lr: 0.00005295, epoch_time: 19.0min
Epoch:[2/2](59360/66163), loss: 1.5762, logits_loss: 1.5762, aux_loss: 0.0000, lr: 0.00005293, epoch_time: 19.0min
Epoch:[2/2](59380/66163), loss: 1.6684, logits_loss: 1.6684, aux_loss: 0.0000, lr: 0.00005291, epoch_time: 19.0min
Epoch:[2/2](59400/66163), loss: 1.5647, logits_loss: 1.5647, aux_loss: 0.0000, lr: 0.00005289, epoch_time: 19.0min
Epoch:[2/2](59420/66163), loss: 1.6823, logits_loss: 1.6823, aux_loss: 0.0000, lr: 0.00005288, epoch_time: 19.0min
Epoch:[2/2](59440/66163), loss: 1.6748, logits_loss: 1.6748, aux_loss: 0.0000, lr: 0.00005286, epoch_time: 19.0min
Epoch:[2/2](59460/66163), loss: 1.6138, logits_loss: 1.6138, aux_loss: 0.0000, lr: 0.00005284, epoch_time: 19.0min
Epoch:[2/2](59480/66163), loss: 1.6658, logits_loss: 1.6658, aux_loss: 0.0000, lr: 0.00005283, epoch_time: 19.0min
Epoch:[2/2](59500/66163), loss: 1.7105, logits_loss: 1.7105, aux_loss: 0.0000, lr: 0.00005281, epoch_time: 19.0min
Epoch:[2/2](59520/66163), loss: 1.6586, logits_loss: 1.6586, aux_loss: 0.0000, lr: 0.00005279, epoch_time: 19.0min
Epoch:[2/2](59540/66163), loss: 1.5968, logits_loss: 1.5968, aux_loss: 0.0000, lr: 0.00005278, epoch_time: 19.0min
Epoch:[2/2](59560/66163), loss: 1.4965, logits_loss: 1.4965, aux_loss: 0.0000, lr: 0.00005276, epoch_time: 19.0min
Epoch:[2/2](59580/66163), loss: 1.6425, logits_loss: 1.6425, aux_loss: 0.0000, lr: 0.00005274, epoch_time: 19.0min
Epoch:[2/2](59600/66163), loss: 1.6581, logits_loss: 1.6581, aux_loss: 0.0000, lr: 0.00005273, epoch_time: 19.0min
Epoch:[2/2](59620/66163), loss: 1.6621, logits_loss: 1.6621, aux_loss: 0.0000, lr: 0.00005271, epoch_time: 19.0min
Epoch:[2/2](59640/66163), loss: 1.6124, logits_loss: 1.6124, aux_loss: 0.0000, lr: 0.00005269, epoch_time: 19.0min
Epoch:[2/2](59660/66163), loss: 1.6191, logits_loss: 1.6191, aux_loss: 0.0000, lr: 0.00005268, epoch_time: 19.0min
Epoch:[2/2](59680/66163), loss: 1.6305, logits_loss: 1.6305, aux_loss: 0.0000, lr: 0.00005266, epoch_time: 19.0min
Epoch:[2/2](59700/66163), loss: 1.6054, logits_loss: 1.6054, aux_loss: 0.0000, lr: 0.00005264, epoch_time: 19.0min
Epoch:[2/2](59720/66163), loss: 1.6967, logits_loss: 1.6967, aux_loss: 0.0000, lr: 0.00005263, epoch_time: 18.0min
Epoch:[2/2](59740/66163), loss: 1.7074, logits_loss: 1.7074, aux_loss: 0.0000, lr: 0.00005261, epoch_time: 18.0min
Epoch:[2/2](59760/66163), loss: 1.6869, logits_loss: 1.6869, aux_loss: 0.0000, lr: 0.00005259, epoch_time: 18.0min
Epoch:[2/2](59780/66163), loss: 1.6753, logits_loss: 1.6753, aux_loss: 0.0000, lr: 0.00005258, epoch_time: 18.0min
Epoch:[2/2](59800/66163), loss: 1.6180, logits_loss: 1.6180, aux_loss: 0.0000, lr: 0.00005256, epoch_time: 18.0min
Epoch:[2/2](59820/66163), loss: 1.5868, logits_loss: 1.5868, aux_loss: 0.0000, lr: 0.00005255, epoch_time: 18.0min
Epoch:[2/2](59840/66163), loss: 1.5772, logits_loss: 1.5772, aux_loss: 0.0000, lr: 0.00005253, epoch_time: 18.0min
Epoch:[2/2](59860/66163), loss: 1.6960, logits_loss: 1.6960, aux_loss: 0.0000, lr: 0.00005251, epoch_time: 18.0min
Epoch:[2/2](59880/66163), loss: 1.6528, logits_loss: 1.6528, aux_loss: 0.0000, lr: 0.00005250, epoch_time: 18.0min
Epoch:[2/2](59900/66163), loss: 1.6083, logits_loss: 1.6083, aux_loss: 0.0000, lr: 0.00005248, epoch_time: 18.0min
Epoch:[2/2](59920/66163), loss: 1.7138, logits_loss: 1.7138, aux_loss: 0.0000, lr: 0.00005247, epoch_time: 18.0min
Epoch:[2/2](59940/66163), loss: 1.7191, logits_loss: 1.7191, aux_loss: 0.0000, lr: 0.00005245, epoch_time: 18.0min
Epoch:[2/2](59960/66163), loss: 1.7183, logits_loss: 1.7183, aux_loss: 0.0000, lr: 0.00005244, epoch_time: 18.0min
Epoch:[2/2](59980/66163), loss: 1.6296, logits_loss: 1.6296, aux_loss: 0.0000, lr: 0.00005242, epoch_time: 18.0min
Epoch:[2/2](60000/66163), loss: 1.6551, logits_loss: 1.6551, aux_loss: 0.0000, lr: 0.00005240, epoch_time: 18.0min
Epoch:[2/2](60020/66163), loss: 1.5426, logits_loss: 1.5426, aux_loss: 0.0000, lr: 0.00005239, epoch_time: 18.0min
Epoch:[2/2](60040/66163), loss: 1.6445, logits_loss: 1.6445, aux_loss: 0.0000, lr: 0.00005237, epoch_time: 17.0min
Epoch:[2/2](60060/66163), loss: 1.6226, logits_loss: 1.6226, aux_loss: 0.0000, lr: 0.00005236, epoch_time: 17.0min
Epoch:[2/2](60080/66163), loss: 1.6891, logits_loss: 1.6891, aux_loss: 0.0000, lr: 0.00005234, epoch_time: 17.0min
Epoch:[2/2](60100/66163), loss: 1.6702, logits_loss: 1.6702, aux_loss: 0.0000, lr: 0.00005233, epoch_time: 17.0min
Epoch:[2/2](60120/66163), loss: 1.6365, logits_loss: 1.6365, aux_loss: 0.0000, lr: 0.00005231, epoch_time: 17.0min
Epoch:[2/2](60140/66163), loss: 1.6922, logits_loss: 1.6922, aux_loss: 0.0000, lr: 0.00005230, epoch_time: 17.0min
Epoch:[2/2](60160/66163), loss: 1.7223, logits_loss: 1.7223, aux_loss: 0.0000, lr: 0.00005228, epoch_time: 17.0min
Epoch:[2/2](60180/66163), loss: 1.6407, logits_loss: 1.6407, aux_loss: 0.0000, lr: 0.00005227, epoch_time: 17.0min
Epoch:[2/2](60200/66163), loss: 1.7725, logits_loss: 1.7725, aux_loss: 0.0000, lr: 0.00005225, epoch_time: 17.0min
Epoch:[2/2](60220/66163), loss: 1.6560, logits_loss: 1.6560, aux_loss: 0.0000, lr: 0.00005224, epoch_time: 17.0min
Epoch:[2/2](60240/66163), loss: 1.6880, logits_loss: 1.6880, aux_loss: 0.0000, lr: 0.00005222, epoch_time: 17.0min
Epoch:[2/2](60260/66163), loss: 1.5677, logits_loss: 1.5677, aux_loss: 0.0000, lr: 0.00005221, epoch_time: 17.0min
Epoch:[2/2](60280/66163), loss: 1.6343, logits_loss: 1.6343, aux_loss: 0.0000, lr: 0.00005219, epoch_time: 17.0min
Epoch:[2/2](60300/66163), loss: 1.6028, logits_loss: 1.6028, aux_loss: 0.0000, lr: 0.00005218, epoch_time: 17.0min
Epoch:[2/2](60320/66163), loss: 1.5842, logits_loss: 1.5842, aux_loss: 0.0000, lr: 0.00005216, epoch_time: 17.0min
Epoch:[2/2](60340/66163), loss: 1.5995, logits_loss: 1.5995, aux_loss: 0.0000, lr: 0.00005215, epoch_time: 17.0min
Epoch:[2/2](60360/66163), loss: 1.7741, logits_loss: 1.7741, aux_loss: 0.0000, lr: 0.00005213, epoch_time: 17.0min
Epoch:[2/2](60380/66163), loss: 1.5429, logits_loss: 1.5429, aux_loss: 0.0000, lr: 0.00005212, epoch_time: 16.0min
Epoch:[2/2](60400/66163), loss: 1.6870, logits_loss: 1.6870, aux_loss: 0.0000, lr: 0.00005210, epoch_time: 16.0min
Epoch:[2/2](60420/66163), loss: 1.7087, logits_loss: 1.7087, aux_loss: 0.0000, lr: 0.00005209, epoch_time: 16.0min
Epoch:[2/2](60440/66163), loss: 1.6254, logits_loss: 1.6254, aux_loss: 0.0000, lr: 0.00005207, epoch_time: 16.0min
Epoch:[2/2](60460/66163), loss: 1.5654, logits_loss: 1.5654, aux_loss: 0.0000, lr: 0.00005206, epoch_time: 16.0min
Epoch:[2/2](60480/66163), loss: 1.6421, logits_loss: 1.6421, aux_loss: 0.0000, lr: 0.00005204, epoch_time: 16.0min
Epoch:[2/2](60500/66163), loss: 1.5999, logits_loss: 1.5999, aux_loss: 0.0000, lr: 0.00005203, epoch_time: 16.0min
Epoch:[2/2](60520/66163), loss: 1.6828, logits_loss: 1.6828, aux_loss: 0.0000, lr: 0.00005202, epoch_time: 16.0min
Epoch:[2/2](60540/66163), loss: 1.6897, logits_loss: 1.6897, aux_loss: 0.0000, lr: 0.00005200, epoch_time: 16.0min
Epoch:[2/2](60560/66163), loss: 1.6900, logits_loss: 1.6900, aux_loss: 0.0000, lr: 0.00005199, epoch_time: 16.0min
Epoch:[2/2](60580/66163), loss: 1.6978, logits_loss: 1.6978, aux_loss: 0.0000, lr: 0.00005197, epoch_time: 16.0min
Epoch:[2/2](60600/66163), loss: 1.7123, logits_loss: 1.7123, aux_loss: 0.0000, lr: 0.00005196, epoch_time: 16.0min
Epoch:[2/2](60620/66163), loss: 1.6544, logits_loss: 1.6544, aux_loss: 0.0000, lr: 0.00005195, epoch_time: 16.0min
Epoch:[2/2](60640/66163), loss: 1.6901, logits_loss: 1.6901, aux_loss: 0.0000, lr: 0.00005193, epoch_time: 16.0min
Epoch:[2/2](60660/66163), loss: 1.6131, logits_loss: 1.6131, aux_loss: 0.0000, lr: 0.00005192, epoch_time: 16.0min
Epoch:[2/2](60680/66163), loss: 1.6415, logits_loss: 1.6415, aux_loss: 0.0000, lr: 0.00005190, epoch_time: 16.0min
Epoch:[2/2](60700/66163), loss: 1.5798, logits_loss: 1.5798, aux_loss: 0.0000, lr: 0.00005189, epoch_time: 16.0min
Epoch:[2/2](60720/66163), loss: 1.6223, logits_loss: 1.6223, aux_loss: 0.0000, lr: 0.00005188, epoch_time: 15.0min
Epoch:[2/2](60740/66163), loss: 1.5686, logits_loss: 1.5686, aux_loss: 0.0000, lr: 0.00005186, epoch_time: 15.0min
Epoch:[2/2](60760/66163), loss: 1.7245, logits_loss: 1.7245, aux_loss: 0.0000, lr: 0.00005185, epoch_time: 15.0min
Epoch:[2/2](60780/66163), loss: 1.6566, logits_loss: 1.6566, aux_loss: 0.0000, lr: 0.00005183, epoch_time: 15.0min
Epoch:[2/2](60800/66163), loss: 1.5816, logits_loss: 1.5816, aux_loss: 0.0000, lr: 0.00005182, epoch_time: 15.0min
Epoch:[2/2](60820/66163), loss: 1.6318, logits_loss: 1.6318, aux_loss: 0.0000, lr: 0.00005181, epoch_time: 15.0min
Epoch:[2/2](60840/66163), loss: 1.6443, logits_loss: 1.6443, aux_loss: 0.0000, lr: 0.00005179, epoch_time: 15.0min
Epoch:[2/2](60860/66163), loss: 1.7529, logits_loss: 1.7529, aux_loss: 0.0000, lr: 0.00005178, epoch_time: 15.0min
Epoch:[2/2](60880/66163), loss: 1.6228, logits_loss: 1.6228, aux_loss: 0.0000, lr: 0.00005177, epoch_time: 15.0min
Epoch:[2/2](60900/66163), loss: 1.6487, logits_loss: 1.6487, aux_loss: 0.0000, lr: 0.00005175, epoch_time: 15.0min
Epoch:[2/2](60920/66163), loss: 1.6633, logits_loss: 1.6633, aux_loss: 0.0000, lr: 0.00005174, epoch_time: 15.0min
Epoch:[2/2](60940/66163), loss: 1.6441, logits_loss: 1.6441, aux_loss: 0.0000, lr: 0.00005173, epoch_time: 15.0min
Epoch:[2/2](60960/66163), loss: 1.6964, logits_loss: 1.6964, aux_loss: 0.0000, lr: 0.00005171, epoch_time: 15.0min
Epoch:[2/2](60980/66163), loss: 1.6673, logits_loss: 1.6673, aux_loss: 0.0000, lr: 0.00005170, epoch_time: 15.0min
Epoch:[2/2](61000/66163), loss: 1.6191, logits_loss: 1.6191, aux_loss: 0.0000, lr: 0.00005169, epoch_time: 15.0min
Epoch:[2/2](61020/66163), loss: 1.6690, logits_loss: 1.6690, aux_loss: 0.0000, lr: 0.00005168, epoch_time: 15.0min
Epoch:[2/2](61040/66163), loss: 1.6712, logits_loss: 1.6712, aux_loss: 0.0000, lr: 0.00005166, epoch_time: 15.0min
Epoch:[2/2](61060/66163), loss: 1.6944, logits_loss: 1.6944, aux_loss: 0.0000, lr: 0.00005165, epoch_time: 15.0min
Epoch:[2/2](61080/66163), loss: 1.7395, logits_loss: 1.7395, aux_loss: 0.0000, lr: 0.00005164, epoch_time: 14.0min
Epoch:[2/2](61100/66163), loss: 1.6719, logits_loss: 1.6719, aux_loss: 0.0000, lr: 0.00005162, epoch_time: 14.0min
Epoch:[2/2](61120/66163), loss: 1.6129, logits_loss: 1.6129, aux_loss: 0.0000, lr: 0.00005161, epoch_time: 14.0min
Epoch:[2/2](61140/66163), loss: 1.6366, logits_loss: 1.6366, aux_loss: 0.0000, lr: 0.00005160, epoch_time: 14.0min
Epoch:[2/2](61160/66163), loss: 1.6365, logits_loss: 1.6365, aux_loss: 0.0000, lr: 0.00005159, epoch_time: 14.0min
Epoch:[2/2](61180/66163), loss: 1.6282, logits_loss: 1.6282, aux_loss: 0.0000, lr: 0.00005157, epoch_time: 14.0min
Epoch:[2/2](61200/66163), loss: 1.6230, logits_loss: 1.6230, aux_loss: 0.0000, lr: 0.00005156, epoch_time: 14.0min
Epoch:[2/2](61220/66163), loss: 1.6208, logits_loss: 1.6208, aux_loss: 0.0000, lr: 0.00005155, epoch_time: 14.0min
Epoch:[2/2](61240/66163), loss: 1.5686, logits_loss: 1.5686, aux_loss: 0.0000, lr: 0.00005154, epoch_time: 14.0min
Epoch:[2/2](61260/66163), loss: 1.5985, logits_loss: 1.5985, aux_loss: 0.0000, lr: 0.00005152, epoch_time: 14.0min
Epoch:[2/2](61280/66163), loss: 1.6428, logits_loss: 1.6428, aux_loss: 0.0000, lr: 0.00005151, epoch_time: 14.0min
Epoch:[2/2](61300/66163), loss: 1.6220, logits_loss: 1.6220, aux_loss: 0.0000, lr: 0.00005150, epoch_time: 14.0min
Epoch:[2/2](61320/66163), loss: 1.6793, logits_loss: 1.6793, aux_loss: 0.0000, lr: 0.00005149, epoch_time: 14.0min
Epoch:[2/2](61340/66163), loss: 1.6370, logits_loss: 1.6370, aux_loss: 0.0000, lr: 0.00005147, epoch_time: 14.0min
Epoch:[2/2](61360/66163), loss: 1.5959, logits_loss: 1.5959, aux_loss: 0.0000, lr: 0.00005146, epoch_time: 14.0min
Epoch:[2/2](61380/66163), loss: 1.6549, logits_loss: 1.6549, aux_loss: 0.0000, lr: 0.00005145, epoch_time: 14.0min
Epoch:[2/2](61400/66163), loss: 1.6535, logits_loss: 1.6535, aux_loss: 0.0000, lr: 0.00005144, epoch_time: 13.0min
Epoch:[2/2](61420/66163), loss: 1.7161, logits_loss: 1.7161, aux_loss: 0.0000, lr: 0.00005142, epoch_time: 13.0min
Epoch:[2/2](61440/66163), loss: 1.7377, logits_loss: 1.7377, aux_loss: 0.0000, lr: 0.00005141, epoch_time: 13.0min
Epoch:[2/2](61460/66163), loss: 1.6416, logits_loss: 1.6416, aux_loss: 0.0000, lr: 0.00005140, epoch_time: 13.0min
Epoch:[2/2](61480/66163), loss: 1.6705, logits_loss: 1.6705, aux_loss: 0.0000, lr: 0.00005139, epoch_time: 13.0min
Epoch:[2/2](61500/66163), loss: 1.6107, logits_loss: 1.6107, aux_loss: 0.0000, lr: 0.00005138, epoch_time: 13.0min
Epoch:[2/2](61520/66163), loss: 1.6728, logits_loss: 1.6728, aux_loss: 0.0000, lr: 0.00005137, epoch_time: 13.0min
Epoch:[2/2](61540/66163), loss: 1.6468, logits_loss: 1.6468, aux_loss: 0.0000, lr: 0.00005135, epoch_time: 13.0min
Epoch:[2/2](61560/66163), loss: 1.6786, logits_loss: 1.6786, aux_loss: 0.0000, lr: 0.00005134, epoch_time: 13.0min
Epoch:[2/2](61580/66163), loss: 1.6770, logits_loss: 1.6770, aux_loss: 0.0000, lr: 0.00005133, epoch_time: 13.0min
Epoch:[2/2](61600/66163), loss: 1.6954, logits_loss: 1.6954, aux_loss: 0.0000, lr: 0.00005132, epoch_time: 13.0min
Epoch:[2/2](61620/66163), loss: 1.6896, logits_loss: 1.6896, aux_loss: 0.0000, lr: 0.00005131, epoch_time: 13.0min
Epoch:[2/2](61640/66163), loss: 1.5865, logits_loss: 1.5865, aux_loss: 0.0000, lr: 0.00005130, epoch_time: 13.0min
Epoch:[2/2](61660/66163), loss: 1.6203, logits_loss: 1.6203, aux_loss: 0.0000, lr: 0.00005128, epoch_time: 13.0min
Epoch:[2/2](61680/66163), loss: 1.6991, logits_loss: 1.6991, aux_loss: 0.0000, lr: 0.00005127, epoch_time: 13.0min
Epoch:[2/2](61700/66163), loss: 1.6778, logits_loss: 1.6778, aux_loss: 0.0000, lr: 0.00005126, epoch_time: 13.0min
Epoch:[2/2](61720/66163), loss: 1.7203, logits_loss: 1.7203, aux_loss: 0.0000, lr: 0.00005125, epoch_time: 13.0min
Epoch:[2/2](61740/66163), loss: 1.5911, logits_loss: 1.5911, aux_loss: 0.0000, lr: 0.00005124, epoch_time: 12.0min
Epoch:[2/2](61760/66163), loss: 1.5875, logits_loss: 1.5875, aux_loss: 0.0000, lr: 0.00005123, epoch_time: 12.0min
Epoch:[2/2](61780/66163), loss: 1.5951, logits_loss: 1.5951, aux_loss: 0.0000, lr: 0.00005122, epoch_time: 12.0min
Epoch:[2/2](61800/66163), loss: 1.6859, logits_loss: 1.6859, aux_loss: 0.0000, lr: 0.00005121, epoch_time: 12.0min
Epoch:[2/2](61820/66163), loss: 1.6465, logits_loss: 1.6465, aux_loss: 0.0000, lr: 0.00005119, epoch_time: 12.0min
Epoch:[2/2](61840/66163), loss: 1.6297, logits_loss: 1.6297, aux_loss: 0.0000, lr: 0.00005118, epoch_time: 12.0min
Epoch:[2/2](61860/66163), loss: 1.5771, logits_loss: 1.5771, aux_loss: 0.0000, lr: 0.00005117, epoch_time: 12.0min
Epoch:[2/2](61880/66163), loss: 1.6807, logits_loss: 1.6807, aux_loss: 0.0000, lr: 0.00005116, epoch_time: 12.0min
Epoch:[2/2](61900/66163), loss: 1.6209, logits_loss: 1.6209, aux_loss: 0.0000, lr: 0.00005115, epoch_time: 12.0min
Epoch:[2/2](61920/66163), loss: 1.5413, logits_loss: 1.5413, aux_loss: 0.0000, lr: 0.00005114, epoch_time: 12.0min
Epoch:[2/2](61940/66163), loss: 1.5971, logits_loss: 1.5971, aux_loss: 0.0000, lr: 0.00005113, epoch_time: 12.0min
Epoch:[2/2](61960/66163), loss: 1.6841, logits_loss: 1.6841, aux_loss: 0.0000, lr: 0.00005112, epoch_time: 12.0min
Epoch:[2/2](61980/66163), loss: 1.6266, logits_loss: 1.6266, aux_loss: 0.0000, lr: 0.00005111, epoch_time: 12.0min
Epoch:[2/2](62000/66163), loss: 1.6638, logits_loss: 1.6638, aux_loss: 0.0000, lr: 0.00005110, epoch_time: 12.0min
Epoch:[2/2](62020/66163), loss: 1.6855, logits_loss: 1.6855, aux_loss: 0.0000, lr: 0.00005109, epoch_time: 12.0min
Epoch:[2/2](62040/66163), loss: 1.7081, logits_loss: 1.7081, aux_loss: 0.0000, lr: 0.00005108, epoch_time: 12.0min
Epoch:[2/2](62060/66163), loss: 1.6819, logits_loss: 1.6819, aux_loss: 0.0000, lr: 0.00005107, epoch_time: 12.0min
Epoch:[2/2](62080/66163), loss: 1.6747, logits_loss: 1.6747, aux_loss: 0.0000, lr: 0.00005106, epoch_time: 11.0min
Epoch:[2/2](62100/66163), loss: 1.6241, logits_loss: 1.6241, aux_loss: 0.0000, lr: 0.00005105, epoch_time: 11.0min
Epoch:[2/2](62120/66163), loss: 1.6785, logits_loss: 1.6785, aux_loss: 0.0000, lr: 0.00005104, epoch_time: 11.0min
Epoch:[2/2](62140/66163), loss: 1.6642, logits_loss: 1.6642, aux_loss: 0.0000, lr: 0.00005103, epoch_time: 11.0min
Epoch:[2/2](62160/66163), loss: 1.7662, logits_loss: 1.7662, aux_loss: 0.0000, lr: 0.00005102, epoch_time: 11.0min
Epoch:[2/2](62180/66163), loss: 1.6273, logits_loss: 1.6273, aux_loss: 0.0000, lr: 0.00005101, epoch_time: 11.0min
Epoch:[2/2](62200/66163), loss: 1.6036, logits_loss: 1.6036, aux_loss: 0.0000, lr: 0.00005100, epoch_time: 11.0min
Epoch:[2/2](62220/66163), loss: 1.6484, logits_loss: 1.6484, aux_loss: 0.0000, lr: 0.00005099, epoch_time: 11.0min
Epoch:[2/2](62240/66163), loss: 1.6249, logits_loss: 1.6249, aux_loss: 0.0000, lr: 0.00005098, epoch_time: 11.0min
Epoch:[2/2](62260/66163), loss: 1.5674, logits_loss: 1.5674, aux_loss: 0.0000, lr: 0.00005097, epoch_time: 11.0min
Epoch:[2/2](62280/66163), loss: 1.6302, logits_loss: 1.6302, aux_loss: 0.0000, lr: 0.00005096, epoch_time: 11.0min
Epoch:[2/2](62300/66163), loss: 1.6421, logits_loss: 1.6421, aux_loss: 0.0000, lr: 0.00005095, epoch_time: 11.0min
Epoch:[2/2](62320/66163), loss: 1.7054, logits_loss: 1.7054, aux_loss: 0.0000, lr: 0.00005094, epoch_time: 11.0min
Epoch:[2/2](62340/66163), loss: 1.5707, logits_loss: 1.5707, aux_loss: 0.0000, lr: 0.00005093, epoch_time: 11.0min
Epoch:[2/2](62360/66163), loss: 1.6790, logits_loss: 1.6790, aux_loss: 0.0000, lr: 0.00005092, epoch_time: 11.0min
Epoch:[2/2](62380/66163), loss: 1.5089, logits_loss: 1.5089, aux_loss: 0.0000, lr: 0.00005091, epoch_time: 11.0min
Epoch:[2/2](62400/66163), loss: 1.6412, logits_loss: 1.6412, aux_loss: 0.0000, lr: 0.00005090, epoch_time: 11.0min
Epoch:[2/2](62420/66163), loss: 1.6559, logits_loss: 1.6559, aux_loss: 0.0000, lr: 0.00005089, epoch_time: 10.0min
Epoch:[2/2](62440/66163), loss: 1.6392, logits_loss: 1.6392, aux_loss: 0.0000, lr: 0.00005088, epoch_time: 10.0min
Epoch:[2/2](62460/66163), loss: 1.6307, logits_loss: 1.6307, aux_loss: 0.0000, lr: 0.00005087, epoch_time: 10.0min
Epoch:[2/2](62480/66163), loss: 1.6797, logits_loss: 1.6797, aux_loss: 0.0000, lr: 0.00005086, epoch_time: 10.0min
Epoch:[2/2](62500/66163), loss: 1.6337, logits_loss: 1.6337, aux_loss: 0.0000, lr: 0.00005085, epoch_time: 10.0min
Epoch:[2/2](62520/66163), loss: 1.6667, logits_loss: 1.6667, aux_loss: 0.0000, lr: 0.00005084, epoch_time: 10.0min
Epoch:[2/2](62540/66163), loss: 1.7100, logits_loss: 1.7100, aux_loss: 0.0000, lr: 0.00005083, epoch_time: 10.0min
Epoch:[2/2](62560/66163), loss: 1.6358, logits_loss: 1.6358, aux_loss: 0.0000, lr: 0.00005082, epoch_time: 10.0min
Epoch:[2/2](62580/66163), loss: 1.6524, logits_loss: 1.6524, aux_loss: 0.0000, lr: 0.00005081, epoch_time: 10.0min
Epoch:[2/2](62600/66163), loss: 1.6441, logits_loss: 1.6441, aux_loss: 0.0000, lr: 0.00005080, epoch_time: 10.0min
Epoch:[2/2](62620/66163), loss: 1.6871, logits_loss: 1.6871, aux_loss: 0.0000, lr: 0.00005080, epoch_time: 10.0min
Epoch:[2/2](62640/66163), loss: 1.7170, logits_loss: 1.7170, aux_loss: 0.0000, lr: 0.00005079, epoch_time: 10.0min
Epoch:[2/2](62660/66163), loss: 1.6936, logits_loss: 1.6936, aux_loss: 0.0000, lr: 0.00005078, epoch_time: 10.0min
Epoch:[2/2](62680/66163), loss: 1.6821, logits_loss: 1.6821, aux_loss: 0.0000, lr: 0.00005077, epoch_time: 10.0min
Epoch:[2/2](62700/66163), loss: 1.7265, logits_loss: 1.7265, aux_loss: 0.0000, lr: 0.00005076, epoch_time: 10.0min
Epoch:[2/2](62720/66163), loss: 1.7028, logits_loss: 1.7028, aux_loss: 0.0000, lr: 0.00005075, epoch_time: 10.0min
Epoch:[2/2](62740/66163), loss: 1.7210, logits_loss: 1.7210, aux_loss: 0.0000, lr: 0.00005074, epoch_time: 10.0min
Epoch:[2/2](62760/66163), loss: 1.6837, logits_loss: 1.6837, aux_loss: 0.0000, lr: 0.00005073, epoch_time: 9.0min
Epoch:[2/2](62780/66163), loss: 1.6057, logits_loss: 1.6057, aux_loss: 0.0000, lr: 0.00005073, epoch_time: 9.0min
Epoch:[2/2](62800/66163), loss: 1.7466, logits_loss: 1.7466, aux_loss: 0.0000, lr: 0.00005072, epoch_time: 9.0min
Epoch:[2/2](62820/66163), loss: 1.6575, logits_loss: 1.6575, aux_loss: 0.0000, lr: 0.00005071, epoch_time: 9.0min
Epoch:[2/2](62840/66163), loss: 1.6940, logits_loss: 1.6940, aux_loss: 0.0000, lr: 0.00005070, epoch_time: 9.0min
Epoch:[2/2](62860/66163), loss: 1.5897, logits_loss: 1.5897, aux_loss: 0.0000, lr: 0.00005069, epoch_time: 9.0min
Epoch:[2/2](62880/66163), loss: 1.6686, logits_loss: 1.6686, aux_loss: 0.0000, lr: 0.00005068, epoch_time: 9.0min
Epoch:[2/2](62900/66163), loss: 1.6464, logits_loss: 1.6464, aux_loss: 0.0000, lr: 0.00005067, epoch_time: 9.0min
Epoch:[2/2](62920/66163), loss: 1.5986, logits_loss: 1.5986, aux_loss: 0.0000, lr: 0.00005067, epoch_time: 9.0min
Epoch:[2/2](62940/66163), loss: 1.6600, logits_loss: 1.6600, aux_loss: 0.0000, lr: 0.00005066, epoch_time: 9.0min
Epoch:[2/2](62960/66163), loss: 1.7391, logits_loss: 1.7391, aux_loss: 0.0000, lr: 0.00005065, epoch_time: 9.0min
Epoch:[2/2](62980/66163), loss: 1.5382, logits_loss: 1.5382, aux_loss: 0.0000, lr: 0.00005064, epoch_time: 9.0min
Epoch:[2/2](63000/66163), loss: 1.6537, logits_loss: 1.6537, aux_loss: 0.0000, lr: 0.00005063, epoch_time: 9.0min
Epoch:[2/2](63020/66163), loss: 1.6838, logits_loss: 1.6838, aux_loss: 0.0000, lr: 0.00005063, epoch_time: 9.0min
Epoch:[2/2](63040/66163), loss: 1.6630, logits_loss: 1.6630, aux_loss: 0.0000, lr: 0.00005062, epoch_time: 9.0min
Epoch:[2/2](63060/66163), loss: 1.6031, logits_loss: 1.6031, aux_loss: 0.0000, lr: 0.00005061, epoch_time: 9.0min
Epoch:[2/2](63080/66163), loss: 1.6833, logits_loss: 1.6833, aux_loss: 0.0000, lr: 0.00005060, epoch_time: 9.0min
Epoch:[2/2](63100/66163), loss: 1.7560, logits_loss: 1.7560, aux_loss: 0.0000, lr: 0.00005059, epoch_time: 8.0min
Epoch:[2/2](63120/66163), loss: 1.6937, logits_loss: 1.6937, aux_loss: 0.0000, lr: 0.00005059, epoch_time: 8.0min
Epoch:[2/2](63140/66163), loss: 1.6337, logits_loss: 1.6337, aux_loss: 0.0000, lr: 0.00005058, epoch_time: 8.0min
Epoch:[2/2](63160/66163), loss: 1.6641, logits_loss: 1.6641, aux_loss: 0.0000, lr: 0.00005057, epoch_time: 8.0min
Epoch:[2/2](63180/66163), loss: 1.6021, logits_loss: 1.6021, aux_loss: 0.0000, lr: 0.00005056, epoch_time: 8.0min
Epoch:[2/2](63200/66163), loss: 1.6710, logits_loss: 1.6710, aux_loss: 0.0000, lr: 0.00005056, epoch_time: 8.0min
Epoch:[2/2](63220/66163), loss: 1.5953, logits_loss: 1.5953, aux_loss: 0.0000, lr: 0.00005055, epoch_time: 8.0min
Epoch:[2/2](63240/66163), loss: 1.6643, logits_loss: 1.6643, aux_loss: 0.0000, lr: 0.00005054, epoch_time: 8.0min
Epoch:[2/2](63260/66163), loss: 1.6332, logits_loss: 1.6332, aux_loss: 0.0000, lr: 0.00005053, epoch_time: 8.0min
Epoch:[2/2](63280/66163), loss: 1.6343, logits_loss: 1.6343, aux_loss: 0.0000, lr: 0.00005053, epoch_time: 8.0min
Epoch:[2/2](63300/66163), loss: 1.6874, logits_loss: 1.6874, aux_loss: 0.0000, lr: 0.00005052, epoch_time: 8.0min
Epoch:[2/2](63320/66163), loss: 1.6749, logits_loss: 1.6749, aux_loss: 0.0000, lr: 0.00005051, epoch_time: 8.0min
Epoch:[2/2](63340/66163), loss: 1.6347, logits_loss: 1.6347, aux_loss: 0.0000, lr: 0.00005051, epoch_time: 8.0min
Epoch:[2/2](63360/66163), loss: 1.6378, logits_loss: 1.6378, aux_loss: 0.0000, lr: 0.00005050, epoch_time: 8.0min
Epoch:[2/2](63380/66163), loss: 1.6849, logits_loss: 1.6849, aux_loss: 0.0000, lr: 0.00005049, epoch_time: 8.0min
Epoch:[2/2](63400/66163), loss: 1.6706, logits_loss: 1.6706, aux_loss: 0.0000, lr: 0.00005048, epoch_time: 8.0min
Epoch:[2/2](63420/66163), loss: 1.5888, logits_loss: 1.5888, aux_loss: 0.0000, lr: 0.00005048, epoch_time: 8.0min
Epoch:[2/2](63440/66163), loss: 1.6450, logits_loss: 1.6450, aux_loss: 0.0000, lr: 0.00005047, epoch_time: 8.0min
Epoch:[2/2](63460/66163), loss: 1.6439, logits_loss: 1.6439, aux_loss: 0.0000, lr: 0.00005046, epoch_time: 7.0min
Epoch:[2/2](63480/66163), loss: 1.6965, logits_loss: 1.6965, aux_loss: 0.0000, lr: 0.00005046, epoch_time: 7.0min
Epoch:[2/2](63500/66163), loss: 1.5887, logits_loss: 1.5887, aux_loss: 0.0000, lr: 0.00005045, epoch_time: 7.0min
Epoch:[2/2](63520/66163), loss: 1.6005, logits_loss: 1.6005, aux_loss: 0.0000, lr: 0.00005044, epoch_time: 7.0min
Epoch:[2/2](63540/66163), loss: 1.6675, logits_loss: 1.6675, aux_loss: 0.0000, lr: 0.00005044, epoch_time: 7.0min
Epoch:[2/2](63560/66163), loss: 1.7071, logits_loss: 1.7071, aux_loss: 0.0000, lr: 0.00005043, epoch_time: 7.0min
Epoch:[2/2](63580/66163), loss: 1.5943, logits_loss: 1.5943, aux_loss: 0.0000, lr: 0.00005042, epoch_time: 7.0min
Epoch:[2/2](63600/66163), loss: 1.6878, logits_loss: 1.6878, aux_loss: 0.0000, lr: 0.00005042, epoch_time: 7.0min
Epoch:[2/2](63620/66163), loss: 1.5882, logits_loss: 1.5882, aux_loss: 0.0000, lr: 0.00005041, epoch_time: 7.0min
Epoch:[2/2](63640/66163), loss: 1.6802, logits_loss: 1.6802, aux_loss: 0.0000, lr: 0.00005040, epoch_time: 7.0min
Epoch:[2/2](63660/66163), loss: 1.6090, logits_loss: 1.6090, aux_loss: 0.0000, lr: 0.00005040, epoch_time: 7.0min
Epoch:[2/2](63680/66163), loss: 1.7058, logits_loss: 1.7058, aux_loss: 0.0000, lr: 0.00005039, epoch_time: 7.0min
Epoch:[2/2](63700/66163), loss: 1.6699, logits_loss: 1.6699, aux_loss: 0.0000, lr: 0.00005038, epoch_time: 7.0min
Epoch:[2/2](63720/66163), loss: 1.6324, logits_loss: 1.6324, aux_loss: 0.0000, lr: 0.00005038, epoch_time: 7.0min
Epoch:[2/2](63740/66163), loss: 1.6904, logits_loss: 1.6904, aux_loss: 0.0000, lr: 0.00005037, epoch_time: 7.0min
Epoch:[2/2](63760/66163), loss: 1.6412, logits_loss: 1.6412, aux_loss: 0.0000, lr: 0.00005037, epoch_time: 7.0min
Epoch:[2/2](63780/66163), loss: 1.5535, logits_loss: 1.5535, aux_loss: 0.0000, lr: 0.00005036, epoch_time: 6.0min
Epoch:[2/2](63800/66163), loss: 1.5834, logits_loss: 1.5834, aux_loss: 0.0000, lr: 0.00005035, epoch_time: 6.0min
Epoch:[2/2](63820/66163), loss: 1.5783, logits_loss: 1.5783, aux_loss: 0.0000, lr: 0.00005035, epoch_time: 6.0min
Epoch:[2/2](63840/66163), loss: 1.5971, logits_loss: 1.5971, aux_loss: 0.0000, lr: 0.00005034, epoch_time: 6.0min
Epoch:[2/2](63860/66163), loss: 1.6677, logits_loss: 1.6677, aux_loss: 0.0000, lr: 0.00005034, epoch_time: 6.0min
Epoch:[2/2](63880/66163), loss: 1.6462, logits_loss: 1.6462, aux_loss: 0.0000, lr: 0.00005033, epoch_time: 6.0min
Epoch:[2/2](63900/66163), loss: 1.7139, logits_loss: 1.7139, aux_loss: 0.0000, lr: 0.00005032, epoch_time: 6.0min
Epoch:[2/2](63920/66163), loss: 1.7040, logits_loss: 1.7040, aux_loss: 0.0000, lr: 0.00005032, epoch_time: 6.0min
Epoch:[2/2](63940/66163), loss: 1.5984, logits_loss: 1.5984, aux_loss: 0.0000, lr: 0.00005031, epoch_time: 6.0min
Epoch:[2/2](63960/66163), loss: 1.6216, logits_loss: 1.6216, aux_loss: 0.0000, lr: 0.00005031, epoch_time: 6.0min
Epoch:[2/2](63980/66163), loss: 1.6228, logits_loss: 1.6228, aux_loss: 0.0000, lr: 0.00005030, epoch_time: 6.0min
Epoch:[2/2](64000/66163), loss: 1.6589, logits_loss: 1.6589, aux_loss: 0.0000, lr: 0.00005030, epoch_time: 6.0min
Epoch:[2/2](64020/66163), loss: 1.5792, logits_loss: 1.5792, aux_loss: 0.0000, lr: 0.00005029, epoch_time: 6.0min
Epoch:[2/2](64040/66163), loss: 1.6350, logits_loss: 1.6350, aux_loss: 0.0000, lr: 0.00005029, epoch_time: 6.0min
Epoch:[2/2](64060/66163), loss: 1.6699, logits_loss: 1.6699, aux_loss: 0.0000, lr: 0.00005028, epoch_time: 6.0min
Epoch:[2/2](64080/66163), loss: 1.5904, logits_loss: 1.5904, aux_loss: 0.0000, lr: 0.00005028, epoch_time: 6.0min
Epoch:[2/2](64100/66163), loss: 1.6330, logits_loss: 1.6330, aux_loss: 0.0000, lr: 0.00005027, epoch_time: 6.0min
Epoch:[2/2](64120/66163), loss: 1.7140, logits_loss: 1.7140, aux_loss: 0.0000, lr: 0.00005026, epoch_time: 5.0min
Epoch:[2/2](64140/66163), loss: 1.6644, logits_loss: 1.6644, aux_loss: 0.0000, lr: 0.00005026, epoch_time: 5.0min
Epoch:[2/2](64160/66163), loss: 1.6259, logits_loss: 1.6259, aux_loss: 0.0000, lr: 0.00005025, epoch_time: 5.0min
Epoch:[2/2](64180/66163), loss: 1.5481, logits_loss: 1.5481, aux_loss: 0.0000, lr: 0.00005025, epoch_time: 5.0min
Epoch:[2/2](64200/66163), loss: 1.6593, logits_loss: 1.6593, aux_loss: 0.0000, lr: 0.00005024, epoch_time: 5.0min
Epoch:[2/2](64220/66163), loss: 1.5906, logits_loss: 1.5906, aux_loss: 0.0000, lr: 0.00005024, epoch_time: 5.0min
Epoch:[2/2](64240/66163), loss: 1.6019, logits_loss: 1.6019, aux_loss: 0.0000, lr: 0.00005023, epoch_time: 5.0min
Epoch:[2/2](64260/66163), loss: 1.6145, logits_loss: 1.6145, aux_loss: 0.0000, lr: 0.00005023, epoch_time: 5.0min
Epoch:[2/2](64280/66163), loss: 1.6654, logits_loss: 1.6654, aux_loss: 0.0000, lr: 0.00005022, epoch_time: 5.0min
Epoch:[2/2](64300/66163), loss: 1.6716, logits_loss: 1.6716, aux_loss: 0.0000, lr: 0.00005022, epoch_time: 5.0min
Epoch:[2/2](64320/66163), loss: 1.6324, logits_loss: 1.6324, aux_loss: 0.0000, lr: 0.00005022, epoch_time: 5.0min
Epoch:[2/2](64340/66163), loss: 1.6382, logits_loss: 1.6382, aux_loss: 0.0000, lr: 0.00005021, epoch_time: 5.0min
Epoch:[2/2](64360/66163), loss: 1.6108, logits_loss: 1.6108, aux_loss: 0.0000, lr: 0.00005021, epoch_time: 5.0min
Epoch:[2/2](64380/66163), loss: 1.6264, logits_loss: 1.6264, aux_loss: 0.0000, lr: 0.00005020, epoch_time: 5.0min
Epoch:[2/2](64400/66163), loss: 1.6045, logits_loss: 1.6045, aux_loss: 0.0000, lr: 0.00005020, epoch_time: 5.0min
Epoch:[2/2](64420/66163), loss: 1.6580, logits_loss: 1.6580, aux_loss: 0.0000, lr: 0.00005019, epoch_time: 5.0min
Epoch:[2/2](64440/66163), loss: 1.5762, logits_loss: 1.5762, aux_loss: 0.0000, lr: 0.00005019, epoch_time: 5.0min
Epoch:[2/2](64460/66163), loss: 1.6002, logits_loss: 1.6002, aux_loss: 0.0000, lr: 0.00005018, epoch_time: 4.0min
Epoch:[2/2](64480/66163), loss: 1.6175, logits_loss: 1.6175, aux_loss: 0.0000, lr: 0.00005018, epoch_time: 4.0min
Epoch:[2/2](64500/66163), loss: 1.6587, logits_loss: 1.6587, aux_loss: 0.0000, lr: 0.00005018, epoch_time: 4.0min
Epoch:[2/2](64520/66163), loss: 1.6551, logits_loss: 1.6551, aux_loss: 0.0000, lr: 0.00005017, epoch_time: 4.0min
Epoch:[2/2](64540/66163), loss: 1.5792, logits_loss: 1.5792, aux_loss: 0.0000, lr: 0.00005017, epoch_time: 4.0min
Epoch:[2/2](64560/66163), loss: 1.6278, logits_loss: 1.6278, aux_loss: 0.0000, lr: 0.00005016, epoch_time: 4.0min
Epoch:[2/2](64580/66163), loss: 1.6202, logits_loss: 1.6202, aux_loss: 0.0000, lr: 0.00005016, epoch_time: 4.0min
Epoch:[2/2](64600/66163), loss: 1.6437, logits_loss: 1.6437, aux_loss: 0.0000, lr: 0.00005015, epoch_time: 4.0min
Epoch:[2/2](64620/66163), loss: 1.6399, logits_loss: 1.6399, aux_loss: 0.0000, lr: 0.00005015, epoch_time: 4.0min
Epoch:[2/2](64640/66163), loss: 1.6568, logits_loss: 1.6568, aux_loss: 0.0000, lr: 0.00005015, epoch_time: 4.0min
Epoch:[2/2](64660/66163), loss: 1.7221, logits_loss: 1.7221, aux_loss: 0.0000, lr: 0.00005014, epoch_time: 4.0min
Epoch:[2/2](64680/66163), loss: 1.6545, logits_loss: 1.6545, aux_loss: 0.0000, lr: 0.00005014, epoch_time: 4.0min
Epoch:[2/2](64700/66163), loss: 1.6522, logits_loss: 1.6522, aux_loss: 0.0000, lr: 0.00005014, epoch_time: 4.0min
Epoch:[2/2](64720/66163), loss: 1.6698, logits_loss: 1.6698, aux_loss: 0.0000, lr: 0.00005013, epoch_time: 4.0min
Epoch:[2/2](64740/66163), loss: 1.6321, logits_loss: 1.6321, aux_loss: 0.0000, lr: 0.00005013, epoch_time: 4.0min
Epoch:[2/2](64760/66163), loss: 1.6706, logits_loss: 1.6706, aux_loss: 0.0000, lr: 0.00005012, epoch_time: 4.0min
Epoch:[2/2](64780/66163), loss: 1.7130, logits_loss: 1.7130, aux_loss: 0.0000, lr: 0.00005012, epoch_time: 4.0min
Epoch:[2/2](64800/66163), loss: 1.6781, logits_loss: 1.6781, aux_loss: 0.0000, lr: 0.00005012, epoch_time: 4.0min
Epoch:[2/2](64820/66163), loss: 1.5570, logits_loss: 1.5570, aux_loss: 0.0000, lr: 0.00005011, epoch_time: 3.0min
Epoch:[2/2](64840/66163), loss: 1.6843, logits_loss: 1.6843, aux_loss: 0.0000, lr: 0.00005011, epoch_time: 3.0min
Epoch:[2/2](64860/66163), loss: 1.6540, logits_loss: 1.6540, aux_loss: 0.0000, lr: 0.00005011, epoch_time: 3.0min
Epoch:[2/2](64880/66163), loss: 1.6919, logits_loss: 1.6919, aux_loss: 0.0000, lr: 0.00005010, epoch_time: 3.0min
Epoch:[2/2](64900/66163), loss: 1.6198, logits_loss: 1.6198, aux_loss: 0.0000, lr: 0.00005010, epoch_time: 3.0min
Epoch:[2/2](64920/66163), loss: 1.6211, logits_loss: 1.6211, aux_loss: 0.0000, lr: 0.00005010, epoch_time: 3.0min
Epoch:[2/2](64940/66163), loss: 1.6302, logits_loss: 1.6302, aux_loss: 0.0000, lr: 0.00005009, epoch_time: 3.0min
Epoch:[2/2](64960/66163), loss: 1.5398, logits_loss: 1.5398, aux_loss: 0.0000, lr: 0.00005009, epoch_time: 3.0min
Epoch:[2/2](64980/66163), loss: 1.6709, logits_loss: 1.6709, aux_loss: 0.0000, lr: 0.00005009, epoch_time: 3.0min
Epoch:[2/2](65000/66163), loss: 1.6117, logits_loss: 1.6117, aux_loss: 0.0000, lr: 0.00005009, epoch_time: 3.0min
Epoch:[2/2](65020/66163), loss: 1.7759, logits_loss: 1.7759, aux_loss: 0.0000, lr: 0.00005008, epoch_time: 3.0min
Epoch:[2/2](65040/66163), loss: 1.7326, logits_loss: 1.7326, aux_loss: 0.0000, lr: 0.00005008, epoch_time: 3.0min
Epoch:[2/2](65060/66163), loss: 1.6953, logits_loss: 1.6953, aux_loss: 0.0000, lr: 0.00005008, epoch_time: 3.0min
Epoch:[2/2](65080/66163), loss: 1.6494, logits_loss: 1.6494, aux_loss: 0.0000, lr: 0.00005007, epoch_time: 3.0min
Epoch:[2/2](65100/66163), loss: 1.6697, logits_loss: 1.6697, aux_loss: 0.0000, lr: 0.00005007, epoch_time: 3.0min
Epoch:[2/2](65120/66163), loss: 1.6198, logits_loss: 1.6198, aux_loss: 0.0000, lr: 0.00005007, epoch_time: 3.0min
Epoch:[2/2](65140/66163), loss: 1.6813, logits_loss: 1.6813, aux_loss: 0.0000, lr: 0.00005007, epoch_time: 3.0min
Epoch:[2/2](65160/66163), loss: 1.5957, logits_loss: 1.5957, aux_loss: 0.0000, lr: 0.00005006, epoch_time: 2.0min
Epoch:[2/2](65180/66163), loss: 1.5978, logits_loss: 1.5978, aux_loss: 0.0000, lr: 0.00005006, epoch_time: 2.0min
Epoch:[2/2](65200/66163), loss: 1.7554, logits_loss: 1.7554, aux_loss: 0.0000, lr: 0.00005006, epoch_time: 2.0min
Epoch:[2/2](65220/66163), loss: 1.5778, logits_loss: 1.5778, aux_loss: 0.0000, lr: 0.00005006, epoch_time: 2.0min
Epoch:[2/2](65240/66163), loss: 1.6972, logits_loss: 1.6972, aux_loss: 0.0000, lr: 0.00005005, epoch_time: 2.0min
Epoch:[2/2](65260/66163), loss: 1.6069, logits_loss: 1.6069, aux_loss: 0.0000, lr: 0.00005005, epoch_time: 2.0min
Epoch:[2/2](65280/66163), loss: 1.5638, logits_loss: 1.5638, aux_loss: 0.0000, lr: 0.00005005, epoch_time: 2.0min
Epoch:[2/2](65300/66163), loss: 1.6059, logits_loss: 1.6059, aux_loss: 0.0000, lr: 0.00005005, epoch_time: 2.0min
Epoch:[2/2](65320/66163), loss: 1.6359, logits_loss: 1.6359, aux_loss: 0.0000, lr: 0.00005005, epoch_time: 2.0min
Epoch:[2/2](65340/66163), loss: 1.6516, logits_loss: 1.6516, aux_loss: 0.0000, lr: 0.00005004, epoch_time: 2.0min
Epoch:[2/2](65360/66163), loss: 1.6717, logits_loss: 1.6717, aux_loss: 0.0000, lr: 0.00005004, epoch_time: 2.0min
Epoch:[2/2](65380/66163), loss: 1.5475, logits_loss: 1.5475, aux_loss: 0.0000, lr: 0.00005004, epoch_time: 2.0min
Epoch:[2/2](65400/66163), loss: 1.6715, logits_loss: 1.6715, aux_loss: 0.0000, lr: 0.00005004, epoch_time: 2.0min
Epoch:[2/2](65420/66163), loss: 1.6766, logits_loss: 1.6766, aux_loss: 0.0000, lr: 0.00005004, epoch_time: 2.0min
Epoch:[2/2](65440/66163), loss: 1.6620, logits_loss: 1.6620, aux_loss: 0.0000, lr: 0.00005003, epoch_time: 2.0min
Epoch:[2/2](65460/66163), loss: 1.7510, logits_loss: 1.7510, aux_loss: 0.0000, lr: 0.00005003, epoch_time: 2.0min
Epoch:[2/2](65480/66163), loss: 1.6478, logits_loss: 1.6478, aux_loss: 0.0000, lr: 0.00005003, epoch_time: 2.0min
Epoch:[2/2](65500/66163), loss: 1.7217, logits_loss: 1.7217, aux_loss: 0.0000, lr: 0.00005003, epoch_time: 1.0min
Epoch:[2/2](65520/66163), loss: 1.6428, logits_loss: 1.6428, aux_loss: 0.0000, lr: 0.00005003, epoch_time: 1.0min
Epoch:[2/2](65540/66163), loss: 1.6338, logits_loss: 1.6338, aux_loss: 0.0000, lr: 0.00005002, epoch_time: 1.0min
Epoch:[2/2](65560/66163), loss: 1.6281, logits_loss: 1.6281, aux_loss: 0.0000, lr: 0.00005002, epoch_time: 1.0min
Epoch:[2/2](65580/66163), loss: 1.6733, logits_loss: 1.6733, aux_loss: 0.0000, lr: 0.00005002, epoch_time: 1.0min
Epoch:[2/2](65600/66163), loss: 1.6216, logits_loss: 1.6216, aux_loss: 0.0000, lr: 0.00005002, epoch_time: 1.0min
Epoch:[2/2](65620/66163), loss: 1.6980, logits_loss: 1.6980, aux_loss: 0.0000, lr: 0.00005002, epoch_time: 1.0min
Epoch:[2/2](65640/66163), loss: 1.6684, logits_loss: 1.6684, aux_loss: 0.0000, lr: 0.00005002, epoch_time: 1.0min
Epoch:[2/2](65660/66163), loss: 1.6672, logits_loss: 1.6672, aux_loss: 0.0000, lr: 0.00005002, epoch_time: 1.0min
Epoch:[2/2](65680/66163), loss: 1.6330, logits_loss: 1.6330, aux_loss: 0.0000, lr: 0.00005001, epoch_time: 1.0min
Epoch:[2/2](65700/66163), loss: 1.6310, logits_loss: 1.6310, aux_loss: 0.0000, lr: 0.00005001, epoch_time: 1.0min
Epoch:[2/2](65720/66163), loss: 1.6468, logits_loss: 1.6468, aux_loss: 0.0000, lr: 0.00005001, epoch_time: 1.0min
Epoch:[2/2](65740/66163), loss: 1.6857, logits_loss: 1.6857, aux_loss: 0.0000, lr: 0.00005001, epoch_time: 1.0min
Epoch:[2/2](65760/66163), loss: 1.6068, logits_loss: 1.6068, aux_loss: 0.0000, lr: 0.00005001, epoch_time: 1.0min
Epoch:[2/2](65780/66163), loss: 1.5914, logits_loss: 1.5914, aux_loss: 0.0000, lr: 0.00005001, epoch_time: 1.0min
Epoch:[2/2](65800/66163), loss: 1.6820, logits_loss: 1.6820, aux_loss: 0.0000, lr: 0.00005001, epoch_time: 1.0min
Epoch:[2/2](65820/66163), loss: 1.6820, logits_loss: 1.6820, aux_loss: 0.0000, lr: 0.00005001, epoch_time: 1.0min
Epoch:[2/2](65840/66163), loss: 1.6195, logits_loss: 1.6195, aux_loss: 0.0000, lr: 0.00005001, epoch_time: 0.0min
Epoch:[2/2](65860/66163), loss: 1.6411, logits_loss: 1.6411, aux_loss: 0.0000, lr: 0.00005001, epoch_time: 0.0min
Epoch:[2/2](65880/66163), loss: 1.6244, logits_loss: 1.6244, aux_loss: 0.0000, lr: 0.00005001, epoch_time: 0.0min
Epoch:[2/2](65900/66163), loss: 1.6215, logits_loss: 1.6215, aux_loss: 0.0000, lr: 0.00005000, epoch_time: 0.0min
Epoch:[2/2](65920/66163), loss: 1.5982, logits_loss: 1.5982, aux_loss: 0.0000, lr: 0.00005000, epoch_time: 0.0min
Epoch:[2/2](65940/66163), loss: 1.6803, logits_loss: 1.6803, aux_loss: 0.0000, lr: 0.00005000, epoch_time: 0.0min
Epoch:[2/2](65960/66163), loss: 1.6537, logits_loss: 1.6537, aux_loss: 0.0000, lr: 0.00005000, epoch_time: 0.0min
Epoch:[2/2](65980/66163), loss: 1.5794, logits_loss: 1.5794, aux_loss: 0.0000, lr: 0.00005000, epoch_time: 0.0min
Epoch:[2/2](66000/66163), loss: 1.6865, logits_loss: 1.6865, aux_loss: 0.0000, lr: 0.00005000, epoch_time: 0.0min
Epoch:[2/2](66020/66163), loss: 1.6235, logits_loss: 1.6235, aux_loss: 0.0000, lr: 0.00005000, epoch_time: 0.0min
Epoch:[2/2](66040/66163), loss: 1.5640, logits_loss: 1.5640, aux_loss: 0.0000, lr: 0.00005000, epoch_time: 0.0min
Epoch:[2/2](66060/66163), loss: 1.6614, logits_loss: 1.6614, aux_loss: 0.0000, lr: 0.00005000, epoch_time: 0.0min
Epoch:[2/2](66080/66163), loss: 1.6350, logits_loss: 1.6350, aux_loss: 0.0000, lr: 0.00005000, epoch_time: 0.0min
Epoch:[2/2](66100/66163), loss: 1.5602, logits_loss: 1.5602, aux_loss: 0.0000, lr: 0.00005000, epoch_time: 0.0min
Epoch:[2/2](66120/66163), loss: 1.6614, logits_loss: 1.6614, aux_loss: 0.0000, lr: 0.00005000, epoch_time: 0.0min
Epoch:[2/2](66140/66163), loss: 1.6158, logits_loss: 1.6158, aux_loss: 0.0000, lr: 0.00005000, epoch_time: 0.0min
Epoch:[2/2](66160/66163), loss: 1.6818, logits_loss: 1.6818, aux_loss: 0.0000, lr: 0.00005000, epoch_time: 0.0min
Epoch:[2/2](66163/66163), loss: 1.5467, logits_loss: 1.5467, aux_loss: 0.0000, lr: 0.00005000, epoch_time: 0.0min
swanlab: Experiment MiniMind-Pretrain-Epoch-2-BatchSize-32-LearningRate-0.0005 
has completed
swanlab:  ☁️ Run `swanlab sync 
/home/jk/work/minimind/trainer/swanlog/run-20260926_224725-bdivuzzpqk51fpkh1dnmm
` to sync logs to remote server
